id,k,cls,cx,cy,w,h
1,0,2,0.259447,0.851737,0.514024,0.223092
1,1,3,0.580153,0.412275,0.111138,0.0333566
1,2,3,0.222189,0.74761,0.0483412,0.0261237
2,0,3,0.878958,0.484118,0.0697037,0.0337131
2,1,0,0.0772558,0.771832,0.154512,0.286336
3,0,2,0.732589,0.538763,0.107103,0.0909664
4,0,0,0.74755,0.706706,0.502448,0.51388
4,1,1,0.295697,0.696082,0.11834,0.0206516
4,2,1,0.678302,0.693615,0.258638,0.0335869
4,3,1,0.534071,0.693773,0.598896,0.0704117
5,0,3,0.25731,0.482899,0.0347649,0.0184793
6,0,0,0.848936,0.679007,0.301959,0.295647
6,1,1,0.607437,0.595025,0.336946,0.0394792
6,2,1,0.485391,0.595363,0.0962242,0.0193745
6,3,1,0.53207,0.882122,0.223522,0.0443563
6,4,1,0.881997,0.849444,0.235816,0.0646671
7,0,2,0.256157,0.534506,0.220555,0.180805
7,1,0,0.531174,0.413989,0.0373568,0.157789
7,2,1,0.429465,0.345373,0.06077,0.0143695
8,0,3,0.518809,0.373049,0.097267,0.0443225
8,1,2,0.189133,0.673276,0.378267,0.445566
9,0,2,0.394791,0.372996,0.0661438,0.0417334
9,1,2,0.261822,0.514757,0.0946605,0.0679972
9,2,1,0.496585,0.460348,0.0579716,0.0230528
9,3,2,0.542899,0.386199,0.0974868,0.074213
9,4,2,0.273121,0.49408,0.1165,0.113972
9,5,2,0.530224,0.39099,0.125134,0.0850262
10,0,0,0.83042,0.774538,0.338234,0.393592
10,1,1,0.793447,0.886046,0.219501,0.0408722
11,0,1,0.437988,0.476165,0.435575,0.122178
12,0,0,0.884828,0.853577,0.230344,0.292845
12,1,1,0.540047,0.593436,0.176853,0.027293
12,2,1,0.733775,0.603354,0.193172,0.0285519
12,3,1,0.317852,0.58172,0.0717094,0.0156666
12,4,1,0.910928,0.611405,0.0814985,0.0168451
12,5,1,0.925396,0.779497,0.149073,0.0395659
12,6,1,0.17054,0.745859,0.0634412,0.0147425
12,7,1,0.795147,0.608806,0.312021,0.0324851
13,0,0,0.198991,0.810361,0.0231805,0.0498733
14,0,0,0.495645,0.570483,0.0318871,0.0605043
15,0,0,0.556381,0.542767,0.0566597,0.0743088
15,1,3,0.835963,0.549665,0.030938,0.0168213
15,2,3,0.556626,0.542906,0.0573738,0.0738014
16,0,2,0.624002,0.757442,0.579183,0.443045
16,1,2,0.754897,0.863825,0.279109,0.27235
17,0,3,0.620654,0.524934,0.0923236,0.0391724
18,0,0,0.8762,0.788883,0.247601,0.40477
19,0,0,0.12841,0.617913,0.255299,0.338431
19,1,0,0.130543,0.701358,0.260087,0.502598
20,0,2,0.800516,0.50775,0.398969,0.50015
20,1,3,0.442652,0.66078,0.093445,0.073098
20,2,2,0.584099,0.542844,0.368259,0.434389
21,0,3,0.365524,0.580913,0.0647907,0.0212954
22,0,2,0.755961,0.550421,0.114801,0.0872955
23,0,3,0.391622,0.468829,0.046499,0.0261599
23,1,3,0.702705,0.396677,0.152032,0.0927645
23,2,2,0.853157,0.719322,0.293128,0.543615
24,0,3,0.635885,0.661846,0.194286,0.0672866
24,1,0,0.149034,0.808155,0.298068,0.380923
24,2,3,0.646354,0.657356,0.171663,0.0521961
25,0,0,0.125011,0.776867,0.250022,0.433404
25,1,0,0.842961,0.840421,0.314078,0.302968
25,2,1,0.379515,0.638796,0.379994,0.0385575
25,3,1,0.756327,0.64628,0.279583,0.0281513
25,4,1,0.539049,0.642543,0.701959,0.0718849
25,5,1,0.499438,0.961483,0.995359,0.0770334
25,6,1,0.500871,0.945118,0.998258,0.109584
26,0,2,0.885515,0.781085,0.22897,0.43512
26,1,0,0.743878,0.772272,0.156191,0.343743
26,2,3,0.951769,0.767802,0.0633675,0.0308208
27,0,0,0.65951,0.590895,0.0258722,0.0335182
28,0,0,0.795569,0.708253,0.407459,0.388105
29,0,3,0.660407,0.562804,0.155323,0.0531081
29,1,3,0.299184,0.462387,0.0799116,0.0365948
29,2,3,0.0931019,0.71327,0.098265,0.0860149
29,3,3,0.404465,0.572069,0.0833933,0.0390627
30,0,1,0.872346,0.419326,0.0932995,0.0221014
31,0,2,0.719746,0.336412,0.044278,0.034379
31,1,0,0.521656,0.252897,0.0196506,0.0333498
31,2,0,0.101792,0.457879,0.0526876,0.047196
32,0,0,0.690102,0.778061,0.513104,0.443477
32,1,1,0.167715,0.617249,0.0570519,0.0124914
32,2,3,0.785402,0.947701,0.0360168,0.0333767
32,3,1,0.493419,0.516199,0.153036,0.0196271
32,4,0,0.414422,0.513322,0.0238636,0.0352963
33,0,3,0.857749,0.381362,0.0470113,0.0216897
33,1,3,0.846385,0.380386,0.0727366,0.0281245
34,0,1,0.670694,0.697267,0.487315,0.0723736
34,1,0,0.831571,0.615903,0.336858,0.374641
34,2,1,0.47015,0.710624,0.939628,0.125658
34,3,0,0.72027,0.488767,0.0994034,0.0945267
34,4,0,0.907323,0.674214,0.184982,0.20849
35,0,0,0.763574,0.767308,0.472708,0.462455
35,1,1,0.454337,0.619313,0.0373823,0.0148295
36,0,0,0.178619,0.717123,0.356573,0.557858
36,1,3,0.822029,0.653789,0.0596137,0.0274326
37,0,0,0.386658,0.468331,0.0649037,0.126199
37,1,3,0.625943,0.432667,0.069602,0.0354931
38,0,0,0.780489,0.625138,0.268786,0.315265
38,1,1,0.782209,0.671751,0.0635908,0.0154507
39,0,0,0.554002,0.814811,0.72278,0.370378
40,0,3,0.720206,0.48898,0.0754957,0.0250319
41,0,3,0.788592,0.588207,0.0615533,0.0243322
42,0,2,0.288636,0.501743,0.119651,0.084323
43,0,3,0.385067,0.560521,0.0956908,0.0302887
43,1,3,0.395155,0.5607,0.0724677,0.025523
44,0,1,0.694063,0.404691,0.18197,0.026913
45,0,1,0.761749,0.689068,0.213234,0.0315622
45,1,1,0.358558,0.674535,0.381184,0.0464612
45,2,1,0.403283,0.676695,0.477232,0.0534702
45,3,1,0.440314,0.678926,0.223664,0.0327278
45,4,1,0.187983,0.666813,0.0402807,0.0133308
45,5,1,0.981923,0.69644,0.0361544,0.0162069
46,0,3,0.880666,0.681147,0.238668,0.130582
46,1,3,0.570715,0.393131,0.040477,0.0164019
47,0,0,0.874021,0.814883,0.251811,0.369701
47,1,1,0.560657,0.529899,0.294207,0.0337229
47,2,1,0.964763,0.676796,0.0700317,0.0260529
47,3,1,0.980537,0.639916,0.0389252,0.0171848
47,4,3,0.778775,0.65949,0.0480723,0.0435359
48,0,1,0.653401,0.368979,0.230885,0.0328331
49,0,2,0.782125,0.774946,0.398837,0.450108
50,0,3,0.83433,0.50055,0.0392796,0.0212265
51,0,2,0.41877,0.634569,0.49537,0.360948
52,0,0,0.869857,0.789459,0.260287,0.408749
52,1,1,0.283945,0.971311,0.243952,0.0449352
52,2,3,0.369578,0.974037,0.071091,0.0267071
53,0,0,0.161356,0.556748,0.322306,0.436443
53,1,1,0.427678,0.611784,0.850169,0.140148
53,2,1,0.7575,0.569152,0.195448,0.0328529
54,0,2,0.699647,0.739783,0.244463,0.390415
55,0,0,0.836215,0.798892,0.32757,0.395557
55,1,1,0.480828,0.704221,0.468056,0.0541237
55,2,3,0.20387,0.730194,0.0479454,0.0394218
55,3,1,0.477216,0.705898,0.46285,0.0361988
55,4,3,0.122895,0.797903,0.0767485,0.0575936
55,5,0,0.271152,0.798457,0.0177234,0.0266212
55,6,1,0.559872,0.703582,0.301166,0.035445
56,0,0,0.648516,0.715781,0.287537,0.568438
56,1,1,0.0860339,0.73339,0.172068,0.0365934
56,2,1,0.522162,0.737464,0.119134,0.0252344
57,0,3,0.411784,0.447699,0.156762,0.0493883
57,1,3,0.917372,0.509234,0.164232,0.0819174
57,2,2,0.333813,0.611082,0.234183,0.076956
57,3,3,0.891739,0.508677,0.110414,0.0804642
57,4,3,0.444231,0.394585,0.16443,0.0464199
57,5,3,0.710738,0.624833,0.1798,0.107324
57,6,3,0.498331,0.369137,0.0580496,0.0206345
58,0,0,0.919858,0.890311,0.159707,0.219379
58,1,1,0.885972,0.723417,0.205109,0.0293003
58,2,1,0.545949,0.711712,0.26415,0.039671
58,3,0,0.739327,0.699268,0.0704338,0.0594444
58,4,0,0.847256,0.827016,0.303764,0.334749
59,0,1,0.837287,0.814401,0.324974,0.0805279
60,0,0,0.798767,0.664635,0.402466,0.364351
60,1,3,0.585592,0.492654,0.0533234,0.0311203
61,0,0,0.0484456,0.904583,0.0966775,0.189856
62,0,0,0.630387,0.752299,0.330415,0.495403
62,1,1,0.370926,0.848555,0.426062,0.0593742
62,2,1,0.857039,0.961814,0.26882,0.0616737
62,3,1,0.880541,0.636904,0.0633492,0.0144744
63,0,0,0.297202,0.677825,0.155861,0.523083
64,0,0,0.233088,0.583925,0.236434,0.254136
65,0,0,0.163754,0.751143,0.327113,0.412777
67,0,3,0.179079,0.581375,0.042601,0.033534
68,0,1,0.628819,0.757494,0.713113,0.0860664
68,1,0,0.760905,0.626225,0.476529,0.400081
69,0,0,0.877952,0.833141,0.244096,0.329385
69,1,3,0.276261,0.459715,0.0718029,0.0463155
70,0,2,0.912582,0.853036,0.174836,0.29254
71,0,1,0.761534,0.606514,0.210112,0.0283016
71,1,0,0.832212,0.819107,0.334606,0.358718
71,2,1,0.26121,0.713307,0.165345,0.0229071
71,3,1,0.886792,0.723446,0.219135,0.0294858
71,4,0,0.911612,0.886356,0.176776,0.226687
71,5,1,0.609926,0.7192,0.260256,0.0380041
71,6,3,0.361254,0.830019,0.0549042,0.0264252
72,0,0,0.771916,0.73617,0.454736,0.52742
72,1,0,0.322921,0.821751,0.143198,0.247795
73,0,3,0.653999,0.569802,0.0952154,0.0450282
73,1,0,0.666324,0.655491,0.074668,0.142629
73,2,0,0.454003,0.455829,0.025263,0.0406544
74,0,3,0.534447,0.435225,0.037582,0.0409321
75,0,0,0.784214,0.755696,0.431438,0.475806
75,1,1,0.528666,0.865266,0.887319,0.0983481
75,2,0,0.932222,0.682765,0.0317566,0.0296537
76,0,3,0.0980321,0.57069,0.104815,0.0229052
77,0,0,0.460195,0.601611,0.0871181,0.481733
77,1,1,0.72847,0.632275,0.542673,0.0950907
77,2,1,0.231503,0.669373,0.462895,0.0761425
77,3,1,0.583447,0.637608,0.833106,0.110756
78,0,3,0.764466,0.678513,0.0310241,0.0238064
78,1,0,0.655865,0.717199,0.0432018,0.0710834
78,2,0,0.560074,0.351613,0.0564278,0.0492492
79,0,2,0.23208,0.370364,0.214308,0.178881
79,1,3,0.292108,0.377302,0.0296939,0.0247843
80,0,1,0.199967,0.5526,0.0767476,0.0159847
80,1,1,0.546968,0.559011,0.0858234,0.0185085
80,2,1,0.101895,0.476677,0.0556089,0.0139822
80,3,0,0.408666,0.685467,0.817331,0.629065
80,4,1,0.487029,0.56166,0.212477,0.0293793
80,5,0,0.479258,0.762043,0.812473,0.475914
81,0,0,0.838964,0.765139,0.322044,0.433591
81,1,1,0.579823,0.616285,0.315502,0.0331139
82,0,2,0.490192,0.462521,0.962672,0.475947
82,1,3,0.0283148,0.555802,0.0566297,0.0607281
82,2,1,0.72741,0.257578,0.217782,0.0349367
82,3,0,0.65868,0.413333,0.418002,0.368851
83,0,0,0.750833,0.708657,0.496427,0.581429
83,1,3,0.897428,0.803429,0.0439601,0.0302513
84,0,2,0.575606,0.500236,0.848787,0.267656
84,1,0,0.146526,0.41041,0.0690666,0.129124
85,0,3,0.127583,0.624229,0.155001,0.0864988
86,0,0,0.828301,0.622369,0.208905,0.146966
86,1,1,0.588107,0.597211,0.295122,0.0419179
86,2,3,0.768491,0.582907,0.0802071,0.0498151
86,3,3,0.631865,0.471686,0.0808325,0.0453925
87,0,2,0.830291,0.546888,0.0704969,0.0477054
88,0,3,0.711162,0.690389,0.135555,0.0696021
88,1,2,0.11032,0.848592,0.22064,0.301999
88,2,2,0.35972,0.833004,0.262126,0.333993
88,3,3,0.707761,0.633878,0.123291,0.0422073
88,4,3,0.485787,0.555008,0.0500493,0.0220696
88,5,3,0.572037,0.484812,0.050959,0.0193081
88,6,3,0.545634,0.553046,0.0320456,0.0205544
88,7,3,0.174414,0.651481,0.08311,0.0317291
88,8,3,0.429624,0.511119,0.081632,0.0209777
89,0,3,0.472746,0.556845,0.0336434,0.0191097
90,0,3,0.471158,0.775946,0.0564421,0.0590187
91,0,0,0.176106,0.687345,0.080959,0.10974
92,0,3,0.242988,0.528704,0.124742,0.0874216
92,1,1,0.620315,0.568893,0.0959492,0.0221077
92,2,0,0.806009,0.742365,0.387146,0.460923
93,0,0,0.877136,0.453361,0.10148,0.080012
94,0,0,0.433891,0.697874,0.0363586,0.118153
94,1,3,0.123124,0.715049,0.0323312,0.0231062
94,2,3,0.0290115,0.711126,0.0578293,0.0448089
94,3,3,0.119245,0.742923,0.0824036,0.0654496
95,0,0,0.372967,0.556219,0.039332,0.0826623
96,0,2,0.662875,0.330042,0.102199,0.0538971
96,1,2,0.881558,0.951517,0.234996,0.096966
97,0,1,0.534144,0.648836,0.68786,0.11118
98,0,1,0.37801,0.578441,0.203248,0.031598
98,1,0,0.838934,0.6761,0.322132,0.476926
98,2,1,0.677632,0.572093,0.131139,0.027029
98,3,1,0.891682,0.565702,0.0869503,0.0197544
98,4,1,0.871526,0.808899,0.25418,0.051904
98,5,1,0.510313,0.575534,0.472739,0.0593259
99,0,0,0.774624,0.761286,0.450753,0.477428
99,1,1,0.323333,0.682469,0.114642,0.0237886
100,0,0,0.873528,0.749516,0.252944,0.409037
100,1,1,0.786288,0.492349,0.0991004,0.0204357
100,2,1,0.313642,0.583356,0.0785555,0.0179264
100,3,1,0.461774,0.475147,0.181395,0.0241383
100,4,1,0.534929,0.497804,0.111176,0.0186405
100,5,0,0.653456,0.487273,0.078467,0.0596752
100,6,1,0.899631,0.494473,0.0561481,0.0132253
101,0,0,0.733974,0.63444,0.440913,0.605259
101,1,1,0.423583,0.444399,0.146265,0.0236158
101,2,3,0.0218788,0.667819,0.0424968,0.0230146
102,0,3,0.712435,0.687553,0.047045,0.0245893
103,0,2,0.513787,0.634781,0.138009,0.115475
103,1,2,0.851964,0.467735,0.295602,0.162846
103,2,2,0.843601,0.48324,0.312798,0.220111
103,3,3,0.51113,0.635211,0.132956,0.1168
103,4,3,0.763762,0.681917,0.0694463,0.0466743
104,0,2,0.751788,0.855579,0.267203,0.288841
104,1,2,0.699396,0.844069,0.388959,0.311863
105,0,1,0.821373,0.651273,0.0973611,0.0420442
105,1,3,0.11106,0.794716,0.0437489,0.0188532
105,2,1,0.194016,0.773924,0.0662826,0.0243562
106,0,0,0.772768,0.731585,0.35381,0.466151
106,1,1,0.37795,0.602758,0.751298,0.100682
106,2,0,0.742176,0.681626,0.421102,0.571551
106,3,1,0.107684,0.502009,0.215367,0.0271537
107,0,3,0.100118,0.856143,0.0297434,0.0238855
107,1,3,0.93087,0.936632,0.0673564,0.0350628
107,2,0,0.875882,0.887676,0.19071,0.147857
107,3,0,0.563301,0.950106,0.0709223,0.0989243
108,0,2,0.247021,0.5707,0.0527408,0.0852922
108,1,2,0.215455,0.607696,0.125488,0.17555
108,2,3,0.553848,0.8362,0.100822,0.0792332
109,0,0,0.157586,0.848224,0.0810521,0.164201
109,1,0,0.108006,0.72556,0.215839,0.445375
110,0,0,0.326122,0.670178,0.15335,0.374644
110,1,0,0.729861,0.671355,0.223452,0.374
110,2,2,0.734055,0.668084,0.255502,0.375616
111,0,1,0.500436,0.801706,0.999129,0.211613
111,1,0,0.782803,0.54162,0.434395,0.291952
111,2,2,0.0780915,0.649495,0.156183,0.164866
112,0,3,0.153061,0.979585,0.0573016,0.0322239
113,0,2,0.568848,0.420764,0.225369,0.0918563
113,1,3,0.285455,0.49793,0.310136,0.277537
113,2,2,0.281782,0.498949,0.312462,0.269682
114,0,1,0.604172,0.640203,0.638559,0.0730167
114,1,1,0.34008,0.641743,0.102085,0.0214973
114,2,1,0.824937,0.643335,0.197132,0.0282255
115,0,0,0.787032,0.745219,0.4249,0.490082
115,1,3,0.253184,0.727674,0.0440998,0.0187925
115,2,1,0.254222,0.624637,0.053291,0.015171
116,0,0,0.685644,0.73886,0.4393,0.522281
116,1,1,0.72456,0.656795,0.23875,0.0356513
116,2,0,0.476714,0.508628,0.0577505,0.0564585
116,3,1,0.798567,0.658062,0.394917,0.0427444
117,0,0,0.121395,0.838872,0.06353,0.160498
117,1,0,0.13185,0.86208,0.0771752,0.210762
118,0,0,0.823707,0.736201,0.352232,0.511255
119,0,3,0.564054,0.580369,0.151796,0.0634003
119,1,3,0.808531,0.905294,0.0712498,0.0528717
119,2,3,0.450698,0.784414,0.505254,0.425638
120,0,0,0.593091,0.714245,0.331853,0.571176
121,0,0,0.751252,0.76323,0.497496,0.473539
121,1,1,0.428529,0.648306,0.418205,0.0462517
121,2,1,0.180594,0.732679,0.0792831,0.0164885
122,0,1,0.46321,0.629275,0.143682,0.0337671
122,1,0,0.78376,0.865938,0.126681,0.268123
122,2,1,0.509467,0.435099,0.0688637,0.0144854
122,3,2,0.756336,0.705417,0.487327,0.578024
122,4,1,0.938691,0.608636,0.0764813,0.0219021
123,0,0,0.765285,0.737645,0.469429,0.512213
123,1,1,0.477808,0.806005,0.832108,0.0997252
124,0,3,0.76895,0.457728,0.0291288,0.0178022
125,0,3,0.575044,0.940795,0.12266,0.0621502
125,1,1,0.7961,0.891414,0.103234,0.0296791
126,0,2,0.0995997,0.825867,0.199199,0.340804
126,1,3,0.672081,0.823242,0.482084,0.312497
126,2,2,0.667967,0.821206,0.475646,0.300228
126,3,3,0.610219,0.59781,0.0671669,0.0243797
127,0,2,0.144495,0.739947,0.288651,0.507001
127,1,3,0.063568,0.493523,0.0260505,0.0153322
128,0,0,0.742593,0.535524,0.147592,0.104714
128,1,3,0.231264,0.844275,0.0652705,0.0234482
128,2,0,0.72756,0.526481,0.115166,0.0873777
128,3,3,0.167375,0.824089,0.0471639,0.0296631
128,4,0,0.940502,0.812081,0.118387,0.361133
128,5,0,0.940103,0.750724,0.119794,0.241501
129,0,1,0.401944,0.83309,0.624014,0.0894431
129,1,3,0.773301,0.483434,0.0487488,0.0266015
129,2,0,0.0826263,0.830029,0.0826876,0.119839
129,3,3,0.888213,0.79457,0.036858,0.0159029
129,4,1,0.53668,0.828951,0.889039,0.0981791
130,0,0,0.836772,0.682238,0.326456,0.436043
130,1,0,0.834736,0.614512,0.330528,0.309243
130,2,1,0.281856,0.796871,0.0851782,0.0219646
132,0,0,0.23108,0.383378,0.0932822,0.0641483
133,0,0,0.763927,0.728246,0.468503,0.525216
133,1,1,0.183927,0.689287,0.105948,0.0195137
133,2,1,0.317229,0.510629,0.0724301,0.0158354
133,3,1,0.860167,0.665392,0.163702,0.0298074
133,4,1,0.473523,0.826231,0.937825,0.0970151
133,5,1,0.473509,0.823445,0.943392,0.139721
133,6,1,0.522324,0.509179,0.110807,0.0194036
133,7,3,0.847281,0.666529,0.15793,0.0279705
134,0,0,0.857729,0.567376,0.284541,0.515419
134,1,1,0.19287,0.479444,0.127062,0.0273008
134,2,0,0.432058,0.255776,0.0214312,0.0442662
134,3,1,0.406737,0.481499,0.10844,0.0259731
135,0,0,0.86985,0.652296,0.260064,0.316527
135,1,1,0.129257,0.876259,0.258286,0.0644783
136,0,0,0.786661,0.552039,0.373239,0.452874
137,0,0,0.758601,0.808611,0.482798,0.382295
137,1,3,0.335866,0.882011,0.226846,0.074387
137,2,1,0.197812,0.831573,0.0811681,0.021909
137,3,1,0.712682,0.672344,0.219378,0.0306047
137,4,1,0.622706,0.892889,0.377478,0.0559748
137,5,3,0.0932538,0.820261,0.0371597,0.0163631
137,6,1,0.355237,0.680345,0.186135,0.0254053
137,7,3,0.33466,0.858704,0.0532023,0.025341
137,8,1,0.431139,0.680243,0.336264,0.0370329
137,9,3,0.0250776,0.898787,0.0501551,0.0297571
137,10,1,0.913228,0.877082,0.142904,0.027935
137,11,3,0.807515,0.877626,0.0638741,0.0448406
138,0,0,0.785281,0.784304,0.429438,0.431393
139,0,2,0.254028,0.624775,0.303802,0.309299
139,1,0,0.754494,0.571381,0.116292,0.187975
139,2,2,0.630385,0.527465,0.140486,0.117445
139,3,2,0.173578,0.706658,0.115642,0.137622
140,0,3,0.230579,0.529249,0.10938,0.0308331
141,0,3,0.741245,0.603706,0.0539412,0.0225546
142,0,2,0.238431,0.831307,0.197726,0.211258
143,0,3,0.341442,0.541915,0.0887011,0.0229311
144,0,3,0.858237,0.550535,0.0889853,0.0321497
144,1,3,0.872488,0.547333,0.119698,0.0279598
145,0,2,0.0933136,0.415245,0.186466,0.148246
146,0,0,0.899877,0.711468,0.147712,0.115099
146,1,3,0.879614,0.699617,0.0465328,0.0347548
146,2,3,0.87569,0.695574,0.0561211,0.0435691
147,0,0,0.765308,0.746919,0.467161,0.488274
147,1,3,0.20753,0.87722,0.0971514,0.0367542
147,2,1,0.632126,0.830919,0.679346,0.0909098
147,3,0,0.689197,0.723038,0.611645,0.433968
147,4,3,0.865659,0.773859,0.0358425,0.0179483
148,0,0,0.0429015,0.92084,0.0854868,0.15712
149,0,0,0.775126,0.706556,0.447478,0.563464
149,1,1,0.698292,0.4688,0.155608,0.0235699
151,0,3,0.19993,0.495627,0.259694,0.104566
151,1,3,0.928548,0.69021,0.142904,0.127951
152,0,0,0.821794,0.78856,0.356412,0.421152
152,1,1,0.224813,0.650045,0.112397,0.0205631
152,2,1,0.588773,0.649882,0.241746,0.0335602
152,3,0,0.759052,0.751142,0.48152,0.490114
152,4,1,0.374706,0.651712,0.0889126,0.0191765
152,5,1,0.706021,0.589286,0.111536,0.0201593
152,6,1,0.824009,0.5879,0.338792,0.0346132
153,0,0,0.881796,0.678323,0.110882,0.0840909
154,0,2,0.815522,0.710354,0.332808,0.110903
154,1,3,0.747118,0.704599,0.183704,0.0760389
154,2,0,0.699334,0.755112,0.0305328,0.0450006
154,3,2,0.281073,0.684748,0.0957158,0.0405214
154,4,0,0.704199,0.646631,0.0304307,0.0342065
155,0,3,0.867372,0.524346,0.146536,0.0370032
155,1,3,0.371313,0.52571,0.0570914,0.0290028
156,0,3,0.463621,0.555424,0.101413,0.0496361
156,1,3,0.614061,0.55732,0.189703,0.049778
156,2,1,0.173314,0.599782,0.346627,0.0658566
157,0,0,0.888613,0.657098,0.180611,0.202121
157,1,0,0.669932,0.409228,0.0184789,0.0241915
158,0,0,0.347282,0.548458,0.694564,0.459322
158,1,0,0.397932,0.380055,0.0382502,0.112003
158,2,2,0.659545,0.650757,0.679264,0.500489
158,3,2,0.840056,0.382854,0.319888,0.162033
159,0,3,0.861058,0.602614,0.13097,0.0540974
159,1,3,0.956124,0.658478,0.0877516,0.099285
159,2,3,0.951384,0.956146,0.0972331,0.0864737
159,3,3,0.886926,0.493628,0.0644497,0.0222874
159,4,3,0.895204,0.601948,0.0628508,0.0398095
160,0,3,0.0938997,0.761725,0.148451,0.106761
160,1,3,0.350193,0.639075,0.0998474,0.0594624
160,2,3,0.22455,0.691635,0.100123,0.047705
160,3,3,0.0304131,0.607019,0.0595952,0.0300612
160,4,3,0.163015,0.480596,0.0504213,0.0190977
160,5,3,0.276208,0.504452,0.0544195,0.0216875
160,6,2,0.0463413,0.58223,0.0926826,0.155399
160,7,3,0.789172,0.548821,0.0582242,0.0308808
160,8,3,0.538681,0.589569,0.0611815,0.0246858
161,0,0,0.738713,0.769849,0.503693,0.460302
161,1,0,0.160733,0.797168,0.321465,0.404475
161,2,1,0.750972,0.632342,0.37248,0.0419136
161,3,1,0.620642,0.824455,0.159782,0.0377701
161,4,0,0.25252,0.66672,0.120156,0.153179
161,5,1,0.332408,0.833843,0.333598,0.0451914
161,6,1,0.425525,0.829965,0.546062,0.0706418
161,7,1,0.404958,0.608477,0.090898,0.0177816
161,8,3,0.0344701,0.832149,0.0689401,0.0285706
162,0,0,0.804169,0.759389,0.389958,0.477188
162,1,1,0.268806,0.615734,0.0792609,0.0165155
162,2,1,0.965925,0.614832,0.0680771,0.0227245
163,0,0,0.0993859,0.740888,0.107239,0.293714
164,0,0,0.838837,0.826261,0.322284,0.345182
164,1,1,0.28794,0.667981,0.124774,0.0229607
164,2,1,0.886313,0.698652,0.0514244,0.0160836
164,3,1,0.669694,0.592265,0.0662039,0.0164883
165,0,0,0.761287,0.78557,0.474049,0.42886
166,0,0,0.812149,0.719211,0.374863,0.417728
167,0,1,0.820015,0.458338,0.342503,0.044366
167,1,0,0.649067,0.473755,0.31258,0.234299
167,2,1,0.341801,0.521438,0.36048,0.0581145
167,3,0,0.825053,0.605959,0.347761,0.314705
167,4,0,0.74343,0.552339,0.510112,0.399616
167,5,3,0.109402,0.660957,0.0329127,0.0237364
167,6,3,0.692471,0.723183,0.0407626,0.0230026
167,7,1,0.558292,0.355154,0.0875197,0.0146544
167,8,3,0.824123,0.877355,0.0471298,0.0297805
168,0,0,0.777638,0.795071,0.444723,0.409858
168,1,1,0.891819,0.783648,0.215517,0.0350944
168,2,1,0.4046,0.789595,0.744666,0.0820807
168,3,1,0.89305,0.785271,0.21324,0.0540855
169,0,2,0.948501,0.912267,0.102689,0.175467
169,1,2,0.294853,0.747698,0.58647,0.489787
170,0,0,0.861137,0.792648,0.277727,0.382134
170,1,1,0.614894,0.648684,0.234235,0.0348633
170,2,0,0.308515,0.668556,0.178767,0.272528
170,3,0,0.862444,0.732325,0.274588,0.259676
170,4,1,0.816908,0.641549,0.0643877,0.0138664
170,5,3,0.263499,0.766834,0.0805148,0.0670948
171,0,0,0.559317,0.541545,0.3736,0.457743
171,1,2,0.433594,0.409171,0.0455614,0.032256
171,2,1,0.721211,0.370097,0.555109,0.0775058
171,3,1,0.642818,0.373008,0.400651,0.0639077
171,4,0,0.963327,0.971276,0.0733458,0.0568887
172,0,0,0.812421,0.77692,0.3742,0.443061
172,1,1,0.154081,0.95988,0.285856,0.050285
172,2,1,0.522194,0.513038,0.190882,0.0264875
172,3,1,0.776989,0.571219,0.0949226,0.0199629
172,4,3,0.328973,0.829297,0.0325769,0.0198204
173,0,3,0.0780333,0.745699,0.10216,0.0470472
174,0,3,0.19269,0.685984,0.115778,0.0823814
174,1,3,0.209843,0.686436,0.0829423,0.0823496
174,2,3,0.120774,0.867232,0.241548,0.26553
175,0,1,0.406963,0.6169,0.0937321,0.022374
175,1,0,0.661063,0.495009,0.0756491,0.0567095
175,2,0,0.861109,0.750261,0.277783,0.451272
175,3,0,0.859276,0.674808,0.281199,0.299172
176,0,0,0.757711,0.646793,0.484577,0.69498
176,1,3,0.0993372,0.609846,0.173385,0.0338848
176,2,1,0.615237,0.360858,0.0439441,0.0138578
176,3,1,0.914484,0.630808,0.171033,0.0461809
177,0,3,0.462794,0.556776,0.140839,0.0489565
177,1,3,0.250064,0.576071,0.066689,0.0339952
177,2,3,0.542032,0.518053,0.0627325,0.0260127
177,3,2,0.0838331,0.723199,0.164779,0.155658
177,4,3,0.54276,0.741797,0.0386686,0.022364
177,5,3,0.663593,0.483606,0.107519,0.0298262
177,6,3,0.10668,0.770484,0.0766034,0.0508818
177,7,3,0.525377,0.724398,0.386417,0.111667
177,8,2,0.219064,0.873597,0.114439,0.0676388
178,0,3,0.455476,0.383624,0.102396,0.0583792
178,1,2,0.256998,0.604645,0.513997,0.736051
178,2,3,0.399545,0.412612,0.216728,0.127279
180,0,0,0.82436,0.816787,0.348517,0.362653
180,1,1,0.242311,0.756778,0.241661,0.0295678
180,2,1,0.898664,0.744979,0.200588,0.0361024
180,3,3,0.242768,0.700096,0.0723509,0.0208204
180,4,1,0.634018,0.757658,0.313306,0.0419607
180,5,0,0.193265,0.657514,0.148088,0.206959
181,0,0,0.148861,0.732529,0.296783,0.533749
181,1,1,0.25917,0.562846,0.0687699,0.0169466
182,0,0,0.735795,0.776006,0.52841,0.447411
182,1,1,0.72545,0.634384,0.0738174,0.0177053
182,2,1,0.422085,0.880528,0.83588,0.0867188
182,3,3,0.845865,0.858657,0.0525543,0.036985
183,0,0,0.0261894,0.9467,0.0523788,0.104565
184,0,3,0.65534,0.588574,0.0406523,0.0181329
185,0,0,0.836065,0.742027,0.327826,0.404944
186,0,0,0.360147,0.578899,0.157077,0.524701
186,1,1,0.506293,0.407501,0.131377,0.0226958
187,0,2,0.567208,0.626438,0.199438,0.263449
188,0,0,0.755053,0.741532,0.489894,0.516937
188,1,1,0.664241,0.534703,0.0611109,0.0153601
188,2,3,0.883518,0.666007,0.0215866,0.0143275
188,3,1,0.873789,0.708302,0.252421,0.0477692
189,0,0,0.478938,0.638702,0.0656,0.119919
190,0,1,0.757213,0.543331,0.0550963,0.0148087
190,1,1,0.276846,0.543223,0.11407,0.021114
191,0,3,0.498511,0.265093,0.0719326,0.0470731
191,1,2,0.498761,0.265342,0.071716,0.0462314
192,0,0,0.323222,0.77076,0.0303584,0.0728359
192,1,2,0.133605,0.789844,0.26721,0.420312
192,2,3,0.205469,0.526694,0.0775463,0.0238697
193,0,2,0.69502,0.705277,0.446513,0.471339
194,0,0,0.683927,0.753668,0.412782,0.492664
194,1,1,0.747264,0.632497,0.377075,0.0470184
194,2,1,0.59589,0.535172,0.0439727,0.013212
194,3,3,0.245325,0.981183,0.123217,0.0361927
194,4,3,0.0587182,0.972901,0.117226,0.0541979
195,0,2,0.363631,0.869823,0.727004,0.260355
196,0,0,0.785386,0.72122,0.429227,0.554799
196,1,1,0.464662,0.755098,0.839427,0.099962
196,2,1,0.138824,0.759679,0.18185,0.0315899
197,0,3,0.406795,0.444233,0.0468146,0.0152547
197,1,3,0.446725,0.504154,0.0729862,0.0310175
197,2,2,0.410259,0.475517,0.17137,0.091715
198,0,0,0.831518,0.820486,0.336683,0.355553
198,1,3,0.277357,0.604053,0.0744831,0.0422964
198,2,3,0.142667,0.818391,0.285334,0.36011
199,0,3,0.107989,0.709322,0.0289321,0.016284
199,1,3,0.34602,0.697001,0.0332595,0.0198084
199,2,3,0.928963,0.427213,0.0541832,0.0213566
200,0,1,0.249033,0.658895,0.438725,0.0447018
200,1,1,0.807533,0.715376,0.383388,0.0523031
200,2,3,0.51443,0.8072,0.0508557,0.0281893
200,3,0,0.564611,0.763027,0.30276,0.473824
200,4,1,0.38193,0.821253,0.312121,0.0511084
200,5,3,0.326434,0.818083,0.0761131,0.0220268
200,6,1,0.249595,0.657839,0.444787,0.0658932
201,0,1,0.43808,0.4103,0.0463,0.0081
202,0,0,0.61979,0.56829,0.24769,0.47454
203,0,3,0.91262,0.56308,0.13889,0.06597
203,1,0,0.13137,0.68287,0.21065,0.16667
204,0,2,0.50347,0.78819,0.98264,0.34491
204,1,2,0.57986,0.55556,0.83218,0.09954
204,2,2,0.39294,0.45718,0.26852,0.0787
204,3,2,0.56713,0.41725,0.06829,0.02894
204,4,2,0.67419,0.4294,0.04398,0.01852
204,5,2,0.54688,0.44444,0.04398,0.01852
205,0,0,0.35822,0.65567,0.07176,0.27199
205,1,2,0.19502,0.67535,0.37269,0.34144
205,2,0,0.78299,0.5162,0.06713,0.0787
205,3,0,0.96007,0.97222,0.03704,0.04398
205,4,2,0.64468,0.50637,0.14931,0.06597
206,0,0,0.70579,0.69033,0.58634,0.46169
206,1,1,0.35995,0.72222,0.13773,0.02315
206,2,1,0.50579,0.72569,0.03125,0.01157
206,3,1,0.6522,0.71817,0.11806,0.02431
207,0,2,0.06568,0.87459,0.13137,0.1126
207,1,0,0.01765,0.97153,0.0353,0.05185
208,0,0,0.91435,0.4728,0.16782,0.08681
208,1,4,0.21586,0.64294,0.41667,0.27199
208,2,4,0.07755,0.51505,0.1169,0.08102
208,3,3,0.16146,0.43576,0.03704,0.02431
208,4,4,0.51852,0.35764,0.09144,0.03472
208,5,2,0.50752,0.69502,0.19444,0.15394
209,0,2,0.39641,0.53183,0.78704,0.30208
209,1,0,0.65914,0.46991,0.28472,0.25463
209,2,0,0.86053,0.64468,0.0787,0.08565
210,0,1,0.09144,0.69387,0.15856,0.01505
210,1,1,0.25868,0.67998,0.13889,0.01968
210,2,1,0.55961,0.63947,0.38194,0.0706
210,3,0,0.75347,0.614,0.14931,0.19792
210,4,0,0.92303,0.82118,0.05324,0.07523
210,5,0,0.98009,0.89516,0.03773,0.03569
211,0,0,0.77431,0.50926,0.32523,0.12963
211,1,3,0.82581,0.55556,0.05093,0.01852
211,2,3,0.81076,0.5787,0.08565,0.02778
211,3,0,0.66667,0.48843,0.05903,0.04861
211,4,3,0.06829,0.64699,0.11458,0.09259
211,5,3,0.19734,0.47222,0.0463,0.02778
211,6,3,0.11516,0.56308,0.02315,0.01505
211,7,4,0.26678,0.39468,0.04861,0.02083
212,0,0,0.71007,0.761,0.15741,0.3206
212,1,1,0.68692,0.61053,0.09491,0.02199
212,2,1,0.41956,0.62847,0.18981,0.03241
212,3,1,0.18461,0.636,0.10417,0.01273
212,4,0,0.46759,0.56019,0.03819,0.125
213,0,3,0.30498,0.51562,0.02315,0.01968
214,0,2,0.12789,0.71238,0.23843,0.45255
215,0,2,0.64236,0.84259,0.70949,0.30787
215,1,0,0.85475,0.57234,0.0625,0.03588
215,2,0,0.81597,0.48843,0.12616,0.03704
216,0,3,0.13079,0.87269,0.25347,0.24537
217,0,2,0.71065,0.83912,0.36458,0.31713
217,1,2,0.25,0.86632,0.23264,0.2581
218,0,2,0.90286,0.90901,0.19115,0.14905
218,1,2,0.61632,0.67708,0.15741,0.11343
218,2,2,0.3912,0.64931,0.11458,0.11111
219,0,0,0.4022,0.58623,0.0787,0.43403
219,1,0,0.36806,0.85301,0.01968,0.0463
219,2,2,0.87211,0.58449,0.25231,0.24074
220,0,3,0.34838,0.79225,0.1331,0.0706
220,1,3,0.51273,0.70255,0.08681,0.03704
220,2,3,0.03675,0.55771,0.0735,0.06219
220,3,4,0.13947,0.82234,0.27778,0.30903
221,0,0,0.12095,0.71933,0.06481,0.08449
221,1,0,0.04398,0.81597,0.01968,0.02546
221,2,0,0.21701,0.40162,0.15741,0.10185
221,3,0,0.2934,0.37442,0.09259,0.05903
222,0,3,0.54456,0.45312,0.06713,0.03356
222,1,1,0.57234,0.43345,0.05093,0.01273
222,2,3,0.26765,0.549,0.5353,0.11652
222,3,3,0.00984,0.64525,0.01389,0.03356
223,0,4,0.07147,0.77607,0.14294,0.0938
223,1,2,0.87326,0.87616,0.20139,0.2338
223,2,2,0.26273,0.81655,0.22801,0.35069
224,0,0,0.81076,0.37558,0.33333,0.42014
225,0,0,0.23958,0.81944,0.21412,0.35648
225,1,3,0.27778,0.63368,0.07986,0.03588
226,0,3,0.31597,0.63137,0.05208,0.07292
226,1,0,0.18256,0.91962,0.08279,0.15868
226,2,0,0.81192,0.68692,0.37269,0.22569
226,3,1,0.95116,0.70561,0.0956,0.01538
226,4,1,0.58796,0.59896,0.06597,0.01042
227,0,0,0.03009,0.30961,0.0544,0.26736
228,0,2,0.78704,0.69676,0.39931,0.11806
228,1,2,0.63542,0.96296,0.07986,0.04861
228,2,2,0.38426,0.78125,0.4456,0.22917
228,3,2,0.43403,0.95023,0.13542,0.08102
228,4,2,0.0978,0.63368,0.04861,0.05903
228,5,3,0.31597,0.56771,0.0706,0.03125
228,6,0,0.49595,0.54109,0.04167,0.07292
228,7,3,0.60359,0.36921,0.03935,0.01852
228,8,0,0.94016,0.51629,0.11759,0.04184
228,9,2,0.2581,0.63542,0.20718,0.10185
229,0,3,0.61574,0.54514,0.23032,0.04398
229,1,3,0.4537,0.55845,0.0706,0.02199
229,2,3,0.74942,0.80556,0.02778,0.02546
230,0,3,0.48264,0.33218,0.05903,0.02083
230,1,3,0.6684,0.46354,0.13889,0.07292
230,2,0,0.81771,0.57986,0.17824,0.14352
231,0,0,0.77083,0.47106,0.14236,0.09259
231,1,0,0.93122,0.5783,0.13443,0.08021
232,0,0,0.71065,0.74479,0.46644,0.50116
232,1,1,0.35243,0.73843,0.05556,0.0162
232,2,1,0.12674,0.72801,0.09722,0.0162
232,3,1,0.47338,0.57176,0.13542,0.01157
232,4,1,0.30671,0.57002,0.10069,0.01736
232,5,1,0.46181,0.53299,0.07523,0.01042
233,0,3,0.27373,0.42882,0.04398,0.01736
234,0,0,0.13831,0.77778,0.12731,0.15972
234,1,0,0.02112,0.93843,0.04225,0.02269
234,2,2,0.74942,0.7853,0.25926,0.29745
235,0,1,0.51042,0.4213,0.23958,0.01389
235,1,1,0.52836,0.29803,0.08565,0.01042
235,2,1,0.95752,0.41317,0.08287,0.00921
236,0,4,0.70486,0.70486,0.04514,0.04861
236,1,1,0.48727,0.44213,0.11458,0.01852
236,2,3,0.239,0.75116,0.03472,0.01389
236,3,3,0.30324,0.96759,0.04745,0.04167
237,0,1,0.42245,0.62847,0.73264,0.07176
237,1,0,0.83102,0.614,0.33218,0.22106
237,2,1,0.89734,0.58694,0.20324,0.01878
237,3,2,0.16117,0.57005,0.32234,0.26973
237,4,0,0.20775,0.53877,0.40741,0.32523
238,0,2,0.7419,0.64352,0.29051,0.28472
238,1,4,0.76678,0.28588,0.02083,0.03472
239,0,0,0.74109,0.6685,0.51574,0.58236
239,1,2,0.10938,0.95255,0.20602,0.08333
239,2,2,0.45312,0.82523,0.61806,0.3125
239,3,0,0.86204,0.63983,0.27384,0.19169
240,0,3,0.88021,0.41725,0.03704,0.02431
240,1,4,0.92593,0.61921,0.11458,0.04398
240,2,4,0.78993,0.63368,0.07176,0.05671
240,3,0,0.35995,0.49074,0.07755,0.42824
240,4,0,0.32639,0.75637,0.02894,0.06134
240,5,4,0.20081,0.5353,0.39352,0.58681
240,6,1,0.72164,0.30613,0.2963,0.01736
241,0,3,0.07494,0.80318,0.14988,0.09478
241,1,3,0.38252,0.45891,0.24306,0.10532
241,2,3,0.88079,0.49479,0.18866,0.13773
241,3,4,0.20544,0.64005,0.32639,0.24769
242,0,1,0.61863,0.65972,0.41435,0.05093
242,1,1,0.15509,0.70023,0.24884,0.02778
242,2,0,0.86111,0.67477,0.26505,0.19676
242,3,0,0.61169,0.48785,0.10185,0.05671
242,4,2,0.19821,0.57591,0.39641,0.30459
242,5,3,0.26794,0.49653,0.08565,0.02778
242,6,0,0.22627,0.58854,0.07407,0.0706
243,0,0,0.80012,0.59128,0.39769,0.25896
243,1,1,0.49074,0.86632,0.6331,0.03125
243,2,0,0.24595,0.739,0.28009,0.51736
244,0,0,0.83484,0.77624,0.32824,0.34182
244,1,1,0.13426,0.78877,0.13773,0.03588
244,2,1,0.49132,0.79572,0.06944,0.02662
244,3,1,0.69039,0.79919,0.22917,0.02199
244,4,3,0.3669,0.58912,0.06134,0.02778
244,5,0,0.14844,0.71195,0.29688,0.24796
245,0,0,0.70347,0.6908,0.59097,0.50892
245,1,1,0.90949,0.80102,0.17894,0.02796
245,2,1,0.36921,0.63368,0.39468,0.03588
245,3,0,0.12182,0.67648,0.24363,0.26732
245,4,2,0.85532,0.65625,0.27662,0.13426
246,0,2,0.1296,0.87737,0.25815,0.24317
246,1,2,0.76447,0.73958,0.46296,0.51389
246,2,2,0.39815,0.88542,0.09838,0.13194
247,0,3,0.33391,0.48206,0.22685,0.02662
247,1,3,0.46759,0.46065,0.03356,0.01157
247,2,3,0.98727,0.69155,0.01968,0.01736
248,0,0,0.09838,0.6522,0.16551,0.14236
248,1,2,0.17188,0.83333,0.30787,0.17824
248,2,1,0.62674,0.57581,0.11111,0.01736
248,3,1,0.15683,0.50231,0.30093,0.06944
248,4,1,0.54688,0.43056,0.19444,0.03704
249,0,0,0.81111,0.81243,0.37569,0.30309
249,1,1,0.81308,0.67766,0.31481,0.02431
249,2,1,0.93032,0.84726,0.13727,0.02307
249,3,1,0.59317,0.86748,0.27778,0.01505
249,4,3,0.80266,0.8588,0.02778,0.02315
249,5,2,0.28877,0.87384,0.12731,0.01157
249,6,0,0.13831,0.85648,0.23611,0.27546
250,0,1,0.59433,0.35185,0.1875,0.01389
250,1,1,0.19097,0.38484,0.09606,0.01968
251,0,3,0.78704,0.739,0.05671,0.02662
251,1,0,0.23206,0.72512,0.03704,0.08449
251,2,0,0.19907,0.84896,0.04977,0.10764
252,0,4,0.69711,0.62587,0.6037,0.73786
252,1,4,0.20399,0.59842,0.40799,0.54175
253,0,0,0.89988,0.48611,0.17824,0.08333
253,1,0,0.9399,0.64393,0.11707,0.08184
253,2,0,0.61111,0.63715,0.10995,0.13542
253,3,1,0.15976,0.97086,0.28363,0.05515
253,4,2,0.24421,0.87269,0.46181,0.23611
253,5,2,0.55845,0.47859,0.2338,0.09144
253,6,1,0.76968,0.45428,0.05903,0.02199
254,0,3,0.18056,0.43981,0.1956,0.13889
254,1,0,0.22801,0.32986,0.06829,0.03241
255,0,0,0.84384,0.57799,0.3092,0.32264
255,1,3,0.06713,0.52141,0.13079,0.1956
255,2,3,0.05411,0.69406,0.10822,0.13117
255,3,0,0.19387,0.63194,0.09259,0.10417
255,4,0,0.17188,0.73669,0.06944,0.10764
255,5,0,0.0217,0.90585,0.0434,0.05939
256,0,0,0.11545,0.4593,0.2309,0.20563
256,1,1,0.22106,0.47396,0.32986,0.05903
256,2,0,0.43287,0.39815,0.10995,0.10417
256,3,1,0.41204,0.36748,0.46412,0.07986
256,4,1,0.59954,0.43056,0.24884,0.03704
256,5,1,0.43924,0.58681,0.87037,0.16204
256,6,0,0.939,0.54362,0.11991,0.0803
256,7,1,0.94676,0.49363,0.10301,0.02431
257,0,2,0.88666,0.78607,0.22355,0.17862
258,0,2,0.54456,0.85648,0.90278,0.26852
259,0,1,0.21644,0.72222,0.14931,0.0162
259,1,1,0.43866,0.71644,0.14468,0.02083
259,2,1,0.58102,0.71586,0.04977,0.01273
259,3,0,0.67477,0.7662,0.40394,0.46296
260,0,3,0.30613,0.45718,0.05093,0.01852
260,1,3,0.25637,0.49884,0.0787,0.02778
260,2,0,0.1114,0.63808,0.2228,0.17662
261,0,0,0.86725,0.7853,0.26343,0.21876
261,1,3,0.25116,0.56134,0.12847,0.05556
262,0,3,0.64873,0.57755,0.07639,0.02546
262,1,3,0.72512,0.60532,0.06713,0.02083
262,2,3,0.76505,0.64468,0.09606,0.04398
262,3,0,0.90856,0.61921,0.16088,0.1088
262,4,1,0.5191,0.49595,0.07176,0.01736
262,5,0,0.16377,0.62269,0.32176,0.34028
263,0,0,0.78241,0.68981,0.4294,0.41898
264,0,2,0.75579,0.64352,0.46875,0.38657
265,0,2,0.13628,0.70298,0.27257,0.43373
266,0,1,0.45775,0.69213,0.36111,0.04167
266,1,1,0.10359,0.71181,0.19213,0.01852
266,2,1,0.4022,0.80729,0.79167,0.06366
266,3,0,0.70231,0.7157,0.59329,0.40825
266,4,0,0.3316,0.46933,0.06713,0.04282
267,0,0,0.08478,0.69049,0.16956,0.20737
267,1,3,0.96759,0.69502,0.05903,0.0706
267,2,3,0.77373,0.51678,0.02778,0.01505
267,3,0,0.6169,0.49248,0.09838,0.03588
268,0,1,0.72106,0.44387,0.06597,0.01968
268,1,1,0.62442,0.46875,0.10417,0.02315
268,2,1,0.44676,0.49826,0.12847,0.01968
268,3,0,0.91701,0.64329,0.16389,0.16389
268,4,4,0.12731,0.74306,0.20023,0.16898
269,0,1,0.48843,0.93229,0.97338,0.04051
269,1,0,0.77755,0.70981,0.44282,0.36407
269,2,0,0.51794,0.49306,0.06944,0.05556
269,3,1,0.65451,0.53704,0.10185,0.02083
270,0,2,0.46007,0.79109,0.83565,0.40625
270,1,0,0.25347,0.61516,0.23032,0.29745
271,0,0,0.81632,0.6991,0.36528,0.31718
272,0,3,0.28067,0.53241,0.15972,0.03472
272,1,3,0.12905,0.62269,0.08565,0.04167
272,2,4,0.06742,0.80526,0.13484,0.09431
272,3,3,0.28819,0.48727,0.05208,0.01389
272,4,4,0.42998,0.40451,0.07176,0.03125
272,5,0,0.84699,0.57705,0.30394,0.16104
273,0,0,0.25579,0.68403,0.47106,0.61574
273,1,2,0.49421,0.59317,0.12384,0.35995
273,2,2,0.29398,0.65451,0.32523,0.41319
274,0,0,0.74572,0.36693,0.50648,0.35885
275,0,0,0.81921,0.62344,0.35949,0.30243
275,1,1,0.87789,0.54225,0.12037,0.01736
275,2,1,0.38194,0.44792,0.13542,0.02083
275,3,1,0.70081,0.44444,0.18519,0.02315
275,4,0,0.58275,0.42419,0.10648,0.09144
276,0,0,0.89676,0.67156,0.2044,0.1533
277,0,0,0.81806,0.70989,0.36181,0.43599
277,1,0,0.20718,0.64699,0.41319,0.31944
278,0,0,0.80301,0.65393,0.3919,0.2824
278,1,0,0.52141,0.44792,0.05787,0.06481
278,2,2,0.67824,0.76852,0.63773,0.4537
279,0,3,0.1713,0.92477,0.03356,0.02546
279,1,3,0.40104,0.6765,0.03704,0.02431
279,2,3,0.39988,0.74016,0.05556,0.04282
279,3,2,0.20486,0.79225,0.39699,0.40394
280,0,0,0.69387,0.64988,0.58102,0.45949
280,1,1,0.28241,0.4184,0.11458,0.01736
281,0,0,0.78125,0.58565,0.07292,0.06944
281,1,3,0.9213,0.80208,0.06134,0.0463
282,0,3,0.34664,0.76042,0.34259,0.34491
282,1,3,0.41725,0.40914,0.07639,0.02894
282,2,0,0.9294,0.53877,0.10301,0.09144
282,3,2,0.76505,0.78762,0.45486,0.39931
282,4,0,0.5353,0.39873,0.0787,0.03356
282,5,0,0.47569,0.46123,0.05671,0.05671
282,6,3,0.41319,0.22859,0.06134,0.04977
282,7,4,0.50926,0.22049,0.10995,0.03125
283,0,0,0.69734,0.6169,0.58796,0.62963
283,1,2,0.51447,0.62384,0.91204,0.60417
284,0,0,0.04659,0.66665,0.09317,0.05783
284,1,3,0.86227,0.62789,0.06829,0.01736
284,2,0,0.77025,0.54282,0.07407,0.05093
284,3,0,0.59433,0.47743,0.05324,0.04282
284,4,3,0.37153,0.51157,0.01968,0.00926
285,0,3,0.02836,0.93113,0.05556,0.11227
285,1,3,0.03125,0.77546,0.04745,0.11806
285,2,3,0.29745,0.50405,0.08681,0.05208
285,3,0,0.8397,0.53993,0.11806,0.03588
285,4,0,0.62211,0.49016,0.12731,0.04282
285,5,3,0.18866,0.59722,0.08912,0.03704
286,0,0,0.34549,0.5897,0.13889,0.35995
286,1,2,0.15162,0.62269,0.12153,0.11343
286,2,4,0.90775,0.45413,0.18241,0.11891
286,3,2,0.88252,0.69155,0.22685,0.28356
287,0,0,0.70891,0.39815,0.13194,0.08796
287,1,0,0.92882,0.54282,0.09491,0.05556
287,2,0,0.65972,0.63947,0.08681,0.20023
287,3,3,0.24653,0.75926,0.0706,0.03704
287,4,3,0.22164,0.56944,0.03935,0.00926
287,5,1,0.29167,0.4566,0.04282,0.01736
287,6,0,0.02373,0.75289,0.03472,0.04282
287,7,2,0.16319,0.69329,0.23727,0.19907
288,0,0,0.37442,0.42361,0.06019,0.21296
288,1,0,0.28009,0.84317,0.02894,0.10995
289,0,3,0.31713,0.60185,0.10995,0.0463
290,0,1,0.87095,0.59144,0.06019,0.01157
290,1,3,0.56597,0.56366,0.02199,0.00926
290,2,2,0.79225,0.46586,0.11111,0.03125
290,3,2,0.6169,0.84028,0.75579,0.3125
291,0,0,0.12992,0.79584,0.25984,0.35557
291,1,0,0.87095,0.57407,0.25,0.22685
291,2,4,0.96933,0.95312,0.03472,0.03125
292,0,0,0.79896,0.6665,0.4,0.27977
292,1,1,0.59086,0.5434,0.06019,0.01273
292,2,1,0.29572,0.81019,0.21296,0.01852
292,3,1,0.77315,0.97512,0.10995,0.04745
292,4,0,0.16088,0.83044,0.21875,0.33681
293,0,3,0.7419,0.68403,0.06597,0.03241
293,1,2,0.08333,0.86285,0.16319,0.25579
293,2,4,0.80729,0.78819,0.10185,0.0625
294,0,2,0.63773,0.75463,0.71181,0.47222
294,1,2,0.6985,0.48843,0.3125,0.07639
294,2,0,0.09086,0.60706,0.17593,0.33912
295,0,2,0.51157,0.70197,0.19792,0.24653
296,0,3,0.94734,0.70486,0.09722,0.04167
296,1,3,0.77488,0.56829,0.06019,0.03935
296,2,1,0.68287,0.57002,0.08681,0.05208
296,3,3,0.21181,0.51042,0.10301,0.02546
296,4,4,0.97454,0.53704,0.04051,0.02778
297,0,2,0.73438,0.74306,0.52546,0.43056
297,1,2,0.18258,0.71255,0.36516,0.52694
298,0,3,0.1276,0.52067,0.25521,0.14319
298,1,3,0.54688,0.60301,0.17361,0.06944
298,2,3,0.79225,0.80208,0.26389,0.38426
298,3,0,0.61458,0.46181,0.10069,0.18287
299,0,2,0.67824,0.6603,0.60069,0.27894
299,1,2,0.1548,0.70901,0.30961,0.26293
300,0,1,0.50613,0.82785,0.98565,0.0943
300,1,0,0.18576,0.5735,0.36343,0.37153
301,0,3,0.44444,0.26968,0.01505,0.01157
301,1,3,0.98669,0.9294,0.0162,0.02315
301,2,3,0.30729,0.65625,0.01389,0.01389
301,3,0,0.16088,0.40914,0.20255,0.16551
301,4,0,0.26794,0.38368,0.07639,0.08218
302,0,3,0.43171,0.50289,0.06597,0.02662
302,1,3,0.35995,0.57465,0.07755,0.02894
302,2,3,0.61111,0.38252,0.03819,0.02199
302,3,3,0.90856,0.61169,0.10764,0.08912
302,4,0,0.81953,0.52473,0.35781,0.33418
302,5,0,0.17303,0.58333,0.33796,0.50694
303,0,2,0.46238,0.56944,0.75463,0.40278
303,1,2,0.87731,0.94387,0.09838,0.09606
304,0,4,0.53299,0.64005,0.92824,0.71759
304,1,0,0.81887,0.27778,0.35185,0.23148
304,2,3,0.51505,0.23264,0.07523,0.02315
304,3,1,0.49363,0.18345,0.05324,0.02894
305,0,0,0.79954,0.67528,0.39884,0.35057
305,1,1,0.77604,0.56308,0.10185,0.01042
306,0,1,0.43924,0.71528,0.875,0.08796
306,1,0,0.87037,0.67708,0.25116,0.22222
306,2,3,0.89931,0.67477,0.09375,0.05324
306,3,3,0.46586,0.53356,0.03704,0.02083
306,4,3,0.22627,0.56597,0.08565,0.04167
306,5,1,0.5081,0.47454,0.24421,0.03009
306,6,0,0.64178,0.47569,0.13889,0.10648
307,0,4,0.49855,0.62245,0.99711,0.74584
308,0,4,0.16146,0.54109,0.05324,0.0544
308,1,0,0.84028,0.88252,0.16782,0.20023
309,0,0,0.48727,0.75579,0.96412,0.45602
309,1,3,0.6956,0.55845,0.03819,0.01736
309,2,3,0.74884,0.54167,0.05903,0.0162
309,3,3,0.61111,0.80903,0.0706,0.03935
310,0,0,0.83947,0.6932,0.31898,0.26371
310,1,0,0.18634,0.78993,0.35532,0.41551
311,0,0,0.82234,0.46875,0.34954,0.21065
311,1,0,0.30324,0.65451,0.27199,0.68634
311,2,1,0.39815,0.5706,0.03125,0.0162
311,3,1,0.35012,0.57465,0.02778,0.01736
312,0,2,0.63426,0.51505,0.03588,0.0162
312,1,0,0.67072,0.54977,0.00926,0.07407
312,2,3,0.63021,0.56713,0.03935,0.03009
312,3,2,0.34896,0.80266,0.64815,0.39005
313,0,0,0.8059,0.63333,0.38611,0.25971
313,1,1,0.90741,0.8015,0.17708,0.02431
313,2,1,0.7066,0.81019,0.12037,0.00926
313,3,1,0.45775,0.81481,0.20602,0.01389
313,4,0,0.55093,0.45949,0.12847,0.09028
314,0,1,0.52199,0.57002,0.89468,0.14236
314,1,1,0.45775,0.42824,0.5162,0.05787
314,2,1,0.50058,0.35127,0.51157,0.04282
314,3,2,0.58484,0.68143,0.82824,0.30149
315,0,0,0.81713,0.70833,0.35995,0.28472
315,1,3,0.70312,0.64641,0.04167,0.01736
315,2,3,0.97222,0.76157,0.04514,0.0162
316,0,3,0.33275,0.47627,0.02778,0.00579
317,0,3,0.22685,0.59433,0.10995,0.02431
317,1,3,0.29282,0.5272,0.04514,0.01042
318,0,3,0.31481,0.64468,0.11227,0.02083
318,1,0,0.10446,0.77734,0.20891,0.2306
319,0,0,0.81539,0.61227,0.14815,0.26157
319,1,0,0.93634,0.76736,0.03819,0.05556
319,2,0,0.6875,0.4456,0.03819,0.03241
319,3,0,0.51794,0.32928,0.01389,0.02199
319,4,0,0.84641,0.33771,0.30509,0.22403
320,0,0,0.71817,0.3287,0.07176,0.03704
320,1,0,0.8316,0.38889,0.07407,0.04398
320,2,0,0.98215,0.46481,0.03258,0.02915
321,0,3,0.86343,0.56713,0.02199,0.01852
321,1,1,0.47917,0.63831,0.78356,0.08449
321,2,4,0.48206,0.44155,0.23611,0.12616
322,0,3,0.56887,0.67303,0.06713,0.02199
322,1,3,0.70139,0.69155,0.02894,0.01042
322,2,3,0.65683,0.625,0.0162,0.02315
322,3,3,0.52778,0.53646,0.02894,0.01736
322,4,1,0.52662,0.51968,0.05671,0.01389
322,5,1,0.3478,0.50116,0.04398,0.00694
322,6,1,0.48785,0.49942,0.07407,0.01042
322,7,1,0.56076,0.4919,0.03472,0.01157
322,8,3,0.63021,0.81713,0.02315,0.03935
323,0,3,0.92014,0.37269,0.06366,0.02546
323,1,2,0.67998,0.2309,0.16667,0.07986
323,2,3,0.67477,0.45197,0.02199,0.01042
324,0,3,0.69444,0.36921,0.02431,0.00926
325,0,1,0.74363,0.85243,0.06481,0.01736
325,1,3,0.27836,0.80845,0.01389,0.01736
325,2,0,0.83507,0.66898,0.32407,0.19213
325,3,1,0.35822,0.61863,0.13657,0.01968
325,4,3,0.5735,0.49074,0.01389,0.00694
325,5,3,0.49942,0.47049,0.01157,0.0081
326,0,4,0.14091,0.61521,0.28183,0.4943
327,0,0,0.72222,0.75289,0.44329,0.48958
327,1,1,0.79398,0.59375,0.04051,0.0162
327,2,1,0.85301,0.59549,0.04051,0.01505
327,3,1,0.92535,0.59259,0.05787,0.00694
327,4,0,0.58333,0.94039,0.04745,0.10764
327,5,3,0.7419,0.75694,0.04977,0.01389
327,6,3,0.39468,0.81192,0.01968,0.01273
328,0,3,0.77431,0.76505,0.10995,0.05324
328,1,3,0.37905,0.48958,0.0162,0.00926
328,2,0,0.88194,0.56829,0.09606,0.03472
328,3,0,0.52662,0.96759,0.03125,0.05093
329,0,3,0.9456,0.4838,0.02199,0.02083
330,0,2,0.6794,0.73611,0.63773,0.51852
330,1,2,0.71586,0.57812,0.13889,0.03819
330,2,3,0.76447,0.53819,0.02546,0.01389
331,0,3,0.36169,0.45081,0.125,0.04977
331,1,3,0.14815,0.57755,0.07986,0.02546
331,2,3,0.06134,0.58102,0.07986,0.03241
331,3,2,0.07523,0.75,0.14005,0.17361
331,4,1,0.29167,0.3941,0.07523,0.0081
331,5,1,0.5735,0.29398,0.10417,0.01852
331,6,1,0.3235,0.34028,0.06481,0.01157
331,7,0,0.91123,0.54129,0.17546,0.19369
331,8,4,0.88947,0.40741,0.11111,0.05093
331,9,2,0.78704,0.36343,0.08449,0.03472
332,0,3,0.3206,0.90856,0.02431,0.02083
332,1,2,0.10069,0.82928,0.18403,0.15625
332,2,0,0.20139,0.80729,0.04514,0.07755
332,3,0,0.25174,0.64352,0.05093,0.07407
332,4,0,0.34201,0.51389,0.04861,0.06019
332,5,2,0.74942,0.90625,0.20602,0.18056
333,0,0,0.77465,0.63525,0.44861,0.41171
333,1,1,0.66782,0.48206,0.12616,0.01273
333,2,1,0.82986,0.47975,0.0544,0.01273
333,3,1,0.24248,0.73958,0.33565,0.02778
333,4,1,0.65278,0.71586,0.39931,0.03125
333,5,1,0.43403,0.72396,0.04051,0.01273
333,6,1,0.92569,0.68858,0.14653,0.01374
333,7,1,0.72396,0.53935,0.09722,0.01389
333,8,1,0.13889,0.85938,0.26736,0.02199
333,9,1,0.84086,0.83449,0.05556,0.00926
334,0,1,0.75093,0.70825,0.49606,0.46742
334,1,3,0.17419,0.61458,0.03009,0.0162
335,0,0,0.83889,0.60542,0.32014,0.19001
335,1,1,0.76157,0.84838,0.27199,0.0162
335,2,1,0.44734,0.85301,0.24537,0.02546
336,0,0,0.9066,0.65138,0.18472,0.14305
336,1,0,0.66146,0.47975,0.28472,0.18866
337,0,0,0.73148,0.79398,0.48495,0.40972
337,1,1,0.3669,0.59664,0.04514,0.02199
337,2,1,0.39988,0.8588,0.79167,0.02315
337,3,1,0.46238,0.55556,0.04167,0.04167
338,0,3,0.43866,0.61169,0.22106,0.09606
338,1,3,0.67245,0.45023,0.1331,0.03472
338,2,3,0.31539,0.47859,0.04861,0.01968
338,3,3,0.37847,0.42361,0.07986,0.01852
338,4,4,0.75521,0.90741,0.40741,0.18287
338,5,4,0.11921,0.57986,0.04282,0.04398
338,6,4,0.51505,0.48669,0.18866,0.10069
338,7,4,0.7963,0.45544,0.08218,0.06366
339,0,0,0.91123,0.81418,0.17546,0.13762
339,1,0,0.68866,0.65972,0.16319,0.1088
339,2,1,0.52662,0.68345,0.20486,0.01505
339,3,1,0.21354,0.68229,0.1088,0.01505
339,4,0,0.07784,0.77797,0.15567,0.20641
339,5,3,0.21238,0.57928,0.04861,0.01968
339,6,3,0.28819,0.48669,0.03588,0.01968
339,7,4,0.68576,0.5272,0.06944,0.02662
339,8,0,0.08449,0.61863,0.16551,0.1169
340,0,0,0.08681,0.92535,0.17014,0.14236
340,1,0,0.27951,0.74421,0.13657,0.05093
340,2,0,0.86782,0.87763,0.26227,0.07934
340,3,0,0.59549,0.81887,0.19907,0.05903
341,0,2,0.78067,0.86227,0.23843,0.2662
341,1,3,0.99016,0.77604,0.01389,0.01273
341,2,3,0.93981,0.77141,0.02199,0.01273
342,0,2,0.09259,0.87905,0.17477,0.16551
342,1,2,0.75058,0.86169,0.15509,0.1794
342,2,3,0.98032,0.39178,0.03356,0.02199
342,3,0,0.79977,0.39005,0.06829,0.04861
343,0,0,0.4184,0.40104,0.03704,0.10995
343,1,0,0.61748,0.65567,0.25231,0.41319
343,2,2,0.67593,0.375,0.53819,0.15046
343,3,2,0.06944,0.45139,0.1331,0.09259
343,4,1,0.14178,0.50926,0.0463,0.00694
343,5,2,0.11053,0.65394,0.21528,0.14352
343,6,2,0.03472,0.84375,0.05671,0.04861
343,7,2,0.40278,0.73206,0.17477,0.1169
344,0,4,0.49942,0.69676,0.99537,0.59491
345,0,3,0.26157,0.58796,0.04977,0.03009
345,1,3,0.2772,0.62326,0.0463,0.02431
345,2,3,0.38542,0.58391,0.09375,0.02894
345,3,3,0.56655,0.58681,0.05556,0.03241
345,4,3,0.49595,0.58681,0.05787,0.03009
345,5,3,0.59664,0.65567,0.09028,0.01736
345,6,3,0.49942,0.63368,0.06019,0.01968
345,7,3,0.4103,0.66377,0.05324,0.01968
345,8,3,0.9022,0.96817,0.08565,0.05671
345,9,0,0.18808,0.82639,0.11111,0.19444
345,10,3,0.22917,0.68924,0.03356,0.01505
345,11,1,0.77315,0.72164,0.06366,0.0081
345,12,1,0.54977,0.7037,0.04977,0.01852
346,0,0,0.33391,0.53704,0.11343,0.42824
346,1,3,0.27488,0.33391,0.01389,0.0081
347,0,0,0.95775,0.87037,0.08102,0.06481
347,1,0,0.84549,0.79225,0.11806,0.08449
348,0,0,0.76852,0.6985,0.45718,0.37847
349,0,3,0.71875,0.58565,0.54977,0.21065
349,1,3,0.46296,0.386,0.21875,0.04977
349,2,4,0.83275,0.43519,0.3287,0.1412
349,3,4,0.08449,0.52199,0.16551,0.22222
349,4,4,0.83102,0.8669,0.33449,0.23611
350,0,3,0.22859,0.89005,0.15509,0.11343
350,1,3,0.0735,0.70023,0.14583,0.16898
350,2,3,0.31481,0.67303,0.0544,0.01736
350,3,3,0.39352,0.67998,0.05671,0.02662
350,4,3,0.35069,0.63773,0.05208,0.02315
350,5,1,0.51678,0.43924,0.04167,0.02199
350,6,1,0.54109,0.42824,0.0463,0.01852
350,7,0,0.83623,0.50058,0.18287,0.08912
350,8,3,0.18171,0.55324,0.02199,0.04167
350,9,0,0.08015,0.52216,0.1603,0.07904
351,0,1,0.45949,0.30093,0.04514,0.00463
351,1,0,0.29803,0.6684,0.18981,0.37384
352,0,0,0.95405,0.82654,0.08981,0.06512
352,1,0,0.79745,0.70833,0.18403,0.13426
352,2,1,0.07292,0.72685,0.14236,0.03935
352,3,0,0.07494,0.8376,0.14988,0.19834
352,4,0,0.21991,0.64062,0.14005,0.18403
352,5,0,0.30729,0.52199,0.02315,0.03241
352,6,3,0.83044,0.79745,0.04861,0.02083
352,7,3,0.78877,0.79977,0.02083,0.01389
353,0,2,0.87095,0.78241,0.25463,0.39583
353,1,0,0.16146,0.50579,0.27778,0.15509
353,2,1,0.97049,0.42419,0.04398,0.01273
353,3,2,0.36863,0.80035,0.73148,0.39468
353,4,1,0.80845,0.39757,0.02778,0.01273
354,0,4,0.91296,0.49131,0.17199,0.12383
354,1,3,0.0923,0.52552,0.18461,0.05335
354,2,3,0.20949,0.43345,0.09838,0.02662
354,3,4,0.21296,0.3912,0.13079,0.05093
354,4,3,0.20486,0.77315,0.16088,0.05787
354,5,3,0.21991,0.8559,0.02431,0.01505
354,6,4,0.33044,0.50289,0.05787,0.14468
354,7,3,0.56481,0.73032,0.0544,0.02546
355,0,3,0.8059,0.47018,0.38611,0.28758
355,1,3,0.60995,0.42072,0.14005,0.11227
355,2,3,0.41377,0.41551,0.1713,0.21991
355,3,3,0.1985,0.35706,0.26852,0.17245
355,4,2,0.44734,0.68576,0.5,0.32755
355,5,4,0.16319,0.71933,0.32523,0.55671
355,6,4,0.86377,0.7326,0.27037,0.37261
356,0,1,0.46354,0.40046,0.06481,0.01389
356,1,0,0.25174,0.49653,0.14352,0.14583
356,2,0,0.08073,0.65763,0.16146,0.13703
357,0,0,0.78704,0.43692,0.42014,0.15856
357,1,2,0.14005,0.80671,0.27431,0.38426
358,0,3,0.47512,0.63137,0.08102,0.02894
358,1,3,0.41088,0.50116,0.06366,0.03241
358,2,3,0.46065,0.49248,0.02894,0.01505
358,3,3,0.39178,0.65683,0.09259,0.03356
358,4,3,0.10012,0.65856,0.05556,0.03009
358,5,3,0.02778,0.66493,0.05208,0.02431
358,6,1,0.35648,0.65741,0.15625,0.02546
358,7,1,0.15567,0.66377,0.16204,0.01736
358,8,1,0.36458,0.49363,0.18403,0.01736
358,9,1,0.54225,0.4809,0.15741,0.02199
358,10,1,0.68345,0.45833,0.04398,0.00926
358,11,1,0.90856,0.43403,0.03819,0.02083
358,12,1,0.6985,0.61574,0.03472,0.0162
358,13,0,0.43692,0.636,0.02083,0.39236
359,0,0,0.35648,0.58275,0.06134,0.4294
359,1,1,0.64062,0.56424,0.5463,0.09375
359,2,1,0.45718,0.41609,0.26736,0.04745
359,3,4,0.34722,0.49826,0.04282,0.03819
359,4,4,0.47917,0.31076,0.31366,0.09144
359,5,2,0.86748,0.65625,0.25926,0.10648
359,6,0,0.51736,0.72049,0.05208,0.11227
359,7,0,0.42014,0.6985,0.01736,0.17245
359,8,1,0.26447,0.61921,0.03704,0.0162
360,0,2,0.07234,0.81887,0.13889,0.35532
360,1,2,0.5353,0.70428,0.10648,0.0706
360,2,3,0.48785,0.48206,0.03241,0.01273
360,3,1,0.5272,0.39352,0.05787,0.00926
361,0,0,0.81713,0.59722,0.27431,0.18981
361,1,3,0.89699,0.65914,0.02662,0.01505
361,2,3,0.8588,0.64352,0.02199,0.02778
361,3,1,0.97164,0.75116,0.04861,0.02315
361,4,1,0.86632,0.76736,0.10185,0.02778
361,5,1,0.73438,0.79167,0.03704,0.0162
361,6,3,0.64988,0.79572,0.04861,0.01736
361,7,3,0.58449,0.80382,0.07755,0.01736
361,8,3,0.38194,0.82812,0.04051,0.01736
362,0,2,0.84201,0.75289,0.30324,0.44792
362,1,0,0.88345,0.4599,0.23102,0.12581
362,2,0,0.36053,0.74479,0.2037,0.44329
363,0,0,0.85648,0.56134,0.06829,0.06481
363,1,0,0.73843,0.43981,0.06366,0.08796
363,2,3,0.89525,0.4184,0.09491,0.03588
363,3,0,0.96389,0.37219,0.07014,0.06151
364,0,3,0.10417,0.60648,0.04282,0.02778
364,1,0,0.04456,0.65046,0.07407,0.05787
364,2,0,0.62847,0.67882,0.04514,0.08449
364,3,0,0.38252,0.45428,0.00694,0.06829
364,4,0,0.54051,0.50116,0.04051,0.05556
364,5,0,0.19387,0.46701,0.03935,0.04745
365,0,2,0.49248,0.75521,0.28704,0.44792
365,1,2,0.92569,0.78538,0.14653,0.37631
365,2,0,0.92535,0.739,0.1412,0.26273
366,0,0,0.81771,0.52778,0.06019,0.05093
366,1,3,0.89583,0.58854,0.03125,0.03125
366,2,4,0.95486,0.65046,0.05903,0.05324
366,3,0,0.15278,0.5816,0.29514,0.31134
366,4,4,0.57292,0.33738,0.03819,0.02662
367,0,3,0.44444,0.47454,0.01968,0.01389
367,1,4,0.6875,0.56192,0.07523,0.06366
368,0,2,0.67975,0.71681,0.63612,0.56325
368,1,3,0.32234,0.4294,0.08333,0.02546
368,2,3,0.08073,0.87081,0.16146,0.07959
369,0,0,0.35995,0.78935,0.08218,0.41435
370,0,3,0.63947,0.53356,0.27546,0.17361
370,1,3,0.1794,0.46586,0.14699,0.07292
370,2,4,0.25463,0.386,0.12847,0.0544
370,3,4,0.47338,0.36921,0.08449,0.04398
370,4,0,0.88345,0.6638,0.23102,0.33685
370,5,4,0.25289,0.34259,0.04167,0.02315
370,6,4,0.51562,0.35301,0.21759,0.07176
371,0,2,0.13831,0.62211,0.23611,0.29514
371,1,3,0.85706,0.70486,0.05556,0.04861
372,0,0,0.47512,0.29572,0.13889,0.10301
372,1,0,0.78993,0.489,0.40972,0.26042
372,2,2,0.77407,0.56516,0.44977,0.44977
372,3,0,0.26331,0.54167,0.17361,0.55324
372,4,2,0.48553,0.31076,0.12731,0.06829
372,5,2,0.37731,0.58102,0.34144,0.46296
373,0,0,0.79722,0.79442,0.40347,0.35736
373,1,1,0.52836,0.53299,0.13426,0.01042
373,2,1,0.27778,0.61806,0.11227,0.01389
373,3,1,0.86574,0.6169,0.12847,0.02083
373,4,1,0.4838,0.61921,0.06829,0.01389
374,0,0,0.9581,0.76385,0.08171,0.06242
374,1,0,0.75231,0.64352,0.17708,0.10185
375,0,3,0.5515,0.48495,0.01852,0.01389
375,1,0,0.16406,0.63264,0.32812,0.42269
375,2,0,0.65104,0.5,0.09722,0.16667
375,3,0,0.73843,0.34954,0.07292,0.04861
376,0,1,0.46354,0.73553,0.92593,0.23032
376,1,0,0.91319,0.8044,0.15856,0.10185
376,2,0,0.63137,0.6088,0.31713,0.25
376,3,1,0.55498,0.41319,0.20602,0.02778
377,0,3,0.761,0.58623,0.09491,0.02199
377,1,0,0.91262,0.63252,0.0787,0.02894
377,2,4,0.58796,0.50347,0.12616,0.04398
378,0,1,0.77141,0.49595,0.17593,0.04282
378,1,1,0.05208,0.48264,0.08449,0.02315
378,2,2,0.92477,0.6875,0.14236,0.4375
378,3,4,0.85706,0.41493,0.26157,0.10764
379,0,0,0.8956,0.74131,0.20671,0.14929
379,1,0,0.69965,0.60532,0.05556,0.0463
380,0,0,0.81481,0.56655,0.30903,0.22569
380,1,1,0.72164,0.38542,0.22222,0.02083
381,0,2,0.22222,0.6522,0.44097,0.63542
381,1,0,0.38947,0.6059,0.10648,0.52199
381,2,0,0.32755,0.91377,0.01042,0.04282
381,3,0,0.17072,0.63368,0.32407,0.47338
382,0,1,0.58912,0.58275,0.20949,0.01505
382,1,1,0.96181,0.76273,0.06134,0.00926
382,2,1,0.6875,0.76852,0.07523,0.01389
382,3,1,0.46759,0.7691,0.14931,0.01505
382,4,1,0.32812,0.77546,0.05093,0.01389
382,5,1,0.58218,0.64178,0.03819,0.01042
382,6,1,0.70023,0.68981,0.06597,0.01852
382,7,1,0.88079,0.76562,0.08218,0.01273
382,8,0,0.49711,0.54282,0.06019,0.05093
382,9,0,0.57292,0.61227,0.06134,0.04398
382,10,0,0.80359,0.82108,0.39074,0.35282
382,11,1,0.71065,0.72917,0.04282,0.01389
382,12,1,0.67303,0.72975,0.03241,0.01042
382,13,3,0.7691,0.78009,0.05787,0.02778
383,0,1,0.41493,0.74653,0.37963,0.02778
383,1,1,0.74537,0.74421,0.12616,0.00694
383,2,0,0.83947,0.83452,0.31898,0.21534
384,0,4,0.22801,0.39699,0.10532,0.09722
385,0,0,0.78597,0.41385,0.42494,0.37168
385,1,0,0.88889,0.76273,0.05671,0.08102
385,2,3,0.67824,0.46759,0.04282,0.03009
385,3,2,0.59722,0.39294,0.05208,0.0544
385,4,2,0.50521,0.45602,0.02315,0.03241
386,0,3,0.13976,0.63244,0.27951,0.1283
386,1,0,0.13194,0.50289,0.25579,0.16551
386,2,4,0.63542,0.4566,0.06597,0.07755
386,3,4,0.11979,0.53704,0.23611,0.06481
387,0,0,0.70949,0.73727,0.50579,0.51389
387,1,1,0.62153,0.61458,0.10069,0.02083
387,2,1,0.26852,0.84028,0.12847,0.0162
387,3,1,0.41551,0.84433,0.08449,0.02431
387,4,1,0.56713,0.83912,0.1794,0.0162
387,5,1,0.10475,0.83449,0.07407,0.01852
388,0,1,0.82292,0.61111,0.11921,0.0162
388,1,1,0.70718,0.60648,0.04745,0.0162
388,2,0,0.76424,0.66429,0.46944,0.3309
389,0,2,0.5191,0.84086,0.95602,0.31134
390,0,4,0.49884,0.77431,0.99653,0.44907
390,1,0,0.91377,0.50868,0.16667,0.08218
391,0,0,0.77951,0.68692,0.43519,0.29051
391,1,1,0.64815,0.5978,0.10764,0.01273
391,2,1,0.69097,0.64583,0.07523,0.00694
391,3,1,0.70486,0.7934,0.27199,0.02431
391,4,1,0.91204,0.78935,0.07523,0.01852
391,5,1,0.33333,0.79803,0.24653,0.02662
391,6,1,0.51389,0.60012,0.05671,0.01042
391,7,0,0.51852,0.50521,0.08449,0.0544
392,0,0,0.90104,0.74479,0.19444,0.12847
393,0,3,0.96412,0.77141,0.06366,0.05671
393,1,3,0.05179,0.86111,0.10359,0.04166
393,2,3,0.17593,0.69213,0.13542,0.05324
393,3,3,0.38252,0.614,0.03472,0.01968
393,4,0,0.26389,0.9184,0.07755,0.14005
393,5,2,0.12731,0.82639,0.25116,0.34028
393,6,1,0.41782,0.9566,0.1331,0.06597
393,7,0,0.91609,0.66667,0.11111,0.04398
394,0,0,0.52141,0.69734,0.15972,0.22106
394,1,0,0.33623,0.93692,0.12269,0.12384
394,2,2,0.29688,0.7853,0.59028,0.42245
394,3,0,0.16493,0.6603,0.24306,0.14236
395,0,1,0.47222,0.48438,0.14931,0.03125
395,1,0,0.59317,0.64352,0.10417,0.34491
395,2,0,0.65914,0.86227,0.03935,0.03935
395,3,1,0.30093,0.61169,0.14699,0.01505
395,4,1,0.50347,0.59954,0.15856,0.02778
395,5,1,0.10938,0.52662,0.125,0.02083
395,6,1,0.23727,0.51042,0.07986,0.01852
395,7,1,0.91146,0.55845,0.07176,0.01736
395,8,1,0.04514,0.63079,0.08912,0.0162
396,0,0,0.76389,0.57812,0.41551,0.53125
396,1,2,0.73495,0.60938,0.28819,0.46412
396,2,0,0.40104,0.60185,0.0787,0.30324
396,3,0,0.17419,0.76389,0.11574,0.2338
396,4,0,0.05266,0.80382,0.05556,0.08912
396,5,0,0.1684,0.50521,0.33102,0.35069
397,0,0,0.89757,0.56134,0.19907,0.28472
397,1,3,0.84317,0.53299,0.03009,0.02662
397,2,1,0.19387,0.58507,0.04167,0.01968
398,0,0,0.66956,0.54861,0.14583,0.10648
398,1,0,0.88229,0.69868,0.23333,0.15894
399,0,3,0.40914,0.85417,0.06713,0.06019
399,1,3,0.33623,0.864,0.03472,0.04051
399,2,3,0.06337,0.7814,0.12674,0.12993
399,3,3,0.30035,0.53588,0.04167,0.01852
400,0,0,0.11053,0.53588,0.21065,0.19676
400,1,0,0.95958,0.60639,0.07772,0.11556
401,0,3,0.53276,0.4748,0.14281,0.09073
401,1,3,0.16206,0.51011,0.32411,0.24905
402,0,0,0.67072,0.64062,0.21528,0.44329
404,0,2,0.34963,0.84306,0.2369,0.27386
404,1,3,0.5787,0.57465,0.06134,0.01968
405,0,3,0.67638,0.66626,0.37061,0.26934
406,0,1,0.61574,0.81539,0.76042,0.03356
406,1,0,0.82812,0.67361,0.33796,0.22454
407,0,4,0.13115,0.6238,0.14686,0.24419
407,1,4,0.25495,0.52305,0.14515,0.16223
409,0,0,0.73785,0.68519,0.52083,0.46065
410,0,0,0.76968,0.68403,0.45486,0.38426
412,0,3,0.32292,0.47049,0.03588,0.03819
412,1,0,0.15532,0.7632,0.14975,0.29074
413,0,3,0.15017,0.70385,0.30035,0.3747
413,1,3,0.27232,0.17171,0.07921,0.04779
413,2,3,0.1331,0.34664,0.25579,0.23264
414,0,1,0.68981,0.87731,0.52431,0.02315
414,1,0,0.92361,0.51447,0.14005,0.10069
415,0,2,0.84946,0.51428,0.17473,0.11593
415,1,2,0.05981,0.80326,0.11089,0.14617
415,2,2,0.91835,0.67977,0.13777,0.12769
416,0,3,0.91247,0.78646,0.16969,0.12265
417,0,3,0.80845,0.56308,0.09491,0.09838
417,1,3,0.961,0.72136,0.07593,0.10245
417,2,3,0.69266,0.4364,0.08709,0.10758
418,0,2,0.11935,0.67453,0.19614,0.32912
419,0,1,0.85285,0.95999,0.28556,0.06119
419,1,0,0.84954,0.64178,0.29051,0.18403
420,0,3,0.04022,0.56138,0.08044,0.06488
420,1,4,0.35595,0.45987,0.52596,0.32616
421,0,1,0.8206,0.83102,0.35069,0.05787
421,1,0,0.60301,0.72859,0.25116,0.54282
422,0,1,0.82176,0.47801,0.33681,0.04398
422,1,0,0.91493,0.65683,0.15509,0.09375
422,2,1,0.22049,0.88137,0.42593,0.02662
422,3,1,0.79398,0.83565,0.40394,0.06019
424,0,4,0.48785,0.46181,0.34954,0.28704
425,0,3,0.86625,0.56948,0.13439,0.10872
425,1,3,0.69121,0.51923,0.16504,0.11201
425,2,4,0.73606,0.40675,0.16969,0.09913
425,3,4,0.3525,0.50508,0.34708,0.36895
425,4,3,0.85764,0.8235,0.13079,0.15162
426,0,2,0.1371,0.90323,0.25538,0.18481
427,0,0,0.84731,0.85176,0.13756,0.16684
427,1,0,0.71909,0.61209,0.08152,0.08152
428,0,4,0.89874,0.76895,0.14515,0.18272
428,1,0,0.73727,0.78125,0.35069,0.37037
428,2,1,0.31481,0.62558,0.52662,0.01736
429,0,0,0.82234,0.55556,0.34954,0.20139
430,0,0,0.07713,0.78039,0.09689,0.13022
430,1,1,0.84259,0.5515,0.29745,0.02662
430,2,3,0.63917,0.53415,0.12807,0.05464
430,3,2,0.93817,0.67346,0.12157,0.08052
431,0,3,0.68403,0.57118,0.07986,0.02199
431,1,3,0.38137,0.54225,0.04861,0.02431
431,2,3,0.55566,0.46496,0.05419,0.03073
431,3,3,0.63194,0.53067,0.06134,0.01273
434,0,1,0.3559,0.5434,0.58333,0.02662
434,1,4,0.47391,0.3596,0.13415,0.01782
434,2,3,0.02459,0.53472,0.04919,0.03935
434,3,0,0.15609,0.39795,0.30871,0.16475
435,0,0,0.44572,0.61367,0.18379,0.29118
435,1,3,0.88657,0.72917,0.14931,0.05324
435,2,1,0.86898,0.64699,0.25995,0.03935
435,3,0,0.65241,0.80653,0.15552,0.38157
435,4,0,0.66204,0.56829,0.29977,0.25
439,0,4,0.48235,0.55729,0.9647,0.48495
440,0,2,0.80158,0.69993,0.2369,0.2957
442,0,3,0.32176,0.56076,0.11227,0.03819
442,1,3,0.89414,0.62517,0.09944,0.06216
442,2,3,0.76298,0.55123,0.18101,0.08197
442,3,3,0.24711,0.52199,0.14352,0.05556
450,0,3,0.33654,0.53994,0.05851,0.02201
450,1,0,0.62546,0.772,0.54143,0.42363
451,0,0,0.28245,0.60273,0.18644,0.17186
451,1,3,0.58912,0.6412,0.03819,0.03935
451,2,0,0.51023,0.5403,0.03782,0.04356
451,3,0,0.75172,0.8305,0.26155,0.33692
451,4,3,0.19356,0.63665,0.07701,0.01605
451,5,1,0.68056,0.56076,0.21412,0.01505
453,0,3,0.45775,0.62269,0.06481,0.0463
453,1,2,0.06742,0.81366,0.13484,0.16435
453,2,2,0.42608,0.50084,0.20161,0.09577
453,3,2,0.17238,0.54284,0.10081,0.06552
453,4,2,0.15809,0.66683,0.09239,0.06284
453,5,2,0.43028,0.75874,0.18313,0.12097
454,0,2,0.31277,0.79609,0.20309,0.1856
454,1,4,0.3478,0.61574,0.59722,0.1713
454,2,2,0.76212,0.63832,0.07684,0.14344
454,3,4,0.79919,0.59606,0.06019,0.11806
455,0,3,0.35764,0.61516,0.37384,0.19329
456,0,2,0.41095,0.76126,0.38978,0.39147
456,1,2,0.97404,0.58161,0.04985,0.05393
457,0,1,0.6126,0.84655,0.61162,0.11208
457,1,1,0.16854,0.91852,0.27287,0.03102
457,2,2,0.95694,0.78394,0.08403,0.04242
459,0,2,0.18938,0.681,0.37876,0.18783
460,0,3,0.94016,0.71742,0.11759,0.06447
461,0,3,0.38484,0.55556,0.10185,0.03935
461,1,3,0.6973,0.66651,0.03942,0.01882
463,0,1,0.59221,0.69894,0.53962,0.04611
463,1,0,0.30729,0.6331,0.18519,0.52315
464,0,3,0.77431,0.51447,0.3044,0.08912
464,1,3,0.89699,0.44734,0.19792,0.0544
464,2,4,0.8902,0.76475,0.21212,0.11283
464,3,3,0.12963,0.4537,0.22801,0.05324
464,4,3,0.10212,0.54269,0.18443,0.09221
464,5,3,0.07753,0.40081,0.15505,0.05435
464,6,3,0.34204,0.39413,0.11783,0.04781
464,7,2,0.20458,0.61441,0.24249,0.1571
464,8,3,0.80923,0.64069,0.31638,0.10777
465,0,0,0.85938,0.69965,0.26852,0.49653
466,0,0,0.3397,0.75231,0.09954,0.41667
466,1,0,0.6956,0.71933,0.37616,0.54514
467,0,4,0.41431,0.54116,0.66196,0.13609
468,0,2,0.92773,0.67488,0.14141,0.22476
470,0,2,0.34546,0.75501,0.36579,0.34104
470,1,2,0.78341,0.58394,0.35738,0.22108
471,0,2,0.10467,0.63486,0.20934,0.15547
471,1,2,0.49916,0.58569,0.18985,0.06048
471,2,4,0.5555,0.43596,0.10417,0.09392
472,0,0,0.761,0.6985,0.46991,0.3206
472,1,1,0.93345,0.61169,0.09028,0.01968
474,0,2,0.63693,0.74866,0.22345,0.3125
476,0,3,0.72859,0.52662,0.1088,0.03935
476,1,4,0.90471,0.48262,0.08538,0.05635
477,0,0,0.29861,0.89468,0.59606,0.04167
478,0,4,0.5625,0.5787,0.12153,0.10185
478,1,4,0.52247,0.44105,0.0789,0.10432
479,0,1,0.87674,0.73727,0.21528,0.03009
479,1,1,0.90451,0.42419,0.10185,0.01736
480,0,0,0.82523,0.65741,0.34375,0.25926
481,0,0,0.80333,0.52684,0.39022,0.31295
481,1,0,0.29919,0.53125,0.03009,0.0787
482,0,3,0.73727,0.71181,0.15856,0.07639
482,1,3,0.43322,0.53928,0.18565,0.03487
482,2,3,0.64857,0.58367,0.1332,0.0444
482,3,3,0.56944,0.46586,0.09838,0.01968
482,4,3,0.39468,0.49421,0.08912,0.02083
483,0,2,0.13659,0.61104,0.27319,0.37664
483,1,0,0.25068,0.54013,0.0888,0.13832
484,0,3,0.76273,0.72975,0.14005,0.0544
484,1,3,0.84604,0.62117,0.14462,0.04327
484,2,3,0.74149,0.557,0.16933,0.02372
484,3,2,0.94671,0.66113,0.10449,0.06269
484,4,0,0.9457,0.67333,0.07172,0.03245
484,5,3,0.69155,0.52431,0.04861,0.02083
484,6,3,0.83218,0.57581,0.04745,0.02199
487,0,0,0.83854,0.60301,0.31481,0.19907
488,0,3,0.31019,0.5816,0.10995,0.02662
488,1,3,0.64352,0.56424,0.06597,0.02199
488,2,3,0.81597,0.57118,0.05208,0.02199
488,3,3,0.36053,0.49595,0.03009,0.02199
491,0,0,0.47454,0.86169,0.40162,0.26042
492,0,0,0.48378,0.26861,0.04269,0.07001
492,1,3,0.48548,0.25837,0.02561,0.02903
493,0,2,0.22782,0.8629,0.3797,0.2453
493,1,4,0.28484,0.59734,0.19809,0.2459
493,2,4,0.56745,0.5666,0.12807,0.14344
493,3,4,0.21226,0.84665,0.28859,0.21858
494,0,2,0.8017,0.74601,0.31416,0.16622
494,1,3,0.69276,0.70211,0.07303,0.03397
496,0,0,0.87442,0.60243,0.24769,0.15856
498,0,0,0.81592,0.72626,0.31079,0.26127
499,0,4,0.69237,0.76714,0.58636,0.27554
499,1,4,0.23531,0.89447,0.44399,0.19467
499,2,4,0.86544,0.56489,0.25615,0.18784
499,3,4,0.4667,0.53586,0.12807,0.18443
501,0,1,0.36516,0.58565,0.07639,0.01389
501,1,1,0.61343,0.58565,0.07523,0.00926
501,2,0,0.83044,0.71238,0.33333,0.23958
503,0,1,0.17128,0.77408,0.21346,0.05635
503,1,3,0.55123,0.74761,0.08538,0.05123
503,2,3,0.34973,0.76554,0.09563,0.02903
503,3,0,0.86031,0.52305,0.2015,0.10417
503,4,1,0.83641,0.48207,0.10587,0.0222
505,0,3,0.8236,0.55208,0.07684,0.03586
506,0,1,0.64869,0.90827,0.67708,0.09073
510,0,4,0.30931,0.60837,0.50235,0.19993
510,1,4,0.2541,0.39156,0.2459,0.16564
512,0,4,0.15864,0.70492,0.31728,0.34153
512,1,4,0.0876,0.41291,0.17247,0.23907
512,2,4,0.66735,0.55806,0.65915,0.54645
512,3,4,0.26776,0.47695,0.18443,0.24419
513,0,0,0.56713,0.72743,0.21412,0.53588
513,1,1,0.26852,0.62963,0.36921,0.02546
513,2,1,0.75521,0.64699,0.30787,0.01852
514,0,4,0.97046,0.73139,0.04952,0.05977
515,0,0,0.81887,0.66609,0.3588,0.27894
516,0,2,0.90575,0.75118,0.17977,0.26378
517,0,4,0.32775,0.68027,0.19288,0.04225
517,1,0,0.41377,0.57292,0.16898,0.09954
517,2,3,0.47454,0.66204,0.08218,0.02083
518,0,2,0.54561,0.67232,0.13909,0.21322
518,1,1,0.77083,0.52199,0.45023,0.07639
518,2,1,0.31099,0.62097,0.30074,0.07728
518,3,0,0.09896,0.73322,0.08565,0.20023
518,4,1,0.81481,0.71701,0.35995,0.07986
518,5,1,0.1794,0.53356,0.34606,0.06944
519,0,1,0.56192,0.77141,0.67361,0.02662
519,1,0,0.8044,0.66667,0.3831,0.27546
520,0,3,0.3513,0.54109,0.11568,0.0544
520,1,3,0.54109,0.53241,0.11111,0.02315
521,0,4,0.53414,0.57928,0.06944,0.01968
521,1,0,0.80035,0.75174,0.39583,0.28588
522,0,0,0.7691,0.74595,0.38426,0.50347
524,0,1,0.63715,0.52894,0.34954,0.03704
525,0,1,0.80266,0.65336,0.38194,0.06597
525,1,1,0.23611,0.76447,0.28356,0.06134
525,2,3,0.50924,0.71169,0.21001,0.08401
525,3,0,0.27488,0.56771,0.11111,0.32755
525,4,0,0.17998,0.83449,0.03935,0.10417
525,5,1,0.57697,0.36979,0.21991,0.03356
526,0,0,0.79456,0.63484,0.40509,0.29282
526,1,1,0.48206,0.88831,0.36343,0.03125
527,0,0,0.70775,0.6088,0.1875,0.13426
528,0,2,0.44624,0.71894,0.13441,0.19489
530,0,2,0.09809,0.77988,0.19618,0.25884
532,0,4,0.4103,0.38831,0.36111,0.11227
533,0,3,0.09578,0.67078,0.19155,0.17488
533,1,2,0.2765,0.739,0.16575,0.26505
533,2,4,0.68576,0.72512,0.61806,0.53819
533,3,0,0.10359,0.53414,0.11574,0.10764
534,0,1,0.23669,0.78009,0.17593,0.03472
534,1,4,0.73224,0.47268,0.06831,0.04781
535,0,0,0.74363,0.67593,0.5,0.44907
538,0,0,0.84259,0.63426,0.30903,0.1875
538,1,1,0.5353,0.53472,0.37731,0.0162
539,0,4,0.97233,0.80837,0.05326,0.06004
539,1,0,0.8235,0.68287,0.28472,0.19676
541,0,0,0.95718,0.78241,0.07523,0.06944
542,0,4,0.70775,0.46238,0.08796,0.06829
543,0,0,0.46528,0.78935,0.07523,0.22222
543,1,1,0.87245,0.62558,0.25301,0.01505
543,2,0,0.75405,0.62674,0.47685,0.3206
543,3,1,0.25579,0.69155,0.09606,0.01505
544,0,2,0.08027,0.76463,0.15775,0.45916
544,1,2,0.85322,0.77676,0.28092,0.28757
544,2,2,0.49668,0.62051,0.35572,0.29754
544,3,3,0.39385,0.53397,0.11379,0.06793
546,0,0,0.28343,0.82362,0.50606,0.32961
548,0,4,0.57739,0.4698,0.35101,0.12985
549,0,0,0.47129,0.95996,0.06553,0.05926
549,1,4,0.41291,0.82787,0.17418,0.08197
549,2,1,0.63889,0.80613,0.12384,0.02662
549,3,0,0.76157,0.84549,0.38542,0.29745
549,4,1,0.16204,0.8125,0.07523,0.01852
550,0,0,0.77604,0.76215,0.40509,0.46412
550,1,1,0.91782,0.62442,0.10764,0.01736
552,0,3,0.20833,0.68287,0.1331,0.09028
553,0,0,0.7037,0.68287,0.58218,0.42361
554,0,0,0.55035,0.72801,0.25,0.53009
554,1,1,0.12731,0.71644,0.23958,0.02083
554,2,1,0.57523,0.72049,0.39005,0.02431
555,0,0,0.76042,0.63484,0.47569,0.34838
557,0,3,0.4004,0.57516,0.09157,0.06728
557,1,1,0.20833,0.43692,0.32986,0.05671
557,2,1,0.88947,0.66377,0.18287,0.05208
557,3,0,0.86961,0.44767,0.2587,0.144
557,4,1,0.91786,0.42465,0.14924,0.04142
557,5,1,0.74163,0.45731,0.21004,0.0444
557,6,1,0.6776,0.40096,0.12978,0.02732
558,0,1,0.60301,0.39641,0.26273,0.03588
559,0,2,0.17614,0.74317,0.35027,0.43772
559,1,2,0.52436,0.67137,0.20329,0.25874
564,0,0,0.74884,0.73843,0.49421,0.45833
565,0,0,0.36921,0.5735,0.10069,0.45949
566,0,3,0.28512,0.46608,0.10452,0.06321
566,1,3,0.12871,0.53166,0.08402,0.04316
566,2,3,0.05845,0.70312,0.06944,0.04977
566,3,4,0.74421,0.75405,0.22106,0.31366
569,0,2,0.05816,0.76072,0.11632,0.17423
569,1,4,0.38407,0.47616,0.33938,0.11257
570,0,0,0.75,0.75058,0.30903,0.49421
571,0,3,0.86632,0.82118,0.1713,0.07292
571,1,3,0.88711,0.65478,0.08343,0.03767
571,2,3,0.96215,0.68023,0.07361,0.02944
573,0,0,0.72454,0.7853,0.42708,0.41782
573,1,1,0.2581,0.74711,0.12153,0.01505
573,2,1,0.42303,0.74653,0.07407,0.01157
573,3,1,0.62442,0.63252,0.46065,0.01736
574,0,2,0.91129,0.81654,0.1743,0.1743
575,0,0,0.76447,0.56655,0.46759,0.29977
576,0,2,0.16024,0.4645,0.32048,0.35454
578,0,2,0.46304,0.83938,0.21505,0.17809
578,1,4,0.84694,0.69657,0.24698,0.20161
579,0,0,0.65046,0.83328,0.29745,0.33345
579,1,0,0.86516,0.58796,0.25231,0.16435
579,2,1,0.65741,0.50637,0.17014,0.01736
579,3,1,0.88889,0.66667,0.20255,0.01852
579,4,1,0.91319,0.55266,0.16782,0.01968
580,0,2,0.87885,0.901,0.24022,0.17701
580,1,2,0.89651,0.72933,0.19825,0.13609
580,2,2,0.68077,0.6037,0.20298,0.09166
581,0,0,0.70023,0.77894,0.41088,0.42824
581,1,1,0.49884,0.88021,0.98958,0.04514
582,0,0,0.43519,0.58681,0.04745,0.47454
582,1,1,0.21238,0.70197,0.41435,0.03125
583,0,4,0.70984,0.81443,0.57824,0.32562
583,1,4,0.60938,0.46181,0.15278,0.03241
584,0,0,0.90104,0.59433,0.11343,0.06597
585,0,1,0.63426,0.71759,0.62847,0.02546
585,1,0,0.85069,0.6412,0.29051,0.18519
586,0,2,0.13628,0.73412,0.27257,0.20436
586,1,2,0.21946,0.59063,0.11368,0.07941
589,0,1,0.71098,0.91441,0.57596,0.1691
589,1,0,0.78704,0.60185,0.41551,0.28009
590,0,4,0.91821,0.63014,0.16046,0.121
591,0,1,0.49372,0.83183,0.54986,0.05806
591,1,3,0.85946,0.82148,0.18271,0.0237
591,2,0,0.83333,0.71354,0.30208,0.17245
592,0,0,0.4485,0.79919,0.32176,0.37153
593,0,2,0.33515,0.78118,0.18072,0.102
593,1,2,0.53948,0.86626,0.19657,0.14449
594,0,1,0.90972,0.65509,0.17477,0.01389
594,1,0,0.84606,0.74248,0.29745,0.23495
596,0,2,0.14362,0.6812,0.28723,0.20283
597,0,1,0.87674,0.85012,0.19907,0.01505
597,1,0,0.93229,0.75579,0.12037,0.10648
599,0,1,0.72093,0.46388,0.23353,0.10585
599,1,3,0.66308,0.47182,0.10417,0.05294
599,2,1,0.34549,0.46181,0.14815,0.02315
599,3,1,0.08507,0.89525,0.16667,0.02662
599,4,1,0.91377,0.84317,0.15509,0.05671
601,0,2,0.82708,0.77389,0.34275,0.45013
601,1,3,0.71973,0.49295,0.01736,0.00977
603,0,2,0.94434,0.72895,0.10634,0.2322
603,1,2,0.14844,0.3622,0.29188,0.09115
603,2,2,0.12891,0.46691,0.25065,0.11176
603,3,2,0.11697,0.56727,0.22461,0.08464
603,4,2,0.35569,0.57161,0.22895,0.07595
603,5,2,0.76313,0.59169,0.26259,0.0944
604,0,2,0.20757,0.50868,0.30165,0.23003
604,1,2,0.27756,0.34592,0.19206,0.09115
604,2,2,0.54123,0.39638,0.12478,0.0727
604,3,2,0.5217,0.5217,0.31359,0.18229
604,4,2,0.02908,0.54937,0.05317,0.2181
604,5,0,0.80816,0.6671,0.14214,0.12587
604,6,0,0.93457,0.78429,0.1237,0.13672
605,0,3,0.72135,0.45877,0.07053,0.02821
606,0,0,0.93132,0.8201,0.13455,0.10851
607,0,0,0.32802,0.53961,0.07161,0.33095
607,1,1,0.46039,0.31445,0.11502,0.02604
607,2,1,0.11155,0.3546,0.18121,0.0434
608,0,1,0.64594,0.75391,0.1454,0.02604
608,1,3,0.85753,0.76096,0.04774,0.0293
608,2,0,0.95573,0.65191,0.08138,0.07378
608,3,0,0.83474,0.55805,0.07378,0.05751
609,0,1,0.48101,0.71322,0.82465,0.06185
609,1,1,0.27197,0.9231,0.54395,0.04542
609,2,1,0.67687,0.89062,0.2615,0.05208
609,3,1,0.90419,0.84993,0.1888,0.04666
609,4,1,0.91341,0.63835,0.16602,0.01845
609,5,1,0.53743,0.51899,0.10851,0.01628
609,6,1,0.42567,0.52387,0.06944,0.01519
609,7,1,0.7691,0.54232,0.21593,0.01519
609,8,1,0.90961,0.56076,0.17795,0.0217
609,9,1,0.69043,0.49295,0.12587,0.01194
609,10,3,0.54178,0.48481,0.03906,0.01736
609,11,3,0.48101,0.45877,0.01736,0.00868
609,12,3,0.66113,0.551,0.04774,0.03472
609,13,0,0.75879,0.60254,0.13455,0.08138
609,14,0,0.92065,0.68916,0.15662,0.08101
610,0,2,0.838,0.81901,0.2474,0.24089
610,1,2,0.07363,0.91089,0.13986,0.17509
611,0,2,0.13742,0.44118,0.27485,0.22958
611,1,2,0.0893,0.66927,0.17795,0.2322
611,2,2,0.22982,0.73926,0.09874,0.10091
611,3,2,0.0204,0.90148,0.03364,0.1888
611,4,2,0.06272,0.8418,0.04666,0.03038
611,5,2,0.05838,0.96766,0.04015,0.05859
611,6,2,0.4197,0.52984,0.09657,0.03364
611,7,2,0.55697,0.49891,0.14974,0.11068
611,8,2,0.65082,0.58409,0.08789,0.06402
611,9,2,0.68012,0.70888,0.10959,0.18555
611,10,2,0.46474,0.4018,0.05859,0.05751
611,11,2,0.8559,0.91612,0.13997,0.15516
612,0,0,0.46365,0.48698,0.06293,0.11285
612,1,0,0.52821,0.60742,0.08355,0.14974
612,2,0,0.62099,0.77344,0.10417,0.20399
612,3,0,0.7087,0.9334,0.07995,0.13112
613,0,1,0.90148,0.91558,0.19206,0.02821
613,1,1,0.40885,0.63021,0.45681,0.03038
614,0,2,0.79568,0.62261,0.34505,0.21267
614,1,2,0.88701,0.78275,0.22389,0.11195
614,2,2,0.0931,0.70128,0.18338,0.21593
614,3,2,0.53418,0.68229,0.17795,0.13672
614,4,2,0.31283,0.73112,0.09983,0.23655
614,5,2,0.64214,0.449,0.19206,0.09332
615,0,0,0.69368,0.56022,0.1454,0.10091
615,1,0,0.88213,0.66926,0.23366,0.14321
615,2,1,0.87977,0.9758,0.23329,0.03581
616,0,3,0.77561,0.63129,0.06836,0.06293
616,1,2,0.8928,0.63672,0.14431,0.102
616,2,2,0.71484,0.73329,0.25716,0.15842
616,3,3,0.50543,0.66927,0.03798,0.03255
616,4,2,0.87435,0.89171,0.17253,0.13889
616,5,2,0.30794,0.52713,0.04449,0.10634
619,0,3,0.52821,0.60525,0.04666,0.04123
619,1,0,0.60579,0.73329,0.13238,0.20833
619,2,0,0.70882,0.91658,0.10622,0.16476
619,3,0,0.5038,0.54395,0.05425,0.08355
620,0,3,0.35243,0.5038,0.03147,0.01194
620,1,3,0.56999,0.64486,0.06076,0.01194
620,2,1,0.30794,0.63889,0.10525,0.01736
620,3,0,0.58138,0.46257,0.10525,0.08355
620,4,0,0.70237,0.54883,0.13021,0.10634
620,5,0,0.83312,0.64757,0.12912,0.102
620,6,0,0.94886,0.73621,0.1002,0.09265
621,0,1,0.65245,0.62099,0.09983,0.01845
621,1,3,0.48155,0.62424,0.02713,0.02062
621,2,1,0.31283,0.63184,0.08681,0.01845
621,3,0,0.69043,0.49349,0.1237,0.09115
621,4,0,0.8049,0.57216,0.10742,0.08138
621,5,0,0.92914,0.66168,0.13889,0.11285
621,6,2,0.60362,0.47613,0.03038,0.03038
622,0,2,0.5982,0.81359,0.44705,0.15842
622,1,2,0.58681,0.67904,0.33963,0.11068
622,2,2,0.58843,0.59657,0.20833,0.05208
622,3,3,0.56619,0.54449,0.02496,0.01953
622,4,2,0.68392,0.46039,0.05208,0.04015
622,5,2,0.92011,0.8571,0.1577,0.1695
622,6,2,0.38932,0.94162,0.1378,0.09766
623,0,3,0.06163,0.46636,0.11827,0.03038
623,1,3,0.24067,0.4783,0.06619,0.01736
623,2,3,0.02094,0.52604,0.04123,0.03255
624,0,3,0.08588,0.78061,0.17177,0.43536
624,1,2,0.07737,0.49512,0.14974,0.13346
624,2,2,0.0893,0.40397,0.05859,0.04232
624,3,3,0.56999,0.46528,0.03472,0.01953
624,4,3,0.7219,0.59657,0.03906,0.03038
624,5,0,0.58626,0.44141,0.04123,0.01085
625,0,2,0.31391,0.53852,0.33203,0.15299
625,1,2,0.37576,0.40451,0.1671,0.09983
625,2,2,0.15169,0.65028,0.16819,0.05968
627,0,2,0.72895,0.77072,0.08138,0.08355
627,1,3,0.25477,0.52116,0.06836,0.03581
628,0,1,0.6709,0.68338,0.3559,0.13889
628,1,0,0.47125,0.67578,0.05859,0.20182
628,2,0,0.51411,0.48589,0.051,0.17795
628,3,0,0.54503,0.3622,0.03255,0.05208
628,4,3,0.41808,0.57704,0.03038,0.01736
628,5,3,0.21191,0.59115,0.03255,0.01953
628,6,1,0.12945,0.89062,0.1454,0.01736
629,0,2,0.90039,0.54232,0.05968,0.03906
632,0,3,0.7908,0.70996,0.05317,0.051
632,1,2,0.90961,0.61393,0.17578,0.20833
632,2,3,0.65516,0.81793,0.18555,0.20182
632,3,2,0.34755,0.82389,0.42969,0.20508
632,4,2,0.44466,0.67036,0.42643,0.08898
632,5,2,0.35786,0.55588,0.08355,0.13563
632,6,2,0.53092,0.5472,0.15191,0.15516
632,7,2,0.70942,0.5906,0.1378,0.18121
632,8,2,0.87489,0.8597,0.24523,0.27669
632,9,2,0.64757,0.96115,0.20291,0.06727
632,10,2,0.41048,0.34049,0.09766,0.02821
632,11,2,0.49078,0.30035,0.08247,0.02604
632,12,2,0.56782,0.36654,0.04774,0.06944
632,13,2,0.46311,0.38715,0.05317,0.03255
632,14,2,0.63238,0.27105,0.03364,0.02604
632,15,2,0.65082,0.32151,0.03147,0.01845
632,16,2,0.64594,0.34755,0.08247,0.01845
632,17,2,0.65625,0.23416,0.03364,0.02387
633,0,1,0.43381,0.81304,0.5306,0.02062
633,1,0,0.9136,0.70384,0.17072,0.13207
633,2,0,0.74902,0.59223,0.14757,0.11068
633,3,0,0.60308,0.50217,0.08572,0.06076
633,4,1,0.75336,0.52279,0.04991,0.01736
634,0,2,0.11968,0.88574,0.2322,0.22027
634,1,2,0.10503,0.74468,0.20508,0.051
634,2,2,0.09093,0.67578,0.10959,0.04774
634,3,2,0.4349,0.68826,0.16819,0.11176
634,4,2,0.73383,0.97906,0.12587,0.03581
634,5,2,0.80924,0.87435,0.07704,0.08247
634,6,2,0.96495,0.75662,0.0651,0.06402
635,0,1,0.92697,0.67253,0.14106,0.03255
635,1,1,0.52658,0.64811,0.13455,0.02062
635,2,1,0.34429,0.64811,0.08464,0.01411
635,3,1,0.88357,0.57487,0.06944,0.01519
635,4,1,0.7832,0.5472,0.05968,0.01411
635,5,0,0.95247,0.73112,0.09006,0.07378
635,6,0,0.76313,0.60254,0.14323,0.08789
636,0,1,0.5472,0.53418,0.4579,0.02496
636,1,0,0.24881,0.79514,0.07812,0.24306
636,2,0,0.29926,0.59983,0.04232,0.13455
636,3,0,0.33073,0.45985,0.04666,0.1237
636,4,2,0.65137,0.77724,0.15408,0.11827
637,0,2,0.4821,0.42296,0.13672,0.05859
637,1,3,0.30089,0.56944,0.52734,0.1888
637,2,2,0.64214,0.53364,0.09006,0.1237
638,0,1,0.67578,0.91016,0.60655,0.02604
638,1,1,0.85807,0.6671,0.07487,0.01519
638,2,0,0.72786,0.65408,0.07487,0.0803
638,3,0,0.90365,0.82227,0.18989,0.16493
639,0,1,0.55534,0.87001,0.88216,0.09766
639,1,2,0.42459,0.87326,0.14323,0.22569
639,2,1,0.32476,0.67524,0.20182,0.02279
639,3,1,0.66873,0.67361,0.30165,0.02387
639,4,2,0.59115,0.71484,0.07487,0.07161
639,5,1,0.81521,0.76638,0.13889,0.04883
639,6,0,0.92589,0.74034,0.1454,0.11176
639,7,0,0.77886,0.63835,0.15299,0.11176
639,8,0,0.64431,0.54883,0.11176,0.08464
639,9,0,0.54449,0.4821,0.07704,0.051
641,0,2,0.30849,0.41808,0.08247,0.08355
641,1,2,0.34918,0.49457,0.14648,0.07161
641,2,3,0.69911,0.76693,0.03906,0.02387
641,3,2,0.84234,0.87164,0.12153,0.08789
641,4,2,0.60796,0.66276,0.07161,0.08464
642,0,0,0.73817,0.91395,0.11719,0.16602
642,1,0,0.62967,0.76421,0.09766,0.14431
642,2,0,0.55425,0.64431,0.06185,0.09549
642,3,0,0.49891,0.55371,0.05534,0.08138
642,4,0,0.45388,0.48427,0.03906,0.05968
642,5,3,0.6123,0.5982,0.01953,0.01194
642,6,1,0.85265,0.63129,0.28537,0.03038
643,0,1,0.79785,0.46311,0.19314,0.06293
643,1,1,0.53906,0.50054,0.14214,0.03581
643,2,1,0.33561,0.52821,0.09766,0.03038
643,3,1,0.2423,0.49403,0.13455,0.03798
643,4,1,0.19618,0.551,0.08138,0.02604
643,5,1,0.2895,0.43218,0.15299,0.04015
643,6,3,0.56944,0.38932,0.0293,0.01953
643,7,0,0.14138,0.52387,0.07161,0.09766
643,8,0,0.05783,0.64486,0.11285,0.15951
643,9,0,0.26074,0.38118,0.07812,0.09223
644,0,1,0.71593,0.73058,0.19206,0.04015
644,1,1,0.43164,0.74143,0.17687,0.03581
644,2,0,0.94615,0.69615,0.10562,0.07329
644,3,0,0.83366,0.62478,0.11936,0.06944
644,4,2,0.71973,0.56076,0.09115,0.05642
645,0,1,0.49946,0.62533,0.28212,0.04883
645,1,1,0.20703,0.66059,0.22027,0.04991
645,2,1,0.34104,0.50488,0.22352,0.03798
645,3,1,0.7615,0.52116,0.2615,0.11176
645,4,1,0.95247,0.46148,0.09006,0.02279
645,5,0,0.95429,0.50881,0.08934,0.05668
645,6,2,0.9503,0.34484,0.07053,0.02604
645,7,3,0.67307,0.31554,0.14323,0.02387
646,0,1,0.42296,0.67958,0.17036,0.02713
647,0,1,0.81141,0.61122,0.37218,0.03798
647,1,0,0.71213,0.7143,0.1237,0.15299
647,2,0,0.84879,0.88945,0.14962,0.21901
647,3,0,0.602,0.56782,0.09657,0.12912
647,4,2,0.54178,0.46365,0.04123,0.04232
647,5,2,0.68121,0.47233,0.05317,0.02279
648,0,0,0.49891,0.61393,0.13129,0.18663
648,1,1,0.67307,0.74523,0.19097,0.09332
648,2,0,0.86289,0.88837,0.17998,0.22118
648,3,0,0.33615,0.83095,0.29405,0.23003
648,4,0,0.63129,0.56022,0.0944,0.0727
648,5,0,0.74468,0.62533,0.13021,0.08138
648,6,0,0.86513,0.70074,0.10417,0.08247
648,7,0,0.95681,0.76421,0.08138,0.06402
648,8,2,0.5179,0.48589,0.0434,0.02604
648,9,2,0.36165,0.60091,0.09766,0.10851
648,10,2,0.41265,0.51194,0.03038,0.05642
648,11,1,0.55751,0.63346,0.15951,0.01519
649,0,0,0.62533,0.50922,0.09983,0.10308
649,1,0,0.75987,0.65734,0.08681,0.07378
649,2,0,0.91956,0.86797,0.15879,0.18039
649,3,1,0.83203,0.92969,0.25716,0.03906
649,4,1,0.98448,0.90744,0.02821,0.01628
649,5,1,0.20757,0.93945,0.27995,0.01953
649,6,2,0.30306,0.64811,0.26476,0.05317
649,7,0,0.69043,0.58898,0.02604,0.02387
651,0,0,0.7105,0.62533,0.07487,0.0727
651,1,0,0.79894,0.70345,0.09983,0.09657
651,2,0,0.92173,0.81651,0.15445,0.14257
651,3,2,0.86079,0.65028,0.0434,0.03798
651,4,2,0.94271,0.64974,0.04883,0.0434
652,0,1,0.80997,0.5227,0.37797,0.03456
652,1,1,0.45768,0.76367,0.2398,0.09332
652,2,1,0.16401,0.83529,0.32802,0.09766
652,3,3,0.08605,0.94162,0.05642,0.0217
652,4,0,0.62044,0.70237,0.08138,0.12261
652,5,0,0.56402,0.58247,0.05751,0.10634
652,6,2,0.44141,0.55425,0.17036,0.04557
652,7,2,0.2602,0.59494,0.12044,0.04883
652,8,2,0.27051,0.48861,0.04991,0.08572
652,9,0,0.48806,0.46582,0.08789,0.11393
652,10,1,0.71593,0.37413,0.34397,0.04991
652,11,1,0.82281,0.41211,0.13238,0.02604
652,12,1,0.58247,0.43815,0.15951,0.03038
653,0,3,0.63238,0.48861,0.0727,0.02713
653,1,3,0.4566,0.52224,0.03147,0.01845
653,2,0,0.736,0.54286,0.12587,0.0944
653,3,0,0.87977,0.64431,0.15734,0.11719
653,4,0,0.9749,0.71664,0.04811,0.04916
653,5,0,0.60471,0.45009,0.0651,0.04991
653,6,2,0.5255,0.39746,0.04774,0.03364
654,0,2,0.39041,0.46528,0.13563,0.11502
654,1,2,0.27159,0.42513,0.08247,0.04123
654,2,2,0.34592,0.34321,0.08138,0.03581
654,3,2,0.12131,0.86892,0.17687,0.1237
655,0,2,0.54991,0.60362,0.14214,0.08572
655,1,2,0.74631,0.70291,0.12478,0.09115
655,2,2,0.93511,0.77452,0.11176,0.13889
657,0,1,0.92806,0.84017,0.11719,0.01845
657,1,3,0.48915,0.57758,0.02496,0.01194
657,2,0,0.68717,0.70399,0.14323,0.11719
657,3,0,0.89461,0.85942,0.2087,0.16329
658,0,1,0.77018,0.75933,0.45681,0.05642
658,1,0,0.73872,0.83583,0.09874,0.08789
658,2,0,0.85474,0.93394,0.12896,0.13003
658,3,1,0.75933,0.71918,0.1378,0.0217
658,4,0,0.59223,0.66819,0.12912,0.1237
658,5,1,0.49512,0.75065,0.05425,0.01519
659,0,0,0.52496,0.54937,0.1161,0.12912
659,1,0,0.65571,0.70616,0.1671,0.18229
659,2,0,0.81622,0.89976,0.1778,0.19839
659,3,1,0.93837,0.90527,0.11827,0.05317
660,0,3,0.17068,0.67036,0.34071,0.23438
660,1,3,0.88159,0.47923,0.23474,0.09952
660,2,3,0.22711,0.90473,0.21267,0.17361
660,3,2,0.45443,0.89171,0.90169,0.20616
660,4,2,0.23036,0.46745,0.09766,0.16493
660,5,2,0.13379,0.50597,0.09332,0.09006
660,6,2,0.68446,0.46853,0.14865,0.09766
660,7,2,0.69857,0.39638,0.10525,0.04015
661,0,3,0.31825,0.5944,0.11502,0.15191
661,1,3,0.1658,0.66276,0.08572,0.0434
661,2,3,0.34755,0.44737,0.02604,0.01411
661,3,3,0.35894,0.43001,0.07053,0.01194
661,4,2,0.28461,0.47342,0.09115,0.06836
661,5,2,0.36057,0.4821,0.05208,0.06402
661,6,2,0.42079,0.42784,0.04232,0.03798
661,7,2,0.35297,0.41591,0.07161,0.03364
661,8,2,0.13921,0.8814,0.27344,0.22895
662,0,0,0.56402,0.6492,0.13346,0.16819
662,1,0,0.46853,0.78103,0.06619,0.08681
662,2,0,0.33778,0.93674,0.13455,0.12044
662,3,0,0.91992,0.43544,0.15299,0.07704
662,4,2,0.4094,0.66981,0.2322,0.12044
662,5,2,0.30143,0.59549,0.10525,0.07378
662,6,2,0.20323,0.64974,0.11068,0.08464
662,7,2,0.08876,0.70399,0.16819,0.10417
662,8,2,0.13759,0.96061,0.27018,0.06619
663,0,0,0.70454,0.71918,0.10634,0.15625
663,1,0,0.82118,0.89768,0.13563,0.18772
663,2,0,0.59115,0.54178,0.0727,0.10742
663,3,1,0.66547,0.56022,0.07595,0.01845
664,0,2,0.65788,0.53581,0.23438,0.16493
664,1,2,0.49132,0.56999,0.0944,0.09874
664,2,2,0.7181,0.80111,0.55664,0.35916
664,3,2,0.38336,0.81955,0.11068,0.35265
664,4,2,0.28244,0.83637,0.08464,0.22352
664,5,2,0.19727,0.85211,0.08355,0.10525
665,0,1,0.78158,0.59549,0.19531,0.02387
665,1,0,0.92101,0.81413,0.15299,0.13997
665,2,0,0.76747,0.67958,0.15842,0.12695
665,3,0,0.62967,0.57107,0.11719,0.09223
666,0,1,0.41536,0.62804,0.46115,0.02604
666,1,1,0.84125,0.65896,0.11719,0.02279
666,2,0,0.90003,0.87762,0.19785,0.21487
666,3,0,0.72786,0.70616,0.15299,0.13889
666,4,0,0.60471,0.58843,0.09983,0.0944
666,5,2,0.53798,0.50868,0.05534,0.04774
666,6,1,0.3329,0.98014,0.65647,0.03364
668,0,1,0.51302,0.69368,0.46549,0.02496
668,1,0,0.94452,0.84742,0.10888,0.10674
668,2,0,0.8163,0.75119,0.15191,0.10742
668,3,0,0.65842,0.64431,0.10959,0.07161
668,4,0,0.55914,0.5765,0.10634,0.06836
669,0,2,0.10232,0.92426,0.1888,0.14323
670,0,2,0.6671,0.22059,0.22461,0.1161
670,1,2,0.88249,0.25694,0.19531,0.07812
670,2,2,0.38987,0.20974,0.08681,0.05968
670,3,2,0.59169,0.44249,0.77691,0.16927
670,4,2,0.92987,0.64874,0.13817,0.23671
670,5,2,0.19021,0.63238,0.22135,0.20182
670,6,2,0.06597,0.89062,0.12912,0.21484
670,7,2,0.53364,0.30035,0.46332,0.11068
671,0,2,0.27702,0.4924,0.19097,0.06944
671,1,2,0.16309,0.60417,0.30816,0.13455
671,2,2,0.15332,0.76096,0.26259,0.1747
671,3,1,0.46908,0.61339,0.23438,0.04232
671,4,1,0.95519,0.7577,0.08464,0.0293
671,5,1,0.58626,0.80273,0.60113,0.0803
671,6,2,0.84451,0.5255,0.19748,0.07704
671,7,0,0.80707,0.44629,0.13129,0.05751
671,8,0,0.95247,0.50054,0.08789,0.05534
671,9,0,0.66168,0.39312,0.0727,0.03364
672,0,1,0.6926,0.71213,0.35156,0.051
672,1,1,0.25911,0.75228,0.51541,0.05968
672,2,0,0.93023,0.72461,0.13455,0.1454
672,3,0,0.76638,0.57921,0.13455,0.1237
673,0,3,0.07666,0.91321,0.15332,0.1233
674,0,2,0.60525,0.47287,0.22244,0.14323
674,1,2,0.65625,0.64757,0.26367,0.20616
674,2,2,0.71159,0.79677,0.27886,0.09657
676,0,2,0.89008,0.64865,0.21484,0.15191
676,1,2,0.68826,0.76964,0.18446,0.20508
676,2,2,0.94506,0.8123,0.10779,0.15368
676,3,2,0.3253,0.88086,0.0944,0.10634
679,0,0,0.4924,0.63346,0.08138,0.25608
679,1,1,0.60145,0.50217,0.07378,0.03038
679,2,1,0.69911,0.48155,0.06293,0.01519
680,0,2,0.5,0.65408,0.27235,0.09332
680,1,2,0.09635,0.53038,0.18338,0.13021
680,2,2,0.10107,0.68254,0.20215,0.15891
680,3,2,0.40668,0.5651,0.1964,0.08681
680,4,2,0.74089,0.67144,0.19206,0.13672
681,0,2,0.21137,0.76096,0.35265,0.19206
681,1,2,0.16092,0.9286,0.32118,0.13455
681,2,2,0.94155,0.88228,0.11378,0.12654
682,0,0,0.82281,0.78158,0.24957,0.1964
682,1,0,0.97002,0.89625,0.05788,0.05466
683,0,2,0.93964,0.66878,0.11864,0.13574
683,1,2,0.56619,0.63129,0.18772,0.20616
684,0,2,0.55642,0.57487,0.19206,0.14974
684,1,2,0.67253,0.76476,0.37218,0.23003
685,0,2,0.32368,0.51411,0.09332,0.04774
685,1,3,0.5689,0.45768,0.03906,0.0217
685,2,3,0.63726,0.46745,0.04123,0.01519
685,3,3,0.60905,0.49783,0.06293,0.01085
685,4,3,0.54557,0.47342,0.02713,0.01194
685,5,2,0.53038,0.47504,0.05751,0.04774
685,6,2,0.80762,0.60091,0.16059,0.05642
685,7,2,0.90202,0.71593,0.19314,0.14106
686,0,1,0.85645,0.53147,0.28429,0.03472
686,1,1,0.52875,0.56456,0.32986,0.04449
686,2,1,0.18045,0.5982,0.35807,0.04666
686,3,0,0.6709,0.51139,0.07595,0.08138
686,4,0,0.76259,0.6161,0.10308,0.12804
686,5,0,0.86079,0.73058,0.09983,0.10959
686,6,0,0.95736,0.83746,0.06076,0.0651
686,7,0,0.57921,0.40017,0.03147,0.03255
689,0,3,0.45822,0.62207,0.15408,0.06402
689,1,3,0.34212,0.6416,0.05208,0.0293
689,2,2,0.57867,0.70833,0.13672,0.08898
689,3,3,0.45931,0.70291,0.0217,0.01736
689,4,2,0.62804,0.60796,0.15951,0.10742
689,5,2,0.40343,0.54883,0.26367,0.11068
689,6,2,0.34592,0.46691,0.15951,0.051
689,7,2,0.57758,0.82606,0.31033,0.13346
690,0,3,0.96405,0.65341,0.06981,0.0247
690,1,0,0.89352,0.72821,0.21087,0.15259
690,2,0,0.67741,0.57812,0.12587,0.09983
691,0,3,0.37196,0.31283,0.05968,0.01628
691,1,3,0.40723,0.33127,0.04774,0.01845
691,2,3,0.29655,0.39692,0.03038,0.01085
691,3,3,0.01443,0.4707,0.02604,0.01953
692,0,2,0.93584,0.72403,0.12624,0.1833
692,1,2,0.74143,0.52387,0.07812,0.06293
692,2,0,0.75336,0.46419,0.0217,0.04774
692,3,2,0.83257,0.53852,0.06944,0.05534
692,4,2,0.87109,0.89659,0.23763,0.08355
692,5,2,0.91775,0.96766,0.15951,0.05859
692,6,2,0.67904,0.65137,0.07921,0.1161
692,7,2,0.5803,0.82172,0.24197,0.22027
692,8,2,0.41536,0.88249,0.08789,0.14214
692,9,2,0.46962,0.96984,0.11827,0.04557
694,0,1,0.3801,0.78049,0.75738,0.04232
694,1,0,0.81955,0.82335,0.10417,0.11502
694,2,0,0.9248,0.93511,0.102,0.12587
694,3,0,0.69531,0.70454,0.12695,0.10525
694,4,0,0.60634,0.60742,0.06402,0.08681
695,0,1,0.63997,0.78375,0.70855,0.03147
695,1,1,0.20757,0.77018,0.08464,0.01953
695,2,1,0.29763,0.64106,0.06944,0.02604
695,3,3,0.20866,0.62912,0.0217,0.01736
695,4,3,0.15386,0.67687,0.02496,0.0217
695,5,1,0.77127,0.63455,0.06619,0.01953
695,6,1,0.50434,0.64323,0.13346,0.01953
695,7,0,0.92752,0.6926,0.1378,0.14214
695,8,0,0.8163,0.57758,0.09766,0.09223
695,9,0,0.73817,0.5038,0.0651,0.05317
695,10,1,0.55263,0.40397,0.01953,0.00977
696,0,3,0.45931,0.50054,0.04557,0.01628
696,1,3,0.33019,0.48155,0.21484,0.07378
696,2,2,0.33181,0.41645,0.17687,0.04123
697,0,2,0.16037,0.38878,0.25065,0.14214
697,1,2,0.47559,0.30849,0.34505,0.02496
698,0,3,0.74468,0.54666,0.0434,0.02387
698,1,3,0.69368,0.86024,0.06944,0.05859
698,2,2,0.89117,0.7474,0.21267,0.49696
698,3,2,0.60417,0.77941,0.27886,0.3635
698,4,2,0.72027,0.54069,0.08355,0.11393
699,0,1,0.51519,0.59223,0.26367,0.06076
699,1,1,0.19293,0.63943,0.29839,0.05751
699,2,0,0.75553,0.48372,0.12153,0.10851
699,3,0,0.93349,0.62153,0.13021,0.12153
700,0,1,0.54503,0.64323,0.31901,0.09766
700,1,0,0.81684,0.6888,0.19857,0.17144
700,2,1,0.75228,0.81196,0.25174,0.051
700,3,1,0.95519,0.75228,0.07595,0.03147
700,4,1,0.54286,0.52279,0.08681,0.02821
700,5,1,0.81738,0.47884,0.35373,0.06185
700,6,1,0.63997,0.41536,0.08572,0.02387
700,7,1,0.79405,0.40614,0.09657,0.02279
700,8,2,0.63021,0.57324,0.0727,0.04015
700,9,2,0.45985,0.43598,0.20725,0.0803
700,10,1,0.31608,0.44683,0.07812,0.03038
700,11,0,0.37359,0.64865,0.03038,0.34288
700,12,0,0.3839,0.86567,0.02713,0.04557
700,13,0,0.37576,0.35135,0.00868,0.09549
701,0,1,0.84831,0.61827,0.30056,0.0217
701,1,0,0.85609,0.73507,0.28574,0.2119
701,2,0,0.62207,0.56836,0.18229,0.1454
703,0,1,0.10341,0.5,0.20399,0.05208
704,0,1,0.35894,0.63943,0.09006,0.02713
704,1,1,0.63563,0.82335,0.3049,0.03472
704,2,1,0.27322,0.83474,0.28537,0.02496
704,3,0,0.90853,0.83908,0.17795,0.15951
704,4,0,0.74306,0.69206,0.15516,0.13889
704,5,0,0.59657,0.56185,0.13563,0.12587
704,6,1,0.82227,0.60634,0.34614,0.01085
704,7,0,0.46528,0.45497,0.06402,0.05751
705,0,2,0.15007,0.63997,0.2691,0.28429
705,1,2,0.84342,0.83095,0.17361,0.11936
705,2,2,0.63184,0.6633,0.20182,0.2615
705,3,2,0.57867,0.40289,0.07595,0.07921
706,0,1,0.1403,0.66113,0.27561,0.1378
706,1,1,0.38553,0.70671,0.19965,0.0944
706,2,1,0.13905,0.80562,0.2781,0.10995
706,3,1,0.84017,0.89768,0.22786,0.20074
706,4,1,0.43218,0.51573,0.42535,0.15082
706,5,2,0.74631,0.42187,0.07704,0.02821
706,6,2,0.91775,0.44737,0.16168,0.06619
706,7,0,0.77832,0.59223,0.34071,0.23003
707,0,2,0.32802,0.80111,0.41884,0.37652
707,1,2,0.79677,0.83691,0.28646,0.24848
709,0,1,0.75445,0.74685,0.19097,0.02496
709,1,1,0.43056,0.73763,0.19423,0.01953
709,2,1,0.93421,0.74192,0.12949,0.01727
709,3,0,0.94922,0.78863,0.09874,0.06944
709,4,3,0.71756,0.62587,0.03906,0.01302
709,5,0,0.69151,0.63455,0.08464,0.06076
710,0,1,0.22168,0.61882,0.44271,0.03798
710,1,1,0.69694,0.61936,0.21701,0.02387
710,2,3,0.63184,0.48589,0.03906,0.01302
710,3,0,0.67036,0.81901,0.16168,0.3559
710,4,0,0.54449,0.51031,0.0944,0.24631
710,5,2,0.33127,0.45497,0.1454,0.02713
711,0,2,0.5472,0.45009,0.09983,0.08464
711,1,0,0.70074,0.57541,0.14648,0.13346
711,2,0,0.89244,0.72939,0.21304,0.18535
712,0,3,0.15224,0.59603,0.08681,0.11393
713,0,2,0.56727,0.4821,0.34397,0.10742
713,1,2,0.19618,0.68555,0.38954,0.30165
713,2,2,0.69043,0.64974,0.2322,0.18012
714,0,3,0.94542,0.77235,0.10634,0.0803
714,1,0,0.81955,0.67415,0.1454,0.13346
714,2,0,0.72569,0.59115,0.04666,0.03906
714,3,2,0.53472,0.63889,0.21376,0.10851
714,4,2,0.94434,0.54286,0.08681,0.0293
715,0,1,0.24718,0.57378,0.17687,0.05642
715,1,1,0.88755,0.50972,0.22281,0.02812
715,2,0,0.7946,0.53961,0.14974,0.11393
716,0,3,0.16471,0.82552,0.06185,0.03689
716,1,3,0.48155,0.77018,0.05968,0.02821
716,2,0,0.33072,0.92472,0.25715,0.14848
716,3,0,0.07086,0.76638,0.13889,0.09657
717,0,2,0.49295,0.82769,0.50347,0.33854
717,1,2,0.93204,0.82776,0.13383,0.23233
719,0,2,0.81431,0.73524,0.36929,0.13282
719,1,2,0.88628,0.86621,0.22244,0.12695
719,2,2,0.20432,0.72841,0.40365,0.11827
719,3,2,0.11046,0.87869,0.21593,0.18446
719,4,2,0.50127,0.57404,0.99538,0.17744
719,5,2,0.55914,0.40451,0.2691,0.16059
719,6,2,0.77127,0.42839,0.15082,0.11502
721,0,1,0.59874,0.39475,0.09006,0.01736
722,0,0,0.70237,0.5765,0.12587,0.0944
722,1,0,0.89225,0.72461,0.21267,0.18446
723,0,3,0.77615,0.62804,0.05859,0.01302
723,1,0,0.61447,0.56944,0.09766,0.10851
723,2,0,0.69911,0.6747,0.09766,0.11719
723,3,0,0.8049,0.79731,0.12478,0.15625
723,4,0,0.91508,0.92906,0.11076,0.1398
724,0,3,0.17502,0.84668,0.03472,0.02496
724,1,3,0.74685,0.95247,0.02604,0.03906
724,2,3,0.83149,0.94922,0.01736,0.01736
724,3,3,0.87977,0.96821,0.01628,0.01411
724,4,3,0.05241,0.81847,0.02604,0.02279
724,5,3,0.00776,0.84166,0.01552,0.03879
726,0,2,0.10699,0.82517,0.21117,0.34653
726,1,2,0.41157,0.74523,0.39497,0.1888
726,2,2,0.76204,0.90039,0.24306,0.19531
727,0,2,0.86567,0.73275,0.26584,0.5306
727,1,2,0.64214,0.64214,0.1747,0.20399
727,2,2,0.50651,0.66547,0.09874,0.15951
727,3,2,0.64323,0.46799,0.18121,0.05968
728,0,2,0.93349,0.65896,0.1237,0.08789
728,1,2,0.86458,0.8163,0.26584,0.22895
728,2,2,0.73593,0.96388,0.52502,0.06617
728,3,2,0.58355,0.81413,0.29622,0.23112
728,4,2,0.51085,0.59169,0.2181,0.20508
729,0,3,0.25369,0.49946,0.04883,0.07921
729,1,3,0.19238,0.61664,0.0651,0.06619
729,2,3,0.05404,0.84397,0.04883,0.08898
729,3,3,0.09364,0.78754,0.03689,0.03689
730,0,3,0.49783,0.61447,0.0293,0.04666
730,1,3,0.3622,0.40885,0.03364,0.01519
731,0,0,0.45009,0.78809,0.15734,0.1161
731,1,0,0.63346,0.91721,0.22244,0.16168
732,0,2,0.39149,0.31662,0.1161,0.08681
732,1,2,0.55805,0.40234,0.12587,0.13238
732,2,2,0.62478,0.56022,0.16602,0.18555
732,3,2,0.75119,0.71159,0.30382,0.11719
732,4,2,0.84017,0.80545,0.23003,0.06836
733,0,0,0.48047,0.75553,0.10959,0.16819
734,0,2,0.26454,0.71267,0.15082,0.15842
734,1,2,0.93041,0.71778,0.13709,0.12306
734,2,2,0.07411,0.66493,0.0803,0.07378
734,3,2,0.06217,0.77724,0.08898,0.09223
735,0,1,0.10558,0.61936,0.2105,0.04557
735,1,1,0.64323,0.4056,0.68685,0.08681
735,2,1,0.60905,0.58084,0.77691,0.08138
735,3,1,0.58572,0.31934,0.45464,0.04015
736,0,0,0.67307,0.54449,0.14106,0.09766
736,1,0,0.81576,0.63292,0.14865,0.10959
736,2,0,0.94379,0.7181,0.10742,0.09115
737,0,3,0.838,0.70399,0.19965,0.1671
737,1,2,0.94379,0.47559,0.10525,0.13346
737,2,2,0.96867,0.71324,0.05953,0.24635
739,0,3,0.4273,0.44086,0.1747,0.03581
739,1,3,0.60417,0.47993,0.08138,0.0293
739,2,3,0.3801,0.48047,0.02821,0.01736
739,3,3,0.32639,0.52387,0.04232,0.03255
739,4,3,0.1913,0.53852,0.11936,0.0944
739,5,3,0.27539,0.56999,0.04015,0.02062
739,6,3,0.19672,0.63672,0.08464,0.03255
739,7,3,0.19076,0.80762,0.08355,0.06619
739,8,3,0.14464,0.74523,0.04774,0.03906
739,9,3,0.23958,0.69748,0.051,0.03038
739,10,3,0.1365,0.69043,0.04015,0.02496
739,11,3,0.45931,0.38227,0.09983,0.02496
739,12,3,0.71213,0.55914,0.08898,0.03364
739,13,2,0.74197,0.76476,0.5089,0.46007
739,14,2,0.30306,0.81521,0.36675,0.36567
739,15,2,0.06,0.89605,0.11502,0.20399
739,16,2,0.32313,0.52984,0.32661,0.1964
739,17,2,0.56727,0.39475,0.11176,0.10634
742,0,0,0.51248,0.59711,0.56207,0.13997
743,0,1,0.63238,0.64431,0.38303,0.04123
743,1,1,0.87326,0.62099,0.21593,0.03147
743,2,1,0.94813,0.66113,0.09874,0.02279
743,3,0,0.80599,0.64323,0.11827,0.09332
743,4,0,0.92879,0.74569,0.14034,0.12463
745,0,2,0.79405,0.89931,0.40256,0.1888
745,1,2,0.06326,0.8418,0.11719,0.06944
745,2,2,0.15278,0.82444,0.05751,0.03472
745,3,2,0.49875,0.70374,0.9975,0.19799
745,4,2,0.46799,0.50488,0.63802,0.20508
745,5,2,0.83366,0.54666,0.09332,0.12153
745,6,2,0.49349,0.33398,0.37652,0.13238
746,0,3,0.37305,0.55263,0.11393,0.16168
746,1,3,0.64431,0.62316,0.11176,0.07704
746,2,0,0.24121,0.80924,0.15842,0.29297
746,3,2,0.82408,0.6721,0.34976,0.42233
746,4,2,0.6709,0.4707,0.29514,0.17795
746,5,2,0.97278,0.92852,0.05162,0.14089
746,6,2,0.47559,0.48589,0.09115,0.10634
747,0,3,0.36925,0.61393,0.07161,0.05208
747,1,2,0.52821,0.90093,0.35699,0.18338
747,2,2,0.58626,0.61773,0.20182,0.13997
747,3,2,0.50217,0.74577,0.24848,0.12261
747,4,2,0.44466,0.51031,0.04883,0.04449
747,5,2,0.39909,0.56402,0.06836,0.04991
747,6,2,0.29546,0.69694,0.17144,0.11393
747,7,2,0.83203,0.53472,0.09223,0.06727
747,8,2,0.96115,0.57595,0.07487,0.06293
747,9,2,0.12386,0.8288,0.24772,0.13894
747,10,2,0.1072,0.68283,0.20508,0.15082
747,11,2,0.27485,0.60417,0.11936,0.07378
747,12,2,0.59603,0.47884,0.10417,0.05968
748,0,0,0.63401,0.65788,0.14106,0.13997
748,1,0,0.77778,0.79297,0.15734,0.15842
748,2,0,0.92426,0.92643,0.14431,0.14106
749,0,2,0.86947,0.89659,0.25608,0.20291
749,1,2,0.40072,0.70182,0.03689,0.09983
749,2,2,0.88954,0.74957,0.04232,0.05642
749,3,2,0.5944,0.71213,0.10308,0.05317
750,0,1,0.8418,0.63997,0.31141,0.02821
750,1,1,0.68283,0.71376,0.12804,0.01519
750,2,1,0.28407,0.72352,0.17687,0.0434
750,3,0,0.61285,0.5548,0.13563,0.14431
750,4,0,0.77289,0.72244,0.14106,0.14757
750,5,0,0.91992,0.87706,0.15734,0.18121
752,0,2,0.8087,0.5765,0.3776,0.10959
752,1,3,0.45551,0.66764,0.03798,0.07487
752,2,2,0.45009,0.44412,0.1747,0.05317
752,3,2,0.07682,0.45931,0.05534,0.0727
752,4,2,0.02311,0.43652,0.03906,0.05534
753,0,2,0.4349,0.5217,0.13997,0.1237
753,1,2,0.95844,0.71756,0.07812,0.1964
753,2,2,0.90636,0.8418,0.06944,0.12587
753,3,2,0.83637,0.82064,0.04232,0.051
754,0,2,0.91287,0.6237,0.17144,0.55339
754,1,2,0.71322,0.55208,0.22786,0.40582
754,2,2,0.44846,0.44303,0.30599,0.18989
754,3,2,0.58572,0.56076,0.03364,0.0434
754,4,2,0.67198,0.29275,0.16927,0.11285
754,5,2,0.80111,0.3112,0.08681,0.07161
754,6,2,0.88303,0.3253,0.07487,0.04123
754,7,2,0.37305,0.32476,0.07053,0.04666
754,8,2,0.11643,0.74794,0.22135,0.10525
754,9,2,0.26725,0.46745,0.05859,0.14757
756,0,3,0.46419,0.23687,0.04883,0.03147
756,1,2,0.87977,0.32368,0.11176,0.07921
756,2,2,0.54232,0.36057,0.28537,0.06836
756,3,2,0.47938,0.30306,0.12044,0.04666
756,4,2,0.62099,0.45443,0.66406,0.11719
756,5,2,0.80816,0.63129,0.37869,0.23655
756,6,2,0.91016,0.81141,0.17687,0.11285
756,7,2,0.7908,0.85536,0.06185,0.10308
756,8,2,0.97635,0.47342,0.04449,0.07487
757,0,3,0.98304,0.55269,0.03184,0.03377
759,0,2,0.43273,0.73438,0.32661,0.14106
759,1,2,0.45388,0.59223,0.17795,0.1454
759,2,2,0.11426,0.7653,0.22135,0.18555
759,3,2,0.13433,0.87869,0.09006,0.03689
759,4,2,0.69314,0.75119,0.17036,0.21159
760,0,2,0.40343,0.32042,0.06402,0.06836
760,1,2,0.35135,0.35948,0.03798,0.06619
760,2,2,0.30523,0.42947,0.10634,0.07378
760,3,2,0.52821,0.28733,0.06402,0.06076
760,4,2,0.71701,0.62912,0.3049,0.26693
760,5,2,0.81793,0.80762,0.13346,0.08572
760,6,2,0.62424,0.43273,0.1237,0.12153
762,0,2,0.73763,0.58681,0.34831,0.15842
762,1,2,0.95537,0.6092,0.08717,0.03827
762,2,2,0.7398,0.77724,0.51758,0.22027
763,0,1,0.78483,0.33887,0.42752,0.02279
763,1,3,0.96875,0.40289,0.04666,0.01845
763,2,2,0.81576,0.55046,0.10525,0.10742
763,3,2,0.92372,0.50543,0.07812,0.07161
763,4,2,0.67687,0.56022,0.15734,0.10308
763,5,1,0.78266,0.23362,0.08247,0.00977
764,0,2,0.10015,0.6123,0.19097,0.27669
765,0,1,0.52007,0.46691,0.44705,0.08572
765,1,1,0.51302,0.40017,0.06619,0.01736
765,2,1,0.38444,0.4094,0.07378,0.02279
765,3,2,0.45063,0.33724,0.14106,0.06727
766,0,2,0.72949,0.54286,0.23655,0.22678
766,1,2,0.10992,0.50543,0.21484,0.1888
766,2,2,0.82986,0.33778,0.03364,0.02496
767,0,1,0.84614,0.62858,0.29839,0.01845
767,1,1,0.72624,0.92318,0.33854,0.06076
767,2,0,0.63184,0.60851,0.07595,0.06076
767,3,0,0.72298,0.68338,0.09549,0.10417
767,4,0,0.82769,0.77452,0.10525,0.11936
767,5,0,0.94108,0.88791,0.11502,0.12912
768,0,3,0.14898,0.68392,0.29514,0.21376
768,1,3,0.64323,0.47125,0.1161,0.06402
768,2,2,0.14898,0.50271,0.29731,0.15082
769,0,1,0.8664,0.72198,0.26513,0.06168
769,1,1,0.79405,0.53961,0.14431,0.05751
769,2,1,0.54991,0.38444,0.16168,0.0293
769,3,2,0.47342,0.47776,0.09549,0.11393
769,4,2,0.62424,0.41591,0.2105,0.03581
769,5,2,0.77778,0.3725,0.06619,0.02062
769,6,2,0.88032,0.41157,0.16493,0.0293
769,7,2,0.64974,0.53635,0.08355,0.06185
769,8,2,0.36382,0.34918,0.08247,0.04557
769,9,2,0.36328,0.44846,0.0727,0.0293
769,10,2,0.75716,0.63726,0.33312,0.10525
769,11,2,0.51628,0.57487,0.13129,0.06293
769,12,2,0.92806,0.5217,0.13455,0.10851
769,13,0,0.46908,0.65625,0.02821,0.102
770,0,1,0.35243,0.49186,0.57834,0.09006
770,1,0,0.25315,0.56999,0.04774,0.13563
770,2,1,0.6671,0.58464,0.12478,0.03689
770,3,1,0.33941,0.61013,0.49588,0.04883
771,0,1,0.84559,0.6454,0.13238,0.02604
771,1,0,0.9098,0.72056,0.17832,0.12428
771,2,0,0.73438,0.59494,0.10091,0.07704
772,0,2,0.90248,0.50814,0.19191,0.18338
772,1,2,0.59332,0.51953,0.09006,0.07378
773,0,1,0.54612,0.37576,0.11719,0.02496
773,1,3,0.45877,0.36979,0.05751,0.03255
773,2,0,0.20757,0.41048,0.102,0.13346
773,3,0,0.2678,0.31337,0.05968,0.05859
774,0,1,0.59332,0.38878,0.16168,0.03147
774,1,1,0.43598,0.41211,0.10742,0.02604
774,2,1,0.27702,0.43924,0.16927,0.03255
774,3,1,0.29872,0.50814,0.16493,0.03798
774,4,1,0.69531,0.44954,0.25282,0.04449
774,5,1,0.9107,0.42676,0.17361,0.02713
774,6,0,0.8776,0.44954,0.2398,0.12261
775,0,2,0.61068,0.75879,0.49588,0.16385
775,1,2,0.41211,0.61122,0.10959,0.08355
776,0,2,0.95139,0.94,0.09223,0.11393
777,0,3,0.90256,0.54449,0.06836,0.03689
778,0,3,0.43598,0.42296,0.05534,0.01519
778,1,3,0.38064,0.46745,0.10091,0.02604
778,2,3,0.30686,0.57053,0.04666,0.01736
778,3,2,0.20757,0.787,0.11936,0.12912
779,0,1,0.46528,0.80707,0.57183,0.05208
779,1,0,0.67536,0.89542,0.13913,0.20707
779,2,2,0.34972,0.54612,0.17578,0.12261
779,3,0,0.88701,0.78624,0.22389,0.13628
780,0,2,0.57758,0.62153,0.84201,0.26042
780,1,2,0.8418,0.87381,0.31359,0.24414
780,2,2,0.62153,0.81467,0.12478,0.12804
780,3,2,0.08605,0.67741,0.14106,0.1378
780,4,2,0.07465,0.82823,0.13997,0.15082
780,5,2,0.55805,0.4528,0.69878,0.08138
780,6,2,0.53635,0.36437,0.41667,0.09115
780,7,2,0.46148,0.30252,0.06293,0.03038
780,8,2,0.59657,0.29818,0.09223,0.04123
783,0,1,0.36816,0.86513,0.26042,0.04883
783,1,1,0.7908,0.84342,0.38737,0.03364
783,2,0,0.66927,0.56727,0.08138,0.04774
783,3,0,0.78592,0.62967,0.09332,0.05968
783,4,0,0.92499,0.71622,0.14794,0.10258
784,0,0,0.88972,0.74973,0.21847,0.16092
784,1,0,0.68989,0.60851,0.18121,0.1237
784,2,0,0.55208,0.51628,0.0944,0.06293
784,3,0,0.48481,0.46853,0.04232,0.03689
785,0,1,0.44195,0.60905,0.46658,0.05751
785,1,3,0.77778,0.58843,0.13563,0.03798
785,2,3,0.89605,0.54829,0.10091,0.06402
785,3,3,0.97363,0.60308,0.04991,0.04991
785,4,0,0.80002,0.47342,0.11285,0.0727
786,0,2,0.55534,0.34538,0.1747,0.11393
786,1,2,0.27648,0.39638,0.33746,0.24848
786,2,2,0.05566,0.44629,0.10634,0.18772
786,3,2,0.24338,0.25152,0.14323,0.03472
786,4,2,0.59169,0.26508,0.03472,0.05317
786,5,2,0.73112,0.69043,0.35265,0.39605
786,6,2,0.0734,0.68876,0.14681,0.22561
787,0,1,0.29926,0.28624,0.26367,0.03906
787,1,0,0.65191,0.30414,0.17904,0.18989
787,2,0,0.86802,0.54952,0.26187,0.33776
789,0,1,0.34918,0.67524,0.14648,0.01411
789,1,0,0.81304,0.78863,0.36241,0.2474
790,0,3,0.53255,0.52658,0.10091,0.04883
790,1,3,0.71593,0.65896,0.10959,0.04666
790,2,3,0.83474,0.70454,0.09983,0.03581
790,3,3,0.90799,0.78212,0.16602,0.09115
790,4,3,0.38661,0.66602,0.04123,0.02821
790,5,3,0.41048,0.49295,0.04123,0.02279
790,6,3,0.94398,0.64677,0.10996,0.0787
790,7,3,0.97924,0.58821,0.03943,0.02451
791,0,3,0.63889,0.77127,0.06836,0.03906
791,1,2,0.15386,0.77995,0.30273,0.26042
791,2,2,0.32693,0.5765,0.18229,0.14431
791,3,2,0.41157,0.48101,0.05425,0.04449
791,4,2,0.77615,0.90093,0.38411,0.18121
792,0,0,0.86802,0.73713,0.26187,0.28111
794,0,1,0.69206,0.76042,0.09006,0.0217
794,1,1,0.30849,0.75553,0.09983,0.02279
794,2,0,0.71701,0.63075,0.12044,0.08789
794,3,0,0.88755,0.74659,0.22281,0.16332
795,0,1,0.2953,0.76425,0.5906,0.09664
795,1,0,0.60091,0.62695,0.16168,0.17795
795,2,0,0.69368,0.7908,0.13021,0.15191
795,3,0,0.54069,0.47504,0.07595,0.11936
795,4,0,0.49023,0.37956,0.04015,0.05859
795,5,1,0.47396,0.45605,0.10525,0.04015
795,6,2,0.64974,0.39746,0.23112,0.12044
795,7,2,0.88376,0.58548,0.2304,0.4292
795,8,2,0.72732,0.60796,0.08681,0.15951
796,0,2,0.57324,0.54178,0.12587,0.13346
796,1,0,0.76584,0.7398,0.24414,0.29948
796,2,0,0.48698,0.43924,0.10308,0.07378
796,3,1,0.42133,0.51519,0.22786,0.04123
797,0,3,0.17882,0.58572,0.06619,0.03472
797,1,2,0.6492,0.65408,0.12804,0.11502
797,2,3,0.90148,0.95247,0.13997,0.05208
798,0,2,0.49946,0.50868,0.10851,0.09332
799,0,1,0.45714,0.94325,0.91363,0.07053
799,1,0,0.48155,0.78212,0.10525,0.24957
799,2,1,0.38715,0.60037,0.10742,0.02713
799,3,0,0.76747,0.70888,0.07595,0.12044
799,4,0,0.84722,0.83095,0.0944,0.13889
799,5,0,0.91884,0.94542,0.08138,0.10525
799,6,1,0.82769,0.60471,0.08355,0.01628
800,0,1,0.30957,0.68446,0.59679,0.06076
800,1,1,0.81033,0.63672,0.37652,0.06076
800,2,0,0.6454,0.72678,0.06402,0.13021
800,3,0,0.58952,0.58518,0.06293,0.14214
800,4,0,0.53147,0.43164,0.06402,0.14106
802,0,1,0.84554,0.62377,0.22289,0.09409
802,1,1,0.36083,0.72114,0.71209,0.23736
802,2,0,0.50038,0.67605,0.60186,0.64582
802,3,0,0.62039,0.57599,0.73258,0.41837
803,0,1,0.66127,0.45257,0.12835,0.07812
804,0,0,0.23125,0.51597,0.45833,0.4875
804,1,1,0.54149,0.54718,0.91493,0.05286
805,0,1,0.62937,0.56216,0.73365,0.06272
805,1,4,0.49754,0.85877,0.99507,0.14295
805,2,0,0.75716,0.61681,0.48359,0.43172
806,0,3,0.14035,0.86335,0.27532,0.26905
807,0,3,0.34879,0.36447,0.30018,0.18257
807,1,3,0.24238,0.26254,0.08289,0.06608
807,2,4,0.2556,0.6934,0.5112,0.57384
808,0,0,0.7015,0.62978,0.5806,0.4235
809,0,4,0.50026,0.63536,0.99739,0.72659
810,0,2,0.80583,0.54626,0.38625,0.45796
810,1,2,0.29809,0.54495,0.33105,0.55365
811,0,0,0.91637,0.59984,0.16518,0.1112
812,0,0,0.79473,0.76814,0.40845,0.33477
812,1,1,0.4334,0.67077,0.5123,0.06148
813,0,2,0.63777,0.78506,0.71909,0.41891
813,1,2,0.72457,0.4888,0.15121,0.0504
813,2,0,0.72569,0.53808,0.14449,0.07056
813,3,1,0.57392,0.5448,0.10081,0.04592
814,0,4,0.66689,0.69881,0.23297,0.25986
814,1,2,0.90658,0.59493,0.18475,0.24791
814,2,0,0.44352,0.56338,0.32505,0.56225
815,0,1,0.57258,0.60587,0.57206,0.09904
815,1,1,0.70629,0.32169,0.38092,0.04902
815,2,3,0.76246,0.35692,0.03574,0.03574
815,3,3,0.80076,0.35182,0.03881,0.02349
818,0,1,0.72233,0.83882,0.3237,0.06496
818,1,0,0.75645,0.66067,0.16757,0.09851
818,2,1,0.48358,0.65444,0.26495,0.04982
818,3,1,0.86119,0.64255,0.25928,0.03963
819,0,3,0.91942,0.55596,0.15804,0.12866
820,0,1,0.90797,0.49354,0.18198,0.05316
820,1,0,0.82676,0.49448,0.34439,0.21857
820,2,1,0.66701,0.44667,0.21513,0.03963
821,0,1,0.44993,0.83866,0.89987,0.09825
821,1,0,0.73582,0.70542,0.52628,0.47915
821,2,1,0.76469,0.63405,0.17418,0.04611
822,0,3,0.8545,0.36783,0.10193,0.04592
822,1,1,0.65961,0.52856,0.13777,0.07616
822,2,0,0.7691,0.34161,0.30025,0.08068
822,3,1,0.6416,0.57048,0.37923,0.56478
822,4,2,0.48861,0.60954,0.6722,0.51921
823,0,3,0.86987,0.5173,0.25818,0.11568
823,1,1,0.38473,0.64173,0.75649,0.16393
823,2,0,0.71431,0.34375,0.41837,0.23395
823,3,3,0.6221,0.27715,0.03928,0.0222
823,4,1,0.40693,0.41462,0.64037,0.1571
823,5,1,0.41035,0.29508,0.33299,0.07172
823,6,0,0.33948,0.36851,0.16052,0.10929
823,7,1,0.43852,0.23958,0.16393,0.04611
824,0,1,0.32975,0.62601,0.0672,0.03584
824,1,0,0.7307,0.65146,0.53653,0.40538
824,2,1,0.5531,0.91252,0.89172,0.06977
825,0,1,0.49573,0.7459,0.9819,0.14003
825,1,0,0.19177,0.64344,0.35007,0.66257
825,2,1,0.60604,0.48384,0.78584,0.06989
825,3,1,0.60161,0.41974,0.65061,0.0888
825,4,1,0.39413,0.40779,0.20492,0.05464
826,0,3,0.1371,0.58065,0.10305,0.08177
826,1,3,0.25302,0.46024,0.26098,0.15681
826,2,3,0.84442,0.57224,0.15345,0.08961
826,3,4,0.29559,0.27207,0.38418,0.14561
826,4,2,0.87243,0.78844,0.25306,0.27633
826,5,2,0.10212,0.48548,0.2015,0.28176
827,0,0,0.85813,0.61562,0.28166,0.18308
827,1,4,0.51792,0.63161,0.07616,0.0448
829,0,4,0.49947,0.74864,0.99568,0.50064
830,0,0,0.58681,0.63441,0.12433,0.20049
830,1,1,0.62627,0.82099,0.74537,0.15887
830,2,0,0.81437,0.54599,0.36918,0.26275
831,0,4,0.61705,0.47312,0.05936,0.03248
831,1,0,0.7901,0.63777,0.41667,0.28562
832,0,4,0.30815,0.77447,0.04321,0.0503
832,1,0,0.73667,0.6339,0.52457,0.38391
832,2,1,0.29081,0.72285,0.16906,0.04269
833,0,2,0.67529,0.68761,0.64404,0.60932
835,0,0,0.75017,0.78347,0.47985,0.42691
836,0,3,0.21652,0.56473,0.32143,0.11942
836,1,3,0.36886,0.43638,0.30915,0.12165
836,2,3,0.05859,0.43536,0.11719,0.05487
836,3,4,0.49888,0.64844,0.99107,0.69754
837,0,2,0.27744,0.67561,0.55488,0.49794
838,0,1,0.58128,0.85056,0.83537,0.06049
838,1,1,0.7792,0.68528,0.37056,0.04952
838,2,0,0.79302,0.79912,0.41187,0.31476
840,0,4,0.20788,0.97034,0.18682,0.05435
841,0,2,0.22824,0.68248,0.44978,0.62723
841,1,2,0.76395,0.73605,0.46763,0.52009
842,0,0,0.73566,0.55891,0.51913,0.44911
842,1,1,0.50187,0.72421,0.99418,0.21073
842,2,1,0.50187,0.54382,0.99418,0.17534
842,3,1,0.34119,0.48207,0.56011,0.12124
842,4,1,0.5,0.40266,0.37227,0.08197
844,0,0,0.73582,0.55412,0.52628,0.35413
845,0,0,0.13575,0.60802,0.27151,0.20147
845,1,2,0.5,0.67641,0.99686,0.51971
846,0,2,0.71261,0.65681,0.56585,0.61384
846,1,4,0.39397,0.32868,0.21205,0.08705
846,2,2,0.28683,0.77065,0.28571,0.40402
847,0,2,0.25896,0.66153,0.51792,0.48772
847,1,0,0.58793,0.66241,0.09745,0.27666
847,2,1,0.8265,0.61201,0.33714,0.05712
848,0,4,0.40591,0.77106,0.80197,0.45363
848,1,4,0.34375,0.43056,0.53875,0.22737
849,0,4,0.47266,0.42746,0.14844,0.0904
850,0,4,0.36033,0.72501,0.72065,0.54747
852,0,4,0.49997,0.67247,0.99457,0.65297
853,0,1,0.50187,0.51065,0.99418,0.1358
853,1,0,0.51964,0.51878,0.15881,0.42008
854,0,2,0.17913,0.70919,0.35827,0.52425
855,0,1,0.40199,0.66129,0.24754,0.04368
855,1,0,0.62713,0.76143,0.65043,0.47505
856,0,2,0.8262,0.67866,0.34551,0.39652
856,1,4,0.82439,0.45233,0.09058,0.04869
858,0,3,0.18022,0.62433,0.15345,0.06384
859,0,2,0.16118,0.72177,0.3013,0.30354
859,1,1,0.4552,0.80186,0.43907,0.06272
859,2,2,0.53272,0.80156,0.37623,0.39479
860,0,3,0.64057,0.58457,0.11537,0.08065
860,1,0,0.72899,0.64497,0.53994,0.57683
860,2,2,0.50171,0.74846,0.94945,0.49351
861,0,4,0.50138,0.65267,0.99515,0.65008
862,0,0,0.18078,0.55544,0.34498,0.51747
862,1,3,0.40143,0.40255,0.11649,0.0728
862,2,3,0.51064,0.46472,0.14673,0.04928
863,0,3,0.07381,0.65233,0.0504,0.02128
863,1,3,0.21606,0.5308,0.04144,0.03136
863,2,3,0.28999,0.40983,0.03024,0.02016
863,3,2,0.82553,0.68903,0.34894,0.32733
863,4,3,0.11787,0.48687,0.06341,0.02264
863,5,3,0.1224,0.45063,0.06567,0.02717
863,6,3,0.21977,0.45686,0.04076,0.01698
865,0,0,0.78449,0.64688,0.42894,0.33475
866,0,2,0.53671,0.4778,0.37056,0.13661
867,0,2,0.26591,0.71169,0.52419,0.51411
868,0,0,0.7226,0.60203,0.46661,0.48516
868,1,0,0.09413,0.58774,0.18206,0.17173
868,2,1,0.50056,0.53005,0.9968,0.15386
868,3,1,0.38932,0.45714,0.32878,0.07704
868,4,3,0.39254,0.863,0.08439,0.06197
868,5,0,0.25334,0.66952,0.2899,0.23683
868,6,1,0.32213,0.68573,0.32724,0.07075
869,0,2,0.29167,0.77834,0.35618,0.26434
870,0,3,0.35656,0.40096,0.23566,0.18101
870,1,3,0.8377,0.36279,0.13777,0.08961
870,2,4,0.16678,0.32471,0.09969,0.09857
870,3,3,0.29391,0.17854,0.15681,0.05264
870,4,3,0.66308,0.35229,0.10417,0.05635
870,5,3,0.1209,0.56745,0.11954,0.22029
870,6,2,0.30618,0.74761,0.59597,0.49863
871,0,0,0.86816,0.62889,0.26159,0.25437
871,1,1,0.92281,0.86204,0.15231,0.04436
872,0,1,0.59409,0.67361,0.16129,0.03024
872,1,0,0.71362,0.67331,0.57068,0.49688
873,0,2,0.59921,0.68759,0.7995,0.50939
874,0,3,0.87019,0.67218,0.252,0.14286
874,1,3,0.59689,0.55488,0.06832,0.028
874,2,2,0.15932,0.84495,0.3125,0.30055
874,3,2,0.48805,0.69723,0.19467,0.18955
875,0,1,0.4916,0.50448,0.19601,0.02128
875,1,1,0.62653,0.93916,0.74486,0.09162
875,2,0,0.76314,0.60973,0.47164,0.28434
877,0,1,0.60977,0.42888,0.12993,0.02016
877,1,1,0.63385,0.49216,0.08177,0.03696
877,2,0,0.66048,0.6863,0.45417,0.62532
878,0,2,0.485,0.70832,0.96238,0.58128
878,1,3,0.74586,0.34487,0.19153,0.0672
878,2,2,0.86317,0.4442,0.27158,0.15304
879,0,1,0.59633,0.64505,0.80197,0.19713
879,1,0,0.47428,0.53086,0.18133,0.48097
879,2,0,0.90317,0.44909,0.19158,0.11335
881,0,3,0.86348,0.57629,0.03052,0.03763
881,1,0,0.63504,0.89062,0.18304,0.21317
881,2,4,0.12714,0.76615,0.24981,0.46436
881,3,3,0.91695,0.58492,0.04246,0.02378
882,0,4,0.44176,0.67305,0.19713,0.24194
882,1,2,0.23531,0.62295,0.46107,0.4918
883,0,2,0.23264,0.70853,0.46528,0.57052
884,0,1,0.40538,0.4804,0.65636,0.19713
884,1,2,0.21141,0.74249,0.40642,0.40984
885,0,2,0.8685,0.77498,0.25986,0.30018
885,1,2,0.30119,0.73578,0.46707,0.39651
886,0,1,0.24406,0.45016,0.06384,0.02912
886,1,1,0.81306,0.77666,0.17809,0.04592
886,2,0,0.62994,0.70671,0.73803,0.5432
886,3,1,0.58026,0.93374,0.81626,0.11954
886,4,1,0.33521,0.76383,0.65403,0.14173
886,5,1,0.64771,0.84238,0.30225,0.16906
887,0,4,0.25336,0.65405,0.50672,0.35625
887,1,0,0.60075,0.69467,0.4474,0.57719
887,2,0,0.94451,0.42791,0.1089,0.05872
888,0,1,0.54227,0.9047,0.91338,0.13399
888,1,1,0.38351,0.61313,0.09185,0.03472
888,2,0,0.88182,0.75706,0.23427,0.2204
889,0,0,0.15523,0.80921,0.29891,0.37846
889,1,0,0.50502,0.51674,0.11049,0.11942
889,2,2,0.80112,0.81397,0.39464,0.36566
889,3,1,0.88225,0.39621,0.06362,0.01897
889,4,1,0.94844,0.44237,0.1,0.03542
889,5,0,0.69361,0.47113,0.1087,0.18682
890,0,3,0.69041,0.54592,0.12321,0.08849
890,1,3,0.35383,0.40143,0.09521,0.07504
891,0,3,0.91865,0.90506,0.05605,0.04925
891,1,2,0.77639,0.64334,0.44409,0.42934
891,2,1,0.51274,0.57048,0.12058,0.03227
891,3,1,0.50255,0.53821,0.1002,0.04246
891,4,1,0.50594,0.49321,0.14096,0.03736
891,5,0,0.4983,0.42188,0.1053,0.09851
892,0,0,0.82291,0.58353,0.3521,0.25245
892,1,1,0.56761,0.85316,0.86269,0.06895
893,0,1,0.36727,0.52296,0.64628,0.16577
893,1,1,0.73353,0.37007,0.10641,0.03024
893,2,1,0.86485,0.52989,0.26822,0.06679
893,3,0,0.81437,0.59373,0.36918,0.38895
894,0,0,0.76826,0.61152,0.46139,0.31526
894,1,1,0.58469,0.90253,0.82853,0.07609
895,0,3,0.36272,0.39732,0.04464,0.0346
895,1,1,0.44475,0.32924,0.07478,0.02567
895,2,3,0.89349,0.63241,0.1709,0.09183
895,3,3,0.94752,0.70635,0.08662,0.04246
895,4,3,0.7038,0.51698,0.03736,0.04755
897,0,3,0.83602,0.38631,0.13889,0.06944
897,1,3,0.72905,0.33143,0.05712,0.05152
897,2,0,0.30106,0.40608,0.38764,0.37568
898,0,0,0.85962,0.59169,0.27867,0.12874
899,0,3,0.24238,0.42944,0.21281,0.16465
899,1,4,0.2267,0.73353,0.15905,0.23746
899,2,2,0.65625,0.59819,0.10075,0.11783
899,3,2,0.76212,0.60502,0.08026,0.11441
899,4,1,0.73822,0.34375,0.50717,0.08026
899,5,3,0.8902,0.40266,0.04611,0.0444
900,0,1,0.53849,0.64604,0.56169,0.04263
900,1,0,0.6238,0.79201,0.54816,0.40984
900,2,1,0.94913,0.9689,0.09965,0.04256
901,0,2,0.12951,0.7774,0.24992,0.44208
901,1,0,0.66629,0.50614,0.66295,0.20312
901,2,2,0.81194,0.76786,0.37165,0.30915
901,3,0,0.79976,0.49745,0.39572,0.13417
902,0,1,0.38127,0.66689,0.24642,0.03024
902,1,0,0.29115,0.6776,0.28859,0.63866
903,0,4,0.50168,0.60137,0.99126,0.78853
904,0,0,0.28066,0.7916,0.26091,0.41472
904,1,3,0.35544,0.54198,0.07841,0.0336
906,0,1,0.09543,0.85199,0.19086,0.08907
906,1,3,0.64617,0.69153,0.28338,0.11313
906,2,3,0.91275,0.5252,0.16913,0.06272
906,3,1,0.50138,0.66172,0.99515,0.26409
906,4,1,0.60897,0.45426,0.62564,0.07245
906,5,0,0.21397,0.72114,0.26469,0.46277
906,6,0,0.91171,0.60587,0.1745,0.17759
906,7,0,0.56745,0.41376,0.23053,0.26127
906,8,1,0.62124,0.36083,0.58402,0.05294
907,0,2,0.72596,0.67718,0.546,0.48989
907,1,2,0.13878,0.77666,0.26994,0.44243
908,0,1,0.64062,0.35658,0.14732,0.04241
909,0,1,0.65121,0.48768,0.08065,0.02576
909,1,1,0.83404,0.6566,0.32983,0.04997
909,2,1,0.84525,0.75266,0.30743,0.09425
909,3,3,0.48152,0.69657,0.07504,0.04032
909,4,0,0.70663,0.6776,0.4918,0.63525
910,0,3,0.41375,0.43224,0.07392,0.04256
910,1,1,0.4981,0.39241,0.99619,0.1914
910,2,2,0.4512,0.66378,0.89284,0.54273
910,3,0,0.67162,0.50256,0.38422,0.49693
911,0,3,0.41207,0.64281,0.0504,0.04032
911,1,1,0.37399,0.70497,0.11089,0.04144
911,2,1,0.4997,0.74738,0.99851,0.04337
911,3,1,0.38463,0.81306,0.75493,0.07841
911,4,1,0.17462,0.93739,0.06384,0.0224
911,5,0,0.67589,0.73566,0.45082,0.51913
912,0,4,0.39661,0.63624,0.3966,0.31632
914,0,2,0.28078,0.80912,0.55611,0.37967
915,0,3,0.30119,0.56216,0.16465,0.09409
915,1,3,0.5876,0.48953,0.15057,0.08099
915,2,2,0.45968,0.48208,0.10081,0.05936
915,3,3,0.67923,0.53973,0.0817,0.02962
916,0,0,0.8265,0.53976,0.31922,0.3629
916,1,2,0.3228,0.51205,0.64561,0.62557
917,0,3,0.22377,0.40569,0.16406,0.1317
917,1,0,0.78872,0.79806,0.1053,0.16135
918,0,1,0.44456,0.60977,0.51635,0.028
918,1,1,0.50171,0.8569,0.99044,0.06489
918,2,0,0.77322,0.76554,0.45082,0.40471
918,3,3,0.1764,0.91581,0.11783,0.07001
919,0,4,0.16243,0.59759,0.32485,0.1505
919,1,3,0.8603,0.54495,0.05993,0.02854
920,0,2,0.50201,0.63546,0.99286,0.6448
921,0,2,0.49698,0.69935,0.99395,0.58799
922,0,2,0.56641,0.70815,0.86049,0.57366
922,1,3,0.26897,0.40625,0.0558,0.02344
923,0,3,0.34039,0.28999,0.30802,0.11873
923,1,2,0.27744,0.67145,0.55488,0.6442
923,2,4,0.66465,0.27039,0.27554,0.15345
924,0,0,0.35943,0.72569,0.70677,0.53987
925,0,2,0.2332,0.67722,0.4664,0.5863
925,1,2,0.7677,0.72345,0.46147,0.48163
926,0,1,0.7873,0.49272,0.41331,0.09185
926,1,0,0.72728,0.62972,0.54336,0.58048
926,2,0,0.1653,0.46072,0.32787,0.25273
927,0,3,0.7677,0.53416,0.19041,0.13217
927,1,3,0.14471,0.50963,0.28943,0.15659
927,2,3,0.54032,0.56832,0.25314,0.07056
927,3,2,0.39807,0.46864,0.21281,0.11761
927,4,2,0.57448,0.44736,0.08625,0.06832
927,5,3,0.27879,0.40479,0.0728,0.04144
927,6,2,0.92171,0.65345,0.14449,0.15121
928,0,3,0.44848,0.42272,0.11201,0.05264
928,1,3,0.61257,0.39079,0.04816,0.03136
928,2,2,0.58538,0.71346,0.59426,0.53962
929,0,3,0.59745,0.73241,0.17249,0.14561
929,1,3,0.5364,0.32359,0.05712,0.02688
930,0,3,0.85618,0.77218,0.18369,0.13105
930,1,3,0.5588,0.5448,0.15569,0.07728
930,2,4,0.39327,0.80482,0.09734,0.05635
930,3,4,0.40489,0.48913,0.05548,0.04529
931,0,4,0.2097,0.53074,0.05464,0.05464
931,1,3,0.11834,0.52391,0.0666,0.03757
932,0,1,0.4334,0.58026,0.84016,0.1776
932,1,0,0.41889,0.54611,0.05977,0.38251
932,2,0,0.62722,0.32923,0.07343,0.06148
933,0,3,0.42496,0.43448,0.11201,0.03584
933,1,2,0.56233,0.78945,0.74624,0.39105
933,2,0,0.21824,0.64942,0.42008,0.41154
933,3,0,0.84682,0.60401,0.30429,0.27975
934,0,4,0.48432,0.41711,0.06272,0.0616
934,1,2,0.78091,0.87739,0.29884,0.23224
935,0,4,0.17634,0.56473,0.34375,0.55692
935,1,4,0.51004,0.31138,0.13616,0.07701
936,0,1,0.39897,0.52053,0.79794,0.16763
936,1,0,0.1986,0.44109,0.38081,0.32275
937,0,0,0.75973,0.61599,0.47847,0.39591
938,0,4,0.59801,0.37567,0.05264,0.028
938,1,0,0.82974,0.58447,0.33844,0.2953
939,0,3,0.09375,0.62504,0.1875,0.22656
939,1,3,0.95333,0.57667,0.09125,0.11189
939,2,3,0.11279,0.4474,0.22558,0.11994
939,3,3,0.23174,0.35943,0.14225,0.04928
939,4,2,0.59267,0.69264,0.81258,0.61265
940,0,1,0.66827,0.76811,0.66137,0.03107
940,1,1,0.65289,0.66353,0.46931,0.03248
940,2,0,0.79729,0.78655,0.40333,0.31012
941,0,1,0.39079,0.59241,0.06832,0.03808
941,1,1,0.8461,0.57168,0.30466,0.04368
941,2,1,0.59136,0.84238,0.81455,0.08367
941,3,0,0.76826,0.60364,0.46139,0.28242
942,0,1,0.51904,0.58121,0.48163,0.02688
942,1,1,0.90491,0.59017,0.09969,0.0336
942,2,1,0.95363,0.65849,0.06496,0.03808
942,3,0,0.75546,0.59403,0.487,0.32467
942,4,1,0.69042,0.49458,0.10917,0.03083
944,0,0,0.86529,0.42689,0.26629,0.23658
945,0,1,0.37231,0.82426,0.55332,0.0448
945,1,0,0.73224,0.71516,0.52937,0.43374
946,0,2,0.62097,0.61705,0.71461,0.36962
946,1,2,0.79234,0.8321,0.20833,0.05824
946,2,2,0.94885,0.86718,0.10021,0.11945
948,0,4,0.49778,0.63887,0.9901,0.72017
949,0,3,0.80961,0.6447,0.08643,0.02983
949,1,4,0.06882,0.77408,0.10075,0.08026
950,0,1,0.67081,0.95419,0.65076,0.08513
950,1,0,0.72915,0.71013,0.53963,0.4759
951,0,0,0.30044,0.66644,0.50102,0.625
952,0,0,0.76997,0.63686,0.45797,0.33861
953,0,2,0.17706,0.76321,0.34875,0.45812
953,1,0,0.7814,0.48953,0.42959,0.21471
953,2,0,0.30874,0.69723,0.37227,0.56523
954,0,4,0.49944,0.66857,0.99126,0.65188
955,0,1,0.63945,0.71841,0.15345,0.04144
955,1,1,0.47424,0.52632,0.07392,0.03136
955,2,0,0.64518,0.74948,0.34843,0.49896
955,3,4,0.38754,0.49539,0.03595,0.02673
955,4,3,0.34928,0.5106,0.02212,0.01659
956,0,0,0.59734,0.58709,0.34836,0.5362
956,1,2,0.77274,0.73466,0.44467,0.40547
956,2,3,0.53245,0.47353,0.06489,0.05635
957,0,2,0.21304,0.70657,0.42608,0.57107
957,1,2,0.71225,0.71673,0.5634,0.56004
958,0,0,0.06631,0.67297,0.13262,0.2037
958,1,0,0.26008,0.5555,0.11441,0.21346
959,0,2,0.76236,0.74542,0.4732,0.4942
959,1,2,0.3335,0.72285,0.33299,0.50717
959,2,2,0.58077,0.4298,0.13361,0.0551
961,0,1,0.56944,0.92563,0.07168,0.0728
961,1,1,0.43616,0.73017,0.04928,0.01792
961,2,1,0.37231,0.63105,0.03584,0.03248
961,3,1,0.28159,0.4776,0.0336,0.01904
961,4,0,0.44339,0.85768,0.13247,0.22758
962,0,3,0.16615,0.68016,0.14515,0.12466
962,1,0,0.22592,0.54696,0.4252,0.63695
962,2,1,0.48378,0.48207,0.51059,0.05294
962,3,1,0.50016,0.423,0.99759,0.14034
962,4,1,0.50102,0.61115,0.99588,0.11924
962,5,0,0.70748,0.50085,0.1554,0.17247
962,6,0,0.78347,0.6682,0.21858,0.17589
963,0,2,0.49796,0.65511,0.98751,0.68769
964,0,2,0.74444,0.58256,0.50904,0.51346
964,1,0,0.5,0.25495,0.09221,0.13149
964,2,0,0.60161,0.27715,0.15198,0.13149
965,0,2,0.8013,0.60585,0.39427,0.49059
965,1,4,0.21055,0.84153,0.10417,0.09221
966,0,1,0.63049,0.65121,0.14673,0.03472
966,1,0,0.67776,0.67968,0.6424,0.50622
967,0,0,0.6855,0.78795,0.42476,0.41796
968,0,3,0.54323,0.78152,0.07285,0.0354
968,1,0,0.71914,0.8975,0.29579,0.19556
969,0,0,0.74761,0.61441,0.48156,0.36202
970,0,1,0.87885,0.87473,0.24022,0.03822
970,1,0,0.68916,0.75546,0.42613,0.487
971,0,1,0.60585,0.2295,0.07728,0.02464
971,1,1,0.56996,0.34978,0.51266,0.09089
972,0,1,0.72625,0.8517,0.54211,0.0504
972,1,0,0.84938,0.66928,0.29916,0.18146
972,2,0,0.48719,0.82018,0.18613,0.27493
973,0,4,0.50194,0.71825,0.99403,0.55187
974,0,1,0.89174,0.90011,0.13839,0.07589
974,1,2,0.63417,0.79127,0.28872,0.33118
974,2,2,0.22147,0.8091,0.38043,0.35326
975,0,1,0.8601,0.76546,0.27666,0.09073
975,1,0,0.67316,0.72456,0.65369,0.43545
976,0,3,0.35383,0.42328,0.09521,0.06272
976,1,2,0.82004,0.51718,0.35783,0.22141
976,2,2,0.29704,0.60971,0.59409,0.77834
977,0,0,0.76365,0.652,0.46957,0.33118
977,1,3,0.87999,0.70348,0.23689,0.17259
978,0,1,0.93653,0.71035,0.12485,0.05219
978,1,1,0.70553,0.49776,0.31474,0.05712
978,2,4,0.35887,0.51848,0.07392,0.03584
978,3,4,0.30847,0.67137,0.08513,0.028
978,4,0,0.73411,0.61299,0.5297,0.41383
979,0,3,0.1828,0.63585,0.36559,0.32882
979,1,3,0.1455,0.92283,0.18033,0.14337
979,2,3,0.87914,0.39415,0.23409,0.14113
979,3,4,0.65392,0.75424,0.54754,0.48944
980,0,1,0.74332,0.5724,0.51128,0.04959
980,1,1,0.64195,0.84992,0.71401,0.05804
980,2,1,0.92421,0.47586,0.1495,0.02676
980,3,0,0.86048,0.47464,0.27696,0.20202
981,0,3,0.97062,0.39429,0.05668,0.02765
982,0,0,0.72557,0.67869,0.54677,0.53839
982,1,1,0.5777,0.45048,0.15881,0.04781
983,0,4,0.5,0.58345,0.99238,0.82213
984,0,0,0.67845,0.76127,0.4457,0.46107
985,0,1,0.43616,0.60081,0.71909,0.11537
985,1,0,0.72386,0.56326,0.55019,0.37583
986,0,3,0.10685,0.60585,0.16801,0.06944
986,1,3,0.35732,0.45649,0.04063,0.02804
986,2,3,0.39019,0.43411,0.0502,0.02761
986,3,2,0.20633,0.62425,0.3376,0.21712
986,4,3,0.20507,0.54518,0.07656,0.02636
987,0,1,0.2463,0.70777,0.49171,0.0672
987,1,1,0.74836,0.86482,0.5012,0.12144
987,2,0,0.49739,0.72472,0.15871,0.54848
988,0,3,0.64785,0.41767,0.2845,0.11201
988,1,3,0.40031,0.38687,0.11873,0.0504
988,2,3,0.46528,0.43504,0.08065,0.03696
988,3,3,0.40759,0.46584,0.14225,0.0448
988,4,3,0.15782,0.58961,0.16465,0.05488
988,5,3,0.472,0.5588,0.34274,0.10977
988,6,3,0.91085,0.71626,0.17621,0.14222
988,7,3,0.62881,0.87634,0.21057,0.12209
988,8,2,0.60587,0.70577,0.44399,0.16906
988,9,2,0.85535,0.55063,0.28721,0.21397
989,0,2,0.50126,0.74415,0.99436,0.40505
989,1,3,0.1892,0.49151,0.05774,0.04076
989,2,3,0.13145,0.57558,0.12568,0.04925
989,3,3,0.06097,0.64351,0.07303,0.06284
990,0,1,0.35607,0.71449,0.49171,0.06496
990,1,1,0.87578,0.72569,0.24306,0.0336
990,2,0,0.65227,0.74179,0.35919,0.51433
991,0,0,0.88949,0.65269,0.21894,0.15865
992,0,2,0.2836,0.69563,0.5672,0.59847
992,1,0,0.82035,0.59713,0.35722,0.46407
993,0,0,0.78125,0.4475,0.38583,0.24
993,1,1,0.33356,0.63745,0.52197,0.09737
993,2,1,0.83292,0.37917,0.2875,0.03667
993,3,1,0.5111,0.40181,0.4013,0.05977
993,4,1,0.81048,0.66605,0.37695,0.04889
994,0,4,0.79204,0.55273,0.41383,0.28803
995,0,0,0.51537,0.73566,0.26639,0.5123
996,0,1,0.50138,0.38432,0.99515,0.21456
996,1,1,0.50016,0.58456,0.99759,0.16217
996,2,0,0.70236,0.48463,0.52425,0.59085
998,0,0,0.40761,0.60015,0.08845,0.64087
998,1,1,0.70497,0.47704,0.58468,0.05376
998,2,1,0.25495,0.65967,0.24761,0.10417
998,3,2,0.92738,0.41368,0.14316,0.11476
999,0,2,0.83124,0.61033,0.33543,0.41219
999,1,3,0.71057,0.38239,0.07392,0.03696
1000,0,3,0.1539,0.54144,0.30466,0.13105
1000,1,3,0.64337,0.51736,0.09633,0.07392
1000,2,3,0.84973,0.66959,0.29847,0.26862
1000,3,3,0.43392,0.50448,0.13665,0.07504
1001,0,1,0.5337,0.62944,0.43811,0.02145
1001,1,0,0.79098,0.6206,0.41595,0.26575
1002,0,1,0.14054,0.42572,0.27152,0.0666
1002,1,1,0.34033,0.61954,0.58231,0.26298
1002,2,0,0.07223,0.69126,0.13832,0.38251
1003,0,0,0.83299,0.6554,0.32104,0.26639
1003,1,1,0.40976,0.68977,0.1382,0.02888
1003,2,1,0.65883,0.55827,0.09592,0.0361
1004,0,1,0.31728,0.73992,0.59768,0.06318
1004,1,0,0.66991,0.74676,0.40813,0.50034
1006,0,1,0.32753,0.74761,0.59085,0.07172
1006,1,1,0.83641,0.71858,0.32445,0.04781
1006,2,0,0.73822,0.77237,0.50376,0.40813
1007,0,0,0.6665,0.70833,0.56523,0.50205
1008,0,2,0.90658,0.80467,0.18475,0.24049
1008,1,1,0.40693,0.757,0.79406,0.11783
1008,2,1,0.83486,0.4972,0.32819,0.08415
1008,3,0,0.70782,0.56601,0.22071,0.23309
1009,0,1,0.19092,0.65369,0.37568,0.05806
1009,1,1,0.611,0.611,0.29713,0.12295
1009,2,1,0.92537,0.52185,0.14718,0.04028
1009,3,1,0.87025,0.57656,0.16331,0.02334
1009,4,1,0.24265,0.31914,0.15625,0.03574
1009,5,1,0.52042,0.27471,0.08476,0.03064
1010,0,1,0.68101,0.83555,0.27322,0.08026
1010,1,1,0.79713,0.5999,0.26981,0.04269
1010,2,0,0.73309,0.72199,0.52425,0.54986
1010,3,1,0.12107,0.79805,0.24214,0.09379
1011,0,1,0.54883,0.7255,0.90026,0.05446
1011,1,0,0.75273,0.66906,0.4918,0.42691
1012,0,3,0.72626,0.50512,0.10758,0.07855
1012,1,2,0.8989,0.64267,0.20012,0.22044
1012,2,3,0.13712,0.52305,0.27152,0.12466
1012,3,2,0.52049,0.48292,0.25273,0.14686
1012,4,0,0.25751,0.79372,0.12295,0.40642
1013,0,0,0.81437,0.71958,0.36918,0.37085
1015,0,2,0.23531,0.6571,0.45765,0.66598
1015,1,4,0.51622,0.66308,0.09734,0.07343
1016,0,2,0.10394,0.53359,0.20788,0.59179
1016,1,2,0.8643,0.56878,0.25645,0.5248
1017,0,0,0.77168,0.68594,0.45456,0.30358
1018,0,2,0.50529,0.52917,0.98735,0.38621
1019,0,2,0.85194,0.63404,0.29404,0.49007
1019,1,2,0.21995,0.68016,0.42008,0.39447
1019,2,2,0.64686,0.57258,0.17418,0.14857
1020,0,2,0.78518,0.6793,0.42008,0.62158
1020,1,2,0.10553,0.62039,0.2015,0.33299
1021,0,2,0.68272,0.44536,0.35178,0.1332
1021,1,0,0.2097,0.58453,0.39959,0.4901
1021,2,2,0.77835,0.59819,0.18784,0.16564
1022,0,1,0.85092,0.73822,0.19638,0.13832
1022,1,2,0.35741,0.6349,0.4252,0.28689
1023,0,0,0.46243,0.8125,0.10246,0.29372
1024,0,1,0.31984,0.78432,0.24078,0.05635
1024,1,1,0.56489,0.82787,0.86407,0.12978
1024,2,1,0.88934,0.54098,0.20492,0.03415
1024,3,0,0.89548,0.63387,0.20695,0.13797
1024,4,0,0.6793,0.47012,0.19809,0.15198
1024,5,4,0.14832,0.88579,0.08665,0.09956
1024,6,4,0.29397,0.68206,0.12353,0.13274
1025,0,0,0.75973,0.44757,0.47847,0.42792
1026,0,0,0.7768,0.65365,0.44431,0.35512
1026,1,1,0.52028,0.4788,0.08942,0.03042
1027,0,2,0.24812,0.80225,0.4696,0.36544
1028,0,0,0.7792,0.75956,0.43887,0.44057
1028,1,0,0.20885,0.72626,0.4013,0.37056
1029,0,3,0.54306,0.95354,0.56769,0.09083
1029,1,3,0.39156,0.65198,0.20663,0.13661
1029,2,2,0.71687,0.52818,0.36885,0.14857
1029,3,2,0.39754,0.54013,0.26298,0.12807
1030,0,2,0.86301,0.59278,0.27086,0.31123
1030,1,0,0.14079,0.607,0.24966,0.45177
1032,0,0,0.1875,0.6793,0.37227,0.37568
1033,0,1,0.67589,0.74932,0.64549,0.07855
1033,1,0,0.64259,0.6554,0.09392,0.12978
1033,2,0,0.82974,0.57772,0.33844,0.26131
1033,3,1,0.91768,0.57298,0.16255,0.04692
1034,0,2,0.78705,0.82966,0.42382,0.14019
1035,0,0,0.74606,0.41335,0.50579,0.26727
1035,1,1,0.50016,0.47787,0.99759,0.23922
1036,0,2,0.28431,0.51019,0.22418,0.16644
1036,1,0,0.07116,0.78448,0.13417,0.27344
1036,2,0,0.61549,0.63927,0.25815,0.71332
1037,0,2,0.58367,0.80482,0.75137,0.37398
1038,0,2,0.59426,0.62993,0.25645,0.3142
1038,1,2,0.89147,0.92035,0.2123,0.15455
1038,2,2,0.26393,0.67408,0.29891,0.36175
1038,3,2,0.07201,0.91355,0.12568,0.16814
1038,4,2,0.48726,0.42697,0.17833,0.18003
1039,0,2,0.85071,0.7641,0.29042,0.46026
1039,1,2,0.15353,0.652,0.29552,0.57914
1040,0,1,0.79628,0.48805,0.37398,0.04098
1040,1,0,0.73155,0.64506,0.53482,0.62141
1040,2,1,0.50768,0.7015,0.13149,0.03415
1041,0,2,0.78347,0.85861,0.40984,0.26639
1042,0,0,0.7768,0.64286,0.44431,0.37109
1042,1,0,0.40864,0.55721,0.12807,0.15881
1043,0,0,0.76485,0.62838,0.46822,0.36947
1043,1,4,0.2208,0.76298,0.36031,0.39959
1043,2,1,0.90402,0.62151,0.18987,0.04493
1044,0,0,0.74249,0.65881,0.5123,0.41667
1045,0,0,0.76212,0.67162,0.47302,0.38764
1045,1,1,0.60673,0.74078,0.76673,0.06148
1045,2,1,0.5111,0.4889,0.07343,0.03928
1046,0,0,0.78243,0.82462,0.27457,0.34869
1046,1,1,0.8656,0.72257,0.26672,0.07287
1046,2,1,0.45816,0.71431,0.54816,0.12124
1046,3,0,0.21637,0.86447,0.28759,0.25249
1047,0,2,0.7435,0.63846,0.51091,0.51258
1047,1,2,0.24471,0.55038,0.48668,0.39788
1048,0,2,0.87483,0.757,0.1998,0.40471
1048,1,2,0.28654,0.72626,0.55669,0.52083
1048,2,2,0.67674,0.6238,0.22029,0.25786
1049,0,0,0.7657,0.63384,0.46651,0.34623
1049,1,0,0.27544,0.7126,0.33982,0.55157
1050,0,3,0.44194,0.57172,0.30055,0.09563
1051,0,3,0.90642,0.58197,0.06489,0.05806
1052,0,4,0.49915,0.73992,0.99214,0.50717
1053,0,0,0.36083,0.38303,0.15198,0.21687
1054,0,0,0.43682,0.82958,0.46448,0.33811
1055,0,2,0.23617,0.76895,0.4696,0.43545
1055,1,2,0.86781,0.8749,0.26228,0.24813
1056,0,2,0.13627,0.61868,0.25956,0.43887
1056,1,2,0.70492,0.62466,0.36544,0.28005
1057,0,3,0.48719,0.36936,0.14173,0.08026
1057,1,2,0.53602,0.65511,0.92587,0.55385
1057,2,3,0.42684,0.24485,0.04774,0.02232
1057,3,4,0.29892,0.17135,0.04813,0.01846
1057,4,4,0.4199,0.20992,0.18592,0.05472
1058,0,0,0.7657,0.65511,0.46651,0.3751
1058,1,1,0.51809,0.91722,0.96173,0.05916
1059,0,0,0.66052,0.68955,0.48839,0.61134
1059,1,1,0.77322,0.60758,0.40301,0.05123
1059,2,1,0.27288,0.62551,0.4918,0.08367
1060,0,3,0.14225,0.47439,0.1349,0.06489
1060,1,3,0.93049,0.67707,0.13694,0.12191
1060,2,2,0.58794,0.44536,0.29884,0.17418
1060,3,2,0.15505,0.72285,0.29372,0.39788
1061,0,3,0.37107,0.70919,0.24761,0.1349
1061,1,3,0.54952,0.67589,0.11954,0.07514
1061,2,0,0.48122,0.55038,0.31079,0.24761
1061,3,4,0.80344,0.55254,0.04416,0.02038
1061,4,4,0.82156,0.58594,0.04869,0.02151
1061,5,4,0.83118,0.60688,0.04755,0.02717
1061,6,1,0.93885,0.65388,0.12022,0.0623
1062,0,1,0.52561,0.66906,0.59426,0.06489
1062,1,1,0.53517,0.88644,0.92758,0.11031
1062,2,0,0.55123,0.78774,0.28005,0.25102
1062,3,0,0.53159,0.65198,0.14857,0.10929
1062,4,0,0.83145,0.68818,0.33502,0.24999
1063,0,2,0.21909,0.62039,0.43204,0.736
1064,0,1,0.27715,0.70577,0.53791,0.11441
1064,1,1,0.38217,0.49573,0.75137,0.23395
1064,2,0,0.33607,0.62807,0.07514,0.22199
1064,3,1,0.85434,0.43169,0.28859,0.04781
1064,4,0,0.83128,0.54952,0.3347,0.3347
1065,0,0,0.25204,0.46179,0.06793,0.107
1066,0,1,0.50187,0.66865,0.99418,0.12036
1066,1,0,0.40266,0.57514,0.17418,0.63525
1066,2,1,0.69266,0.36288,0.17698,0.03614
1066,3,1,0.12287,0.45188,0.10637,0.05722
1066,4,1,0.27399,0.45555,0.05942,0.02054
1067,0,3,0.67365,0.45673,0.03091,0.01717
1067,1,3,0.63215,0.4553,0.02232,0.02003
1067,2,0,0.39453,0.59229,0.29785,0.35254
1068,0,1,0.58811,0.70214,0.8217,0.073
1068,1,0,0.72968,0.69553,0.53449,0.50034
1068,2,3,0.74485,0.60245,0.03114,0.02792
1069,0,0,0.17298,0.5888,0.07343,0.26298
1069,1,1,0.389,0.73907,0.39959,0.0444
1069,2,0,0.05686,0.50512,0.10417,0.12978
1069,3,2,0.53586,0.8458,0.53962,0.28176
1070,0,0,0.75033,0.75943,0.49725,0.43005
1070,1,1,0.58965,0.6887,0.81113,0.04952
1071,0,3,0.08504,0.59307,0.1332,0.05977
1071,1,3,0.13627,0.54952,0.1127,0.05464
1071,2,3,0.16274,0.49402,0.06318,0.03928
1071,3,3,0.16189,0.46841,0.0888,0.02903
1071,4,2,0.06626,0.69723,0.12295,0.16906
1071,5,0,0.71852,0.85145,0.15285,0.27853
1072,0,0,0.80583,0.68657,0.38625,0.4107
1072,1,1,0.95696,0.66156,0.084,0.05331
1072,2,1,0.31567,0.66023,0.22263,0.04596
1073,0,1,0.69958,0.51106,0.15671,0.03411
1074,0,3,0.60758,0.72541,0.2015,0.15369
1075,0,3,0.55208,0.55123,0.13149,0.03415
1075,1,0,0.80412,0.69492,0.38967,0.27714
1075,2,1,0.32497,0.70492,0.11441,0.03415
1076,0,0,0.73326,0.405,0.5314,0.41109
1076,1,1,0.46329,0.29935,0.2681,0.04952
1076,2,1,0.73651,0.66393,0.41837,0.06489
1077,0,2,0.7216,0.80526,0.46697,0.38635
1077,1,4,0.59651,0.36826,0.04442,0.03217
1077,2,4,0.37247,0.35524,0.06357,0.02298
1078,0,0,0.7657,0.61667,0.46651,0.29824
1078,1,0,0.29081,0.71516,0.39447,0.53962
1079,0,2,0.59563,0.73395,0.28005,0.2903
1079,1,0,0.46755,0.47865,0.1776,0.23736
1079,2,2,0.78945,0.63149,0.40813,0.28689
1079,3,1,0.23531,0.69467,0.46448,0.11954
1079,4,1,0.78091,0.64771,0.42179,0.10417
1080,0,2,0.44621,0.62124,0.85895,0.39276
1080,1,2,0.79286,0.37449,0.18955,0.15881
1081,0,1,0.91851,0.55439,0.1392,0.02858
1081,1,1,0.57601,0.56147,0.52271,0.07038
1081,2,0,0.3522,0.49015,0.06381,0.10041
1081,3,0,0.73649,0.51267,0.19613,0.12106
1081,4,1,0.51642,0.45167,0.29092,0.05912
1082,0,0,0.84894,0.58974,0.30004,0.24197
1082,1,1,0.53989,0.47983,0.84552,0.16401
1083,0,1,0.29081,0.3873,0.111,0.11612
1083,1,0,0.31472,0.52049,0.59255,0.34153
1083,2,0,0.73958,0.32432,0.22354,0.07658
1084,0,0,0.79729,0.67172,0.40333,0.34003
1085,0,1,0.41338,0.44565,0.37704,0.03057
1085,1,4,0.50425,0.81929,0.04586,0.02717
1086,0,2,0.52083,0.36883,0.25,0.10031
1086,1,0,0.42978,0.35957,0.07253,0.13272
1087,0,1,0.84193,0.67527,0.31406,0.02345
1087,1,1,0.44896,0.64948,0.43438,0.04271
1087,2,0,0.77839,0.75722,0.44115,0.42903
1088,0,0,0.73621,0.93066,0.22311,0.13044
1089,0,0,0.72728,0.64109,0.54336,0.36757
1089,1,1,0.40645,0.56444,0.22616,0.03667
1090,0,0,0.73748,0.63493,0.52296,0.48554
1091,0,0,0.70065,0.57855,0.46277,0.33811
1091,1,1,0.63576,0.59136,0.71892,0.03928
1091,2,1,0.44829,0.69173,0.41667,0.03548
1092,0,0,0.646,0.71773,0.40471,0.55499
1092,1,1,0.51427,0.71348,0.96937,0.05286
1093,0,1,0.60518,0.8034,0.78755,0.06377
1093,1,1,0.41625,0.58583,0.1125,0.03167
1093,2,1,0.86917,0.55958,0.255,0.04083
1093,3,0,0.80126,0.60883,0.39539,0.2646
1095,0,2,0.58367,0.70065,0.78893,0.41837
1096,0,0,0.62211,0.61053,0.31713,0.55671
1098,0,0,0.28911,0.73053,0.55157,0.44057
1100,0,0,0.30874,0.72883,0.09904,0.15369
1101,0,1,0.12602,0.92947,0.24249,0.10075
1101,1,2,0.85279,0.81655,0.29233,0.22327
1101,2,0,0.76912,0.50504,0.45968,0.25257
1103,0,2,0.74179,0.63456,0.51433,0.54235
1103,1,1,0.27988,0.49741,0.55977,0.10069
1103,2,1,0.28911,0.42316,0.47643,0.04098
1103,3,0,0.17647,0.39714,0.35019,0.20628
1103,4,3,0.42044,0.34231,0.08566,0.01439
1105,0,1,0.53773,0.81672,0.92246,0.05968
1105,1,1,0.76554,0.69553,0.14515,0.04952
1105,2,1,0.72114,0.61527,0.23736,0.03245
1105,3,0,0.7515,0.72166,0.49491,0.39934
1105,4,0,0.23786,0.7427,0.22966,0.27641
1107,0,4,0.81592,0.8236,0.10246,0.07684
1108,0,1,0.50443,0.88302,0.98905,0.20048
1108,1,0,0.41889,0.7903,0.21687,0.40984
1109,0,2,0.43084,0.6682,0.85895,0.60963
1109,1,3,0.58681,0.34518,0.10927,0.02042
1109,2,3,0.70323,0.35539,0.0337,0.02042
1110,0,1,0.36168,0.58794,0.6694,0.10758
1111,0,0,0.93938,0.72823,0.11916,0.1058
1113,0,2,0.70492,0.38046,0.32445,0.20492
1113,1,0,0.41291,0.49915,0.18784,0.25444
1113,2,1,0.46585,0.52561,0.58402,0.11612
1114,0,2,0.41035,0.75871,0.79064,0.46277
1115,0,0,0.66906,0.85605,0.35178,0.2681
1115,1,0,0.38046,0.63917,0.2459,0.25786
1115,2,1,0.5914,0.67096,0.59232,0.05106
1116,0,0,0.60844,0.63917,0.42179,0.34665
1116,1,1,0.89191,0.78774,0.21346,0.09734
1117,0,1,0.63576,0.611,0.56523,0.05123
1117,1,4,0.89361,0.54611,0.05635,0.04098
1117,2,4,0.80823,0.37022,0.03245,0.05123
1117,3,0,0.42059,0.47951,0.19296,0.39617
1117,4,0,0.30704,0.75188,0.09563,0.19638
1118,0,1,0.49232,0.58111,0.95116,0.16223
1118,1,0,0.09358,0.56062,0.17077,0.27152
1119,0,2,0.22592,0.72626,0.4457,0.53791
1119,1,2,0.66564,0.39669,0.15027,0.13832
1120,0,2,0.78278,0.4755,0.43236,0.31985
1120,1,4,0.38321,0.70676,0.04893,0.04419
1121,0,2,0.28996,0.72285,0.35519,0.47985
1121,1,3,0.11236,0.6127,0.19809,0.14686
1121,2,3,0.64515,0.45902,0.17077,0.06489
1122,0,2,0.18767,0.66798,0.37534,0.33937
1122,1,0,0.80669,0.56317,0.38455,0.23564
1122,2,2,0.84852,0.78495,0.30087,0.38889
1122,3,0,0.56084,0.42441,0.08204,0.05439
1123,0,1,0.67861,0.64726,0.64069,0.05886
1123,1,0,0.77509,0.58268,0.44773,0.28831
1123,2,4,0.51281,0.54781,0.04611,0.0444
1124,0,3,0.79109,0.51389,0.16204,0.06713
1124,1,3,0.75521,0.5625,0.05787,0.0463
1124,2,3,0.76389,0.45833,0.18866,0.05556
1124,3,3,0.74306,0.41725,0.15162,0.04051
1124,4,3,0.93403,0.46933,0.04514,0.03125
1124,5,3,0.18866,0.71123,0.11458,0.05208
1124,6,3,0.04346,0.68848,0.07487,0.11719
1124,7,3,0.17773,0.58024,0.16764,0.10579
1124,8,3,0.28271,0.48258,0.16276,0.11556
1125,0,3,0.07992,0.75273,0.09904,0.06489
1126,0,1,0.39839,0.8125,0.30225,0.09904
1127,0,4,0.65568,0.60632,0.05208,0.03736
1128,0,2,0.86218,0.64011,0.27355,0.22215
1128,1,0,0.40693,0.68272,0.04269,0.29713
1129,0,2,0.77438,0.70336,0.44346,0.59015
1129,1,2,0.45924,0.65625,0.15625,0.19361
1130,0,0,0.66731,0.87979,0.08481,0.23691
1130,1,0,0.83324,0.57974,0.33001,0.25627
1131,0,1,0.62994,0.77406,0.73803,0.07681
1131,1,0,0.79473,0.61786,0.40845,0.25962
1131,2,0,0.24727,0.74249,0.35519,0.50546
1131,3,3,0.41206,0.51708,0.08709,0.04781
1132,0,3,0.23361,0.57684,0.16735,0.18101
1133,0,0,0.83838,0.75375,0.18836,0.49042
1133,1,2,0.42145,0.80482,0.30396,0.32616
1134,0,2,0.64012,0.31743,0.17154,0.2123
1135,0,2,0.55095,0.49575,0.24457,0.14096
1135,1,2,0.84518,0.84692,0.30652,0.29642
1135,2,0,0.52802,0.5484,0.22928,0.53159
1135,3,2,0.4482,0.30469,0.11379,0.04755
1135,4,4,0.34758,0.28093,0.05485,0.02232
1136,0,2,0.75956,0.79542,0.47473,0.40301
1137,0,3,0.75188,0.74078,0.29542,0.18443
1137,1,2,0.83657,0.50673,0.32478,0.1808
1137,2,3,0.5444,0.45731,0.08538,0.04781
1137,3,3,0.5888,0.56831,0.10929,0.06148
1137,4,3,0.41889,0.6887,0.12124,0.07684
1137,5,3,0.10126,0.65881,0.0666,0.09904
1137,6,3,0.20202,0.51195,0.07001,0.07514
1137,7,3,0.53671,0.41376,0.08367,0.04611
1137,8,4,0.61246,0.37924,0.0507,0.01936
1137,9,4,0.65395,0.41704,0.04886,0.03779
1137,10,4,0.5484,0.38201,0.06268,0.04333
1137,11,4,0.52749,0.86878,0.17216,0.12008
1138,0,4,0.91156,0.84304,0.17259,0.28901
1139,0,3,0.90044,0.69638,0.14173,0.09221
1139,1,3,0.71516,0.53415,0.11612,0.0444
1139,2,3,0.37961,0.39242,0.05977,0.03074
1139,3,3,0.40949,0.44109,0.08197,0.04611
1139,4,3,0.24556,0.50342,0.14003,0.07172
1139,5,3,0.94826,0.64942,0.0666,0.07343
1139,6,0,0.15164,0.87398,0.18101,0.22199
1139,7,4,0.83641,0.53586,0.0888,0.08197
1139,8,4,0.81165,0.60844,0.07684,0.0666
1139,9,4,0.62637,0.43426,0.1332,0.0666
1140,0,0,0.04087,0.75974,0.08152,0.11775
1140,1,2,0.82506,0.65676,0.3478,0.25374
1140,2,4,0.28034,0.43365,0.11436,0.06793
1141,0,1,0.60587,0.68272,0.25273,0.0444
1141,1,0,0.8656,0.7854,0.26672,0.24293
1141,2,0,0.50683,0.48634,0.08538,0.07855
1141,3,4,0.35314,0.48292,0.05123,0.03415
1142,0,0,0.76298,0.59307,0.4679,0.28176
1143,0,2,0.89804,0.58134,0.20183,0.11486
1143,1,2,0.45437,0.38477,0.059,0.03779
1143,2,4,0.56591,0.41381,0.04609,0.03134
1143,3,1,0.56453,0.64334,0.78079,0.10878
1143,4,0,0.26954,0.52489,0.26088,0.25535
1144,0,3,0.88508,0.71089,0.12807,0.08367
1144,1,3,0.97404,0.74156,0.04985,0.06646
1144,2,3,0.8966,0.94927,0.19553,0.09937
1144,3,2,0.56034,0.80327,0.5032,0.39138
1145,0,2,0.30106,0.61697,0.36714,0.46277
1145,1,2,0.90231,0.45319,0.19329,0.11472
1145,2,0,0.65283,0.38303,0.21346,0.08709
1146,0,0,0.1653,0.94911,0.1332,0.09563
1146,1,0,0.61356,0.85605,0.11783,0.28176
1146,2,2,0.64515,0.58624,0.12295,0.10758
1146,3,2,0.24898,0.68186,0.48156,0.21687
1147,0,3,0.17128,0.57684,0.18272,0.11954
1147,1,3,0.08333,0.79115,0.1571,0.34324
1147,2,3,0.43938,0.44792,0.08026,0.05977
1147,3,3,0.32753,0.40523,0.07514,0.04611
1147,4,3,0.38815,0.3762,0.04611,0.04952
1147,5,2,0.3779,0.67503,0.32958,0.4901
1147,6,2,0.79473,0.75284,0.40845,0.41689
1147,7,2,0.6221,0.41462,0.1793,0.12978
1148,0,2,0.39498,0.61612,0.19296,0.10929
1148,1,2,0.20116,0.83982,0.3791,0.30055
1150,0,2,0.6221,0.71175,0.33982,0.35861
1150,1,0,0.4667,0.43511,0.111,0.17418
1151,0,1,0.61185,0.36851,0.45594,0.03757
1151,1,1,0.43596,0.42401,0.10758,0.02903
1151,2,1,0.6793,0.4556,0.61475,0.08538
1151,3,1,0.46585,0.54269,0.22199,0.03415
1151,4,2,0.75204,0.60027,0.49384,0.34058
1151,5,2,0.17811,0.73822,0.29201,0.28859
1152,0,1,0.55556,0.40847,0.33913,0.01601
1152,1,0,0.78176,0.46268,0.42691,0.32958
1152,2,1,0.9457,0.53415,0.10587,0.03415
1152,3,1,0.68621,0.50036,0.13336,0.0178
1153,0,2,0.77237,0.6571,0.4457,0.46448
1153,1,2,0.13115,0.62978,0.23224,0.31762
1153,2,2,0.72883,0.41889,0.18101,0.12807
1153,3,2,0.43938,0.56574,0.30567,0.13149
1154,0,2,0.18067,0.73822,0.35519,0.35007
1154,1,3,0.43113,0.49363,0.03935,0.01968
1154,2,3,0.29398,0.61921,0.04977,0.05093
1155,0,0,0.72199,0.71315,0.55328,0.45253
1155,1,1,0.33521,0.65283,0.30908,0.05294
1156,0,0,0.73334,0.67026,0.53123,0.33734
1157,0,2,0.56916,0.39583,0.1554,0.16393
1157,1,2,0.59734,0.51537,0.13661,0.05806
1157,2,2,0.10809,0.60758,0.19638,0.22541
1157,3,2,0.11834,0.40437,0.21004,0.16052
1158,0,3,0.82407,0.62211,0.1169,0.08681
1158,1,2,0.24214,0.64771,0.34836,0.27152
1158,2,2,0.19518,0.39327,0.13149,0.16223
1159,0,1,0.58298,0.83439,0.83195,0.07794
1159,1,1,0.43852,0.53074,0.23566,0.04781
1159,2,0,0.45389,0.65113,0.21175,0.39447
1159,3,0,0.83742,0.58974,0.32307,0.26145
1160,0,2,0.77322,0.76981,0.37227,0.43033
1160,1,2,0.25068,0.6221,0.48497,0.4696
1160,2,2,0.40437,0.30874,0.1332,0.1332
1160,3,2,0.58794,0.39925,0.16564,0.29372
1161,0,2,0.36851,0.84836,0.2015,0.24932
1161,1,0,0.72472,0.65896,0.54848,0.55357
1162,0,2,0.88876,0.77902,0.21935,0.23629
1163,0,2,0.52476,0.66991,0.69843,0.37739
1163,1,2,0.19604,0.42486,0.14686,0.09563
1163,2,2,0.94757,0.5044,0.10278,0.12492
1163,3,2,0.71943,0.35741,0.09392,0.08709
1164,0,2,0.77004,0.72928,0.44497,0.53668
1165,0,2,0.868,0.58794,0.26127,0.35007
1165,1,2,0.87568,0.81848,0.23566,0.3569
1165,2,3,0.56489,0.6682,0.10587,0.06318
1165,3,3,0.57684,0.59734,0.14003,0.06831
1165,4,2,0.64771,0.5333,0.15881,0.17589
1165,5,0,0.45475,0.56831,0.19296,0.33811
1166,0,4,0.5888,0.81848,0.11612,0.0666
1166,1,2,0.87943,0.46684,0.23905,0.16163
1167,0,1,0.52049,0.87654,0.9153,0.05635
1167,1,1,0.52257,0.62905,0.61574,0.02199
1167,2,0,0.81762,0.75529,0.32104,0.1554
1168,0,0,0.35827,0.68272,0.28347,0.31421
1168,1,0,0.59307,0.91411,0.11783,0.07001
1169,0,2,0.56831,0.7903,0.39276,0.34495
1169,1,0,0.6332,0.57172,0.09904,0.1127
1169,2,0,0.41462,0.53245,0.14686,0.18784
1170,0,2,0.77509,0.40247,0.44773,0.37872
1170,1,2,0.28484,0.53842,0.40642,0.40813
1170,2,2,0.50768,0.31045,0.14515,0.17418
1170,3,0,0.6776,0.55806,0.23566,0.33811
1171,0,3,0.70919,0.40949,0.43204,0.14686
1171,1,3,0.85706,0.65862,0.28379,0.26259
1171,2,3,0.19706,0.57984,0.39413,0.41408
1172,0,2,0.86645,0.46072,0.26501,0.18442
1172,1,4,0.51958,0.53375,0.04083,0.04583
1172,2,0,0.51917,0.36458,0.045,0.07083
1173,0,1,0.66991,0.60502,0.37398,0.04611
1173,1,1,0.64259,0.5444,0.3125,0.05464
1173,2,1,0.18323,0.59136,0.34665,0.05977
1173,3,1,0.42913,0.77152,0.25444,0.06148
1173,4,0,0.31557,0.71858,0.36202,0.56011
1175,0,2,0.1875,0.50171,0.36885,0.36544
1175,1,2,0.31728,0.62978,0.30055,0.47473
1175,2,2,0.75956,0.58026,0.40301,0.5123
1175,3,2,0.86304,0.41812,0.27184,0.16753
1175,4,2,0.44271,0.29693,0.08783,0.09957
1176,0,2,0.91854,0.82096,0.16084,0.29015
1177,0,0,0.89292,0.59891,0.21207,0.19783
1177,1,3,0.65856,0.42014,0.03356,0.02315
1177,2,4,0.48617,0.73568,0.05534,0.04557
1178,0,2,0.87328,0.8247,0.25135,0.33178
1179,0,1,0.25854,0.74295,0.51708,0.06737
1179,1,0,0.48036,0.57343,0.111,0.50205
1180,0,1,0.28964,0.83044,0.57928,0.0544
1180,1,1,0.34535,0.49783,0.21324,0.02981
1180,2,0,0.72643,0.61575,0.54506,0.49106
1181,0,1,0.49846,0.67757,0.99693,0.13998
1181,1,0,0.36083,0.70236,0.16906,0.33641
1181,2,0,0.43601,0.37798,0.06399,0.08631
1182,0,2,0.42059,0.33436,0.55157,0.16393
1182,1,3,0.18067,0.37363,0.21516,0.09904
1182,2,3,0.03979,0.28057,0.07001,0.04269
1182,3,3,0.22934,0.23105,0.09734,0.03245
1182,4,2,0.10553,0.58282,0.2015,0.2681
1183,0,2,0.92925,0.54492,0.13838,0.17815
1183,1,3,0.48811,0.24694,0.03736,0.01359
1183,2,0,0.07626,0.68173,0.14096,0.14266
1183,3,2,0.97425,0.41199,0.04837,0.06515
1185,0,3,0.93391,0.74855,0.13011,0.15556
1185,1,2,0.50427,0.67674,0.77698,0.43887
1186,0,3,0.84921,0.55721,0.08367,0.04611
1188,0,0,0.59221,0.62466,0.29713,0.51571
1188,1,1,0.50102,0.77584,0.99588,0.15529
1188,2,2,0.90471,0.41889,0.18784,0.11783
1189,0,2,0.80311,0.71858,0.38422,0.50205
1190,0,0,0.37278,0.63576,0.10417,0.33982
1190,1,0,0.41206,0.37961,0.07343,0.19638
1190,2,1,0.79798,0.81079,0.35348,0.0888
1190,3,1,0.56775,0.34559,0.34108,0.03134
1190,4,3,0.41326,0.33563,0.021,0.02186
1190,5,4,0.84279,0.36162,0.03472,0.0271
1190,6,4,0.88697,0.39775,0.0271,0.02033
1190,7,4,0.92268,0.40834,0.02117,0.02004
1190,8,4,0.96416,0.40527,0.06664,0.05647
1190,9,2,0.86609,0.58849,0.26574,0.31356
1191,0,0,0.20116,0.611,0.39959,0.51571
1191,1,1,0.59477,0.57258,0.66428,0.07001
1191,2,0,0.78961,0.51458,0.4187,0.25457
1192,0,3,0.92964,0.54886,0.13864,0.11821
1192,1,3,0.87398,0.43852,0.18784,0.07172
1192,2,2,0.74863,0.73333,0.50067,0.44617
1192,3,2,0.29252,0.76127,0.34324,0.26298
1192,4,2,0.42742,0.4445,0.26469,0.15881
1193,0,2,0.68443,0.4667,0.23566,0.13832
1193,1,2,0.75017,0.66393,0.18613,0.12295
1193,2,2,0.9211,0.68452,0.15572,0.24609
1193,3,0,0.70817,0.34442,0.10081,0.17305
1194,0,2,0.33521,0.63064,0.61988,0.36031
1195,0,0,0.67589,0.81079,0.22199,0.26298
1195,1,1,0.5,0.61868,0.99727,0.1554
1196,0,0,0.18152,0.56745,0.34665,0.40813
1197,0,2,0.23724,0.7239,0.45412,0.53254
1198,0,2,0.82376,0.46291,0.35039,0.25028
1198,1,2,0.65625,0.75956,0.24761,0.19467
1198,2,2,0.27117,0.54525,0.49522,0.4696
1199,0,2,0.79638,0.81949,0.38785,0.35893
1199,1,2,0.12773,0.73651,0.24249,0.29884
1200,0,3,0.48132,0.43461,0.09171,0.02887
1201,0,4,0.70607,0.80571,0.35553,0.25136
1201,1,0,0.58209,0.49774,0.1438,0.14946
1202,0,2,0.41808,0.38932,0.14431,0.06944
1202,1,0,0.54286,0.62587,0.0944,0.1454
1202,2,2,0.41753,0.49349,0.15191,0.04991
1202,3,2,0.25637,0.74595,0.25,0.15394
1203,0,2,0.09809,0.84595,0.19618,0.2081
1205,0,2,0.77156,0.72193,0.4548,0.43028
1206,0,0,0.19473,0.88628,0.10272,0.20833
1207,0,1,0.46376,0.90595,0.92752,0.08799
1207,1,0,0.61863,0.7134,0.3776,0.52517
1209,0,3,0.73294,0.64881,0.09272,0.04808
1209,1,0,0.76852,0.64757,0.44792,0.28588
1209,2,1,0.36285,0.6522,0.08796,0.03125
1209,3,1,0.58218,0.65625,0.09375,0.03472
1210,0,1,0.54264,0.95863,0.84375,0.08066
1210,1,0,0.74248,0.6088,0.4838,0.30093
1211,0,1,0.60073,0.83826,0.76236,0.12019
1211,1,0,0.74884,0.56771,0.47106,0.29514
1212,0,3,0.90309,0.52176,0.10138,0.03813
1212,1,1,0.79896,0.66171,0.4,0.07342
1212,2,0,0.34028,0.64525,0.42245,0.46181
1213,0,0,0.52279,0.76096,0.12804,0.09657
1213,1,0,0.74577,0.90202,0.18989,0.12261
1214,0,4,0.31597,0.65799,0.39931,0.36921
1214,1,4,0.73206,0.55961,0.34722,0.21181
1215,0,1,0.37568,0.90162,0.75136,0.13652
1215,1,0,0.74177,0.81507,0.16847,0.32665
1215,2,1,0.83115,0.61124,0.29578,0.04244
1216,0,2,0.89804,0.85975,0.1904,0.21316
1217,0,0,0.74756,0.58809,0.22891,0.46682
1217,1,0,0.57523,0.94046,0.04115,0.11188
1218,0,1,0.44334,0.73981,0.21406,0.06754
1218,1,0,0.8412,0.62309,0.31551,0.23923
1220,0,0,0.19859,0.80369,0.2961,0.38284
1220,1,1,0.68969,0.73277,0.23148,0.05916
1220,2,0,0.81957,0.7617,0.30864,0.25334
1221,0,1,0.43189,0.66884,0.19116,0.07212
1221,1,1,0.47253,0.91266,0.48077,0.09959
1221,2,3,0.95781,0.67622,0.08229,0.08229
1221,3,0,0.65625,0.49771,0.09959,0.07326
1222,0,0,0.75405,0.64236,0.47917,0.47454
1223,0,0,0.83542,0.68886,0.32708,0.22494
1224,0,3,0.55371,0.48806,0.07053,0.04557
1224,1,3,0.59754,0.5855,0.15113,0.06804
1224,2,3,0.40134,0.61433,0.07876,0.08892
1225,0,3,0.62794,0.25091,0.10417,0.10643
1225,1,3,0.51019,0.23109,0.0702,0.05322
1225,2,2,0.71552,0.3104,0.06825,0.07594
1226,0,0,0.79167,0.70544,0.41319,0.27662
1227,0,0,0.77025,0.75868,0.44676,0.30208
1228,0,4,0.81076,0.82523,0.37269,0.3287
1228,1,4,0.14699,0.64005,0.27199,0.26852
1229,0,3,0.65851,0.64946,0.32382,0.15399
1229,1,3,0.68116,0.76268,0.27174,0.13361
1230,0,0,0.33652,0.77199,0.08536,0.41088
1233,0,0,0.84684,0.65512,0.29589,0.27929
1234,0,3,0.36753,0.69022,0.30571,0.25815
1234,1,2,0.37682,0.79659,0.20418,0.04026
1235,0,3,0.23898,0.6132,0.16618,0.10296
1235,1,2,0.06075,0.58731,0.04094,0.10778
1236,0,3,0.81822,0.70433,0.16255,0.09272
1236,1,0,0.75868,0.64236,0.44444,0.5162
1237,0,2,0.44226,0.66418,0.19701,0.28759
1238,0,0,0.88484,0.61979,0.21528,0.15625
1243,0,1,0.56458,0.83783,0.86875,0.06918
1243,1,1,0.82292,0.65741,0.29051,0.04398
1243,2,0,0.84838,0.81597,0.27662,0.21528
1244,0,4,0.55831,0.31091,0.26381,0.19475
1244,1,4,0.37002,0.67034,0.74004,0.61946
1244,2,2,0.94132,0.76066,0.11528,0.2065
1245,0,1,0.18693,0.68173,0.10077,0.06454
1245,1,1,0.44848,0.73381,0.22985,0.04642
1245,2,1,0.8091,0.75023,0.26042,0.06341
1245,3,1,0.69758,0.62115,0.20947,0.05888
1245,4,1,0.87704,0.61945,0.13361,0.06227
1245,5,0,0.68164,0.73235,0.43388,0.50174
1246,0,0,0.11653,0.85085,0.1076,0.15224
1248,0,1,0.60568,0.85038,0.78655,0.15954
1248,1,1,0.53606,0.54579,0.12019,0.05037
1248,2,1,0.68544,0.55037,0.13507,0.05495
1248,3,0,0.30252,0.71128,0.25724,0.57535
1249,0,0,0.82442,0.62447,0.34907,0.23041
1250,0,1,0.86111,0.5544,0.27199,0.04398
1252,0,2,0.22996,0.68625,0.30005,0.37704
1252,1,0,0.64873,0.6412,0.13194,0.37269
1253,0,1,0.6606,0.84127,0.67567,0.16748
1254,0,1,0.7925,0.64624,0.41291,0.0932
1254,1,1,0.11017,0.81257,0.22034,0.0678
1254,2,1,0.35677,0.69361,0.70992,0.14493
1254,3,0,0.66319,0.6794,0.53125,0.38426
1255,0,1,0.68569,0.58435,0.20607,0.0668
1255,1,0,0.33356,0.53963,0.12455,0.11549
1255,2,0,0.52887,0.78136,0.23437,0.31363
1255,3,0,0.23788,0.80118,0.35666,0.38949
1255,4,0,0.72917,0.66898,0.52662,0.37963
1256,0,0,0.74595,0.67708,0.49306,0.38426
1256,1,1,0.62882,0.61567,0.74028,0.06699
1256,2,1,0.50417,0.93503,0.98957,0.12417
1257,0,2,0.55454,0.80611,0.17296,0.19163
1257,1,2,0.43858,0.59532,0.09237,0.14937
1258,0,0,0.41204,0.68924,0.10995,0.43171
1259,0,1,0.54456,0.70428,0.87731,0.07523
1259,1,0,0.78646,0.46817,0.28472,0.18634
1259,2,1,0.89352,0.47975,0.18866,0.05671
1260,0,1,0.82665,0.63587,0.28646,0.07699
1260,1,0,0.83044,0.72685,0.32407,0.26157
1261,0,1,0.29977,0.85185,0.35532,0.09722
1261,1,0,0.85856,0.66789,0.28079,0.17607
1263,0,2,0.33809,0.62341,0.19475,0.11775
1263,1,2,0.87477,0.93478,0.24683,0.12455
1263,2,2,0.74711,0.66493,0.17824,0.12384
1264,0,1,0.35168,0.77683,0.32835,0.07586
1264,1,0,0.83275,0.81019,0.31019,0.22685
1265,0,1,0.80627,0.91214,0.33401,0.09511
1265,1,0,0.76736,0.59491,0.4456,0.2963
1266,0,3,0.88666,0.68625,0.1438,0.09171
1267,0,0,0.85316,0.499,0.29056,0.22498
1268,0,3,0.26353,0.73907,0.25872,0.18173
1270,0,0,0.2853,0.65567,0.36343,0.54051
1271,0,3,0.84595,0.67214,0.29881,0.16271
1271,1,3,0.41864,0.38207,0.092,0.05703
1271,2,3,0.29053,0.43073,0.11405,0.05246
1271,3,3,0.37074,0.33113,0.08136,0.03422
1272,0,2,0.92132,0.548,0.15423,0.16845
1272,1,0,0.31658,0.46773,0.15172,0.2389
1272,2,2,0.77231,0.37942,0.1755,0.13247
1275,0,1,0.64663,0.58945,0.16418,0.04529
1275,1,0,0.86169,0.68634,0.24537,0.18287
1277,0,2,0.25957,0.82232,0.27137,0.35223
1277,1,2,0.62612,0.64621,0.37054,0.16071
1278,0,1,0.67473,0.86122,0.33378,0.06384
1278,1,1,0.22278,0.85338,0.2677,0.0728
1278,2,0,0.79514,0.614,0.40394,0.28356
1279,0,3,0.32284,0.45675,0.04156,0.04286
1279,1,2,0.62113,0.46328,0.09539,0.08301
1279,2,2,0.47164,0.64815,0.74769,0.26157
1281,0,2,0.29514,0.59491,0.36921,0.37037
1283,0,2,0.1603,0.68519,0.2037,0.40278
1284,0,1,0.78935,0.77778,0.39468,0.10185
1284,1,0,0.90799,0.45544,0.15972,0.14005
1285,0,0,0.79977,0.65162,0.36921,0.24074
1286,0,0,0.7028,0.757,0.39518,0.48391
1287,0,1,0.41207,0.76602,0.72245,0.14001
1287,1,0,0.77836,0.60069,0.42361,0.33102
1288,0,3,0.33087,0.68705,0.2509,0.10753
1288,1,3,0.52968,0.62097,0.20945,0.10529
1290,0,2,0.90342,0.5286,0.0572,0.02649
1290,1,3,0.90493,0.5277,0.0578,0.02469
1290,2,3,0.93202,0.55238,0.07707,0.0283
1290,3,3,0.65204,0.60597,0.08068,0.05479
1290,4,0,0.63668,0.68124,0.06924,0.11982
1290,5,0,0.73031,0.55088,0.04817,0.08791
1290,6,0,0.67943,0.49127,0.03191,0.06382
1290,7,3,0.42135,0.83958,0.17604,0.10625
1291,0,3,0.74754,0.60977,0.11425,0.07841
1291,1,1,0.40087,0.60137,0.2677,0.06832
1291,2,1,0.6456,0.59074,0.70671,0.04259
1292,0,1,0.60865,0.52632,0.20385,0.09073
1292,1,1,0.34543,0.54704,0.31362,0.08737
1292,2,1,0.10517,0.56832,0.16241,0.07168
1294,0,0,0.5532,0.76714,0.21617,0.39315
1294,1,0,0.88889,0.69502,0.21412,0.2581
1295,0,4,0.4636,0.55208,0.38866,0.24978
1295,1,2,0.41711,0.81026,0.30242,0.20609
1296,0,2,0.64729,0.69881,0.36178,0.38418
1296,1,1,0.47088,0.43896,0.11873,0.04592
1298,0,4,0.72951,0.74557,0.53889,0.46335
1298,1,4,0.13976,0.583,0.27951,0.36178
1299,0,0,0.39525,0.54688,0.05093,0.3669
1300,0,2,0.25694,0.63484,0.50347,0.55903
1301,0,0,0.49706,0.41553,0.05043,0.03681
1301,1,2,0.8403,0.38585,0.03838,0.02076
1301,2,0,0.12558,0.489,0.23843,0.22569
1301,3,1,0.35041,0.61974,0.70081,0.11911
1302,0,3,0.39023,0.4412,0.39651,0.14001
1303,0,1,0.22222,0.61817,0.19937,0.0504
1303,1,1,0.41823,0.61537,0.18369,0.06048
1303,2,3,0.61425,0.61425,0.10305,0.06272
1303,3,1,0.17966,0.66801,0.10305,0.0448
1303,4,1,0.40759,0.67137,0.19601,0.03808
1303,5,0,0.7259,0.74854,0.36037,0.47624
1305,0,1,0.77946,0.73914,0.13105,0.05712
1305,1,1,0.93877,0.73331,0.12037,0.05219
1305,2,0,0.63567,0.79192,0.37809,0.39352
1306,0,1,0.84722,0.78898,0.2733,0.07616
1306,1,1,0.49608,0.79458,0.18257,0.06272
1307,0,1,0.53877,0.58738,0.90046,0.17477
1307,1,1,0.58565,0.36169,0.24653,0.02894
1307,2,0,0.73148,0.53762,0.47569,0.3206
1309,0,4,0.75984,0.45775,0.31713,0.40625
1309,1,4,0.20486,0.41956,0.33912,0.28819
1310,0,1,0.72842,0.69699,0.54107,0.10586
1310,1,0,0.46123,0.55729,0.07407,0.42245
1311,0,0,0.31887,0.56829,0.13889,0.47222
1313,0,3,0.25152,0.55697,0.26259,0.20725
1313,1,2,0.69206,0.46908,0.09549,0.07053
1313,2,1,0.65552,0.36752,0.07409,0.02201
1313,3,4,0.94736,0.56498,0.1032,0.1059
1314,0,2,0.70312,0.79687,0.59028,0.37153
1315,0,1,0.64703,0.66059,0.15299,0.04991
1315,1,1,0.96324,0.64882,0.07144,0.03072
1315,2,0,0.83333,0.6713,0.30208,0.18981
1316,0,2,0.57758,0.6199,0.20291,0.18121
1316,1,2,0.48335,0.44586,0.05242,0.03715
1316,2,0,0.67535,0.71991,0.32176,0.5
1317,0,0,0.73275,0.60525,0.07704,0.04774
1317,1,1,0.36111,0.69586,0.51215,0.03581
1317,2,0,0.69354,0.78228,0.47582,0.41538
1318,0,1,0.57812,0.7691,0.17578,0.06076
1318,1,1,0.92635,0.75531,0.14523,0.05273
1318,2,0,0.92038,0.51033,0.15716,0.13785
1319,0,0,0.24826,0.74251,0.48177,0.29839
1319,1,3,0.09104,0.54957,0.18207,0.08531
1319,2,1,0.48698,0.47993,0.75738,0.06619
1319,3,0,0.56673,0.44846,0.09657,0.0944
1319,4,1,0.57161,0.57595,0.8138,0.09983
1319,5,4,0.20378,0.42459,0.07812,0.04232
1319,6,1,0.49186,0.41374,0.54362,0.04232
1320,0,2,0.90898,0.83724,0.17995,0.25131
1320,1,3,0.78537,0.50326,0.0651,0.05208
1320,2,2,0.83513,0.63743,0.09762,0.1178
1321,0,1,0.55208,0.41862,0.30382,0.06076
1322,0,3,0.06742,0.69505,0.13484,0.09138
1324,0,2,0.75783,0.87979,0.35132,0.20833
1325,0,1,0.50977,0.5727,0.07595,0.02821
1325,1,1,0.83249,0.64988,0.33294,0.05888
1325,2,1,0.77452,0.48481,0.14106,0.03689
1326,0,3,0.86476,0.60453,0.0722,0.06034
1327,0,1,0.25957,0.74304,0.12398,0.04133
1327,1,1,0.44724,0.74219,0.05548,0.0351
1327,2,1,0.53952,0.74106,0.11549,0.04303
1327,3,1,0.82176,0.73558,0.35439,0.07319
1328,0,0,0.75752,0.68519,0.4537,0.33565
1329,0,2,0.57303,0.77514,0.24117,0.16304
1329,1,2,0.30922,0.84986,0.24796,0.29438
1329,2,2,0.85817,0.83175,0.28157,0.31704
1329,3,2,0.5736,0.93139,0.22645,0.12908
1330,0,0,0.07986,0.68634,0.15625,0.15741
1330,1,3,0.6956,0.3831,0.08449,0.09491
1331,0,0,0.77894,0.73032,0.4294,0.31944
1331,1,1,0.64815,0.75231,0.60764,0.02083
1331,2,0,0.10648,0.77315,0.1956,0.22685
1332,0,4,0.17584,0.61604,0.35168,0.75971
1332,1,4,0.68791,0.61984,0.62038,0.75824
1333,0,1,0.19769,0.47622,0.11096,0.0385
1333,1,1,0.4615,0.49943,0.40761,0.08718
1333,2,1,0.79986,0.39538,0.39819,0.06023
1333,3,1,0.44677,0.39469,0.2049,0.05723
1333,4,1,0.83433,0.46515,0.32093,0.04213
1334,0,2,0.20602,0.7147,0.40856,0.30671
1334,1,2,0.37847,0.42477,0.14236,0.07176
1335,0,4,0.14236,0.57234,0.26968,0.4294
1335,1,4,0.7419,0.58623,0.29745,0.38542
1336,0,1,0.62384,0.74942,0.40625,0.06597
1336,1,1,0.84433,0.61053,0.30787,0.04745
1336,2,1,0.52083,0.52662,0.09144,0.03241
1336,3,1,0.96331,0.72286,0.0713,0.04063
1336,4,0,0.78067,0.7228,0.41898,0.3669
1337,0,0,0.37616,0.61748,0.35532,0.25347
1338,0,2,0.72917,0.72859,0.45718,0.35532
1338,1,2,0.20023,0.71701,0.38773,0.5544
1338,2,3,0.72135,0.39149,0.08066,0.03653
1339,0,2,0.13193,0.62872,0.24325,0.11848
1339,1,4,0.42907,0.71677,0.28671,0.33036
1343,0,1,0.36017,0.69192,0.57405,0.07812
1343,1,0,0.72931,0.76186,0.41956,0.43981
1344,0,4,0.08949,0.86932,0.1733,0.25568
1346,0,1,0.851,0.7389,0.11549,0.04529
1346,1,1,0.39697,0.88157,0.57971,0.07926
1346,2,1,0.4632,0.61039,0.37024,0.04189
1346,3,0,0.75868,0.68576,0.47917,0.40394
1348,0,1,0.77287,0.55831,0.32382,0.08718
1348,1,1,0.49207,0.54812,0.17663,0.0668
1348,2,3,0.93007,0.84315,0.13777,0.14056
1349,0,1,0.44622,0.55265,0.28193,0.06227
1350,0,0,0.64366,0.67628,0.21635,0.19002
1350,1,1,0.68268,0.55311,0.10211,0.03181
1350,2,1,0.55311,0.48486,0.05542,0.01847
1350,3,1,0.793,0.50821,0.1329,0.03028
1350,4,1,0.70577,0.47409,0.05901,0.0236
1351,0,4,0.52242,0.82914,0.79572,0.30237
1352,0,0,0.80787,0.55324,0.3669,0.25463
1352,1,1,0.59664,0.57928,0.54398,0.05903
1352,2,1,0.58507,0.48727,0.16667,0.03935
1353,0,3,0.60247,0.45471,0.13474,0.07699
1354,0,1,0.72758,0.66531,0.48234,0.10643
1354,1,1,0.30752,0.63644,0.13361,0.05774
1354,2,1,0.09035,0.62453,0.18071,0.08382
1355,0,2,0.35337,0.64889,0.21626,0.16418
1355,1,1,0.87969,0.60517,0.23854,0.08806
1355,2,1,0.52434,0.60983,0.11662,0.04303
1356,0,3,0.29393,0.54416,0.53442,0.27853
1357,0,4,0.49769,0.62269,0.96644,0.49306
1358,0,2,0.77514,0.71739,0.44611,0.55027
1359,0,3,0.75192,0.53793,0.11436,0.07812
1359,1,3,0.81476,0.65172,0.13361,0.1019
1359,2,1,0.2209,0.46264,0.3476,0.07699
1359,3,3,0.56397,0.33469,0.07133,0.04076
1359,4,1,0.92328,0.50658,0.15136,0.06978
1359,5,1,0.54246,0.47283,0.22758,0.09511
1359,6,2,0.73607,0.36526,0.1755,0.12681
1360,0,2,0.45131,0.55548,0.28759,0.1404
1360,1,2,0.34149,0.78702,0.24004,0.28646
1360,2,2,0.11843,0.94271,0.1087,0.11096
1360,3,0,0.43829,0.37036,0.05548,0.10077
1363,0,2,0.13394,0.92067,0.26789,0.14824
1365,0,1,0.83723,0.66305,0.32346,0.14041
1365,1,1,0.23732,0.65229,0.10643,0.05322
1365,2,0,0.74479,0.66088,0.49537,0.37963
1365,3,1,0.58102,0.73032,0.12616,0.05093
1366,0,4,0.58977,0.56373,0.12766,0.096
1366,1,4,0.70389,0.73734,0.23233,0.21038
1366,2,3,0.2212,0.56036,0.1201,0.0913
1366,3,0,0.62095,0.56076,0.3287,0.51042
1368,0,0,0.04256,0.39547,0.08297,0.07112
1368,1,0,0.51455,0.64871,0.10022,0.08405
1368,2,2,0.75245,0.63879,0.49197,0.33146
1368,3,0,0.44289,0.44935,0.06466,0.0625
1368,4,2,0.69289,0.83513,0.19181,0.18103
1368,5,2,0.37931,0.5361,0.07866,0.06573
1369,0,0,0.50174,0.29572,0.0625,0.34838
1370,0,1,0.65544,0.73842,0.68704,0.06711
1370,1,0,0.83681,0.7228,0.29745,0.29514
1371,0,4,0.22543,0.81363,0.4495,0.36232
1372,0,3,0.75928,0.82892,0.27174,0.18456
1372,1,3,0.96291,0.76773,0.0721,0.13465
1373,0,1,0.51181,0.93611,0.97413,0.12569
1373,1,0,0.73003,0.67795,0.53675,0.46296
1374,0,1,0.62097,0.68864,0.75598,0.17347
1374,1,0,0.24666,0.67876,0.21476,0.59671
1375,0,0,0.51678,0.57986,0.11806,0.49537
1378,0,3,0.19599,0.57416,0.14832,0.11889
1378,1,3,0.51084,0.31157,0.09347,0.06045
1379,0,0,0.77257,0.53356,0.44444,0.27778
1380,0,4,0.48617,0.71403,0.89193,0.51921
1381,0,3,0.46207,0.78533,0.20494,0.14946
1381,1,3,0.56114,0.47339,0.13361,0.07133
1381,2,3,0.83345,0.8493,0.32722,0.25476
1381,3,3,0.6438,0.59058,0.15851,0.07473
1381,4,3,0.78702,0.4615,0.13021,0.08152
1381,5,3,0.62002,0.38281,0.05661,0.02378
1382,0,2,0.48755,0.61549,0.14946,0.09511
1382,1,1,0.4349,0.94554,0.21852,0.10303
1382,2,0,0.58333,0.60995,0.31366,0.4537
1382,3,2,0.20544,0.66319,0.3588,0.25926
1383,0,3,0.63247,0.59115,0.1019,0.07133
1383,1,3,0.74343,0.59567,0.09964,0.06907
1383,2,3,0.52038,0.51302,0.06793,0.03284
1383,3,3,0.91044,0.6087,0.15965,0.09737
1383,4,3,0.76042,0.52208,0.07699,0.03057
1384,0,4,0.64096,0.66361,0.50159,0.64878
1386,0,0,0.71007,0.4485,0.36343,0.27662
1386,1,0,0.2419,0.52025,0.37616,0.14931
1386,2,0,0.17159,0.87471,0.27344,0.21701
1388,0,0,0.42301,0.72758,0.13361,0.13361
1388,1,0,0.08503,0.89855,0.11209,0.1404
1388,2,2,0.73552,0.63629,0.21784,0.15397
1388,3,2,0.93797,0.78969,0.12093,0.21898
1388,4,2,0.2411,0.62146,0.20073,0.15397
1390,0,2,0.36924,0.75321,0.36348,0.43551
1391,0,0,0.71933,0.64815,0.47917,0.32639
1391,1,3,0.73785,0.63773,0.11806,0.06481
1391,2,1,0.43287,0.59896,0.38542,0.03356
1392,0,3,0.74343,0.66418,0.23324,0.20607
1392,1,4,0.25374,0.48811,0.2072,0.14606
1393,0,0,0.74306,0.61169,0.46875,0.54051
1393,1,1,0.84549,0.59028,0.29398,0.04398
1393,2,1,0.7228,0.50521,0.09028,0.0706
1393,3,1,0.6059,0.39178,0.06713,0.04282
1394,0,1,0.8293,0.62811,0.33931,0.10902
1394,1,2,0.48245,0.68909,0.17097,0.17663
1394,2,0,0.64873,0.56424,0.36343,0.51505
1395,0,0,0.24945,0.76948,0.47923,0.42554
1396,0,3,0.25713,0.58662,0.22079,0.13247
1396,1,3,0.35904,0.47679,0.1053,0.05095
1397,0,1,0.62905,0.65046,0.31713,0.08102
1397,1,0,0.77025,0.65278,0.43287,0.3287
1397,2,1,0.91586,0.64343,0.1662,0.06233
1399,0,3,0.59529,0.83327,0.66839,0.33139
1399,1,3,0.38111,0.50736,0.21286,0.08039
1399,2,3,0.88535,0.47751,0.22722,0.13845
1399,3,3,0.43659,0.40829,0.16078,0.05888
1399,4,3,0.5317,0.36696,0.11775,0.07133
1399,5,3,0.79477,0.61414,0.40838,0.24414
1400,0,2,0.86394,0.85815,0.13246,0.06044
1400,1,2,0.6331,0.79321,0.08745,0.11317
1400,2,2,0.4865,0.62539,0.15432,0.10417
1401,0,4,0.64696,0.54687,0.16047,0.09291
1401,1,0,0.14231,0.50507,0.12078,0.14443
1402,0,1,0.51186,0.854,0.71646,0.05674
1402,1,0,0.86712,0.81504,0.24644,0.23628
1402,2,0,0.64651,0.62661,0.1372,0.1643
1403,0,1,0.82355,0.61158,0.35289,0.31569
1404,0,3,0.84705,0.64509,0.29656,0.40391
1404,1,3,0.46652,0.49787,0.18814,0.19026
1404,2,3,0.41869,0.34322,0.05634,0.03401
1404,3,3,0.21886,0.67751,0.13499,0.23703
1405,0,2,0.17586,0.5988,0.35172,0.15636
1406,0,1,0.6964,0.80686,0.51107,0.38628
1406,1,0,0.45589,0.83376,0.1031,0.03614
1406,2,0,0.06505,0.83638,0.1301,0.03297
1406,3,0,0.19494,0.63924,0.08291,0.01701
1406,4,0,0.76201,0.65625,0.07759,0.01276
1407,0,0,0.5271,0.65094,0.92368,0.08078
1407,1,0,0.39583,0.54358,0.39966,0.05102
1407,2,0,0.53773,0.38148,0.48788,0.04145
1407,3,0,0.79071,0.53348,0.3497,0.03508
1407,4,0,0.66688,0.43144,0.2381,0.04145
1407,5,1,0.8311,0.46971,0.18176,0.10523
1407,6,1,0.6233,0.33897,0.14881,0.08397
1407,7,1,0.86086,0.38095,0.10523,0.03401
1407,8,3,0.2449,0.45695,0.05952,0.10098
1408,0,4,0.38536,0.65671,0.77072,0.68451
1409,0,1,0.55049,0.4713,0.60906,0.06378
1409,1,1,0.42719,0.35916,0.26467,0.03295
1409,2,0,0.25234,0.64403,0.19133,0.68771
1409,3,1,0.18059,0.51169,0.10736,0.05952
1410,0,3,0.52976,0.50266,0.07866,0.05208
1410,1,3,0.7567,0.54252,0.23916,0.09991
1410,2,3,0.79549,0.75935,0.26573,0.26573
1410,3,3,0.46971,0.64775,0.1031,0.07228
1410,4,3,0.18484,0.7737,0.26042,0.31356
1410,5,3,0.92836,0.58078,0.0659,0.08291
1411,0,3,0.42134,0.51594,0.10204,0.09141
1411,1,3,0.58875,0.52976,0.09885,0.10629
1411,2,3,0.43197,0.27041,0.05527,0.08929
1412,0,2,0.5861,0.68601,0.17432,0.34226
1412,1,3,0.1689,0.75085,0.17113,0.08716
1413,0,3,0.60332,0.55293,0.08977,0.04234
1413,1,3,0.71511,0.51948,0.12195,0.02795
1413,2,3,0.65964,0.48603,0.11772,0.04234
1413,3,3,0.90481,0.60078,0.16938,0.11094
1415,0,3,0.57759,0.5946,0.28061,0.08716
1415,1,0,0.71684,0.60364,0.55272,0.40497
1416,0,3,0.38999,0.54252,0.19664,0.10629
1416,1,0,0.55527,0.67963,0.2551,0.321
1416,2,1,0.80506,0.54517,0.37415,0.0372
1417,0,0,0.83004,0.68601,0.3327,0.28912
1417,1,1,0.52551,0.86511,0.85672,0.06696
1418,0,0,0.45057,0.78274,0.19877,0.38478
1418,1,0,0.79071,0.64137,0.38159,0.29337
1418,2,0,0.52657,0.45483,0.15944,0.12649
1419,0,3,0.88212,0.84226,0.17751,0.15731
1419,1,3,0.27094,0.4899,0.19877,0.15412
1419,2,2,0.49043,0.68176,0.20621,0.39541
1420,0,1,0.63818,0.65519,0.55485,0.04039
1420,1,0,0.81622,0.60895,0.3327,0.23491
1421,0,2,0.84279,0.65944,0.30506,0.30612
1421,1,2,0.37085,0.60364,0.24766,0.36671
1422,0,4,0.49714,0.66593,0.98988,0.66606
1423,0,0,0.57279,0.65144,0.84928,0.04996
1423,1,1,0.71281,0.74098,0.5723,0.51597
1424,0,1,0.75794,0.62896,0.28383,0.05891
1424,1,0,0.7328,0.75624,0.41004,0.48544
1424,2,1,0.43476,0.67361,0.46507,0.04314
1425,0,1,0.38835,0.80475,0.68445,0.38841
1425,1,0,0.86689,0.8951,0.2598,0.18981
1426,0,0,0.68227,0.63074,0.60055,0.02764
1426,1,1,0.87362,0.63074,0.22003,0.17857
1427,0,3,0.6031,0.42028,0.10204,0.09141
1427,1,3,0.30176,0.55899,0.55804,0.22003
1430,0,1,0.76861,0.64276,0.46069,0.30041
1431,0,2,0.85162,0.75384,0.27464,0.44258
1433,0,3,0.38361,0.44951,0.17113,0.04996
1433,1,3,0.27838,0.54305,0.27955,0.12011
1433,2,3,0.13999,0.78147,0.27997,0.17817
1433,3,3,0.05602,0.62512,0.11203,0.0495
1434,0,0,0.51913,0.71365,0.78231,0.05952
1434,1,1,0.79018,0.64881,0.40816,0.3125
1434,2,0,0.45057,0.46014,0.11586,0.04783
1435,0,1,0.36789,0.67361,0.47087,0.04488
1435,1,1,0.7909,0.66938,0.34129,0.03642
1435,2,0,0.71862,0.77469,0.55552,0.40832
1436,0,1,0.74341,0.58875,0.47406,0.31781
1436,1,4,0.45217,0.68229,0.05527,0.05846
1437,0,0,0.84917,0.5388,0.29443,0.03082
1437,1,1,0.76963,0.57528,0.46074,0.33338
1437,2,3,0.84705,0.93686,0.2094,0.07866
1438,0,2,0.74819,0.6791,0.36671,0.43048
1438,1,2,0.32515,0.70355,0.29443,0.35821
1439,0,1,0.22045,0.43835,0.13393,0.16794
1440,0,3,0.89009,0.68017,0.20408,0.09885
1440,1,1,0.76626,0.64296,0.44111,0.43474
1441,0,3,0.21221,0.27041,0.1706,0.05102
1442,0,3,0.88155,0.39551,0.23377,0.12903
1443,0,1,0.75989,0.59194,0.45387,0.30081
1443,1,2,0.52604,0.8226,0.83865,0.15412
1444,0,1,0.76573,0.76839,0.45706,0.33907
1444,1,0,0.26031,0.8327,0.19026,0.04677
1445,0,0,0.55687,0.75191,0.83865,0.03614
1445,1,1,0.84727,0.46567,0.30338,0.17157
1445,2,2,0.45429,0.61533,0.34439,0.22215
1446,0,1,0.58291,0.50957,0.08929,0.0372
1446,1,0,0.76786,0.75616,0.39753,0.44537
1446,2,3,0.86938,0.61104,0.04574,0.03182
1446,3,3,0.69158,0.57449,0.03026,0.02462
1447,0,4,0.49948,0.6209,0.99896,0.75612
1448,0,3,0.14084,0.52604,0.25499,0.1888
1449,0,2,0.8563,0.84036,0.28531,0.3172
1450,0,2,0.81489,0.68286,0.35873,0.16163
1451,0,3,0.14371,0.54935,0.28741,0.17553
1451,1,3,0.90285,0.50478,0.15306,0.14349
1451,2,4,0.59567,0.54928,0.80658,0.30473
1452,0,1,0.24275,0.73037,0.2307,0.5383
1453,0,2,0.42784,0.69748,0.7487,0.49479
1454,0,1,0.80212,0.47396,0.39264,0.38411
1454,1,2,0.18702,0.56108,0.37404,0.45699
1455,0,2,0.80373,0.50558,0.36511,0.49267
1455,1,2,0.15482,0.57414,0.27264,0.41295
1456,0,3,0.59134,0.66194,0.14393,0.17091
1456,1,2,0.28558,0.73931,0.39907,0.38509
1456,2,2,0.83132,0.68987,0.33527,0.37548
1456,3,3,0.59991,0.47502,0.07866,0.07972
1457,0,3,0.17714,0.90258,0.11001,0.05421
1457,1,0,0.79656,0.79815,0.27423,0.3683
1457,2,0,0.43327,0.38715,0.03472,0.00868
1458,0,0,0.62965,0.74447,0.72279,0.07653
1458,1,0,0.47768,0.56643,0.21684,0.0202
1458,2,0,0.47502,0.5271,0.04145,0.03508
1458,3,1,0.76361,0.58716,0.37415,0.20833
1459,0,4,0.76068,0.52152,0.06537,0.04305
1459,1,0,0.94723,0.59487,0.09407,0.06856
1459,2,2,0.76465,0.81778,0.40494,0.36132
1459,3,2,0.20536,0.75741,0.41071,0.22783
1460,0,1,0.60541,0.72133,0.18707,0.4156
1460,1,4,0.43782,0.57334,0.0372,0.08291
1461,0,2,0.61309,0.84747,0.7568,0.30506
1462,0,2,0.27593,0.72081,0.54905,0.39605
1462,1,0,0.7365,0.67963,0.43048,0.09141
1463,0,1,0.79868,0.65731,0.37628,0.28274
1463,1,0,0.84328,0.95761,0.29337,0.07972
1463,2,0,0.45004,0.6419,0.21684,0.05208
1463,3,4,0.75829,0.63074,0.0574,0.0574
1464,0,1,0.12851,0.61214,0.24128,0.29018
1465,0,4,0.17215,0.88023,0.34429,0.23746
1465,1,3,0.05225,0.63241,0.10449,0.09109
1466,0,0,0.77742,0.62543,0.43793,0.26573
1467,0,2,0.79443,0.65147,0.37628,0.44324
1467,1,1,0.47236,0.4325,0.24235,0.10098
1467,2,2,0.28901,0.69398,0.25616,0.3497
1468,0,0,0.86618,0.64243,0.25616,0.27317
1468,1,1,0.4256,0.56378,0.14881,0.05421
1469,0,1,0.62724,0.75013,0.74343,0.10484
1469,1,1,0.66794,0.60576,0.62287,0.04996
1469,2,0,0.80825,0.70886,0.35077,0.34758
1470,0,1,0.47927,0.44101,0.56229,0.10523
1470,1,0,0.35119,0.36554,0.12117,0.19877
1470,2,0,0.25659,0.62861,0.14031,0.31037
1471,0,3,0.3573,0.65864,0.22481,0.21843
1471,1,3,0.32621,0.47768,0.22003,0.17538
1472,0,0,0.35013,0.76998,0.09779,0.45281
1472,1,1,0.2263,0.81781,0.31781,0.06165
1473,0,1,0.48937,0.87574,0.62925,0.04571
1473,1,0,0.89009,0.78168,0.19133,0.20621
1474,0,1,0.29432,0.5861,0.29443,0.03827
1474,1,1,0.41603,0.64403,0.20196,0.03933
1474,2,1,0.68389,0.60682,0.23597,0.04783
1474,3,0,0.5315,0.75586,0.22668,0.4862
1475,0,2,0.75935,0.70514,0.36352,0.41879
1476,0,3,0.39955,0.50903,0.10098,0.14775
1476,1,1,0.68761,0.46705,0.5389,0.06165
1476,2,0,0.41656,0.36554,0.0861,0.14562
1476,3,3,0.35172,0.66847,0.0946,0.15838
1477,0,0,0.55687,0.65306,0.1605,0.03189
1477,1,3,0.81569,0.65678,0.09354,0.02657
1477,2,0,0.81675,0.72056,0.33376,0.12011
1477,3,1,0.68971,0.71843,0.41773,0.54741
1478,0,0,0.57914,0.66369,0.80463,0.11267
1478,1,1,0.73043,0.61027,0.48424,0.66271
1479,0,3,0.45483,0.78061,0.07122,0.04571
1479,1,3,0.39318,0.80665,0.04145,0.04252
1479,2,3,0.41559,0.47189,0.03101,0.01499
1479,3,3,0.51123,0.46008,0.04372,0.0169
1479,4,3,0.86784,0.83312,0.06619,0.04123
1480,0,0,0.85256,0.51961,0.29063,0.04773
1480,1,1,0.79177,0.65359,0.18389,0.44324
1481,0,4,0.21989,0.66276,0.43978,0.41233
1481,1,1,0.41298,0.38715,0.16341,0.12153
1481,2,2,0.91357,0.78979,0.17285,0.23887
1482,0,2,0.19175,0.68814,0.36777,0.45706
1483,0,1,0.602,0.67144,0.10525,0.15408
1484,0,2,0.56161,0.71325,0.4421,0.43288
1484,1,3,0.15561,0.4612,0.10629,0.03933
1485,0,3,0.7854,0.72268,0.09035,0.12011
1485,1,0,0.50425,0.83854,0.90561,0.05208
1485,2,1,0.80028,0.71312,0.39647,0.45387
1486,0,0,0.61161,0.72109,0.7398,0.10417
1486,1,1,0.19383,0.72481,0.15094,0.29656
1486,2,1,0.41071,0.58238,0.40604,0.06484
1486,3,3,0.53401,0.33259,0.39753,0.05421
1486,4,3,0.68707,0.37883,0.17007,0.03189
1486,5,3,0.95569,0.4678,0.08654,0.08654
1486,6,3,0.52666,0.53616,0.1318,0.0659
1487,0,4,0.49948,0.76196,0.99896,0.474
1488,0,3,0.86777,0.5186,0.15306,0.09673
1488,1,3,0.34641,0.60257,0.07972,0.08397
1488,2,3,0.90497,0.70993,0.15731,0.19664
1488,3,3,0.72481,0.5675,0.07759,0.14137
1489,0,0,0.41869,0.6504,0.49001,0.04571
1489,1,1,0.75776,0.70886,0.43261,0.31569
1490,0,0,0.52022,0.61095,0.0871,0.08953
1490,1,1,0.54252,0.71205,0.4932,0.02551
1490,2,0,0.60865,0.87837,0.19178,0.22634
1490,3,1,0.92479,0.71947,0.14775,0.12543
1490,4,0,0.75873,0.63479,0.10098,0.08716
1491,0,0,0.37347,0.61214,0.66114,0.05846
1491,1,1,0.38839,0.67645,0.55697,0.49532
1492,0,1,0.76755,0.72516,0.46282,0.45245
1493,0,2,0.81427,0.71397,0.25363,0.23612
1494,0,1,0.28316,0.91932,0.40816,0.12649
1494,1,1,0.88797,0.61214,0.19133,0.04145
1494,2,1,0.91902,0.66732,0.15989,0.04765
1494,3,0,0.82738,0.65678,0.31675,0.22853
1495,0,1,0.17339,0.81413,0.24414,0.27886
1495,1,1,0.60364,0.43622,0.1605,0.07866
1496,0,0,0.5659,0.78965,0.49532,0.07334
1496,1,2,0.19873,0.7842,0.39746,0.42951
1497,0,2,0.29353,0.87946,0.26626,0.23278
1497,1,0,0.37901,0.41808,0.2474,0.01411
1497,2,2,0.86272,0.69531,0.20886,0.30453
1497,3,2,0.39557,0.57414,0.37468,0.16103
1498,0,3,0.61083,0.36303,0.0724,0.03089
1499,0,1,0.75351,0.65306,0.4645,0.43793
1499,1,0,0.4966,0.94922,0.9932,0.06293
1500,0,0,0.28208,0.40753,0.13818,0.02764
1501,0,1,0.64106,0.65796,0.7158,0.07037
1501,1,0,0.87149,0.55899,0.19026,0.09991
1502,0,2,0.51356,0.74026,0.96788,0.5174
1503,0,4,0.76839,0.75191,0.28168,0.07015
1504,0,0,0.76542,0.62638,0.46707,0.35054
1505,0,0,0.59885,0.48316,0.18317,0.07057
1505,1,3,0.90166,0.45635,0.1946,0.13406
1507,0,0,0.62436,0.63818,0.48257,0.07228
1507,1,1,0.81144,0.60576,0.34864,0.23916
1508,0,0,0.44524,0.43676,0.11373,0.03508
1508,1,0,0.23639,0.71099,0.23384,0.04145
1508,2,1,0.75085,0.62755,0.42942,0.30825
1509,0,1,0.55793,0.66794,0.21152,0.5676
1509,1,1,0.15402,0.72162,0.19452,0.31994
1510,0,3,0.44685,0.57919,0.07866,0.05421
1511,0,2,0.70196,0.75882,0.49745,0.43686
1511,1,2,0.31399,0.79337,0.2381,0.3869
1512,0,2,0.67319,0.63169,0.25152,0.31335
1513,0,4,0.7276,0.67114,0.36836,0.32829
1513,1,4,0.13977,0.79156,0.27953,0.41479
1514,0,0,0.35332,0.69186,0.66327,0.04145
1514,1,1,0.39603,0.80741,0.50634,0.3831
1514,2,1,0.46487,0.62724,0.3041,0.10691
1515,0,3,0.81307,0.65047,0.37104,0.18083
1515,1,3,0.69717,0.49787,0.14775,0.09885
1515,2,2,0.31066,0.72407,0.23003,0.33312
1515,3,3,0.68973,0.80453,0.14987,0.09354
1515,4,3,0.92517,0.82207,0.1318,0.11586
1516,0,3,0.67538,0.50213,0.08291,0.03933
1516,1,3,0.6504,0.60736,0.15412,0.12861
1516,2,3,0.38839,0.54517,0.09566,0.06165
1517,0,4,0.57866,0.50691,0.24235,0.13605
1517,1,4,0.18842,0.65935,0.37684,0.56826
1519,0,1,0.16093,0.54836,0.26573,0.02976
1520,0,2,0.79656,0.85794,0.29337,0.22959
1521,0,3,0.59726,0.50638,0.21365,0.09673
1521,1,3,0.66954,0.74288,0.33907,0.15944
1521,2,3,0.27519,0.54145,0.10523,0.12649
1521,3,3,0.42666,0.53242,0.10842,0.04677
1521,4,3,0.78433,0.46864,0.08397,0.0574
1521,5,3,0.72906,0.38733,0.08822,0.04145
1521,6,3,0.62596,0.31558,0.04996,0.02551
1521,7,3,0.4915,0.27679,0.09354,0.03933
1521,8,3,0.43038,0.34269,0.10948,0.04145
1521,9,3,0.4341,0.40487,0.13818,0.04464
1522,0,3,0.41815,0.43463,0.33163,0.1318
1522,1,4,0.85554,0.50271,0.28683,0.51541
1522,2,2,0.24702,0.64431,0.49403,0.29297
1523,0,1,0.31665,0.54624,0.5878,0.14456
1523,1,0,0.7838,0.70142,0.29337,0.34014
1523,2,1,0.64031,0.36395,0.321,0.04358
1523,3,3,0.9172,0.37351,0.05208,0.02445
1523,4,0,0.56165,0.4426,0.13818,0.11373
1524,0,2,0.87909,0.82613,0.20868,0.31984
1524,1,2,0.65887,0.5603,0.18352,0.19715
1524,2,1,0.75849,0.44128,0.17093,0.02412
1524,3,1,0.69872,0.36367,0.1164,0.02831
1524,4,2,0.59438,0.40352,0.07341,0.09333
1524,5,2,0.43498,0.78576,0.19924,0.38171
1524,6,2,0.65048,0.80306,0.18981,0.28838
1525,0,4,0.31877,0.67698,0.20302,0.17432
1525,1,3,0.8986,0.44579,0.07015,0.03933
1525,2,2,0.20929,0.47183,0.31356,0.2551
1526,0,1,0.47024,0.54677,0.25298,0.0372
1526,1,1,0.33584,0.76152,0.64507,0.03925
1527,0,1,0.79762,0.65678,0.35927,0.03827
1527,1,1,0.5,0.897,0.98852,0.08503
1528,0,1,0.89457,0.65322,0.20878,0.05665
1528,1,1,0.49043,0.42347,0.29974,0.03295
1528,2,0,0.29911,0.52338,0.14031,0.14987
1528,3,2,0.57334,0.68389,0.30825,0.3412
1528,4,2,0.26456,0.74872,0.25404,0.26679
1528,5,2,0.82685,0.78114,0.14137,0.14668
1529,0,3,0.32409,0.61108,0.12649,0.0574
1529,1,3,0.43941,0.60417,0.08291,0.03508
1529,2,0,0.38574,0.53455,0.21577,0.0744
1529,3,1,0.7179,0.62011,0.42942,0.06059
1529,4,1,0.1317,0.57175,0.24766,0.05527
1531,0,3,0.62231,0.65491,0.14926,0.07646
1531,1,3,0.77423,0.77184,0.17219,0.06378
1531,2,3,0.80692,0.90258,0.10682,0.07015
1531,3,3,0.79416,0.8396,0.15147,0.06856
1531,4,3,0.93087,0.95928,0.08686,0.07832
1531,5,3,0.45297,0.67459,0.09407,0.07015
1531,6,3,0.54829,0.57975,0.24523,0.12478
1531,7,3,0.3007,0.61958,0.19133,0.10682
1531,8,3,0.30389,0.52471,0.16263,0.06378
1532,0,0,0.2821,0.81835,0.19345,0.33801
1532,1,1,0.46014,0.66103,0.20089,0.05102
1532,2,1,0.45057,0.55102,0.34758,0.03933
1532,3,0,0.79124,0.77211,0.39328,0.38372
1532,4,1,0.71365,0.56112,0.10204,0.02764
1533,0,0,0.80816,0.62641,0.37869,0.0944
1533,1,0,0.7939,0.83163,0.26467,0.28805
1534,0,3,0.33658,0.59088,0.07494,0.03029
1534,1,3,0.25526,0.49442,0.08769,0.02551
1534,2,3,0.48526,0.64661,0.05661,0.03014
1534,3,4,0.14684,0.73517,0.06856,0.03827
1534,4,4,0.62641,0.83746,0.11502,0.12804
1535,0,0,0.59924,0.44172,0.12416,0.09375
1536,0,0,0.84144,0.71267,0.31504,0.28212
1536,1,3,0.10406,0.81091,0.07759,0.06165
1537,0,2,0.7427,0.74785,0.51252,0.50221
1538,0,1,0.46705,0.4426,0.57185,0.05208
1538,1,1,0.48724,0.40115,0.53571,0.0202
1538,2,1,0.47927,0.34428,0.36884,0.03827
1538,3,0,0.79018,0.4899,0.36352,0.33376
1538,4,3,0.40646,0.57122,0.16156,0.14775
1538,5,0,0.15455,0.45908,0.30825,0.23597
1538,6,1,0.57387,0.55102,0.31356,0.03933
1539,0,4,0.49891,0.65788,0.99284,0.67817
1540,0,0,0.8327,0.61373,0.27423,0.2179
1540,1,1,0.19175,0.52237,0.13818,0.09673
1541,0,0,0.45217,0.67166,0.62713,0.04464
1541,1,1,0.78748,0.69026,0.3986,0.37946
1541,2,0,0.91583,0.75928,0.16626,0.0732
1543,0,1,0.76626,0.49309,0.43899,0.06803
1543,1,0,0.60521,0.42185,0.22747,0.04889
1543,2,3,0.94187,0.43089,0.11418,0.04567
1543,3,0,0.61318,0.37404,0.22853,0.02976
1543,4,0,0.61001,0.31293,0.25616,0.03295
1543,5,1,0.62591,0.67605,0.15306,0.33801
1543,6,1,0.7838,0.69983,0.26148,0.33695
1543,7,0,0.15603,0.87598,0.30707,0.23329
1543,8,3,0.92101,0.51573,0.08138,0.03147
1544,0,1,0.42985,0.5372,0.33801,0.03508
1544,1,0,0.5372,0.43038,0.09566,0.15944
1544,2,0,0.66156,0.728,0.17007,0.33163
1545,0,1,0.45536,0.79974,0.86097,0.04996
1545,1,3,0.92592,0.78422,0.14607,0.07843
1545,2,0,0.70196,0.64509,0.25298,0.26361
1545,3,0,0.93549,0.87952,0.12693,0.09471
1545,4,1,0.29911,0.59035,0.1318,0.02445
1546,0,0,0.63907,0.60579,0.71977,0.22678
1546,1,1,0.75138,0.73329,0.49516,0.12587
1546,2,3,0.48156,0.31005,0.27668,0.06307
1546,3,0,0.61345,0.40151,0.54676,0.07763
1546,4,3,0.31174,0.83474,0.12153,0.08789
1547,0,1,0.41178,0.42506,0.21259,0.05102
1547,1,0,0.91029,0.48406,0.14456,0.13287
1547,2,3,0.15242,0.61001,0.13393,0.10629
1548,0,3,0.3767,0.67007,0.07015,0.04996
1548,1,3,0.62649,0.47502,0.08929,0.04464
1548,2,3,0.78805,0.61533,0.11267,0.0574
1548,3,3,0.92464,0.74819,0.13499,0.08291
1548,4,3,0.67273,0.60736,0.06484,0.05421
1548,5,2,0.16784,0.76679,0.23065,0.26467
1549,0,1,0.68017,0.5186,0.08822,0.02126
1549,1,0,0.83376,0.64349,0.30612,0.21577
1550,0,2,0.28741,0.51807,0.15094,0.07547
1550,1,0,0.14605,0.70089,0.2381,0.2753
1551,0,3,0.71365,0.82047,0.10204,0.0744
1551,1,3,0.71046,0.67645,0.03401,0.03295
1551,2,3,0.85183,0.58557,0.04889,0.05102
1551,3,3,0.78805,0.52445,0.09354,0.04145
1551,4,3,0.6419,0.58716,0.10736,0.03933
1552,0,0,0.80692,0.8978,0.18973,0.19452
1552,1,0,0.3302,0.51754,0.05899,0.28221
1552,2,2,0.55341,0.55102,0.13871,0.21524
1553,0,2,0.29645,0.66954,0.2179,0.3699
1553,1,2,0.82632,0.37564,0.27636,0.14775
1553,2,2,0.71631,0.55527,0.11798,0.19239
1554,0,1,0.59217,0.64665,0.81358,0.03076
1554,1,0,0.75692,0.60237,0.48408,0.35674
1555,0,1,0.57175,0.59885,0.50489,0.05846
1555,1,0,0.80665,0.61533,0.37734,0.31888
1556,0,2,0.41815,0.58875,0.06165,0.06803
1556,1,2,0.83004,0.6791,0.2838,0.24235
1557,0,3,0.64947,0.50932,0.22612,0.08384
1557,1,3,0.93996,0.46104,0.09909,0.1499
1557,2,4,0.32766,0.50762,0.1211,0.11602
1557,3,3,0.62534,0.43606,0.04912,0.03726
1558,0,1,0.55952,0.61745,0.40604,0.02551
1558,1,1,0.50372,0.821,0.98321,0.07972
1558,2,0,0.45748,0.75989,0.20621,0.45068
1559,0,2,0.45908,0.66316,0.24766,0.3125
1559,1,2,0.72534,0.7264,0.26998,0.24979
1559,2,2,0.16412,0.73438,0.29549,0.29124
1560,0,2,0.13807,0.73039,0.21365,0.38265
1560,1,2,0.82446,0.79496,0.32366,0.35555
1561,0,3,0.33099,0.37457,0.24872,0.06696
1561,1,3,0.41922,0.3023,0.16369,0.06909
1561,2,3,0.52392,0.44792,0.13712,0.04783
1561,3,3,0.53242,0.35491,0.07122,0.1318
1561,4,1,0.8247,0.4527,0.30081,0.26786
1561,5,2,0.19972,0.50372,0.3327,0.16794
1561,6,3,0.89768,0.31337,0.0803,0.02604
1562,0,0,0.73278,0.64668,0.51871,0.42411
1562,1,1,0.50957,0.91401,0.96939,0.09566
1562,2,1,0.80719,0.60364,0.36139,0.04677
1563,0,2,0.74022,0.67857,0.44005,0.37096
1564,0,0,0.51913,0.59407,0.14031,0.02976
1564,1,0,0.44951,0.73863,0.54953,0.03827
1564,2,1,0.75594,0.6578,0.48788,0.3784
1565,0,3,0.71418,0.46811,0.20514,0.26042
1565,1,3,0.91135,0.52923,0.16582,0.17432
1565,2,3,0.39424,0.4899,0.12011,0.1148
1566,0,1,0.84651,0.68282,0.30187,0.04783
1566,1,0,0.76042,0.7381,0.45068,0.36246
1566,2,4,0.39318,0.61267,0.02232,0.03082
1568,0,0,0.83028,0.64736,0.31335,0.23628
1568,1,1,0.42547,0.73628,0.1914,0.02964
1568,2,4,0.48647,0.94723,0.04551,0.03654
1569,0,0,0.78168,0.59779,0.42092,0.2923
1569,1,1,0.65094,0.7381,0.68452,0.07334
1570,0,0,0.51194,0.36527,0.15944,0.07653
1570,1,2,0.14498,0.49734,0.25298,0.17219
1571,0,0,0.69133,0.54305,0.10842,0.02976
1571,1,0,0.55813,0.85246,0.87949,0.12775
1571,2,1,0.83801,0.66475,0.321,0.21152
1572,0,4,0.49948,0.6464,0.99896,0.70512
1573,0,0,0.348,0.57653,0.38053,0.04145
1573,1,1,0.55368,0.62543,0.21365,0.55804
1574,0,3,0.60736,0.71471,0.23172,0.15625
1574,1,3,0.77184,0.87486,0.18875,0.17042
1574,2,3,0.52803,0.47535,0.07307,0.06231
1574,3,3,0.31184,0.40482,0.08291,0.05102
1574,4,3,0.43046,0.33615,0.10327,0.03689
1574,5,3,0.26722,0.62808,0.06378,0.05315
1575,0,2,0.43256,0.79831,0.86513,0.4013
1576,0,2,0.47502,0.7179,0.8344,0.26042
1576,1,2,0.60257,0.46492,0.24341,0.21152
1577,0,0,0.65995,0.68707,0.60906,0.06484
1577,1,1,0.72317,0.73752,0.50374,0.52287
1577,2,4,0.652,0.84598,0.04889,0.04889
1578,0,4,0.49948,0.60788,0.99896,0.78216
1579,0,0,0.83706,0.60417,0.2998,0.24475
1580,0,3,0.33046,0.65997,0.13499,0.09354
1581,0,0,0.72693,0.64615,0.50914,0.40816
1581,1,1,0.54274,0.87131,0.91244,0.07404
1582,0,1,0.56537,0.74128,0.85353,0.10098
1582,1,0,0.77849,0.77742,0.38478,0.31781
1582,2,0,0.81781,0.61745,0.34226,0.14031
1583,0,0,0.69717,0.59726,0.59843,0.37628
1583,1,1,0.24862,0.83588,0.39222,0.04783
1584,0,2,0.49948,0.56348,0.99896,0.35048
1585,0,3,0.60045,0.5558,0.13287,0.11054
1585,1,3,0.8327,0.46545,0.08716,0.05102
1585,2,0,0.61214,0.33312,0.11798,0.02445
1585,3,0,0.50314,0.33669,0.03604,0.03583
1586,0,0,0.14815,0.60685,0.17007,0.04252
1586,1,1,0.83642,0.80772,0.21365,0.29549
1587,0,0,0.79815,0.5,0.18176,0.03082
1587,1,1,0.76988,0.67512,0.46025,0.5304
1587,2,3,0.26244,0.8513,0.23916,0.04677
1588,0,2,0.78615,0.74602,0.42562,0.50587
1588,1,2,0.13042,0.61513,0.26084,0.23133
1588,2,2,0.41337,0.7179,0.13074,0.19664
1588,3,2,0.51222,0.67857,0.08397,0.35395
1588,4,0,0.13382,0.82632,0.19877,0.15838
1589,0,2,0.49123,0.65779,0.60203,0.37851
1589,1,4,0.89807,0.72853,0.16475,0.26679
1590,0,2,0.89465,0.75661,0.18801,0.36331
1590,1,4,0.69182,0.79345,0.18886,0.28963
1591,0,3,0.8699,0.58025,0.12755,0.07866
1591,1,3,0.92039,0.67645,0.0861,0.06696
1592,0,4,0.49948,0.71584,0.99896,0.56623
1593,0,3,0.93309,0.97761,0.08175,0.04165
1594,0,0,0.39849,0.40381,0.68134,0.1807
1594,1,1,0.18858,0.66789,0.26368,0.33046
1594,2,0,0.77131,0.67404,0.43953,0.27474
1594,3,1,0.7939,0.43516,0.39435,0.10523
1594,4,4,0.87362,0.30974,0.23278,0.03508
1595,0,2,0.76895,0.78323,0.45711,0.43146
1595,1,2,0.28359,0.74239,0.25595,0.31985
1596,0,0,0.52996,0.81271,0.93582,0.04187
1596,1,0,0.77264,0.6419,0.29868,0.02126
1596,2,1,0.78263,0.78686,0.43474,0.37202
1597,0,2,0.58689,0.57813,0.12596,0.20568
1597,1,0,0.87468,0.54544,0.24235,0.27742
1597,2,4,0.12054,0.75909,0.21684,0.43367
1598,0,4,0.49948,0.68112,0.99896,0.63568
1599,0,3,0.78789,0.59332,0.1385,0.07378
1599,1,3,0.93261,0.63021,0.08078,0.04677
1599,2,3,0.95334,0.59354,0.06484,0.04145
1599,3,3,0.18345,0.53026,0.10032,0.08922
1599,4,3,0.38574,0.43676,0.11586,0.04889
1599,5,3,0.26127,0.46674,0.09226,0.05784
1599,6,3,0.66263,0.43463,0.08929,0.0659
1600,0,2,0.57972,0.67857,0.17432,0.36671
1600,1,2,0.78752,0.87096,0.19239,0.23278
1600,2,4,0.07589,0.49841,0.10842,0.05102
1601,0,1,0.75987,0.57595,0.31901,0.01519
1601,1,0,0.64052,0.7181,0.42101,0.55122
1601,2,0,0.17072,0.73611,0.30324,0.50926
1602,0,3,0.71213,0.8304,0.523,0.33095
1603,0,0,0.17339,0.31662,0.0944,0.10851
1603,1,0,0.8342,0.65354,0.06836,0.10308
1605,0,1,0.40397,0.64974,0.79644,0.08898
1605,1,3,0.79243,0.59603,0.08898,0.06836
1608,0,3,0.82715,0.8928,0.22352,0.15842
1608,1,3,0.70074,0.64431,0.10525,0.06944
1608,2,3,0.6926,0.5651,0.14974,0.04557
1608,3,3,0.49457,0.47342,0.15951,0.09223
1608,4,4,0.49891,0.72732,0.99718,0.54145
1609,0,4,0.89583,0.52951,0.19329,0.27431
1610,0,1,0.16927,0.80258,0.33854,0.09128
1612,0,3,0.30143,0.54395,0.03364,0.00977
1612,1,1,0.73669,0.6603,0.12269,0.02431
1613,0,3,0.48589,0.60525,0.03364,0.01085
1615,0,3,0.40234,0.67524,0.15082,0.01194
1615,1,3,0.83637,0.64594,0.31141,0.04232
1615,2,0,0.87977,0.65896,0.22027,0.17036
1622,0,1,0.33615,0.44249,0.5306,0.102
1622,1,1,0.49875,0.70014,0.9975,0.27224
1622,2,1,0.84939,0.44954,0.28971,0.04449
1624,0,1,0.76638,0.42513,0.42318,0.02604
1624,1,3,0.97859,0.44907,0.03704,0.02778
1625,0,2,0.27322,0.67361,0.54362,0.50998
1626,0,2,0.25098,0.78917,0.45573,0.06836
1626,1,0,0.12558,0.78299,0.2338,0.26042
1628,0,1,0.63835,0.63997,0.3342,0.0434
1629,0,2,0.43001,0.72461,0.11502,0.27778
1629,1,0,0.62044,0.61827,0.04883,0.08898
1630,0,1,0.49929,0.47059,0.99859,0.11914
1630,1,3,0.37576,0.48318,0.03255,0.03364
1630,2,1,0.20432,0.36491,0.32769,0.05968
1630,3,3,0.39855,0.33832,0.05425,0.01085
1633,0,2,0.21284,0.65143,0.42567,0.5329
1633,1,4,0.16564,0.54187,0.33127,0.27038
1634,0,2,0.69531,0.74197,0.27235,0.38411
1636,0,3,0.41862,0.6275,0.20508,0.06836
1636,1,3,0.62055,0.93286,0.66536,0.1322
1636,2,3,0.65408,0.49891,0.14865,0.03906
1636,3,2,0.52116,0.53743,0.46658,0.19857
1638,0,0,0.34863,0.59657,0.06944,0.49045
1638,1,2,0.83203,0.75065,0.32878,0.31033
1641,0,4,0.61393,0.75228,0.11393,0.14214
1641,1,4,0.81431,0.58734,0.36929,0.42425
1643,0,3,0.2857,0.58084,0.03255,0.01845
1643,1,3,0.41048,0.44683,0.02821,0.01736
1644,0,3,0.70616,0.56565,0.10091,0.03364
1644,1,3,0.83854,0.70779,0.03798,0.02062
1644,2,3,0.98196,0.81243,0.03401,0.04761
1644,3,3,0.54883,0.43381,0.03364,0.01519
1646,0,0,0.5,0.74685,0.37652,0.33963
1646,1,1,0.685,0.73763,0.39497,0.01736
1649,0,2,0.40777,0.5038,0.80404,0.58268
1651,0,1,0.5,0.87001,0.99718,0.17144
1651,1,0,0.34918,0.62099,0.18121,0.58051
1652,0,1,0.55263,0.6275,0.43403,0.00977
1652,1,1,0.54576,0.96067,0.9064,0.04654
1652,2,1,0.90039,0.65191,0.18989,0.00868
1652,3,1,0.72352,0.57487,0.16602,0.01302
1652,4,1,0.65191,0.53038,0.04449,0.00651
1654,0,3,0.838,0.48481,0.04991,0.02821
1654,1,3,0.38444,0.51899,0.11719,0.03364
1654,2,4,0.44846,0.45334,0.15408,0.07595
1657,0,3,0.66222,0.52875,0.12153,0.07921
1657,1,1,0.41157,0.58138,0.41667,0.02821
1657,2,3,0.63509,0.44141,0.06944,0.02604
1657,3,3,0.47396,0.44412,0.23546,0.0293
1657,4,3,0.30252,0.45334,0.08138,0.01953
1657,5,3,0.83764,0.45388,0.32263,0.03364
1660,0,1,0.11806,0.49674,0.23546,0.04557
1660,1,1,0.82823,0.2564,0.29948,0.01194
1661,0,1,0.53877,0.60301,0.54398,0.07407
1663,0,1,0.50463,0.82234,0.93866,0.12616
1664,0,1,0.77344,0.50326,0.18989,0.00434
1664,1,1,0.56239,0.72949,0.52951,0.01194
1665,0,0,0.51953,0.70291,0.1378,0.2322
1665,1,0,0.93964,0.54512,0.11864,0.08157
1666,0,2,0.6747,0.63835,0.12912,0.25716
1666,1,2,0.47179,0.62695,0.12695,0.24306
1666,2,2,0.15061,0.65028,0.27235,0.31359
1666,3,4,0.8941,0.58449,0.20833,0.41667
1668,0,2,0.50326,0.70671,0.20725,0.40039
1668,1,0,0.25477,0.58843,0.18772,0.19423
1668,2,0,0.74132,0.57176,0.0787,0.10185
1668,3,2,0.7727,0.89158,0.19418,0.21372
1669,0,0,0.12037,0.68808,0.15625,0.17014
1669,1,1,0.64757,0.45139,0.52546,0.05787
1670,0,3,0.94108,0.68663,0.0434,0.01519
1672,0,2,0.84641,0.76986,0.30509,0.39389
1673,0,3,0.66059,0.7322,0.06185,0.03255
1674,0,3,0.26508,0.54232,0.04123,0.00868
1675,0,1,0.34259,0.65799,0.4919,0.04745
1675,1,0,0.87303,0.65801,0.25185,0.15861
1676,0,4,0.50109,0.6492,0.99284,0.6977
1677,0,1,0.79896,0.70906,0.4,0.07784
1677,1,1,0.20602,0.69734,0.21644,0.05671
1679,0,0,0.65571,0.736,0.52734,0.43077
1679,1,3,0.37793,0.50597,0.0434,0.01411
1680,0,3,0.69911,0.63509,0.16276,0.05317
1680,1,3,0.53689,0.5179,0.14214,0.04015
1680,2,3,0.72732,0.56293,0.1671,0.03472
1680,3,3,0.82932,0.52441,0.06293,0.02062
1680,4,3,0.95844,0.5727,0.0803,0.03472
1680,5,3,0.75282,0.71701,0.15516,0.06944
1680,6,3,0.88791,0.81955,0.2105,0.05534
1680,7,3,0.46853,0.42296,0.06619,0.02604
1680,8,3,0.10286,0.60471,0.07053,0.0293
1680,9,4,0.92336,0.69462,0.15119,0.17657
1680,10,3,0.58138,0.41048,0.0727,0.01411
1681,0,0,0.76313,0.72624,0.27344,0.39822
1681,1,3,0.83691,0.6671,0.07378,0.05425
1683,0,1,0.27199,0.74537,0.42477,0.0625
1684,0,1,0.81829,0.57002,0.1331,0.04282
1686,0,1,0.7861,0.66056,0.42572,0.03683
1688,0,3,0.46528,0.49421,0.05671,0.06481
1690,0,0,0.7908,0.73709,0.37218,0.25499
1690,1,1,0.84776,0.91667,0.29297,0.07378
1690,2,1,0.27593,0.65516,0.09549,0.01736
1692,0,1,0.32313,0.45497,0.52626,0.04883
1692,1,0,0.25152,0.42839,0.10959,0.04774
1692,2,3,0.69423,0.57541,0.05534,0.0293
1692,3,1,0.79804,0.47553,0.40184,0.06391
1693,0,0,0.61719,0.66276,0.09006,0.26476
1693,1,4,0.489,0.64931,0.2037,0.36111
1695,0,3,0.21137,0.47613,0.1378,0.0651
1697,0,1,0.84668,0.64052,0.30382,0.03147
1697,1,1,0.88466,0.81955,0.18663,0.02713
1700,0,3,0.26997,0.55371,0.04449,0.0076
1701,0,4,0.4993,0.63717,0.9986,0.72357
1702,0,0,0.34266,0.56999,0.05317,0.12478
1703,0,4,0.19781,0.61502,0.33637,0.30165
1704,0,1,0.44907,0.64988,0.61921,0.07523
1704,1,1,0.90833,0.69101,0.18125,0.05101
1705,0,4,0.56095,0.65908,0.87602,0.66539
1705,1,4,0.44846,0.18967,0.22135,0.05642
1706,0,3,0.37467,0.40723,0.14974,0.03581
1707,0,4,0.23345,0.6697,0.46691,0.66059
1708,0,1,0.8087,0.64377,0.35156,0.01845
1709,0,4,0.55968,0.42784,0.26367,0.12044
1710,0,3,0.66385,0.6237,0.08572,0.0217
1710,1,3,0.73112,0.52767,0.18772,0.08355
1710,2,4,0.889,0.61176,0.21267,0.08247
1710,3,3,0.34321,0.45877,0.03689,0.01953
1710,4,4,0.55263,0.44303,0.10634,0.0293
1711,0,0,0.24284,0.56999,0.48286,0.67166
1711,1,0,0.74414,0.43218,0.12695,0.11827
1711,2,2,0.88657,0.64352,0.22106,0.22685
1711,3,3,0.96528,0.31829,0.04514,0.01852
1712,0,2,0.3941,0.60648,0.2338,0.20139
1712,1,2,0.1875,0.86343,0.30208,0.23611
1712,2,0,0.75752,0.54398,0.14583,0.13657
1713,0,0,0.75553,0.57216,0.48394,0.50673
1714,0,3,0.49132,0.56402,0.06185,0.00651
1715,0,0,0.72859,0.70632,0.54073,0.57974
1716,0,1,0.52026,0.63186,0.9574,0.07698
1716,1,1,0.39312,0.39475,0.31684,0.03038
1716,2,1,0.4452,0.30957,0.07812,0.01194
1717,0,0,0.75445,0.75445,0.48828,0.44813
1717,1,1,0.86187,0.72841,0.26693,0.01194
1718,0,2,0.79736,0.76304,0.4005,0.47183
1719,0,3,0.86187,0.63997,0.26476,0.17361
1719,1,3,0.05659,0.5138,0.11317,0.09054
1719,2,3,0.29926,0.41753,0.15082,0.05642
1719,3,3,0.91016,0.838,0.16602,0.20508
1719,4,3,0.55805,0.63509,0.07595,0.11393
1719,5,3,0.65842,0.67036,0.08355,0.10417
1719,6,3,0.95103,0.48389,0.09586,0.06109
1719,7,3,0.78158,0.49403,0.06727,0.03364
1719,8,3,0.98177,0.42025,0.03364,0.01194
1719,9,3,0.07954,0.45443,0.04557,0.02387
1719,10,3,0.21517,0.48698,0.04557,0.02821
1719,11,3,0.4349,0.26291,0.04883,0.03147
1721,0,3,0.51465,0.48535,0.48177,0.18555
1721,1,3,0.89171,0.82986,0.06619,0.02821
1722,0,2,0.44358,0.77941,0.78451,0.43077
1724,0,0,0.52686,0.7543,0.17524,0.28074
1724,1,0,0.67535,0.52373,0.05556,0.1169
1725,0,2,0.58789,0.7143,0.81923,0.55881
1727,0,0,0.68446,0.75608,0.33963,0.48394
1728,0,2,0.76331,0.65409,0.47129,0.5035
1728,1,4,0.50868,0.68012,0.85829,0.62066
1729,0,4,0.49964,0.66523,0.99863,0.66684
1731,0,2,0.31655,0.65683,0.26852,0.3669
1732,0,2,0.82986,0.65741,0.33449,0.44676
1732,1,2,0.40162,0.73032,0.45949,0.19213
1733,0,0,0.23362,0.63184,0.46007,0.72591
1733,1,0,0.85856,0.46484,0.28079,0.25608
1733,2,2,0.82442,0.65285,0.34907,0.46774
1734,0,3,0.36437,0.43707,0.05751,0.03689
1734,1,3,0.15332,0.65137,0.17795,0.05968
1734,2,3,0.26074,0.57867,0.0651,0.03147
1734,3,4,0.35731,0.54937,0.09115,0.10525
1734,4,0,0.45312,0.78877,0.09722,0.41551
1735,0,2,0.60905,0.86567,0.10634,0.09332
1735,1,2,0.50109,0.69423,0.12261,0.05208
1735,2,2,0.72515,0.57487,0.09983,0.03472
1735,3,2,0.88737,0.74197,0.21159,0.11285
1735,4,2,0.45833,0.57928,0.09606,0.06366
1736,0,3,0.74848,0.61176,0.07704,0.04123
1736,1,3,0.4375,0.72975,0.12153,0.07523
1736,2,3,0.76421,0.74685,0.19965,0.05317
1737,0,0,0.80762,0.61122,0.37326,0.24197
1738,0,0,0.85048,0.80273,0.28754,0.38628
1740,0,1,0.34809,0.55859,0.67383,0.12587
1740,1,3,0.84722,0.70725,0.28537,0.23003
1741,0,1,0.551,0.77669,0.48069,0.03906
1741,1,0,0.81033,0.61122,0.37652,0.2181
1741,2,1,0.83637,0.56619,0.06402,0.01736
1742,0,3,0.4018,0.48535,0.0803,0.04015
1742,1,3,0.53689,0.4311,0.04232,0.01411
1742,2,3,0.73546,0.42567,0.16602,0.04232
1743,0,4,0.54654,0.66647,0.90145,0.66497
1744,0,1,0.53418,0.86675,0.59679,0.19314
1744,1,0,0.86947,0.54178,0.25608,0.17687
1744,2,1,0.64468,0.57928,0.5706,0.0706
1745,0,0,0.75499,0.67632,0.4872,0.43077
1745,1,1,0.90419,0.71973,0.18229,0.02713
1746,0,3,0.08713,0.88303,0.11936,0.12153
1746,1,3,0.43761,0.80382,0.08247,0.11719
1746,2,3,0.75463,0.60523,0.48865,0.27556
1746,3,0,0.16309,0.75228,0.32118,0.49154
1746,4,0,0.36921,0.77025,0.06366,0.24653
1746,5,0,0.58565,0.74132,0.32292,0.45718
1748,0,1,0.38607,0.86567,0.47852,0.01519
1748,1,3,0.92697,0.84831,0.05642,0.01519
1748,2,0,0.82281,0.80382,0.08247,0.06727
1748,3,1,0.40278,0.67014,0.30208,0.03009
1749,0,1,0.5548,0.5179,0.88542,0.13129
1749,1,1,0.52116,0.39855,0.625,0.06836
1749,2,1,0.82227,0.75553,0.34831,0.10525
1750,0,1,0.75445,0.75282,0.30816,0.16059
1750,1,1,0.19835,0.85862,0.38086,0.0944
1750,2,0,0.72461,0.54503,0.54145,0.49588
1750,3,1,0.80653,0.41102,0.3776,0.03689
1750,4,1,0.87019,0.49761,0.25753,0.10027
1750,5,1,0.90039,0.63509,0.18772,0.10091
1750,6,1,0.46094,0.42133,0.1964,0.08138
1752,0,0,0.80002,0.71973,0.38628,0.38086
1753,0,0,0.81847,0.7946,0.35807,0.26801
1753,1,1,0.85645,0.71701,0.28212,0.02387
1754,0,2,0.53092,0.67849,0.19531,0.37001
1754,1,2,0.20795,0.73243,0.41591,0.36286
1755,0,2,0.78212,0.72135,0.43294,0.4362
1755,1,2,0.10921,0.71107,0.21842,0.17682
1757,0,1,0.26058,0.89981,0.52116,0.10517
1757,1,0,0.93584,0.89227,0.12624,0.09444
1757,2,3,0.63079,0.53877,0.04977,0.01968
1758,0,4,0.50042,0.65725,0.99367,0.68342
1759,0,0,0.80165,0.62099,0.39388,0.33529
1760,0,3,0.60254,0.58626,0.07161,0.02279
1760,1,0,0.21344,0.85093,0.11196,0.29605
1760,2,2,0.39931,0.6713,0.10532,0.05787
1760,3,2,0.71296,0.67535,0.14699,0.10995
1760,4,2,0.3588,0.60127,0.08218,0.05208
1761,0,0,0.91233,0.72569,0.16819,0.11936
1761,1,0,0.60091,0.81141,0.02496,0.1237
1762,0,2,0.8304,0.78375,0.33637,0.42426
1764,0,2,0.25231,0.80845,0.43634,0.23727
1766,0,4,0.20949,0.64525,0.33912,0.17708
1768,0,1,0.75174,0.57758,0.1161,0.01628
1768,1,0,0.92262,0.65784,0.15195,0.10966
1769,0,3,0.7832,0.61773,0.09657,0.09874
1769,1,2,0.78367,0.65581,0.42954,0.68271
1769,2,0,0.2772,0.53704,0.17361,0.19676
1771,0,0,0.82625,0.66412,0.34542,0.20888
1771,1,3,0.94054,0.77615,0.04232,0.01194
1772,0,3,0.61013,0.5217,0.05642,0.06293
1772,1,1,0.81793,0.55263,0.35265,0.01845
1772,2,1,0.25206,0.49566,0.19531,0.01953
1772,3,0,0.69423,0.67361,0.19423,0.44054
1772,4,1,0.60742,0.39149,0.0727,0.0217
1772,5,1,0.61556,0.43001,0.05642,0.01628
1772,6,1,0.36227,0.5897,0.29514,0.08218
1772,7,1,0.9037,0.80205,0.19051,0.07864
1774,0,3,0.54774,0.6275,0.05534,0.04666
1777,0,2,0.5038,0.7219,0.15191,0.35699
1778,0,4,0.50083,0.68872,0.99451,0.62049
1780,0,0,0.85717,0.69278,0.28357,0.17506
1780,1,1,0.48155,0.64269,0.27452,0.01411
1781,0,4,0.49824,0.67135,0.99583,0.65521
1782,0,0,0.73173,0.81187,0.28009,0.37418
1783,0,0,0.69939,0.7842,0.49319,0.42951
1783,1,1,0.35185,0.64178,0.34838,0.04051
1784,0,2,0.18462,0.74308,0.36925,0.50136
1785,0,1,0.50326,0.70833,0.99067,0.11285
1785,1,0,0.41862,0.61339,0.07487,0.46549
1785,2,3,0.41374,0.73275,0.06076,0.05317
1785,3,1,0.32964,0.51356,0.17253,0.03364
1786,0,1,0.18316,0.68283,0.35699,0.04449
1786,1,0,0.37088,0.56999,0.01411,0.41775
1787,0,0,0.8814,0.62207,0.22786,0.18338
1787,1,1,0.46365,0.54991,0.09115,0.00868
1787,2,1,0.67524,0.54666,0.03906,0.01085
1788,0,0,0.7322,0.68121,0.49154,0.41884
1788,1,1,0.36274,0.70237,0.7053,0.0293
1790,0,2,0.84614,0.56022,0.16602,0.25499
1791,0,3,0.79568,0.60525,0.102,0.04991
1791,1,3,0.7908,0.55968,0.02713,0.01302
1791,2,4,0.52007,0.398,0.16059,0.11068
1792,0,1,0.17014,0.89008,0.33746,0.02496
1793,0,0,0.76603,0.68334,0.46586,0.49906
1795,0,3,0.77724,0.51519,0.39931,0.16927
1795,1,3,0.08822,0.51139,0.17144,0.08789
1795,2,3,0.06961,0.64081,0.13921,0.08631
1795,3,3,0.29004,0.61285,0.12804,0.13238
1795,4,3,0.27268,0.49512,0.14323,0.05317
1795,5,3,0.15495,0.39909,0.29405,0.06076
1795,6,3,0.71918,0.63943,0.25282,0.07921
1795,7,3,0.49023,0.63889,0.14214,0.18229
1795,8,3,0.77778,0.42513,0.05534,0.01302
1796,0,3,0.38661,0.47016,0.12587,0.02062
1796,1,3,0.30306,0.6378,0.04557,0.00868
1796,2,3,0.8201,0.49729,0.20508,0.08789
1796,3,3,0.45009,0.41374,0.04449,0.00977
1798,0,3,0.95266,0.56086,0.0926,0.03925
1798,1,0,0.75987,0.47179,0.23872,0.10851
1802,0,4,0.92161,0.58578,0.15469,0.19031
1802,1,4,0.41347,0.67305,0.16969,0.32762
1803,0,1,0.77974,0.70329,0.39483,0.03192
1803,1,1,0.33703,0.72093,0.19825,0.0336
1803,2,1,0.34543,0.68145,0.17137,0.03528
1804,0,3,0.89062,0.69825,0.0588,0.06552
1805,0,4,0.41689,0.436,0.20612,0.09641
1806,0,3,0.67998,0.53209,0.06623,0.03922
1806,1,3,0.8867,0.66069,0.02958,0.02379
1806,2,3,0.12153,0.50765,0.06044,0.02122
1806,3,3,0.26267,0.46361,0.03794,0.01672
1806,4,4,0.95613,0.71629,0.08565,0.06464
1808,0,2,0.59446,0.79507,0.35301,0.28999
1808,1,2,0.33693,0.64429,0.14918,0.07202
1808,2,2,0.28099,0.79186,0.26749,0.09709
1812,0,1,0.4874,0.73774,0.82157,0.05376
1812,1,1,0.88894,0.60333,0.20329,0.02016
1813,0,2,0.74271,0.44688,0.06146,0.04583
1814,0,2,0.90309,0.74352,0.14794,0.16955
1815,0,1,0.50336,0.7747,0.75941,0.0504
1815,1,1,0.81334,0.58065,0.3041,0.02184
1815,2,1,0.89565,0.67305,0.20662,0.02856
1815,3,3,0.90827,0.7915,0.16129,0.09745
1815,4,0,0.79904,0.71098,0.39983,0.33292
1817,0,3,0.21018,0.58737,0.08905,0.03864
1817,1,3,0.28495,0.5042,0.0504,0.04704
1817,2,3,0.42438,0.41763,0.02701,0.01093
1817,3,0,0.41011,0.7831,0.09577,0.42675
1818,0,1,0.24563,0.67226,0.10674,0.02379
1819,0,4,0.66465,0.40843,0.17809,0.09073
1820,0,1,0.55124,0.75202,0.68044,0.04536
1821,0,3,0.5168,0.60249,0.19153,0.12265
1821,1,1,0.36307,0.43364,0.2537,0.04032
1821,2,1,0.03797,0.48404,0.07056,0.0336
1821,3,3,0.50924,0.40339,0.05208,0.05376
1821,4,3,0.47816,0.32779,0.0336,0.02688
1821,5,3,0.45814,0.27713,0.01993,0.01029
1821,6,3,0.44624,0.25302,0.01029,0.00707
1824,0,2,0.46136,0.42103,0.05376,0.14617
1824,1,2,0.5546,0.39079,0.06216,0.06216
1824,2,2,0.14466,0.69825,0.12601,0.15625
1825,0,0,0.54322,0.50083,0.14295,0.08311
1825,1,0,0.8499,0.62384,0.21775,0.11968
1826,0,3,0.07644,0.64197,0.15289,0.0672
1826,1,3,0.14046,0.53696,0.07392,0.03528
1826,2,3,0.1161,0.58821,0.07224,0.03024
1826,3,3,0.17238,0.86626,0.07728,0.10249
1826,4,3,0.25134,0.58233,0.04368,0.04872
1826,5,3,0.26138,0.50926,0.05208,0.02829
1826,6,3,0.16847,0.49158,0.02958,0.02122
1826,7,3,0.27617,0.46875,0.05851,0.03472
1826,8,3,0.21155,0.46843,0.06044,0.03408
1826,9,3,0.31346,0.43789,0.02894,0.02701
1826,10,3,0.32761,0.41795,0.03665,0.01415
1826,11,3,0.19869,0.78189,0.02958,0.01929
1826,12,3,0.27135,0.43564,0.05273,0.02122
1829,0,3,0.79234,0.59829,0.24866,0.16129
1829,1,3,0.7537,0.46052,0.20497,0.09409
1829,2,3,0.53528,0.50252,0.18817,0.08065
1829,3,3,0.49412,0.43028,0.12937,0.06048
1829,4,3,0.57897,0.37063,0.07056,0.03528
1829,5,3,0.68145,0.39751,0.07056,0.0252
1829,6,3,0.70917,0.97295,0.07224,0.04368
1829,7,2,0.74866,0.8335,0.33602,0.19153
1830,0,3,0.84106,0.4244,0.14785,0.06552
1830,1,3,0.22194,0.39751,0.0252,0.0252
1830,2,3,0.30931,0.38827,0.09241,0.02688
1830,3,3,0.35971,0.61341,0.03864,0.05376
1830,4,3,0.59124,0.38098,0.02379,0.02765
1830,5,4,0.34754,0.51119,0.27199,0.11574
1831,0,3,0.70329,0.74278,0.07728,0.04704
1831,1,3,0.71085,0.69237,0.08905,0.04704
1831,2,3,0.42103,0.49496,0.10081,0.0756
1831,3,0,0.32359,0.49412,0.04704,0.08737
1831,4,0,0.16062,0.61341,0.31586,0.45699
1834,0,4,0.74276,0.709,0.5124,0.5608
1835,0,3,0.58125,0.3875,0.04271,0.02917
1835,1,3,0.09583,0.58646,0.19062,0.17917
1835,2,3,0.3099,0.38646,0.11042,0.04167
1844,0,3,0.82174,0.57056,0.14617,0.11257
1844,1,3,0.06989,0.29083,0.13777,0.10417
1844,2,3,0.89315,0.27151,0.17137,0.07224
1845,0,1,0.44288,0.58401,0.53763,0.05544
1845,1,1,0.93513,0.73136,0.12765,0.06454
1845,2,1,0.35047,0.44624,0.10417,0.03192
1846,0,1,0.2001,0.59997,0.08905,0.02688
1846,1,1,0.34039,0.54956,0.14449,0.0168
1847,0,3,0.58989,0.53864,0.0588,0.0252
1848,0,2,0.50347,0.72627,0.24306,0.26942
1848,1,2,0.59073,0.4454,0.10081,0.09073
1849,0,1,0.25554,0.50504,0.49563,0.0756
1849,1,3,0.52352,0.63441,0.0504,0.05208
1851,0,1,0.68229,0.7957,0.5998,0.06552
1852,0,2,0.1791,0.72681,0.19825,0.3209
1852,1,3,0.16482,0.59829,0.10585,0.05712
1854,0,3,0.18251,0.51828,0.1363,0.12799
1854,1,4,0.12018,0.78175,0.2377,0.42221
1855,0,3,0.27823,0.79318,0.15121,0.11761
1855,1,3,0.60417,0.67641,0.25874,0.18649
1855,2,3,0.54116,0.4874,0.04872,0.04704
1856,0,1,0.7411,0.36559,0.33098,0.04872
1856,1,1,0.90993,0.75593,0.17806,0.13047
1856,2,3,0.89735,0.78142,0.10921,0.07056
1856,3,3,0.40339,0.5168,0.0588,0.03864
1856,4,3,0.44792,0.32779,0.03024,0.02352
1856,5,1,0.77722,0.4706,0.25874,0.04368
1856,6,1,0.27487,0.61173,0.28226,0.03024
1856,7,1,0.13206,0.54452,0.2621,0.04368
1856,8,0,0.13038,0.71337,0.10417,0.17977
1856,9,4,0.8083,0.55292,0.21673,0.10753
1856,10,0,0.36475,0.72345,0.14953,0.18985
1856,11,1,0.61509,0.67725,0.33434,0.05712
1856,12,1,0.28915,0.39247,0.19657,0.04872
1856,13,1,0.07308,0.8419,0.14617,0.04368
1856,14,0,0.31183,0.47144,0.16801,0.07897
1857,0,1,0.85281,0.63273,0.29231,0.02184
1857,1,1,0.58737,0.95699,0.50403,0.042
1858,0,2,0.81754,0.69489,0.23522,0.14617
1858,1,2,0.15726,0.66465,0.18817,0.36794
1859,0,2,0.8772,0.92127,0.22012,0.15538
1860,0,1,0.11022,0.77974,0.21505,0.04368
1865,0,1,0.92505,0.71553,0.14782,0.06311
1868,0,3,0.77218,0.4454,0.19825,0.07392
1868,1,0,0.07396,0.6651,0.12812,0.13646
1868,2,3,0.43646,0.3026,0.06563,0.02604
1868,3,3,0.07917,0.45573,0.14688,0.10938
1869,0,3,0.45968,0.22278,0.08737,0.06216
1869,1,4,0.52098,0.60559,0.95595,0.68329
1870,0,1,0.42103,0.75034,0.14449,0.03528
1870,1,1,0.95193,0.90805,0.09405,0.03821
1871,0,3,0.88642,0.95951,0.16465,0.07056
1874,0,0,0.35871,0.34957,0.10638,0.46875
1874,1,0,0.9139,0.66539,0.08311,0.09973
1874,2,1,0.10189,0.68866,0.20113,0.05652
1874,3,2,0.09275,0.53324,0.18285,0.23105
1876,0,3,0.34627,0.53108,0.042,0.04368
1879,0,2,0.57224,0.7537,0.20161,0.17977
1879,1,2,0.83432,0.74773,0.32927,0.35601
1880,0,1,0.84609,0.62454,0.30575,0.04914
1880,1,1,0.30847,0.65205,0.15793,0.0504
1881,0,3,0.12114,0.84526,0.2369,0.22849
1881,1,3,0.03293,0.64617,0.06048,0.07224
1881,2,3,0.05208,0.51119,0.04244,0.02058
1881,3,3,0.05883,0.53723,0.01736,0.01736
1881,4,3,0.16397,0.44496,0.06816,0.02829
1881,5,3,0.58803,0.50508,0.04823,0.03279
1881,6,3,0.52598,0.47614,0.04501,0.02508
1882,0,2,0.66872,0.53823,0.15791,0.39727
1882,1,2,0.45512,0.5374,0.19282,0.43218
1883,0,1,0.65709,0.7453,0.64684,0.10585
1885,0,3,0.62937,0.52772,0.06048,0.05376
1887,0,1,0.33115,0.65709,0.64684,0.18145
1887,1,1,0.27655,0.37651,0.43347,0.07392
1887,2,1,0.59241,0.38995,0.16801,0.02352
1887,3,1,0.43868,0.30091,0.18649,0.02352
1888,0,4,0.689,0.476,0.61993,0.58877
1890,0,1,0.40003,0.86122,0.79469,0.04536
1890,1,1,0.35551,0.64953,0.38306,0.03528
1890,2,3,0.81586,0.85282,0.17137,0.10585
1891,0,1,0.50082,0.84188,0.99627,0.23181
1891,1,0,0.81418,0.59325,0.2621,0.12769
1892,0,3,0.19338,0.83686,0.17641,0.13441
1892,1,3,0.26478,0.59745,0.12433,0.0588
1892,2,3,0.27907,0.69909,0.07897,0.07056
1892,3,3,0.2463,0.5462,0.06384,0.03696
1893,0,3,0.73017,0.79906,0.27218,0.16969
1893,1,3,0.67641,0.58821,0.06048,0.03696
1893,2,3,0.44288,0.47144,0.04368,0.02856
1893,3,3,0.54536,0.52772,0.04368,0.02688
1893,4,3,0.4412,0.5294,0.04032,0.02352
1896,0,3,0.70665,0.70917,0.08065,0.05376
1897,0,2,0.14466,0.79402,0.27386,0.13945
1899,0,4,0.39331,0.61929,0.53595,0.13945
1899,1,4,0.16734,0.82594,0.3293,0.3041
1900,0,0,0.87885,0.7316,0.24022,0.20278
1900,1,4,0.55974,0.45396,0.03408,0.02701
1900,2,2,0.06989,0.79906,0.12097,0.10249
1902,0,3,0.59493,0.76798,0.06888,0.06048
1902,1,1,0.64449,0.69405,0.6082,0.06048
1902,2,1,0.57897,0.56132,0.37634,0.04032
1905,0,3,0.91497,0.68606,0.16798,0.10499
1905,1,3,0.88389,0.87628,0.23014,0.11915
1906,0,1,0.95078,0.78312,0.09635,0.02665
1906,1,3,0.67641,0.35467,0.14785,0.0336
1907,0,3,0.92591,0.51344,0.10585,0.05208
1908,0,3,0.29471,0.65126,0.51363,0.30419
1908,1,2,0.30552,0.78009,0.22939,0.05984
1908,2,3,0.34707,0.88481,0.15957,0.15293
1909,0,0,0.4244,0.70077,0.22177,0.34274
1910,0,3,0.10853,0.56888,0.03696,0.02856
1910,1,3,0.09089,0.63021,0.042,0.02688
1911,0,4,0.49167,0.27865,0.09688,0.13437
1912,0,1,0.52856,0.74026,0.91062,0.22681
1913,0,4,0.40729,0.5401,0.08438,0.05104
1913,1,2,0.58594,0.86823,0.09792,0.18438
1913,2,2,0.91589,0.87259,0.16615,0.17435
1914,0,3,0.36105,0.43981,0.08295,0.02315
1914,1,3,0.30189,0.51247,0.1331,0.12346
1915,0,1,0.38491,0.71001,0.60988,0.042
1916,0,3,0.0875,0.67656,0.16979,0.04479
1918,0,2,0.56972,0.67221,0.05544,0.09073
1918,1,2,0.97422,0.93932,0.04948,0.04948
1919,0,1,0.56215,0.91899,0.87362,0.05002
1919,1,1,0.7915,0.72681,0.34106,0.02184
1920,0,1,0.83432,0.74178,0.32927,0.04842
1920,1,0,0.11946,0.7579,0.23017,0.2957
1920,2,1,0.43784,0.45548,0.06384,0.02352
1921,0,2,0.40003,0.7705,0.16633,0.17305
1921,1,2,0.29083,0.60753,0.06552,0.09913
1922,0,2,0.11442,0.81586,0.21673,0.2537
1922,1,2,0.69489,0.81754,0.31922,0.3545
1922,2,3,0.97041,0.77043,0.05709,0.07211
1922,3,2,0.89987,0.7579,0.07392,0.14113
1922,4,2,0.1455,0.97211,0.28898,0.05208
1922,5,2,0.39415,0.8083,0.24866,0.24866
1924,0,3,0.89061,0.8407,0.2167,0.30338
1924,1,3,0.51642,0.57631,0.08832,0.05661
1924,2,3,0.40999,0.64368,0.07246,0.04642
1924,3,4,0.17648,0.79447,0.34255,0.40665
1925,0,3,0.06948,0.66955,0.1363,0.2111
1926,0,1,0.75704,0.65644,0.48384,0.06254
1926,1,1,0.50252,0.96035,0.98958,0.06216
1926,2,1,0.62013,0.58149,0.12265,0.02688
1927,0,2,0.84147,0.63149,0.31393,0.2314
1927,1,2,0.45013,0.63464,0.15625,0.14129
1928,0,2,0.71855,0.51879,0.1154,0.0531
1928,1,2,0.15482,0.79963,0.1297,0.08374
1928,2,2,0.62714,0.68321,0.2594,0.15727
1929,0,2,0.24546,0.73858,0.21001,0.20665
1930,0,2,0.4874,0.63525,0.69052,0.0336
1931,0,1,0.90657,0.74445,0.18478,0.06047
1931,1,1,0.39331,0.61677,0.3713,0.03696
1931,2,1,0.65961,0.51512,0.2957,0.0252
1932,0,2,0.21942,0.7831,0.38642,0.37634
1932,1,2,0.88053,0.61531,0.23686,0.2659
1933,0,1,0.58821,0.66969,0.26042,0.03192
1933,1,1,0.94941,0.7962,0.09909,0.03964
1934,0,1,0.52352,0.7831,0.61828,0.04368
1935,0,3,0.07812,0.71354,0.06146,0.03333
1935,1,3,0.09531,0.68125,0.05417,0.02292
1935,2,1,0.03073,0.51667,0.06042,0.02708
1935,3,0,0.11406,0.45833,0.22083,0.18333
1935,4,4,0.56875,0.48958,0.46771,0.225
1935,5,4,0.87839,0.7557,0.24115,0.22181
1935,6,2,0.50084,0.69993,0.50235,0.19657
1936,0,1,0.95781,0.69872,0.08229,0.0295
1938,0,2,0.28327,0.73269,0.28898,0.25202
1938,1,4,0.44288,0.42776,0.15793,0.13609
1938,2,4,0.68481,0.41347,0.23858,0.12097
1939,0,3,0.59157,0.46724,0.03192,0.02352
1939,1,4,0.27151,0.4412,0.2453,0.19657
1939,2,3,0.31687,0.37987,0.13441,0.06048
1940,0,1,0.53443,0.83434,0.92907,0.07897
1940,1,0,0.53696,0.79822,0.08401,0.38978
1942,0,3,0.5009,0.60925,0.05916,0.05466
1942,1,4,0.85029,0.84058,0.29735,0.28633
1943,0,0,0.64493,0.52341,0.06687,0.04758
1944,0,3,0.78562,0.57812,0.04032,0.02352
1944,1,3,0.71856,0.45685,0.02894,0.0135
1945,0,2,0.76096,0.65413,0.46816,0.68965
1945,1,3,0.82258,0.26058,0.08401,0.0336
1945,2,4,0.31603,0.35299,0.29066,0.20833
1945,3,4,0.65289,0.24966,0.19489,0.11257
1947,0,0,0.68061,0.90911,0.10249,0.15793
1948,0,1,0.32359,0.77806,0.64516,0.06048
1948,1,1,0.34459,0.56888,0.23353,0.0252
1948,2,1,0.35551,0.54032,0.24194,0.01848
1948,3,3,0.72177,0.77554,0.0672,0.0588
1948,4,1,0.81838,0.74194,0.24026,0.02856
1948,5,1,0.86374,0.77302,0.21673,0.0168
1950,0,4,0.67723,0.75176,0.64345,0.49175
1950,1,4,0.20094,0.42608,0.15457,0.03864
1950,2,3,0.2337,0.46724,0.09241,0.0336
1950,3,3,0.31771,0.45884,0.05544,0.0336
1950,4,3,0.34963,0.48656,0.04872,0.0252
1950,5,3,0.30679,0.52604,0.05712,0.03696
1950,6,3,0.1623,0.48992,0.06048,0.03864
1950,7,3,0.19422,0.51092,0.09409,0.03024
1950,8,3,0.21605,0.54205,0.05916,0.02443
1950,9,3,0.18519,0.60378,0.13889,0.05658
1950,10,3,0.12442,0.67644,0.0688,0.03729
1950,11,3,0.24916,0.68609,0.06237,0.04501
1950,12,3,0.18229,0.8089,0.08423,0.05916
1950,13,3,0.27167,0.37519,0.10738,0.02122
1950,14,3,0.40992,0.43756,0.02251,0.01993
1950,15,3,0.65168,0.43017,0.09324,0.05273
1950,16,4,0.46779,0.39706,0.21283,0.02894
1950,17,3,0.50412,0.3334,0.07845,0.01865
1951,0,1,0.59071,0.913,0.8165,0.07164
1952,0,3,0.60921,0.40675,0.0672,0.0504
1952,1,2,0.38155,0.58905,0.34106,0.49899
1952,2,2,0.40927,0.27739,0.11761,0.12097
1952,3,4,0.15642,0.66381,0.09577,0.25202
1954,0,1,0.25554,0.64281,0.49563,0.06888
1954,1,1,0.33031,0.74194,0.6586,0.10249
1954,2,0,0.06737,0.71169,0.12601,0.08569
1954,3,4,0.58065,0.5546,0.09073,0.12097
1955,0,1,0.61003,0.50897,0.77786,0.08346
1955,1,1,0.45716,0.38155,0.28394,0.04704
1955,2,0,0.89061,0.40459,0.2167,0.11328
1955,3,1,0.83012,0.73633,0.33767,0.21225
1956,0,2,0.31134,0.87483,0.29754,0.16622
1957,0,0,0.41599,0.66213,0.16465,0.52755
1957,1,1,0.16314,0.81418,0.31418,0.04872
1957,2,1,0.14886,0.65121,0.28226,0.03528
1957,3,0,0.72513,0.61561,0.51075,0.41331
1957,4,3,0.79402,0.78562,0.2957,0.0588
1958,0,3,0.68481,0.23202,0.18145,0.04368
1958,1,4,0.689,0.64998,0.61993,0.68807
1958,2,4,0.19002,0.5462,0.37802,0.47715
1959,0,2,0.67053,0.86878,0.25034,0.21841
1959,1,0,0.04889,0.76882,0.09577,0.16633
1959,2,0,0.48404,0.72093,0.11593,0.49731
1961,0,1,0.84022,0.61005,0.29402,0.04704
1962,0,3,0.56673,0.47741,0.14354,0.10099
1962,1,3,0.06065,0.61761,0.11257,0.10585
1962,2,4,0.06317,0.80998,0.11425,0.21841
1962,3,3,0.07661,0.48824,0.08401,0.02856
1962,4,2,0.28935,0.52887,0.10159,0.13567
1962,5,2,0.16107,0.51698,0.08423,0.07587
1962,6,3,0.21991,0.58224,0.04501,0.03151
1962,7,3,0.58256,0.37455,0.1106,0.03022
1963,0,4,0.86542,0.66381,0.12265,0.04032
1963,1,2,0.92946,0.70055,0.09452,0.07137
1963,2,4,0.62685,0.45464,0.042,0.04536
1964,0,1,0.18834,0.67725,0.2705,0.05712
1964,1,1,0.67557,0.61845,0.13609,0.04704
1964,2,3,0.94101,0.63339,0.11589,0.13742
1967,0,2,0.39445,0.58976,0.14461,0.20113
1967,1,0,0.04704,0.687,0.08145,0.11636
1967,2,2,0.40027,0.33876,0.05319,0.0748
1969,0,3,0.60282,0.36844,0.03022,0.018
1971,0,1,0.30343,0.72429,0.20833,0.03696
1971,1,1,0.2337,0.8293,0.17641,0.04872
1971,2,1,0.89229,0.65951,0.21334,0.0418
1971,3,1,0.70833,0.54284,0.12097,0.0168
1971,4,1,0.53192,0.50588,0.15121,0.02352
1973,0,0,0.5504,0.65709,0.11089,0.28562
1973,1,0,0.88726,0.57224,0.13609,0.13609
1973,2,0,0.72681,0.45548,0.06384,0.06384
1974,0,1,0.43196,0.51764,0.73085,0.0672
1974,1,1,0.48488,0.66633,0.79637,0.08233
1977,0,1,0.58233,0.5546,0.73589,0.10417
1978,0,2,0.45632,0.78646,0.20161,0.18817
1978,1,2,0.79652,0.64005,0.40487,0.42627
1979,0,1,0.49748,0.60417,0.38138,0.03192
1979,1,1,0.2337,0.80578,0.22009,0.03528
1979,2,1,0.94185,0.79852,0.11421,0.02413
1979,3,1,0.85786,0.61257,0.10081,0.02184
1980,0,3,0.62404,0.48965,0.08938,0.03537
1980,1,3,0.09324,0.49543,0.03858,0.01608
1980,2,3,0.02733,0.50926,0.01993,0.01029
1980,3,3,0.07041,0.52244,0.0598,0.02894
1980,4,3,0.02347,0.5517,0.04694,0.02572
1980,5,3,0.02379,0.58063,0.01157,0.01286
1982,0,1,0.31957,0.40734,0.07202,0.01608
1982,1,4,0.56681,0.40509,0.03537,0.02186
1983,0,4,0.6014,0.8125,0.26596,0.21775
1983,1,2,0.87899,0.67038,0.16622,0.1363
1984,0,1,0.31099,0.66213,0.29738,0.0336
1984,1,1,0.70305,0.98091,0.41953,0.03609
1985,0,0,0.86818,0.93218,0.11469,0.13132
1985,1,0,0.62217,0.5615,0.08477,0.08145
1985,2,0,0.64461,0.71193,0.10306,0.13298
1986,0,4,0.27266,0.86635,0.54533,0.26731
1986,1,4,0.73268,0.67808,0.53256,0.40152
1987,0,4,0.8017,0.50499,0.0748,0.08477
1990,0,3,0.68649,0.50084,0.11089,0.04032
1990,1,3,0.74194,0.42692,0.06048,0.04704
1990,2,3,0.65156,0.56458,0.02708,0.02708
1990,3,3,0.68177,0.55469,0.02708,0.02604
1990,4,2,0.85677,0.5875,0.27083,0.10417
1990,5,4,0.44531,0.43385,0.04792,0.07396
1991,0,4,0.56927,0.44201,0.1643,0.03866
1991,1,4,0.47745,0.37677,0.15303,0.03544
1992,0,0,0.34627,0.77554,0.08905,0.27386
1992,1,0,0.65877,0.65625,0.05208,0.06888
1992,2,3,0.53864,0.5336,0.15457,0.0588
1992,3,3,0.53696,0.58149,0.09409,0.03024
1993,0,2,0.815,0.70472,0.36791,0.46825
1993,1,2,0.38743,0.68313,0.16465,0.24026
1994,0,3,0.97127,0.57308,0.04872,0.03696
1994,1,3,0.8209,0.51344,0.06384,0.0252
1995,0,0,0.60632,0.84147,0.12863,0.31499
1995,1,1,0.53864,0.65205,0.26882,0.02688
1995,2,3,0.7453,0.63609,0.02352,0.02856
1998,0,2,0.37231,0.52604,0.17809,0.15121
1998,1,2,0.7621,0.67893,0.38306,0.44019
1998,2,3,0.29417,0.69927,0.0508,0.03537
1998,3,3,0.66487,0.70988,0.04372,0.05787
1998,4,2,0.31314,0.70023,0.25977,0.09902
1998,5,2,0.06398,0.79186,0.1061,0.14596
1999,0,1,0.49832,0.82762,0.84005,0.05208
1999,1,1,0.81418,0.62433,0.30914,0.03192
2002,0,0,0.49946,0.91341,0.06727,0.03472
2002,1,1,0.53743,0.63455,0.03689,0.00651
2003,0,4,0.50018,0.72767,0.99755,0.53346
2004,0,0,0.78339,0.6974,0.43114,0.39263
2005,0,4,0.49979,0.69468,0.99677,0.60855
2006,0,0,0.75933,0.78212,0.11827,0.18446
2007,0,3,0.18099,0.8673,0.20508,0.09874
2007,1,3,0.38607,0.5548,0.22461,0.05317
2007,2,3,0.44358,0.47287,0.23329,0.07812
2007,3,3,0.70833,0.74468,0.12695,0.10091
2007,4,4,0.89442,0.5255,0.09332,0.05317
2007,5,2,0.80707,0.89442,0.23546,0.20074
2008,0,2,0.89714,0.86947,0.20074,0.25065
2008,1,3,0.64377,0.60634,0.03255,0.02604
2008,2,3,0.67415,0.70942,0.05425,0.04557
2008,3,2,0.76747,0.61773,0.11068,0.06185
2008,4,2,0.4452,0.39475,0.03472,0.01953
2008,5,4,0.5434,0.41374,0.12478,0.06836
2011,0,4,0.50488,0.62858,0.98741,0.73893
2012,0,0,0.4707,0.47396,0.10525,0.13672
2013,0,2,0.74631,0.63618,0.22678,0.42426
2014,0,4,0.85482,0.62316,0.18772,0.04666
2014,1,2,0.33638,0.84605,0.34135,0.30582
2015,0,3,0.78809,0.8418,0.07161,0.02821
2017,0,1,0.40994,0.28678,0.71072,0.04232
2018,0,0,0.41265,0.72624,0.08681,0.38303
2019,0,0,0.68663,0.76313,0.22678,0.35265
2020,0,0,0.7322,0.6633,0.051,0.03364
2021,0,3,0.551,0.46962,0.04232,0.00868
2022,0,3,0.19998,0.57161,0.2105,0.08464
2022,1,3,0.78971,0.48752,0.23112,0.07704
2022,2,4,0.17269,0.67249,0.34538,0.13664
2023,0,0,0.81413,0.66602,0.36675,0.57509
2023,1,0,0.48861,0.53092,0.11068,0.26367
2023,2,4,0.57867,0.53092,0.11719,0.20942
2023,3,3,0.84668,0.51248,0.09983,0.04015
2029,0,3,0.70074,0.5,0.13997,0.0651
2029,1,3,0.38987,0.4707,0.0651,0.01519
2029,2,3,0.4349,0.43815,0.04449,0.01085
2031,0,3,0.21625,0.57216,0.42969,0.27018
2031,1,3,0.36437,0.91287,0.22678,0.05751
2031,2,4,0.13487,0.89822,0.26693,0.19748
2033,0,0,0.24338,0.50488,0.45139,0.52192
2033,1,0,0.75933,0.62695,0.33746,0.4579
2037,0,4,0.61556,0.449,0.32552,0.15842
2037,1,4,0.7908,0.75662,0.39388,0.32878
2037,2,3,0.93728,0.63292,0.12261,0.06619
2038,0,0,0.67307,0.65245,0.19748,0.1378
2039,0,0,0.27322,0.60851,0.3635,0.6901
2039,1,0,0.81431,0.5613,0.36929,0.44812
2041,0,0,0.84144,0.56221,0.31504,0.15698
2043,0,1,0.8371,0.61981,0.32372,0.03345
2044,0,3,0.92046,0.48644,0.03255,0.01194
2046,0,2,0.1365,0.61285,0.14214,0.07595
2047,0,4,0.17556,0.6671,0.33312,0.25825
2048,0,0,0.45877,0.6454,0.08789,0.09332
2052,0,3,0.21029,0.78266,0.17036,0.06402
2052,1,3,0.38227,0.52713,0.19965,0.04774
2052,2,3,0.44575,0.45605,0.12912,0.02496
2052,3,3,0.94995,0.62237,0.09803,0.11888
2052,4,3,0.6454,0.70454,0.14865,0.09874
2052,5,4,0.78295,0.86504,0.33696,0.26784
2052,6,4,0.86567,0.50326,0.15951,0.04991
2054,0,4,0.68708,0.72669,0.62046,0.54453
2059,0,3,0.76042,0.75662,0.21593,0.05317
2059,1,3,0.82661,0.62261,0.17036,0.03689
2062,0,0,0.43003,0.7701,0.20619,0.45773
2062,1,0,0.60959,0.65408,0.11393,0.1671
2063,0,2,0.34484,0.68338,0.68468,0.51432
2063,1,4,0.37088,0.46039,0.53277,0.4503
2063,2,4,0.23362,0.14193,0.2474,0.17795
2064,0,0,0.87916,0.55961,0.23856,0.22772
2066,0,0,0.65028,0.78646,0.16927,0.41667
2066,1,0,0.52333,0.67578,0.69444,0.03472
2066,2,0,0.85663,0.67441,0.28466,0.22729
2066,3,3,0.41645,0.91775,0.12912,0.05859
2067,0,2,0.65788,0.70996,0.36458,0.43728
2067,1,0,0.81033,0.51465,0.37652,0.19423
2068,0,1,0.65679,0.55697,0.57292,0.1161
2068,1,1,0.62804,0.42567,0.56966,0.09006
2068,2,1,0.50597,0.34375,0.28646,0.02604
2071,0,4,0.1461,0.73995,0.29221,0.44735
2072,0,2,0.86857,0.61285,0.26079,0.22353
2078,0,3,0.21083,0.59657,0.24306,0.13455
2078,1,3,0.78917,0.4924,0.20833,0.06944
2079,0,3,0.6275,0.39583,0.0651,0.0217
2079,1,4,0.50651,0.65245,0.97548,0.68468
2080,0,0,0.64648,0.86133,0.18121,0.26476
2082,0,3,0.31391,0.51248,0.3342,0.06836
2082,1,3,0.13162,0.80273,0.26042,0.28212
2082,2,4,0.24501,0.60634,0.46332,0.12153
2082,3,4,0.38987,0.43598,0.20833,0.07812
2082,4,4,0.71267,0.46094,0.07053,0.03255
2083,0,2,0.85609,0.66591,0.28574,0.24936
2086,0,0,0.38336,0.88194,0.01736,0.13238
2087,0,3,0.93349,0.49891,0.11068,0.06076
2087,1,4,0.2564,0.58464,0.50781,0.6467
2090,0,0,0.77886,0.61176,0.43728,0.29297
2090,1,1,0.49946,0.43273,0.05425,0.01085
2091,0,2,0.22383,0.73429,0.44058,0.52934
2091,1,4,0.26888,0.2347,0.1747,0.18555
2093,0,0,0.44086,0.53581,0.13889,0.44054
2096,0,0,0.51302,0.73492,0.0727,0.09657
2096,1,1,0.50326,0.91558,0.98416,0.15408
2103,0,0,0.11155,0.83691,0.20508,0.25716
2103,1,0,0.2092,0.54178,0.4069,0.39388
2104,0,0,0.8559,0.6275,0.28103,0.24414
2104,1,0,0.77011,0.86338,0.45666,0.25802
2104,2,0,0.2168,0.60742,0.08572,0.09115
2105,0,3,0.20595,0.85916,0.12261,0.10851
2105,1,2,0.05946,0.87435,0.11393,0.11719
2106,0,1,0.71864,0.55751,0.35807,0.03689
2107,0,4,0.14844,0.78429,0.28971,0.42101
2108,0,2,0.96061,0.71756,0.07378,0.37869
2109,0,2,0.75825,0.75987,0.42209,0.4286
2112,0,3,0.74902,0.55317,0.08681,0.02387
2112,1,3,0.85536,0.65408,0.06727,0.03906
2114,0,1,0.71918,0.74794,0.17036,0.03364
2115,0,3,0.97472,0.87815,0.04557,0.0293
2117,0,4,0.50724,0.66015,0.98344,0.67186
2118,0,4,0.4999,0.57424,0.99698,0.84944
2122,0,1,0.46853,0.64865,0.56315,0.01519
2123,0,2,0.49714,0.78366,0.90683,0.4306
2124,0,3,0.18099,0.77832,0.29188,0.28754
2124,1,0,0.22222,0.54015,0.09006,0.15191
2125,0,2,0.29492,0.69911,0.29405,0.34397
2126,0,2,0.85446,0.84469,0.289,0.29008
2128,0,3,0.65842,0.58247,0.10742,0.01519
2131,0,3,0.17285,0.58572,0.10417,0.02821
2131,1,4,0.29058,0.73166,0.57617,0.52192
2137,0,4,0.59104,0.65345,0.81251,0.69102
2139,0,0,0.6416,0.62804,0.16493,0.4796
2139,1,1,0.52387,0.4962,0.73676,0.06402
2141,0,1,0.46311,0.59223,0.92556,0.14757
2142,0,0,0.38336,0.71918,0.20399,0.53385
2142,1,1,0.73367,0.48636,0.09813,0.01671
2146,0,4,0.5076,0.69857,0.97765,0.59679
2149,0,4,0.58373,0.64129,0.83045,0.71228
2151,0,4,0.2998,0.41916,0.57943,0.24197
2152,0,1,0.85645,0.57595,0.22569,0.06727
2152,1,1,0.28461,0.63618,0.54253,0.07704
2152,2,1,0.67632,0.52116,0.23655,0.02713
2152,3,0,0.89659,0.66927,0.19531,0.0803
2154,0,0,0.81304,0.5765,0.37109,0.20291
2157,0,3,0.80273,0.81521,0.12261,0.04232
2157,1,3,0.65842,0.66168,0.1378,0.0217
2157,2,3,0.61339,0.54612,0.06076,0.02713
2159,0,2,0.3725,0.67741,0.4579,0.34397
2160,0,3,0.79839,0.61447,0.15951,0.06185
2160,1,3,0.57487,0.45931,0.08572,0.02496
2160,2,4,0.54937,0.39041,0.06727,0.04557
2160,3,3,0.68012,0.49132,0.10742,0.04991
2160,4,3,0.65679,0.53961,0.08681,0.03147
2160,5,3,0.91992,0.68012,0.15734,0.13455
2160,6,4,0.83149,0.55154,0.28863,0.10525
2161,0,3,0.54612,0.50868,0.12587,0.04123
2161,1,4,0.13921,0.53743,0.19748,0.0944
2162,0,0,0.56239,0.42784,0.05425,0.03147
2166,0,4,0.52894,0.66593,0.94004,0.65738
2168,0,1,0.18099,0.17773,0.20508,0.03689
2172,0,3,0.67578,0.52658,0.11176,0.04449
2172,1,4,0.88357,0.3763,0.21918,0.09766
2172,2,4,0.60796,0.74251,0.76389,0.3418
2173,0,4,0.77959,0.63137,0.43874,0.53183
2175,0,2,0.63057,0.81675,0.73314,0.36441
2177,0,4,0.17448,0.40777,0.32878,0.36024
2180,0,4,0.52279,0.63075,0.41992,0.31793
2180,1,0,0.77796,0.64167,0.44199,0.61536
2180,2,0,0.20106,0.67904,0.39714,0.63802
2181,0,3,0.7105,0.52279,0.1378,0.06076
2181,1,3,0.75879,0.43978,0.08247,0.02279
2181,2,3,0.8776,0.42676,0.08572,0.02713
2181,3,3,0.61013,0.40506,0.04123,0.04015
2181,4,4,0.29167,0.56239,0.41124,0.45681
2182,0,4,0.59711,0.42567,0.16493,0.12478
2182,1,4,0.85536,0.46474,0.13455,0.03798
2182,2,4,0.56174,0.89434,0.21787,0.20924
2182,3,3,0.72461,0.63346,0.09006,0.02604
2183,0,3,0.58409,0.69748,0.14323,0.03255
2183,1,3,0.90202,0.60308,0.17795,0.102
2183,2,3,0.54449,0.53309,0.10959,0.09657
2183,3,3,0.70128,0.67632,0.09766,0.03581
2183,4,4,0.65137,0.46365,0.30599,0.10525
2183,5,4,0.7577,0.84614,0.42752,0.30382
2183,6,4,0.1951,0.73492,0.32878,0.37218
2183,7,4,0.62587,0.61556,0.25282,0.13563
2185,0,3,0.21501,0.52088,0.43001,0.22734
2185,1,3,0.32313,0.81684,0.2615,0.14106
2185,2,3,0.72786,0.94967,0.13563,0.09857
2187,0,3,0.54883,0.74089,0.35699,0.07378
2187,1,3,0.46691,0.55317,0.14974,0.04991
2187,2,4,0.66764,0.45171,0.62283,0.15951
2187,3,4,0.86561,0.81675,0.26138,0.36441
2190,0,1,0.41102,0.49566,0.49588,0.0651
2190,1,1,0.3839,0.63021,0.75195,0.07812
2190,2,0,0.09744,0.87652,0.10091,0.20399
2190,3,2,0.75933,0.56131,0.26584,0.27886
2190,4,0,0.80707,0.43815,0.14431,0.13021
2190,5,2,0.55642,0.33832,0.04449,0.03906
2190,6,0,0.50705,0.29004,0.01302,0.01845
2192,0,1,0.35731,0.33127,0.60981,0.21593
2192,1,1,0.59928,0.39041,0.66406,0.25391
2194,0,1,0.40668,0.47667,0.64345,0.06185
2194,1,0,0.78719,0.57331,0.42355,0.35278
2195,0,0,0.45768,0.63455,0.37652,0.2691
2199,0,1,0.95681,0.65625,0.07921,0.03906
2200,0,0,0.39529,0.76801,0.1888,0.4579
2201,0,2,0.31221,0.63351,0.09536,0.1115
2202,0,1,0.36089,0.42103,0.72177,0.04536
2202,1,3,0.25218,0.29755,0.14617,0.05712
2202,2,3,0.38911,0.41683,0.18481,0.05712
2202,3,3,0.69405,0.43532,0.24026,0.10753
2202,4,3,0.61993,0.52878,0.04934,0.02193
2203,0,3,0.34291,0.84106,0.38138,0.13273
2203,1,3,0.2458,0.54142,0.4916,0.2851
2203,2,2,0.69573,0.60753,0.25706,0.19657
2203,3,2,0.11811,0.78443,0.23622,0.13707
2203,4,2,0.08703,0.92839,0.17406,0.1293
2203,5,2,0.72554,0.93807,0.12177,0.12177
2204,0,0,0.85617,0.69741,0.28558,0.16129
2204,1,1,0.8629,0.58569,0.2453,0.03864
2205,0,2,0.36235,0.91332,0.09549,0.04836
2205,1,2,0.46776,0.76885,0.13269,0.16369
2205,2,2,0.39335,0.9654,0.10541,0.05828
2205,3,2,0.23338,0.953,0.22445,0.08061
2205,4,3,0.58557,0.51277,0.12029,0.0558
2207,0,3,0.77132,0.67992,0.45528,0.63705
2207,1,3,0.62013,0.39415,0.10921,0.06552
2207,2,2,0.56132,0.62013,0.09241,0.21169
2207,3,3,0.16431,0.58311,0.32863,0.32583
2208,0,0,0.79316,0.65881,0.41159,0.24537
2209,0,0,0.79904,0.7008,0.39983,0.35288
2210,0,2,0.87465,0.7994,0.24862,0.38879
2210,1,2,0.521,0.7621,0.27722,0.27722
2210,2,2,0.33839,0.96831,0.08801,0.06129
2210,3,2,0.64785,0.8797,0.2453,0.15289
2211,0,3,0.38743,0.66801,0.17809,0.03864
2211,1,3,0.34123,0.55376,0.12265,0.02856
2211,2,1,0.17944,0.76643,0.35887,0.04005
2211,3,0,0.651,0.79778,0.59435,0.40235
2212,0,3,0.32611,0.63609,0.35786,0.20329
2212,1,2,0.23454,0.94439,0.33266,0.08065
2212,2,2,0.36727,0.77806,0.11425,0.05712
2213,0,1,0.45296,0.5252,0.86022,0.16633
2213,1,3,0.81586,0.47228,0.12769,0.0672
2213,2,0,0.09406,0.52924,0.18812,0.21027
2213,3,3,0.35491,0.37946,0.031,0.02976
2214,0,2,0.61929,0.69237,0.12097,0.18145
2214,1,3,0.82831,0.80198,0.34076,0.39395
2214,2,2,0.76126,0.55376,0.08905,0.09241
2214,3,3,0.29872,0.83269,0.59745,0.32769
2214,4,2,0.2379,0.70329,0.11761,0.07897
2214,5,2,0.47984,0.59157,0.18481,0.15457
2214,6,2,0.71337,0.62937,0.08065,0.08905
2215,0,3,0.82844,0.59668,0.34103,0.11103
2215,1,3,0.20934,0.56804,0.16465,0.10753
2215,2,3,0.61005,0.47396,0.11593,0.06384
2216,0,2,0.96847,0.60425,0.05993,0.04889
2216,1,2,0.82258,0.51596,0.20497,0.14785
2216,2,0,0.80214,0.50039,0.39259,0.23431
2217,0,0,0.74276,0.68175,0.5124,0.43238
2217,1,1,0.55208,0.81418,0.75941,0.06216
2218,0,1,0.52014,0.63036,0.95763,0.17106
2218,1,2,0.95025,0.58211,0.09741,0.05166
2218,2,2,0.21774,0.76798,0.24194,0.06048
2218,3,2,0.63021,0.60921,0.21673,0.0756
2218,4,2,0.33115,0.61173,0.19321,0.08737
2219,0,0,0.80492,0.78634,0.38807,0.34251
2219,1,1,0.43952,0.72261,0.58804,0.04032
2220,0,0,0.25722,0.57392,0.50907,0.40155
2220,1,1,0.22194,0.48236,0.22345,0.05712
2220,2,2,0.13038,0.67557,0.12097,0.09409
2220,3,2,0.20766,0.59073,0.10753,0.07897
2221,0,0,0.83264,0.71424,0.33263,0.24535
2221,1,1,0.55628,0.75874,0.71741,0.042
2221,2,0,0.16398,0.78478,0.31586,0.42675
2221,3,3,0.36391,0.48488,0.05376,0.03528
2221,4,3,0.32779,0.53612,0.06888,0.02016
2222,0,1,0.54031,0.87983,0.91731,0.05569
2222,1,0,0.80492,0.52678,0.38807,0.26357
2222,2,1,0.58485,0.57056,0.5494,0.04872
2222,3,3,0.72429,0.56804,0.09913,0.04704
2222,4,3,0.20598,0.89062,0.23858,0.06048
2222,5,0,0.72345,0.77218,0.13441,0.21337
2222,6,0,0.5588,0.61929,0.2621,0.14953
2223,0,2,0.90463,0.51956,0.18762,0.13824
2223,1,2,0.63273,0.92941,0.25538,0.13805
2223,2,2,0.521,0.58065,0.17305,0.17305
2224,0,2,0.4454,0.5294,0.10585,0.14449
2224,1,2,0.10215,0.77638,0.2043,0.29234
2224,2,2,0.28831,0.81586,0.13105,0.18313
2224,3,4,0.22791,0.57813,0.45583,0.61301
2224,4,2,0.47693,0.35931,0.05802,0.01978
2224,5,2,0.74328,0.63357,0.49842,0.53666
2225,0,3,0.44372,0.52688,0.3041,0.14281
2225,1,3,0.22446,0.38575,0.20497,0.14617
2225,2,3,0.12786,0.43952,0.09577,0.07224
2225,3,3,0.46808,0.38995,0.23522,0.09745
2225,4,3,0.64365,0.42188,0.09913,0.07056
2225,5,2,0.22446,0.66885,0.3125,0.27218
2225,6,3,0.09291,0.64631,0.18582,0.14981
2226,0,1,0.60415,0.60165,0.78962,0.06384
2226,1,0,0.77384,0.47034,0.45024,0.20111
2226,2,1,0.53863,0.76198,0.92067,0.1128
2226,3,2,0.13491,0.6032,0.26983,0.2652
2226,4,0,0.19372,0.66147,0.38743,0.5296
2227,0,3,0.29503,0.42524,0.21505,0.10081
2227,1,3,0.10938,0.58317,0.16969,0.12433
2227,2,3,0.75286,0.52772,0.16297,0.09745
2227,3,3,0.62097,0.42188,0.14113,0.0672
2227,4,3,0.26899,0.60585,0.09241,0.05208
2229,0,2,0.27067,0.56888,0.32762,0.30746
2229,1,2,0.08669,0.80074,0.13777,0.11257
2229,2,2,0.29167,0.74446,0.19489,0.10417
2229,3,2,0.64785,0.55712,0.28562,0.32426
2230,0,0,0.26058,0.71841,0.36794,0.51579
2230,1,0,0.69807,0.70454,0.47342,0.58884
2231,0,0,0.67471,0.50808,0.64849,0.04136
2231,1,3,0.26647,0.51092,0.13441,0.12097
2231,2,1,0.19254,0.68145,0.20161,0.05544
2231,3,0,0.27739,0.66381,0.15289,0.22513
2232,0,2,0.44876,0.71085,0.26714,0.35282
2232,1,2,0.90069,0.66232,0.19654,0.18855
2232,2,2,0.79234,0.81586,0.19153,0.21673
2232,3,0,0.94017,0.66054,0.11757,0.10099
2233,0,2,0.33703,0.4706,0.09073,0.12097
2233,1,2,0.17406,0.68397,0.25538,0.3629
2234,0,2,0.13122,0.92101,0.18649,0.15486
2234,1,2,0.80336,0.92353,0.09933,0.14982
2235,0,2,0.83001,0.91892,0.22599,0.15903
2236,0,0,0.72764,0.73234,0.54264,0.43611
2236,1,1,0.44288,0.78226,0.70901,0.042
2237,0,1,0.41011,0.62769,0.42171,0.03528
2237,1,1,0.32863,0.66633,0.31586,0.042
2237,2,1,0.41935,0.56384,0.28562,0.03528
2237,3,0,0.72471,0.7541,0.4763,0.48972
2237,4,1,0.75211,0.60537,0.2974,0.03321
2238,0,0,0.66465,0.563,0.40323,0.51075
2238,1,1,0.86037,0.6237,0.27718,0.07351
2238,2,1,0.36593,0.6926,0.73185,0.13486
2238,3,1,0.55208,0.37651,0.07056,0.02352
2239,0,2,0.39247,0.38071,0.06048,0.042
2239,1,2,0.33199,0.4706,0.12769,0.08401
2239,2,2,0.21438,0.59073,0.12769,0.12937
2239,3,2,0.09845,0.68397,0.18817,0.19489
2239,4,2,0.23874,0.68481,0.16633,0.24362
2240,0,1,0.44153,0.55978,0.88306,0.22877
2240,1,1,0.21808,0.71634,0.43616,0.23611
2240,2,3,0.35803,0.71925,0.08905,0.0672
2240,3,0,0.72513,0.36895,0.2957,0.17305
2240,4,0,0.50667,0.24762,0.07584,0.03838
2240,5,1,0.41301,0.25493,0.10417,0.03655
2240,6,1,0.23575,0.33215,0.11696,0.03015
2241,0,3,0.12651,0.62068,0.25302,0.22287
2241,1,2,0.41935,0.56216,0.17473,0.07224
2241,2,3,0.38407,0.39667,0.32258,0.11089
2241,3,3,0.38071,0.30763,0.08737,0.04032
2242,0,3,0.37987,0.61089,0.10249,0.09577
2242,1,2,0.76966,0.80424,0.40155,0.38839
2243,0,1,0.4958,0.73101,0.68716,0.05712
2243,1,0,0.76292,0.65399,0.47208,0.36006
2243,2,1,0.84357,0.61056,0.31079,0.04806
2244,0,3,0.45128,0.61089,0.14449,0.05544
2244,1,3,0.51176,0.74866,0.33938,0.07897
2244,2,3,0.14718,0.7831,0.15121,0.09073
2244,3,3,0.24546,0.62937,0.10249,0.042
2244,4,3,0.67977,0.54536,0.18481,0.04536
2244,5,3,0.83182,0.8041,0.19657,0.10585
2244,6,2,0.89901,0.9113,0.1999,0.122
2244,7,2,0.63449,0.92211,0.26563,0.1537
2244,8,2,0.78728,0.67521,0.42335,0.16393
2244,9,3,0.5168,0.57056,0.09745,0.06552
2244,10,3,0.38407,0.54368,0.07392,0.04536
2244,11,2,0.18587,0.91959,0.31913,0.15874
2245,0,2,0.79486,0.79486,0.40491,0.30578
2245,1,2,0.52436,0.79822,0.28394,0.20497
2245,2,2,0.2631,0.60165,0.10081,0.12769
2246,0,0,0.76292,0.49916,0.47208,0.23858
2246,1,0,0.21074,0.65946,0.41346,0.53045
2246,2,3,0.72997,0.48958,0.0641,0.06891
2246,3,2,0.61509,0.69321,0.31418,0.43515
2248,0,3,0.26058,0.44372,0.14953,0.08401
2248,1,2,0.68397,0.76882,0.51915,0.42843
2248,2,2,0.09795,0.69616,0.1959,0.23943
2248,3,3,0.56132,0.46808,0.14617,0.09241
2249,0,2,0.39079,0.62853,0.22177,0.19489
2249,1,2,0.773,0.42007,0.45192,0.34585
2249,2,2,0.87297,0.67886,0.25198,0.21154
2249,3,3,0.20934,0.76042,0.12769,0.15625
2249,4,0,0.49412,0.26563,0.08233,0.08065
2249,5,0,0.57728,0.45044,0.14113,0.25538
2249,6,0,0.68145,0.69657,0.14113,0.20665
2250,0,0,0.76628,0.64672,0.46536,0.31529
2250,1,1,0.47396,0.59073,0.41499,0.03192
2250,2,1,0.84441,0.58884,0.30911,0.03822
2250,3,1,0.46892,0.82006,0.66364,0.09409
2251,0,0,0.68492,0.80954,0.58154,0.37883
2252,0,2,0.33688,0.59358,0.16484,0.1614
2252,1,2,0.05855,0.92131,0.1171,0.14721
2252,2,2,0.19265,0.69231,0.15453,0.08757
2252,3,2,0.07503,0.8125,0.0704,0.11161
2252,4,2,0.84257,0.89161,0.14078,0.21366
2253,0,3,0.59577,0.28327,0.16129,0.06888
2253,1,2,0.72345,0.80326,0.27218,0.3293
2253,2,2,0.43532,0.79066,0.3545,0.14953
2253,3,2,0.49244,0.57224,0.22681,0.25034
2253,4,2,0.67473,0.37063,0.07056,0.08233
2254,0,0,0.87885,0.8387,0.24022,0.17841
2254,1,0,0.63777,0.65625,0.11089,0.12601
2255,0,0,0.80996,0.68345,0.37799,0.25097
2255,1,1,0.53024,0.64701,0.47379,0.03696
2255,2,2,0.17826,0.57392,0.33098,0.07897
2256,0,0,0.69455,0.7415,0.40254,0.51492
2256,1,1,0.82006,0.68596,0.3578,0.0404
2256,2,3,0.23505,0.56839,0.08454,0.02868
2257,0,0,0.7688,0.64303,0.46032,0.38854
2257,1,1,0.44369,0.88558,0.87416,0.0521
2258,0,0,0.80828,0.71025,0.38135,0.31465
2259,0,0,0.7772,0.65167,0.44351,0.26806
2260,0,0,0.78644,0.67827,0.42503,0.29438
2260,1,3,0.52268,0.49244,0.0756,0.03024
2261,0,2,0.70665,0.7495,0.36626,0.44019
2261,1,0,0.73016,0.54479,0.5376,0.41048
2261,2,2,0.42103,0.68481,0.23858,0.30074
2261,3,2,0.28327,0.80494,0.19153,0.20497
2261,4,2,0.93681,0.85803,0.12429,0.23387
2262,0,0,0.56804,0.5252,0.45867,0.42507
2262,1,3,0.48572,0.43196,0.10249,0.07056
2262,2,1,0.38071,0.45128,0.16129,0.03864
2262,3,1,0.72429,0.38827,0.44187,0.09073
2262,4,2,0.79988,0.60921,0.39815,0.37131
2262,5,1,0.97041,0.95771,0.05709,0.06361
2262,6,0,0.72764,0.31717,0.54264,0.08629
2264,0,2,0.59493,0.65793,0.20329,0.45195
2264,1,2,0.62433,0.45296,0.18817,0.05544
2265,0,0,0.81836,0.70043,0.36119,0.36894
2266,0,1,0.49782,0.82219,0.99563,0.13531
2266,1,0,0.77048,0.57619,0.45696,0.26159
2266,2,1,0.72513,0.5,0.18817,0.05544
2266,3,3,0.76294,0.43028,0.10249,0.03024
2267,0,2,0.41776,0.40817,0.14391,0.07401
2268,0,2,0.44792,0.80618,0.59812,0.38555
2268,1,2,0.87816,0.84929,0.24161,0.2186
2269,0,2,0.42776,0.73522,0.23858,0.30746
2269,1,3,0.85533,0.53964,0.28726,0.28258
2269,2,3,0.55292,0.30175,0.23017,0.10921
2270,0,0,0.77384,0.55309,0.45024,0.28596
2271,0,1,0.46304,0.36391,0.20497,0.0252
2271,1,1,0.42188,0.67893,0.82829,0.11425
2271,2,0,0.69405,0.563,0.41499,0.50067
2271,3,0,0.16515,0.39183,0.33031,0.18184
2271,4,1,0.32779,0.45044,0.59644,0.04368
2271,5,1,0.2379,0.38743,0.21505,0.03864
2271,6,2,0.71925,0.458,0.16969,0.12937
2271,7,2,0.84441,0.61565,0.30911,0.28003
2271,8,3,0.66717,0.35467,0.09577,0.06048
2271,9,3,0.32191,0.67137,0.13105,0.0588
2271,10,2,0.61425,0.38407,0.12097,0.08233
2272,0,3,0.31939,0.7537,0.39819,0.19657
2272,1,2,0.22648,0.52171,0.45296,0.39455
2272,2,3,0.94101,0.59881,0.11589,0.13209
2272,3,2,0.45968,0.42524,0.17473,0.09745
2273,0,0,0.8024,0.75129,0.39311,0.25895
2273,1,1,0.82508,0.66841,0.34775,0.02264
2273,2,1,0.23538,0.7915,0.14281,0.05376
2274,0,0,0.71925,0.61509,0.08569,0.45699
2274,1,2,0.24798,0.4706,0.2957,0.14113
2274,2,0,0.17742,0.51008,0.12097,0.06552
2275,0,0,0.67718,0.73226,0.38124,0.5334
2276,0,3,0.28243,0.48572,0.06888,0.04704
2276,1,2,0.81474,0.72652,0.36739,0.42112
2276,2,3,0.57728,0.33535,0.13777,0.07897
2276,3,3,0.28327,0.39331,0.08065,0.0336
2277,0,2,0.71841,0.91247,0.15121,0.10417
2277,1,2,0.26647,0.8671,0.34274,0.22177
2278,0,1,0.55207,0.69568,0.89378,0.10427
2278,1,0,0.77552,0.53612,0.44688,0.22177
2278,2,2,0.18952,0.5918,0.37903,0.32306
2278,3,2,0.85785,0.84025,0.28222,0.24534
2280,0,3,0.12483,0.63037,0.24966,0.2725
2281,0,3,0.57644,0.59493,0.18313,0.11089
2281,1,3,0.37819,0.63945,0.11257,0.07224
2281,2,3,0.37819,0.4706,0.10585,0.06048
2281,3,3,0.66549,0.40591,0.10585,0.05208
2281,4,3,0.57812,0.34207,0.06552,0.03192
2281,5,3,0.42103,0.30427,0.10081,0.05376
2281,6,3,0.39919,0.2505,0.05712,0.04368
2281,7,3,0.59745,0.74278,0.3125,0.16129
2281,8,3,0.75958,0.91583,0.11929,0.08401
2281,9,3,0.80494,0.54536,0.17977,0.12265
2281,10,2,0.18498,0.59829,0.19657,0.23522
2281,11,2,0.58569,0.47648,0.14785,0.08905
2281,12,3,0.5084,0.50084,0.12433,0.07728
2281,13,3,0.41515,0.39415,0.15289,0.0756
2281,14,2,0.37651,0.54956,0.08905,0.07056
2281,15,2,0.47228,0.89399,0.08233,0.10081
2281,16,2,0.78478,0.43784,0.09913,0.07224
2281,17,2,0.72597,0.54452,0.06888,0.03024
2281,18,2,0.15306,0.41431,0.11593,0.08233
2282,0,0,0.7772,0.70661,0.44351,0.35778
2283,0,2,0.49832,0.67557,0.26882,0.23522
2284,0,3,0.49948,0.64993,0.99896,0.69805
2285,0,3,0.61173,0.61425,0.40827,0.38474
2285,1,3,0.64953,0.40843,0.08737,0.03696
2285,2,3,0.74194,0.45968,0.0672,0.03528
2285,3,3,0.48488,0.39163,0.08065,0.04704
2285,4,2,0.92421,0.81835,0.1495,0.17467
2286,0,3,0.53192,0.50672,0.14449,0.09913
2286,1,3,0.77974,0.46136,0.0756,0.042
2286,2,3,0.69573,0.40675,0.02856,0.02688
2286,3,2,0.35467,0.41263,0.04536,0.14281
2286,4,2,0.34627,0.56468,0.11929,0.08737
2286,5,2,0.42692,0.39835,0.0588,0.07056
2286,6,2,0.48572,0.39331,0.03864,0.09745
2287,0,2,0.41683,0.62853,0.14953,0.39987
2288,0,0,0.815,0.67057,0.36791,0.36298
2288,1,1,0.50166,0.61186,0.99459,0.08037
2289,0,0,0.83852,0.6737,0.32087,0.22476
2290,0,2,0.82353,0.8286,0.34464,0.33967
2290,1,0,0.42776,0.53108,0.14785,0.34946
2290,2,1,0.73185,0.69489,0.27554,0.05544
2291,0,1,0.50166,0.66577,0.99459,0.16409
2291,1,3,0.85786,0.60921,0.18481,0.05208
2292,0,0,0.81584,0.69815,0.36623,0.26694
2292,1,1,0.58231,0.70055,0.8333,0.05758
2293,0,3,0.35215,0.53276,0.30914,0.14449
2293,1,3,0.31015,0.71673,0.19489,0.13273
2293,2,3,0.87886,0.41935,0.19321,0.07897
2293,3,3,0.38995,0.36223,0.08905,0.04872
2294,0,0,0.87129,0.52195,0.25534,0.10943
2294,1,2,0.21858,0.67893,0.36794,0.45363
2294,2,1,0.2421,0.93011,0.2537,0.02856
2294,3,1,0.86121,0.85876,0.2755,0.07044
2295,0,2,0.32107,0.61257,0.14281,0.18649
2296,0,2,0.40171,0.4706,0.24698,0.12769
2296,1,0,0.75202,0.70749,0.2453,0.58132
2297,0,2,0.74948,0.76858,0.49896,0.43803
2297,1,2,0.41386,0.78938,0.24284,0.41915
2298,0,0,0.37819,0.66045,0.18649,0.3461
2299,0,2,0.13542,0.79402,0.25874,0.21337
2299,1,3,0.40423,0.40423,0.09073,0.04536
2299,2,3,0.34879,0.38575,0.07392,0.042
2300,0,0,0.88725,0.69403,0.22342,0.20493
2300,1,1,0.92001,0.61907,0.1579,0.02477
2300,2,1,0.63105,0.64197,0.3797,0.04704
2301,0,3,0.78142,0.52772,0.15625,0.12433
2301,1,3,0.62097,0.34375,0.13105,0.13945
2301,2,3,0.90877,0.72,0.18246,0.25687
2301,3,3,0.43316,0.50955,0.14062,0.07639
2301,4,3,0.42622,0.38889,0.15799,0.06424
2302,0,1,0.69236,0.72574,0.61321,0.11135
2302,1,1,0.18532,0.78525,0.37063,0.048
2302,2,0,0.40591,0.57224,0.13777,0.61996
2302,3,1,0.40675,0.46052,0.05208,0.03024
2302,4,1,0.70412,0.52131,0.58968,0.04307
2302,5,3,0.437,0.41011,0.09241,0.0168
2302,6,3,0.4454,0.31771,0.03192,0.0168
2303,0,3,0.30427,0.43616,0.06888,0.042
2303,1,3,0.32443,0.39163,0.04536,0.03024
2303,2,3,0.38911,0.42944,0.07728,0.03528
2303,3,3,0.53696,0.61425,0.04704,0.08905
2303,4,3,0.63525,0.61509,0.0588,0.08401
2303,5,3,0.36475,0.46976,0.0756,0.03528
2303,6,3,0.30511,0.49832,0.0672,0.04872
2303,7,3,0.43784,0.57728,0.11089,0.05208
2303,8,3,0.45044,0.65961,0.0756,0.042
2303,9,3,0.44624,0.62433,0.05712,0.0252
2303,10,3,0.43532,0.69489,0.07897,0.042
2303,11,3,0.55208,0.70833,0.0672,0.05208
2303,12,3,0.61341,0.68565,0.09577,0.06384
2303,13,3,0.5672,0.50252,0.18817,0.10417
2303,14,3,0.11946,0.5714,0.16969,0.19153
2303,15,3,0.64869,0.38155,0.21001,0.10081
2304,0,2,0.59073,0.60249,0.71237,0.61324
2304,1,0,0.69992,0.43808,0.59808,0.33819
2304,2,2,0.22614,0.66213,0.17473,0.3293
2305,0,2,0.77944,0.77006,0.31358,0.4578
2305,1,2,0.75034,0.57392,0.22849,0.16297
2305,2,3,0.40591,0.72177,0.12097,0.0588
2305,3,0,0.8468,0.80534,0.2971,0.38723
2305,4,2,0.49916,0.82258,0.29402,0.33434
2306,0,3,0.85281,0.55076,0.29231,0.37202
2306,1,3,0.61677,0.52772,0.12265,0.22177
2306,2,1,0.64953,0.36307,0.25202,0.02352
2307,0,0,0.69452,0.73646,0.44281,0.525
2307,1,3,0.22732,0.721,0.45464,0.52433
2308,0,0,0.85365,0.67931,0.29063,0.17885
2309,0,2,0.52856,0.75118,0.31922,0.14785
2309,1,2,0.93513,0.64932,0.12765,0.0651
2309,2,1,0.1875,0.60081,0.28562,0.03192
2309,3,0,0.06771,0.64668,0.13542,0.11695
2309,4,1,0.15054,0.70245,0.2789,0.04032
2309,5,0,0.32359,0.65373,0.22177,0.58804
2309,6,3,0.53024,0.49076,0.16465,0.10081
2309,7,0,0.66465,0.67725,0.21841,0.35954
2309,8,1,0.65707,0.62453,0.68377,0.10545
2309,9,3,0.29167,0.83014,0.11089,0.21505
2309,10,3,0.07157,0.5378,0.08401,0.06048
2309,11,1,0.20178,0.48068,0.17641,0.02688
2309,12,3,0.54032,0.63861,0.16801,0.03696
2310,0,3,0.45884,0.5042,0.25706,0.12433
2310,1,3,0.14667,0.81201,0.29335,0.2796
2310,2,3,0.86877,0.71693,0.26038,0.45233
2311,0,2,0.10853,0.89483,0.19489,0.19657
2312,0,0,0.20934,0.60193,0.21729,0.59028
2312,1,1,0.56384,0.53416,0.71349,0.09857
2312,2,1,0.38239,0.36783,0.20049,0.03248
2312,3,1,0.14102,0.58065,0.13889,0.03696
2313,0,0,0.41062,0.59581,0.13889,0.57485
2313,1,1,0.69,0.74781,0.61791,0.07896
2313,2,3,0.44792,0.74627,0.12346,0.07073
2313,3,3,0.55144,0.7437,0.06559,0.04501
2313,4,3,0.66075,0.74563,0.06816,0.03858
2313,5,3,0.8723,0.74563,0.24691,0.05144
2313,6,3,0.42027,0.42348,0.06559,0.05015
2313,7,1,0.2293,0.40869,0.44753,0.07716
2313,8,1,0.21771,0.45677,0.43542,0.06146
2313,9,1,0.3349,0.33958,0.28125,0.04583
2313,10,2,0.9013,0.54971,0.19531,0.24733
2313,11,2,0.68061,0.41179,0.14953,0.19489
2314,0,3,0.2043,0.54956,0.12769,0.08401
2314,1,3,0.58566,0.44792,0.06031,0.03838
2315,0,0,0.85029,0.65835,0.29735,0.20749
2316,0,3,0.88893,0.45261,0.22006,0.1186
2316,1,3,0.34711,0.49916,0.22513,0.08065
2316,2,3,0.42608,0.41515,0.20161,0.08401
2316,3,3,0.44876,0.34375,0.18649,0.09241
2316,4,2,0.68985,0.59745,0.26546,0.19657
2316,5,3,0.63662,0.87759,0.37741,0.24274
2316,6,3,0.82594,0.33871,0.25538,0.09577
2316,7,2,0.4244,0.65541,0.30914,0.20161
2316,8,3,0.59577,0.45716,0.08401,0.07392
2317,0,0,0.78859,0.71631,0.41408,0.32846
2317,1,3,0.32695,0.58401,0.12433,0.11929
2317,2,1,0.50411,0.64323,0.37692,0.02878
2318,0,0,0.56972,0.67641,0.03528,0.26378
2318,1,4,0.4496,0.59073,0.65188,0.49899
2318,2,0,0.57812,0.40927,0.08905,0.10249
2318,3,2,0.69237,0.43028,0.12265,0.12769
2318,4,2,0.67641,0.69825,0.18817,0.17977
2318,5,2,0.82594,0.89399,0.09409,0.09073
2319,0,3,0.62349,0.19842,0.19657,0.05376
2319,1,4,0.68733,0.63777,0.60652,0.69724
2319,2,4,0.21354,0.65037,0.38138,0.67876
2320,0,0,0.78898,0.59073,0.40323,0.24362
2320,1,1,0.46714,0.6095,0.22569,0.02108
2321,0,3,0.68145,0.38995,0.08737,0.06048
2321,1,3,0.14298,0.41683,0.06888,0.11761
2321,2,3,0.80074,0.47732,0.23858,0.09745
2321,3,3,0.5756,0.44288,0.22177,0.19321
2321,4,3,0.55628,0.27823,0.16969,0.0756
2321,5,3,0.95109,0.87171,0.09573,0.08314
2321,6,2,0.52016,0.63441,0.31922,0.18313
2321,7,3,0.59577,0.59073,0.09073,0.12937
2321,8,2,0.89651,0.60249,0.18145,0.11257
2321,9,2,0.7789,0.69405,0.16801,0.2453
2321,10,2,0.96285,0.49376,0.07221,0.08665
2322,0,3,0.66969,0.58233,0.12097,0.06552
2322,1,3,0.43196,0.61425,0.11593,0.13609
2322,2,3,0.67137,0.67473,0.18817,0.10585
2322,3,2,0.70202,0.86415,0.26962,0.26962
2322,4,2,0.23874,0.83854,0.20665,0.31586
2322,5,3,0.65253,0.45697,0.13269,0.04836
2322,6,3,0.94235,0.52854,0.10417,0.04138
2322,7,2,0.88777,0.68113,0.22238,0.18445
2322,8,2,0.40841,0.7227,0.08621,0.06645
2324,0,0,0.64869,0.7415,0.30074,0.51492
2324,1,3,0.21052,0.76845,0.42103,0.45794
2325,0,0,0.73438,0.81922,0.42171,0.3545
2325,1,1,0.81248,0.73317,0.37295,0.04463
2325,2,1,0.36223,0.74782,0.49059,0.05376
2326,0,1,0.55796,0.55796,0.51915,0.09409
2326,1,2,0.53358,0.47122,0.11787,0.04386
2327,0,0,0.39751,0.67389,0.16129,0.53091
2327,1,1,0.06267,0.94319,0.12534,0.02785
2327,2,1,0.84862,0.91499,0.10249,0.03864
2328,0,3,0.4874,0.4244,0.09913,0.0588
2330,0,2,0.4929,0.55682,0.36301,0.3346
2330,1,2,0.1738,0.71023,0.34761,0.54585
2330,2,2,0.82928,0.71294,0.33935,0.57204
2330,3,3,0.37792,0.22433,0.09437,0.04899
2330,4,1,0.30195,0.26425,0.13158,0.0466
2330,5,1,0.52193,0.19846,0.03975,0.03015
2331,0,1,0.47648,0.80242,0.47043,0.22345
2331,1,0,0.53108,0.65289,0.23017,0.28394
2331,2,2,0.57343,0.62637,0.10929,0.06318
2331,3,2,0.35038,0.77854,0.1714,0.17525
2331,4,2,0.10283,0.81629,0.20565,0.30113
2331,5,2,0.74384,0.57497,0.09785,0.07102
2332,0,2,0.57433,0.8791,0.13501,0.14411
2333,0,2,0.80072,0.87597,0.39647,0.17567
2334,0,0,0.80744,0.63847,0.38303,0.28198
2334,1,3,0.8094,0.48611,0.09921,0.04216
2334,2,3,0.72321,0.44953,0.0558,0.02852
2335,0,2,0.80947,0.87061,0.36357,0.25566
2336,0,1,0.45464,0.70581,0.625,0.08401
2336,1,1,0.86541,0.66789,0.2671,0.05185
2336,2,0,0.79736,0.73337,0.40319,0.40794
2337,0,2,0.7562,0.64008,0.48552,0.54058
2337,1,2,0.14835,0.68231,0.29671,0.32933
2337,2,4,0.36979,0.37063,0.22009,0.2705
2337,3,2,0.35589,0.68811,0.25688,0.3125
2338,0,0,0.54365,0.76418,0.31916,0.46956
2339,0,0,0.45212,0.79822,0.36794,0.38642
2340,0,1,0.55292,0.48404,0.667,0.11089
2340,1,0,0.87802,0.58317,0.15121,0.06048
2340,2,1,0.84861,0.62012,0.30071,0.08402
2340,3,0,0.30931,0.38239,0.15625,0.2369
2340,4,3,0.29671,0.50084,0.15457,0.04704
2340,5,3,0.53528,0.47816,0.19153,0.05208
2340,6,3,0.82342,0.45296,0.12601,0.03864
2340,7,1,0.4916,0.41851,0.57124,0.08065
2340,8,0,0.2253,0.56888,0.12601,0.17977
2341,0,3,0.26478,0.50084,0.3125,0.28562
2341,1,3,0.7369,0.37819,0.09745,0.08065
2341,2,3,0.87802,0.49832,0.21169,0.10249
2341,3,3,0.60585,0.4916,0.09745,0.06216
2341,4,3,0.70329,0.64953,0.09409,0.08233
2341,5,3,0.521,0.24546,0.08233,0.05712
2341,6,3,0.41515,0.32527,0.15289,0.06552
2341,7,2,0.39331,0.76294,0.53259,0.23522
2341,8,2,0.72848,0.73705,0.54096,0.51275
2341,9,2,0.12735,0.80025,0.2547,0.3804
2341,10,3,0.66465,0.27823,0.09745,0.06216
2342,0,0,0.75452,0.647,0.48888,0.31584
2342,1,1,0.57307,0.84458,0.85178,0.12234
2342,2,3,0.96789,0.79322,0.06213,0.04377
2342,3,3,0.74194,0.63945,0.10417,0.05208
2342,4,1,0.70665,0.58233,0.13105,0.02184
2343,0,3,0.34711,0.5,0.08401,0.0588
2343,1,3,0.37987,0.45044,0.07897,0.02352
2343,2,0,0.61332,0.80729,0.15766,0.24634
2344,0,3,0.5126,0.44372,0.39483,0.2621
2344,1,2,0.19758,0.43364,0.25538,0.16465
2346,0,1,0.38155,0.47648,0.51915,0.10585
2346,1,0,0.68227,0.46691,0.63337,0.4093
2346,2,3,0.26226,0.62181,0.01848,0.01344
2346,3,3,0.2127,0.64281,0.02688,0.02856
2346,4,3,0.63021,0.65121,0.05208,0.03192
2346,5,3,0.79738,0.97631,0.09409,0.04368
2346,6,1,0.86037,0.30746,0.27718,0.04402
2346,7,1,0.65793,0.23706,0.35282,0.0336
2347,0,0,0.69656,0.61017,0.60481,0.39675
2347,1,3,0.48236,0.48236,0.16969,0.04032
2347,2,3,0.8419,0.70749,0.19993,0.09745
2347,3,1,0.48068,0.70077,0.68044,0.05376
2348,0,2,0.61341,0.68145,0.24362,0.11929
2348,1,2,0.35719,0.69069,0.16465,0.12097
2348,2,2,0.89733,0.6317,0.20326,0.09371
2348,3,2,0.60249,0.41851,0.23858,0.15121
2349,0,2,0.30175,0.54032,0.18481,0.17977
2349,1,2,0.08115,0.86739,0.1623,0.17194
2349,2,3,0.28327,0.55124,0.07056,0.08401
2349,3,2,0.15423,0.72281,0.30847,0.15831
2349,4,1,0.33535,0.29671,0.09521,0.0448
2349,5,3,0.34543,0.29727,0.03024,0.01904
2349,6,3,0.39135,0.28103,0.04144,0.01792
2350,0,3,0.04587,0.53147,0.09173,0.07135
2350,1,3,0.07422,0.89069,0.14844,0.04948
2351,0,3,0.58829,0.60877,0.81838,0.78038
2351,1,2,0.43284,0.35403,0.07264,0.13295
2351,2,2,0.93897,0.43161,0.11998,0.20038
2351,3,3,0.44312,0.15872,0.11513,0.03289
2352,0,2,0.11979,0.64778,0.23958,0.31608
2353,0,3,0.08619,0.729,0.17238,0.13374
2354,0,3,0.26631,0.50617,0.13158,0.07538
2354,1,3,0.12082,0.65872,0.24164,0.16668
2355,0,0,0.32947,0.61257,0.06888,0.31754
2355,1,1,0.65707,0.63331,0.68377,0.11812
2355,2,2,0.20262,0.35635,0.21841,0.13441
2355,3,2,0.12903,0.53976,0.25806,0.31642
2355,4,2,0.07779,0.35644,0.15558,0.08418
2355,5,1,0.74362,0.26899,0.42339,0.04368
2356,0,0,0.82004,0.58374,0.35783,0.3002
2356,1,1,0.35356,0.72011,0.12832,0.03925
2356,2,4,0.19603,0.74854,0.39206,0.4373
2358,0,1,0.63943,0.6916,0.71905,0.06567
2358,1,0,0.84371,0.45921,0.3105,0.19254
2358,2,3,0.75973,0.42188,0.11513,0.08224
2358,3,4,0.11328,0.74958,0.22656,0.17843
2359,0,3,0.51008,0.43532,0.22513,0.07392
2360,0,3,0.91161,0.57764,0.1747,0.1704
2360,1,2,0.80576,0.61423,0.38639,0.43176
2360,2,4,0.22648,0.70085,0.45296,0.54788
2362,0,2,0.16011,0.63853,0.32023,0.51059
2362,1,2,0.74194,0.59409,0.44355,0.40491
2363,0,1,0.59071,0.65608,0.8165,0.0551
2363,1,3,0.73522,0.66717,0.17809,0.04704
2363,2,3,0.50252,0.65625,0.19321,0.05544
2363,3,0,0.794,0.48559,0.40991,0.28536
2363,4,0,0.5,0.60211,0.09183,0.09457
2363,5,1,0.33004,0.87555,0.16859,0.03564
2364,0,3,0.41179,0.53864,0.18313,0.09241
2365,0,0,0.72141,0.7793,0.41593,0.43931
2365,1,1,0.8335,0.7495,0.3209,0.04704
2366,0,0,0.78728,0.68878,0.42335,0.43301
2366,1,1,0.46724,0.50168,0.31754,0.01848
2366,2,1,0.87885,0.66327,0.24022,0.03588
2367,0,1,0.45716,0.68229,0.59644,0.07392
2367,1,1,0.81586,0.59829,0.35282,0.04032
2367,2,0,0.77888,0.72209,0.44015,0.36857
2368,0,0,0.97771,0.60501,0.04145,0.04368
2369,0,3,0.66801,0.53696,0.22513,0.08233
2369,1,3,0.57308,0.90911,0.61324,0.13777
2369,2,3,0.40087,0.63525,0.22849,0.09073
2369,3,3,0.48152,0.5714,0.15793,0.08737
2369,4,3,0.31603,0.54872,0.10585,0.042
2369,5,3,0.36895,0.5,0.10417,0.04872
2369,6,2,0.87633,0.79734,0.24526,0.26706
2369,7,2,0.65373,0.65709,0.15961,0.15793
2369,8,2,0.54704,0.79402,0.43011,0.09913
2369,9,2,0.89901,0.59593,0.1999,0.11625
2369,10,2,0.17826,0.83098,0.25034,0.24362
2370,0,2,0.86515,0.59195,0.26658,0.31327
2370,1,0,0.1371,0.60837,0.22849,0.42003
2370,2,0,0.88814,0.28522,0.12277,0.05704
2370,3,3,0.07552,0.29851,0.15104,0.19986
2372,0,3,0.08753,0.14886,0.16969,0.10921
2373,0,0,0.75452,0.73928,0.48888,0.32232
2373,1,1,0.32191,0.58737,0.46707,0.04872
2373,2,0,0.42776,0.521,0.25538,0.17137
2374,0,0,0.88389,0.75895,0.23014,0.18692
2375,0,1,0.64197,0.7411,0.45531,0.0672
2375,1,1,0.92337,0.72078,0.15118,0.02994
2375,2,1,0.5126,0.64953,0.31082,0.02856
2375,3,1,0.79654,0.64113,0.26378,0.02856
2376,0,0,0.79652,0.49131,0.40487,0.26991
2376,1,1,0.54619,0.8335,0.90554,0.08737
2377,0,2,0.40171,0.64953,0.30074,0.53259
2377,1,2,0.77627,0.78427,0.14644,0.19173
2378,0,0,0.27991,0.68145,0.37634,0.6334
2379,0,0,0.71421,0.7415,0.45531,0.51492
2379,1,1,0.51006,0.73522,0.97779,0.03192
2380,0,0,0.71106,0.7415,0.56325,0.51492
2381,0,2,0.84105,0.64029,0.31583,0.53763
2381,1,0,0.73101,0.71169,0.28394,0.3041
2381,2,1,0.42272,0.54788,0.30914,0.09073
2381,3,1,0.77888,0.4983,0.44015,0.08572
2381,4,3,0.52184,0.5042,0.11425,0.08737
2381,5,0,0.5042,0.48068,0.2705,0.24194
2382,0,2,0.48488,0.57056,0.25202,0.42507
2382,1,2,0.16851,0.79022,0.33703,0.41747
2382,2,2,0.22614,0.55124,0.44691,0.39315
2382,3,2,0.88389,0.74462,0.23014,0.30275
2383,0,1,0.42137,0.87504,0.84274,0.16708
2383,1,0,0.27235,0.77806,0.11257,0.28898
2383,2,0,0.67639,0.70993,0.64513,0.43162
2383,3,3,0.24966,0.87298,0.11089,0.10921
2383,4,3,0.73942,0.8545,0.15289,0.06216
2383,5,3,0.44456,0.87298,0.10081,0.042
2383,6,3,0.63357,0.86122,0.08905,0.08569
2384,0,2,0.7604,0.80158,0.47712,0.35954
2384,1,3,0.44708,0.48488,0.07897,0.07897
2384,2,4,0.24798,0.67893,0.37298,0.63508
2384,3,2,0.88725,0.52827,0.22342,0.18927
2385,0,0,0.74864,0.67458,0.50064,0.50541
2386,0,2,0.57813,0.77386,0.36794,0.35786
2386,1,2,0.34795,0.8083,0.21673,0.35954
2386,2,2,0.88725,0.7581,0.22342,0.37675
2386,3,2,0.19758,0.89819,0.14785,0.18313
2388,0,0,0.66632,0.71882,0.44689,0.56028
2389,0,3,0.49948,0.63908,0.99896,0.70994
2390,0,1,0.56299,0.60249,0.87194,0.0588
2390,1,2,0.08837,0.40339,0.15457,0.11089
2390,2,3,0.60165,0.542,0.03864,0.0252
2390,3,3,0.84946,0.73438,0.03696,0.01008
2390,4,3,0.90743,0.94187,0.03192,0.03528
2391,0,0,0.80996,0.76586,0.37799,0.23771
2391,1,0,0.29083,0.58821,0.18985,0.18817
2392,0,3,0.21774,0.42944,0.19489,0.12937
2392,1,3,0.1287,0.57056,0.18481,0.10921
2393,0,0,0.75284,0.64035,0.49224,0.4067
2394,0,0,0.77468,0.62424,0.44856,0.2972
2394,1,3,0.53108,0.45716,0.06552,0.04368
2395,0,1,0.59493,0.67053,0.78461,0.09409
2395,1,0,0.78728,0.45731,0.42335,0.18512
2395,2,1,0.62349,0.54368,0.66028,0.07897
2395,3,0,0.23622,0.67893,0.33602,0.59812
2395,4,3,0.62685,0.38743,0.06216,0.0252
2395,5,1,0.95193,0.50991,0.09405,0.02218
2395,6,2,0.10635,0.78977,0.2127,0.32584
2396,0,1,0.40675,0.76462,0.78461,0.09409
2396,1,0,0.83768,0.83,0.32255,0.22149
2397,0,2,0.78562,0.70245,0.37298,0.16801
2397,1,3,0.53948,0.60081,0.08233,0.12601
2397,2,3,0.37651,0.53948,0.08905,0.08737
2397,3,3,0.17406,0.56888,0.19489,0.10921
2397,4,3,0.66885,0.52436,0.11929,0.08737
2397,5,3,0.53948,0.41935,0.06552,0.042
2397,6,3,0.15894,0.81922,0.16801,0.11593
2398,0,1,0.83516,0.76282,0.32759,0.10058
2398,1,2,0.43049,0.97419,0.23646,0.04953
2398,2,2,0.14247,0.89573,0.28495,0.1883
2398,3,2,0.62853,0.74446,0.12601,0.10081
2398,4,3,0.26764,0.69461,0.53528,0.33378
2398,5,3,0.68565,0.4874,0.34106,0.18817
2400,0,0,0.76966,0.70749,0.44187,0.46707
2400,1,1,0.5025,0.58062,0.99291,0.09582
2400,2,3,0.36036,0.68992,0.04529,0.03623
2401,0,1,0.763321,0.602624,0.143731,0.0212831
2401,1,1,0.339466,0.79067,0.0794767,0.0206617
2401,2,3,0.0915018,0.929619,0.182776,0.138254
2401,3,1,0.700972,0.776688,0.360748,0.0490343
2401,4,1,0.804612,0.77003,0.143261,0.0277787
2401,5,1,0.614016,0.606804,0.09944,0.0201782
2401,6,0,0.848407,0.737082,0.302556,0.295364
2402,0,3,0.0590843,0.56042,0.114141,0.0391686
2402,1,3,0.0984318,0.987369,0.0747815,0.0248846
2402,2,3,0.107232,0.800476,0.213926,0.398887
2403,0,0,0.203496,0.897667,0.067502,0.12252
2403,1,3,0.562642,0.58151,0.0338724,0.0141563
2403,2,0,0.04658,0.889749,0.09277,0.216238
2404,0,0,0.705233,0.656996,0.589534,0.44786
2405,0,2,0.82618,0.485407,0.107925,0.0540651
2405,1,2,0.809671,0.488337,0.0744225,0.0493631
2405,2,1,0.11661,0.572797,0.0395139,0.0155014
2405,3,1,0.682486,0.516277,0.108581,0.0199739
2406,0,0,0.540074,0.828812,0.323018,0.166285
2407,0,3,0.546997,0.801017,0.0914667,0.0418282
2408,0,1,0.429342,0.492497,0.529315,0.0860278
2409,0,0,0.808901,0.739541,0.382198,0.451996
2409,1,1,0.529436,0.677668,0.540883,0.0519476
2409,2,1,0.557252,0.800277,0.768354,0.103048
2409,3,0,0.677617,0.911548,0.0359884,0.0561031
2410,0,0,0.673279,0.486005,0.0537563,0.0398984
2410,1,1,0.615934,0.639872,0.239563,0.0311971
2410,2,1,0.307413,0.759286,0.077645,0.0224682
2410,3,0,0.887382,0.736875,0.225235,0.385378
2410,4,3,0.307996,0.758922,0.0758289,0.0224079
2411,0,2,0.510778,0.755871,0.442621,0.488258
2412,0,1,0.413791,0.632597,0.77848,0.100577
2412,1,1,0.895998,0.583357,0.208004,0.0338493
2412,2,1,0.454542,0.6281,0.851321,0.137044
2412,3,1,0.307349,0.642963,0.538952,0.0725002
2412,4,0,0.883564,0.685645,0.232871,0.233944
2412,5,3,0.98309,0.811723,0.0317816,0.0226894
2413,0,3,0.499754,0.364531,0.0519356,0.0499235
2413,1,3,0.804721,0.492394,0.116663,0.0389668
2414,0,0,0.55136,0.590568,0.371838,0.508327
2414,1,1,0.386271,0.474649,0.188911,0.0382158
2414,2,1,0.76011,0.456911,0.478616,0.0828163
2415,0,0,0.424003,0.591451,0.117332,0.492082
2415,1,1,0.715314,0.618058,0.568393,0.102788
2415,2,1,0.223299,0.689664,0.416746,0.0662005
2415,3,1,0.714256,0.595643,0.571488,0.152966
2416,0,3,0.383894,0.299639,0.0726409,0.0380103
2417,0,0,0.491073,0.757483,0.185185,0.485035
2417,1,1,0.750309,0.815854,0.498167,0.0749073
2418,0,0,0.774466,0.730748,0.450875,0.46553
2418,1,1,0.671428,0.881694,0.304283,0.0646088
2418,2,1,0.926023,0.689878,0.147931,0.0358616
2418,3,1,0.737809,0.563859,0.0790556,0.0148345
2418,4,1,0.307414,0.91367,0.226362,0.0338921
2418,5,3,0.315017,0.913352,0.211979,0.0323074
2419,0,3,0.792289,0.861664,0.0598826,0.049239
2419,1,2,0.743132,0.685727,0.513736,0.492388
2420,0,0,0.459689,0.423808,0.0355051,0.0504742
2421,0,0,0.794295,0.716646,0.409738,0.454387
2422,0,2,0.60205,0.520097,0.196604,0.115079
2422,1,2,0.583836,0.347949,0.0453857,0.0516446
2422,2,2,0.310543,0.51144,0.216443,0.179865
2422,3,3,0.678295,0.532009,0.0326017,0.0370596
2422,4,2,0.675976,0.674289,0.195254,0.116598
2423,0,0,0.791317,0.748738,0.416503,0.456462
2423,1,1,0.863178,0.77245,0.0825197,0.0209284
2424,0,0,0.785776,0.71809,0.428449,0.558213
2424,1,1,0.686438,0.579539,0.0382731,0.0128044
2425,0,1,0.0863515,0.688201,0.17263,0.0457335
2426,0,0,0.725943,0.621062,0.381166,0.459951
2426,1,1,0.515517,0.870007,0.968967,0.135535
2426,2,3,0.840305,0.835635,0.0465576,0.0228806
2426,3,3,0.1944,0.909678,0.0692786,0.0316952
2426,4,3,0.609421,0.476982,0.0337014,0.0214162
2427,0,0,0.789659,0.736445,0.418927,0.470705
2427,1,3,0.0687214,0.954862,0.137443,0.0902756
2428,0,0,0.71161,0.756469,0.576781,0.486586
2428,1,1,0.8421,0.626102,0.170088,0.0270744
2428,2,1,0.763002,0.624227,0.326854,0.0404984
2429,0,0,0.902277,0.430886,0.0697741,0.150041
2429,1,3,0.324172,0.747468,0.646999,0.505063
2430,0,2,0.636415,0.357848,0.197527,0.0891776
2430,1,2,0.636916,0.71076,0.261492,0.450249
2431,0,3,0.881073,0.69932,0.119487,0.0629854
2431,1,3,0.292977,0.552838,0.103549,0.0323125
2431,2,3,0.792686,0.631067,0.236295,0.0740257
2431,3,3,0.200958,0.631081,0.0717471,0.0432348
2431,4,3,0.773434,0.621456,0.183248,0.0509337
2431,5,3,0.297552,0.5237,0.0857356,0.024772
2431,6,3,0.673359,0.581653,0.095968,0.0402938
2431,7,3,0.336032,0.520962,0.161515,0.0347073
2432,0,2,0.222398,0.836793,0.444796,0.326415
2432,1,2,0.740524,0.772201,0.226531,0.256282
2432,2,2,0.937612,0.935568,0.124776,0.128863
2433,0,0,0.156865,0.494093,0.313194,0.388474
2433,1,1,0.500368,0.656797,0.999264,0.163813
2433,2,3,0.682595,0.650367,0.0526064,0.0183048
2433,3,0,0.156119,0.587543,0.312238,0.589086
2433,4,1,0.214562,0.698944,0.429124,0.0801176
2433,5,3,0.14861,0.711854,0.120728,0.0349203
2434,0,3,0.108791,0.786943,0.129283,0.14777
2434,1,1,0.759792,0.569216,0.307027,0.0361413
2434,2,0,0.875642,0.824016,0.248137,0.332862
2434,3,0,0.8207,0.793083,0.3586,0.404455
2434,4,0,0.139702,0.724325,0.205199,0.275257
2434,5,1,0.699667,0.568254,0.181973,0.0257823
2434,6,3,0.0305497,0.918378,0.0610995,0.16087
2434,7,0,0.109628,0.786038,0.129647,0.149717
2435,0,1,0.877171,0.567883,0.217611,0.0265951
2435,1,1,0.874294,0.605598,0.048089,0.0128255
2435,2,0,0.879211,0.731809,0.241578,0.299258
2435,3,1,0.650166,0.825976,0.699668,0.0904303
2436,0,3,0.189096,0.57071,0.189341,0.0397842
2437,0,0,0.338937,0.690804,0.189436,0.537104
2437,1,1,0.514048,0.550105,0.128933,0.0211369
2437,2,1,0.502214,0.495587,0.0927689,0.0188915
2438,0,0,0.581327,0.655141,0.219395,0.450381
2438,1,1,0.833626,0.514508,0.323542,0.0576548
2438,2,1,0.8319,0.523424,0.334891,0.0840304
2438,3,0,0.626283,0.553177,0.138912,0.243592
2439,0,2,0.554459,0.63721,0.22687,0.115566
2439,1,0,0.7268,0.70358,0.0573667,0.0522247
2439,2,3,0.961181,0.636919,0.0776384,0.043274
2439,3,2,0.065999,0.834347,0.131708,0.331306
2439,4,3,0.16316,0.582441,0.136824,0.0450821
2439,5,3,0.873321,0.775977,0.253358,0.155095
2439,6,3,0.53265,0.458991,0.0750648,0.017934
2440,0,3,0.449033,0.498091,0.0528454,0.025116
2440,1,3,0.298468,0.593815,0.0964935,0.0415297
2440,2,3,0.440822,0.501105,0.0376686,0.0167084
2441,0,0,0.831959,0.748225,0.276462,0.343358
2442,0,0,0.841905,0.711672,0.31619,0.47454
2442,1,0,0.565195,0.764617,0.121257,0.470659
2442,2,1,0.408019,0.693585,0.27488,0.0424263
2443,0,0,0.115807,0.868235,0.231567,0.26353
2444,0,3,0.428257,0.718405,0.0701885,0.0413288
2444,1,2,0.787626,0.529709,0.0958152,0.0814635
2444,2,2,0.866648,0.724091,0.266704,0.455366
2445,0,0,0.860635,0.673091,0.268612,0.22187
2445,1,3,0.158608,0.77349,0.0306655,0.018993
2446,0,3,0.667544,0.517937,0.0359894,0.0167543
2446,1,3,0.0809668,0.597599,0.0820092,0.0241589
2446,2,2,0.162801,0.65962,0.324912,0.399756
2447,0,2,0.123542,0.52035,0.247084,0.165936
2448,0,0,0.158882,0.869076,0.282565,0.261849
2448,1,1,0.473215,0.862494,0.509249,0.0645912
2448,2,0,0.200477,0.867754,0.196684,0.264493
2448,3,1,0.310576,0.870355,0.181939,0.0315966
2449,0,0,0.64978,0.55574,0.029851,0.0489081
2450,0,1,0.670157,0.450635,0.657287,0.092182
2451,0,3,0.019024,0.667594,0.038048,0.0401575
2452,0,3,0.0390051,0.755655,0.0780101,0.0654798
2452,1,3,0.237944,0.584018,0.187524,0.160328
2453,0,3,0.577908,0.746346,0.0726327,0.0434601
2453,1,3,0.471291,0.525575,0.0330761,0.0159737
2453,2,0,0.824005,0.828548,0.116871,0.132575
2454,0,3,0.825977,0.8129,0.0544273,0.0404243
2455,0,0,0.374396,0.756236,0.748792,0.487527
2456,0,2,0.739366,0.779498,0.445589,0.441004
2459,0,3,0.769732,0.398876,0.0248142,0.0171172
2460,0,0,0.17875,0.338435,0.0564673,0.0706849
2460,1,0,0.0891243,0.450183,0.0554103,0.0578126
2460,2,2,0.670045,0.454357,0.188203,0.241048
2461,0,1,0.834272,0.645687,0.10531,0.0209634
2462,0,3,0.689331,0.618615,0.0189505,0.0166222
2462,1,3,0.951783,0.803313,0.0722536,0.0430253
2463,0,3,0.18685,0.429589,0.0959195,0.0400124
2464,0,2,0.166027,0.368744,0.146642,0.095227
2465,0,1,0.343462,0.885548,0.132088,0.0267921
2465,1,0,0.826927,0.611767,0.112195,0.0821421
2466,0,2,0.780044,0.479568,0.109418,0.0476649
2467,0,0,0.668807,0.792361,0.653296,0.415278
2467,1,1,0.499312,0.847486,0.330071,0.0482689
2468,0,3,0.823401,0.565737,0.184185,0.127673
2468,1,2,0.877583,0.836155,0.244835,0.327689
2469,0,3,0.68005,0.538568,0.0696972,0.029451
2469,1,3,0.148599,0.705639,0.178514,0.144451
2469,2,3,0.805625,0.554651,0.134661,0.0602916
2469,3,3,0.361427,0.589503,0.0912046,0.0618781
2469,4,3,0.618648,0.484577,0.0574616,0.0193733
2469,5,3,0.773751,0.533631,0.0937687,0.0232361
2470,0,1,0.221715,0.361167,0.443431,0.0522652
2470,1,1,0.238042,0.362455,0.47412,0.0750555
2471,0,1,0.123897,0.543829,0.0889071,0.0200184
2472,0,3,0.102089,0.815723,0.204178,0.297995
2472,1,3,0.313541,0.520103,0.107803,0.0409757
2472,2,3,0.671663,0.533272,0.118083,0.0288348
2473,0,0,0.829405,0.79515,0.341127,0.408458
2473,1,1,0.345529,0.64861,0.112103,0.0202395
2473,2,1,0.772072,0.589471,0.250863,0.0304971
2473,3,1,0.623676,0.665386,0.241267,0.0348228
2473,4,1,0.872203,0.676311,0.255594,0.0378876
2473,5,1,0.519108,0.576062,0.0918648,0.0185257
2474,0,0,0.554596,0.720305,0.233116,0.289015
2474,1,0,0.634537,0.752239,0.173771,0.259735
2475,0,2,0.0935465,0.486065,0.187093,0.102512
2475,1,3,0.216586,0.648207,0.0576288,0.077892
2476,0,0,0.838945,0.721541,0.32173,0.485289
2476,1,0,0.609962,0.778079,0.106027,0.206925
2477,0,3,0.339317,0.765817,0.096475,0.028692
2477,1,0,0.739397,0.936631,0.0321179,0.0729267
2477,2,1,0.700436,0.550464,0.259618,0.043958
2477,3,0,0.85131,0.586807,0.297201,0.274816
2477,4,0,0.853131,0.65543,0.293676,0.411105
2477,5,1,0.759841,0.545701,0.136803,0.0252239
2478,0,3,0.948001,0.800335,0.0420395,0.0314402
2479,0,0,0.637239,0.675747,0.149622,0.290193
2479,1,0,0.822917,0.744933,0.07108,0.254534
2479,2,0,0.747812,0.645177,0.122898,0.314097
2480,0,2,0.214859,0.552589,0.295762,0.130576
2480,1,0,0.411898,0.408621,0.047,0.071244
2481,0,3,0.618876,0.46355,0.103888,0.024379
2482,0,0,0.903752,0.675434,0.175104,0.396431
2482,1,0,0.887749,0.727589,0.198637,0.504931
2482,2,0,0.698942,0.740862,0.291396,0.475373
2482,3,0,0.795807,0.738232,0.375648,0.487332
2483,0,1,0.384275,0.64193,0.201574,0.0275715
2483,1,3,0.122685,0.893022,0.245369,0.213412
2483,2,0,0.931891,0.868114,0.136218,0.262214
2483,3,1,0.356379,0.546885,0.0366858,0.0121548
2484,0,0,0.779475,0.771573,0.44105,0.456793
2484,1,1,0.854348,0.66522,0.116728,0.0239999
2484,2,1,0.42482,0.68681,0.523787,0.0669222
2485,0,0,0.752624,0.731239,0.494752,0.537523
2485,1,1,0.216737,0.683475,0.137154,0.024341
2485,2,1,0.443271,0.686602,0.595769,0.0743406
2485,3,1,0.818618,0.689461,0.0953288,0.0188337
2485,4,1,0.535673,0.689727,0.407243,0.0481266
2486,0,1,0.54114,0.589048,0.383629,0.0447266
2486,1,1,0.637663,0.727983,0.712433,0.076135
2486,2,0,0.790557,0.674442,0.418886,0.372589
2486,3,1,0.85227,0.592767,0.0687847,0.0147991
2487,0,3,0.596945,0.506702,0.0370327,0.0167158
2488,0,0,0.593022,0.710666,0.315368,0.578669
2489,0,0,0.831888,0.798331,0.336224,0.381884
2489,1,1,0.532249,0.815384,0.367776,0.048069
2489,2,1,0.634546,0.812713,0.578749,0.0746603
2490,0,0,0.432558,0.557093,0.0907305,0.490801
2491,0,0,0.739565,0.76175,0.137587,0.39243
2492,0,0,0.113906,0.722818,0.098471,0.0766256
2492,1,1,0.499837,0.781737,0.447364,0.0726494
2492,2,0,0.550597,0.666906,0.531903,0.184426
2492,3,0,0.379,0.832757,0.639875,0.32885
2492,4,3,0.070523,0.846584,0.057634,0.0257393
2493,0,0,0.82131,0.805863,0.357002,0.388275
2493,1,1,0.485128,0.794028,0.710128,0.0823092
2493,2,1,0.202047,0.797643,0.145093,0.0280445
2494,0,0,0.744324,0.819532,0.404042,0.360151
2494,1,1,0.787031,0.735117,0.267653,0.0428341
2495,0,0,0.525579,0.67742,0.262446,0.380291
2495,1,1,0.610398,0.829026,0.352035,0.0659684
2495,2,1,0.874883,0.653201,0.0913233,0.0196631
2495,3,1,0.646398,0.65135,0.183933,0.0293085
2495,4,1,0.629184,0.568779,0.0604191,0.0133634
2495,5,2,0.124742,0.716962,0.248551,0.22164
2496,0,0,0.504144,0.774615,0.694681,0.45077
2497,0,0,0.212183,0.729412,0.154178,0.359235
2498,0,2,0.586999,0.47789,0.0974529,0.0256805
2498,1,2,0.916968,0.870587,0.165739,0.258826
2498,2,0,0.860977,0.773825,0.0456394,0.0591244
2499,0,0,0.816799,0.794717,0.364933,0.410566
2499,1,1,0.561713,0.776039,0.138055,0.0289234
2499,2,1,0.240983,0.772651,0.152097,0.0281469
2499,3,3,0.275019,0.653663,0.0202922,0.0124524
2500,0,3,0.262793,0.494709,0.092424,0.0484306
2501,0,0,0.802001,0.778858,0.395997,0.422327
2501,1,1,0.297,0.806513,0.126586,0.0239595
2502,0,3,0.356226,0.435502,0.0806825,0.027386
2502,1,2,0.688709,0.922488,0.263283,0.154632
2502,2,3,0.140995,0.517668,0.0596497,0.0266336
2502,3,3,0.143783,0.515468,0.0707939,0.0330927
2502,4,3,0.415742,0.414963,0.0406925,0.0156359
2502,5,3,0.529321,0.393366,0.0979807,0.024122
2502,6,3,0.88888,0.793592,0.221598,0.113922
2502,7,2,0.4638,0.64582,0.138623,0.053236
2502,8,3,0.53957,0.393952,0.111216,0.0302975
2503,0,0,0.851202,0.706693,0.297597,0.458477
2504,0,2,0.298104,0.750008,0.553748,0.499984
2504,1,2,0.433598,0.701736,0.345766,0.403817
2504,2,2,0.412128,0.742856,0.305276,0.315687
2505,0,0,0.259632,0.687342,0.392091,0.615986
2506,0,1,0.820166,0.69526,0.344957,0.0404584
2506,1,0,0.628491,0.727229,0.373038,0.545543
2506,2,1,0.108684,0.683487,0.199801,0.0286475
2506,3,1,0.434182,0.692449,0.256131,0.0336798
2507,0,0,0.742715,0.799721,0.508381,0.400037
2507,1,1,0.241552,0.7331,0.287737,0.036203
2507,2,1,0.751739,0.724035,0.264069,0.0338191
2507,3,3,0.889401,0.975229,0.0819138,0.0494513
2507,4,1,0.049579,0.722353,0.0988636,0.0272215
2508,0,3,0.504694,0.58105,0.140766,0.0800768
2509,0,2,0.442191,0.681903,0.131842,0.180077
2509,1,2,0.830612,0.714619,0.0983933,0.107331
2509,2,3,0.658385,0.629867,0.0318157,0.0157125
2509,3,2,0.652081,0.712826,0.205485,0.193597
2509,4,2,0.886881,0.554845,0.0826235,0.0604346
2509,5,0,0.0766778,0.766807,0.153356,0.178902
2510,0,2,0.311603,0.501258,0.192218,0.190856
2511,0,0,0.326483,0.709855,0.0544719,0.0761636
2512,0,0,0.761058,0.603997,0.477884,0.624722
2512,1,1,0.474787,0.360811,0.183458,0.0413185
2512,2,1,0.499542,0.445853,0.186686,0.0321484
2512,3,1,0.69698,0.340798,0.237557,0.0340087
2512,4,1,0.83615,0.413477,0.3277,0.0535467
2512,5,1,0.86081,0.501898,0.27838,0.0762133
2512,6,2,0.652962,0.435343,0.0577688,0.038031
2512,7,1,0.912461,0.635706,0.175077,0.0876396
2513,0,0,0.784449,0.748669,0.430243,0.481929
2513,1,3,0.261996,0.885975,0.165563,0.0907768
2513,2,3,0.102897,0.90858,0.205199,0.181695
2514,0,0,0.800582,0.751234,0.397505,0.495935
2514,1,1,0.678707,0.638935,0.138453,0.0249357
2514,2,1,0.341742,0.637695,0.140945,0.0255422
2514,3,0,0.869474,0.81543,0.260598,0.367569
2515,0,0,0.821207,0.823557,0.357585,0.352697
2515,1,0,0.714615,0.716647,0.141701,0.108593
2515,2,0,0.0716303,0.828766,0.143012,0.335906
2515,3,0,0.945252,0.916782,0.109496,0.166072
2515,4,0,0.0703623,0.783025,0.140533,0.238774
2516,0,1,0.349278,0.613121,0.0726241,0.0173407
2516,1,0,0.855838,0.764138,0.288325,0.401512
2516,2,0,0.643779,0.515913,0.048171,0.0383638
2517,0,3,0.72981,0.924506,0.0690074,0.0495201
2517,1,0,0.784065,0.861436,0.419114,0.277128
2517,2,1,0.652665,0.658725,0.493618,0.0543036
2517,3,1,0.656613,0.653922,0.492078,0.0815515
2518,0,0,0.0221687,0.352421,0.0442669,0.465666
2519,0,0,0.803892,0.631004,0.392216,0.423129
2519,1,2,0.501155,0.814299,0.993653,0.321366
2519,2,1,0.453378,0.683116,0.874499,0.0870503
2519,3,2,0.468358,0.74518,0.927137,0.485683
2520,0,3,0.0967094,0.786071,0.0830148,0.0553645
2520,1,0,0.18847,0.795192,0.0306772,0.0577206
2521,0,2,0.750084,0.676472,0.498068,0.647055
2521,1,3,0.552842,0.367859,0.0341176,0.0193229
2521,2,0,0.768426,0.410245,0.0779259,0.0741949
2521,3,2,0.273343,0.671521,0.546685,0.653763
2521,4,3,0.435778,0.475427,0.0400675,0.0662329
2521,5,3,0.61556,0.372692,0.0378027,0.0174431
2521,6,3,0.596262,0.330864,0.0256953,0.0157726
2521,7,3,0.672942,0.273493,0.0868425,0.0304888
2521,8,3,0.662967,0.273838,0.0667594,0.0276175
2522,0,0,0.731926,0.748002,0.520306,0.503996
2522,1,1,0.423896,0.956005,0.836622,0.0864359
2523,0,3,0.977126,0.579156,0.0320389,0.024995
2523,1,2,0.926312,0.45812,0.142977,0.0895422
2524,0,1,0.189074,0.963882,0.0772239,0.0301064
2525,0,0,0.199207,0.7244,0.398296,0.487635
2525,1,2,0.921421,0.847906,0.156952,0.291856
2526,0,3,0.422344,0.322465,0.0566733,0.0245386
2526,1,2,0.115198,0.888132,0.230323,0.223189
2527,0,0,0.825774,0.697491,0.348453,0.37826
2528,0,3,0.983855,0.798804,0.0315605,0.031682
2529,0,2,0.838001,0.688529,0.322046,0.435961
2529,1,0,0.0901806,0.797885,0.126255,0.1774
2530,0,0,0.358352,0.254178,0.0202064,0.0388381
2531,0,0,0.213899,0.734094,0.421526,0.531812
2531,1,1,0.865566,0.7482,0.0749905,0.0205341
2531,2,1,0.49847,0.777546,0.100304,0.0225876
2531,3,1,0.266551,0.784429,0.099075,0.0242304
2532,0,0,0.236202,0.58588,0.252364,0.249112
2532,1,0,0.152235,0.66664,0.0839381,0.0861792
2533,0,3,0.918806,0.673641,0.146867,0.0334335
2533,1,0,0.842555,0.76024,0.31489,0.391805
2533,2,0,0.929766,0.839652,0.13971,0.314867
2534,0,1,0.510897,0.415414,0.38591,0.10665
2534,1,1,0.353161,0.509521,0.23733,0.0382088
2534,2,1,0.316858,0.512433,0.305485,0.0449118
2534,3,1,0.847047,0.457472,0.0789589,0.0156891
2534,4,1,0.296351,0.519275,0.345751,0.0493801
2534,5,0,0.28472,0.378714,0.0597686,0.0542392
2535,0,2,0.661397,0.78357,0.282929,0.398527
2536,0,3,0.960948,0.787994,0.0779884,0.0935646
2537,0,3,0.1674,0.432752,0.0252428,0.0167892
2538,0,2,0.32242,0.696827,0.643017,0.495403
2538,1,2,0.367594,0.587942,0.735187,0.685237
2538,2,2,0.564656,0.391372,0.302832,0.273508
2539,0,0,0.260969,0.630277,0.516557,0.515255
2539,1,0,0.136405,0.644218,0.24704,0.514119
2539,2,0,0.10812,0.842517,0.064378,0.126669
2540,0,2,0.096132,0.732659,0.192071,0.205108
2540,1,2,0.598873,0.763505,0.382331,0.229132
2540,2,0,0.905627,0.884118,0.113519,0.0932179
2540,3,3,0.592983,0.763424,0.38617,0.227332
2540,4,2,0.42272,0.850007,0.278674,0.299227
2540,5,3,0.571482,0.587714,0.0674002,0.0299517
2541,0,3,0.0328182,0.715197,0.0656364,0.0439594
2542,0,0,0.874242,0.750536,0.251516,0.444792
2542,1,0,0.874356,0.683557,0.25076,0.310189
2543,0,0,0.831794,0.778437,0.336246,0.36332
2544,0,0,0.427952,0.748856,0.291408,0.498941
2545,0,0,0.770804,0.863279,0.0906814,0.131017
2546,0,0,0.781707,0.72457,0.200644,0.294049
2546,1,0,0.785967,0.731539,0.256857,0.354586
2547,0,1,0.675873,0.342315,0.080923,0.0201441
2547,1,2,0.783314,0.44494,0.133088,0.114642
2547,2,0,0.35868,0.530331,0.0261965,0.0382571
2547,3,2,0.807172,0.446768,0.182481,0.122185
2548,0,0,0.244304,0.805973,0.0711697,0.0801318
2548,1,1,0.751497,0.81144,0.127423,0.0270096
2548,2,0,0.928165,0.843011,0.142935,0.308654
2548,3,0,0.855926,0.772644,0.288149,0.398465
2549,0,0,0.779438,0.705864,0.435599,0.416424
2549,1,1,0.586261,0.72773,0.748661,0.0728001
2549,2,1,0.679783,0.72921,0.630185,0.0536821
2550,0,3,0.202869,0.665488,0.103536,0.04789
2550,1,3,0.713087,0.533734,0.0861462,0.0362743
2550,2,3,0.566323,0.862918,0.0906162,0.0689125
2551,0,1,0.650822,0.672259,0.310222,0.0861811
2551,1,3,0.687446,0.633349,0.0459288,0.0259644
2551,2,0,0.150563,0.477884,0.0371553,0.078811
2551,3,1,0.136518,0.627671,0.270617,0.0536149
2551,4,0,0.273868,0.677613,0.107983,0.367522
2551,5,0,0.840782,0.654223,0.226382,0.253868
2551,6,1,0.582351,0.685556,0.138211,0.0509586
2551,7,1,0.079524,0.544258,0.159048,0.0553878
2551,8,0,0.260983,0.733388,0.0730043,0.249602
2552,0,0,0.207232,0.746353,0.310623,0.363238
2552,1,1,0.536433,0.850992,0.841494,0.111762
2553,0,0,0.70297,0.759261,0.0867563,0.125467
2553,1,0,0.108267,0.557534,0.216268,0.351064
2553,2,2,0.192698,0.448874,0.0422914,0.0420821
2554,0,2,0.401137,0.652604,0.664622,0.503156
2554,1,3,0.574598,0.510014,0.0454231,0.0207115
2555,0,1,0.675815,0.607327,0.531655,0.0559353
2555,1,1,0.679866,0.604007,0.52929,0.0796233
2556,0,0,0.942338,0.792056,0.114876,0.380929
2557,0,0,0.337659,0.530685,0.0807688,0.478971
2557,1,1,0.173131,0.605181,0.346262,0.0678174
2557,2,1,0.201352,0.37072,0.0709328,0.0149833
2558,0,0,0.63755,0.565299,0.195636,0.132114
2558,1,1,0.647503,0.731924,0.154853,0.0309368
2558,2,3,0.170246,0.747217,0.0489881,0.0298796
2558,3,1,0.35215,0.734963,0.056126,0.0198835
2559,0,0,0.680716,0.637708,0.0896236,0.0830962
2559,1,0,0.877888,0.847972,0.244224,0.299909
2559,2,3,0.169237,0.944543,0.0518119,0.0216038
2560,0,0,0.832881,0.677302,0.33329,0.482188
2561,0,0,0.788087,0.77283,0.423827,0.449509
2562,0,3,0.810087,0.360708,0.0397961,0.0204419
2562,1,1,0.717978,0.322469,0.407743,0.0414122
2563,0,0,0.862856,0.795655,0.274288,0.406512
2564,0,2,0.174008,0.578607,0.348016,0.5109
2564,1,1,0.67149,0.334618,0.315032,0.0397747
2564,2,2,0.923625,0.736502,0.152748,0.231604
2565,0,0,0.875237,0.903697,0.249527,0.192607
2565,1,1,0.932969,0.894745,0.133745,0.0341999
2565,2,0,0.796111,0.851928,0.401676,0.296143
2565,3,1,0.572408,0.723647,0.113628,0.0206326
2566,0,0,0.818023,0.787649,0.363199,0.41547
2566,1,1,0.904794,0.616977,0.170497,0.0244127
2566,2,1,0.919195,0.854691,0.117563,0.0274153
2566,3,1,0.638618,0.855874,0.337107,0.057008
2566,4,1,0.561314,0.856791,0.856289,0.0872585
2566,5,1,0.723446,0.856909,0.519732,0.0742195
2566,6,1,0.27142,0.855537,0.286501,0.0396192
2567,0,0,0.115501,0.816434,0.230795,0.365786
2567,1,0,0.894584,0.535116,0.0538075,0.0304583
2567,2,0,0.670087,0.42618,0.056893,0.0353415
2567,3,1,0.762277,0.610084,0.475344,0.0539518
2567,4,0,0.043014,0.920789,0.0860281,0.156702
2567,5,1,0.597039,0.459734,0.0375097,0.0125977
2567,6,1,0.761785,0.605715,0.474978,0.083301
2567,7,1,0.91049,0.50212,0.0460804,0.0138779
2568,0,2,0.81315,0.830104,0.3737,0.338664
2569,0,3,0.205733,0.516114,0.118408,0.0464233
2570,0,0,0.799158,0.684473,0.401684,0.592791
2571,0,3,0.827553,0.381799,0.0784624,0.0244797
2571,1,2,0.424568,0.583378,0.130511,0.0786266
2572,0,0,0.302269,0.620855,0.0615903,0.176435
2572,1,1,0.502894,0.498241,0.279451,0.0443312
2572,2,1,0.0847778,0.545018,0.169556,0.0435408
2572,3,1,0.0848905,0.551357,0.169677,0.0629065
2573,0,0,0.819126,0.654739,0.361447,0.326163
2573,1,1,0.565282,0.836311,0.869436,0.0965266
2574,0,0,0.658668,0.636594,0.0536827,0.107247
2574,1,0,0.729804,0.684468,0.0411533,0.0907877
2574,2,0,0.320954,0.539717,0.0467468,0.0585541
2574,3,3,0.585588,0.497029,0.0597353,0.0316383
2574,4,0,0.790971,0.778813,0.069225,0.168384
2574,5,2,0.914834,0.616772,0.1689,0.110445
2574,6,2,0.585471,0.494642,0.0633852,0.0395402
2574,7,2,0.912326,0.775663,0.175348,0.445233
2575,0,2,0.776867,0.708409,0.446266,0.448951
2575,1,2,0.64819,0.597272,0.196822,0.222155
2576,0,2,0.795414,0.809149,0.407222,0.381605
2578,0,3,0.422619,0.375098,0.0557378,0.0211155
2578,1,3,0.523439,0.353965,0.0303816,0.0139867
2579,0,2,0.950242,0.79947,0.0970535,0.06507
2579,1,1,0.17051,0.692052,0.118852,0.0332907
2580,0,0,0.73098,0.757298,0.53804,0.485404
2580,1,1,0.246999,0.712777,0.13698,0.0223194
2580,2,1,0.815937,0.701022,0.368127,0.0526487
2580,3,1,0.503636,0.71117,0.142552,0.0239658
2580,4,1,0.48372,0.607858,0.0672878,0.0161506
2581,0,1,0.395758,0.540818,0.42166,0.0646231
2582,0,3,0.262472,0.568081,0.0590723,0.0332144
2582,1,3,0.517072,0.496153,0.0228065,0.0114153
2583,0,0,0.230888,0.629736,0.433485,0.516209
2583,1,2,0.518272,0.709399,0.341683,0.35808
2583,2,3,0.106953,0.708645,0.0507033,0.045502
2584,0,2,0.712022,0.666408,0.566395,0.398733
2585,0,0,0.869067,0.784831,0.261866,0.426283
2586,0,2,0.709326,0.658846,0.530437,0.421514
2586,1,2,0.693992,0.360842,0.226838,0.0938807
2586,2,2,0.720248,0.37454,0.280499,0.127103
2587,0,0,0.806927,0.770922,0.385713,0.437554
2587,1,1,0.466201,0.722091,0.640613,0.0775349
2588,0,3,0.110475,0.595725,0.0777921,0.0396127
2588,1,3,0.121338,0.595272,0.0564695,0.0380411
2589,0,3,0.156114,0.747617,0.0451686,0.027518
2590,0,0,0.72368,0.717288,0.552641,0.565424
2590,1,1,0.414184,0.862754,0.817391,0.123152
2590,2,0,0.806849,0.8207,0.386303,0.358599
2591,0,1,0.48499,0.715922,0.155167,0.0272953
2591,1,1,0.0426079,0.746129,0.0850566,0.0353451
2592,0,2,0.742313,0.894094,0.514349,0.21117
2592,1,2,0.220633,0.676562,0.441267,0.639291
2593,0,3,0.0606714,0.489756,0.0618914,0.0295479
2594,0,1,0.366038,0.791666,0.310447,0.0457026
2594,1,3,0.286853,0.73947,0.0230281,0.0126404
2595,0,0,0.875401,0.797947,0.249199,0.394802
2596,0,2,0.200715,0.638371,0.401266,0.148133
2596,1,2,0.731896,0.716559,0.535294,0.557817
2596,2,2,0.607479,0.698063,0.278658,0.111543
2596,3,2,0.36575,0.78332,0.167731,0.135691
2596,4,2,0.804947,0.932624,0.390106,0.13429
2597,0,0,0.0946716,0.821492,0.189069,0.356657
2597,1,0,0.54608,0.864372,0.0637759,0.124516
2598,0,3,0.296999,0.551651,0.107095,0.0317322
2598,1,3,0.93407,0.686808,0.129193,0.0444218
2598,2,3,0.147565,0.530165,0.0709334,0.0400267
2598,3,3,0.884131,0.714598,0.0600833,0.0250994
2598,4,3,0.143749,0.988578,0.119105,0.0228441
2599,0,0,0.811463,0.775519,0.376112,0.448942
2599,1,3,0.18203,0.659208,0.0653961,0.0439564
2603,0,2,0.88389,0.73417,0.23014,0.41458
2605,0,1,0.65541,0.8503,0.30746,0.04536
2605,1,1,0.53696,0.62181,0.31586,0.0252
2606,0,0,0.53275,0.73268,0.34104,0.53256
2606,1,1,0.30595,0.55628,0.06888,0.0252
2606,2,1,0.48992,0.5546,0.10417,0.02184
2607,0,1,0.15138,0.67977,0.11257,0.0336
2607,1,1,0.38827,0.68649,0.15961,0.02688
2607,2,0,0.20297,0.86877,0.14855,0.26038
2608,0,3,0.06401,0.69573,0.11929,0.06216
2608,1,3,0.22782,0.61341,0.18145,0.08905
2608,2,3,0.18582,0.54032,0.12769,0.04368
2608,3,3,0.28747,0.49832,0.18985,0.0672
2608,4,3,0.37315,0.41515,0.16633,0.09241
2609,0,2,0.44456,0.82594,0.73925,0.33266
2613,0,1,0.2122,0.55173,0.4244,0.09815
2614,0,3,0.8318,0.78978,0.33431,0.33763
2618,0,3,0.54872,0.52184,0.09409,0.0672
2618,1,1,0.47732,0.63861,0.29402,0.08905
2618,2,0,0.62937,0.67557,0.20161,0.34778
2619,0,3,0.41347,0.58905,0.06888,0.04368
2621,0,3,0.14298,0.59241,0.12265,0.03024
2621,1,3,0.17322,0.5672,0.07224,0.03024
2621,2,3,0.19674,0.51512,0.06552,0.02352
2621,3,3,0.29755,0.48572,0.11257,0.05544
2621,4,3,0.35383,0.4328,0.14113,0.08737
2623,0,1,0.65037,0.59577,0.17305,0.04704
2624,0,1,0.95195,0.69489,0.07056,0.0336
2624,1,1,0.71757,0.48488,0.13609,0.02688
2624,2,1,0.66465,0.42692,0.10081,0.01512
2624,3,0,0.75851,0.59247,0.48089,0.40072
2625,0,3,0.43532,0.46388,0.15625,0.09913
2625,1,2,0.56635,0.72344,0.86522,0.48049
2632,0,2,0.77554,0.60921,0.43683,0.62164
2635,0,4,0.54454,0.81933,0.77786,0.06362
2640,0,1,0.52184,0.64533,0.13105,0.0252
2640,1,0,0.61341,0.61257,0.0588,0.08065
2640,2,0,0.45464,0.60501,0.08065,0.09241
2640,3,1,0.50336,0.54452,0.38642,0.03192
2645,0,2,0.67723,0.77055,0.64345,0.41341
2645,1,3,0.62853,0.50756,0.04536,0.03192
2645,2,3,0.60081,0.45968,0.04032,0.0168
2645,3,3,0.52268,0.56384,0.042,0.03024
2645,4,3,0.5378,0.63609,0.03192,0.03024
2646,0,3,0.66048,0.54666,0.34435,0.06462
2646,1,2,0.56216,0.81586,0.39651,0.35954
2646,2,1,0.16734,0.69405,0.21169,0.08233
2646,3,0,0.87214,0.72681,0.24026,0.2453
2646,4,3,0.51807,0.45855,0.10417,0.03933
2646,5,3,0.51116,0.41178,0.04358,0.02657
2648,0,3,0.14382,0.71421,0.09073,0.03864
2652,0,3,0.70245,0.76294,0.12601,0.03864
2652,1,1,0.2463,0.8041,0.20833,0.05376
2652,2,3,0.5252,0.77134,0.05712,0.02856
2652,3,3,0.41599,0.7915,0.04704,0.0252
2652,4,3,0.91751,0.74446,0.06552,0.03528
2652,5,3,0.98301,0.73436,0.03189,0.03189
2655,0,0,0.67893,0.79738,0.09913,0.10081
2655,1,1,0.07577,0.84106,0.14953,0.03696
2655,2,1,0.45968,0.83602,0.2621,0.04032
2655,3,1,0.88389,0.81993,0.23014,0.03502
2656,0,3,0.26895,0.42354,0.05319,0.03324
2657,0,3,0.83098,0.52352,0.3125,0.26882
2657,1,2,0.30679,0.63357,0.13105,0.14281
2657,2,3,0.17028,0.58356,0.34056,0.32762
2659,0,2,0.67387,0.5575,0.65017,0.50478
2659,1,3,0.81838,0.50336,0.3377,0.04368
2659,2,3,0.7831,0.58989,0.21001,0.0588
2659,3,3,0.60669,0.4496,0.07897,0.02016
2662,0,2,0.63357,0.74194,0.67036,0.49395
2665,0,3,0.04301,0.47312,0.06384,0.03024
2666,0,4,0.58233,0.58485,0.35282,0.18649
2667,0,3,0.06485,0.5756,0.12769,0.08401
2667,1,3,0.11106,0.437,0.22009,0.17977
2667,2,3,0.85114,0.52688,0.09073,0.07056
2667,3,3,0.70077,0.45632,0.05208,0.04032
2671,0,0,0.13962,0.61341,0.26378,0.46539
2674,0,1,0.66969,0.51176,0.2789,0.04704
2678,0,2,0.28663,0.70497,0.14449,0.09073
2679,0,1,0.49328,0.62097,0.94422,0.13777
2680,0,2,0.54788,0.71421,0.76781,0.49563
2684,0,2,0.32297,0.59309,0.19781,0.28258
2685,0,3,0.67809,0.55964,0.09745,0.06552
2686,0,2,0.68061,0.69405,0.6334,0.39483
2686,1,2,0.41347,0.40759,0.2705,0.08065
2687,0,2,0.50336,0.65373,0.9879,0.63676
2688,0,2,0.32359,0.73269,0.63172,0.52923
2689,0,2,0.54227,0.6833,0.91233,0.61926
2691,0,2,0.42019,0.40171,0.2705,0.04872
2692,0,0,0.52772,0.74698,0.14281,0.3629
2695,0,2,0.66463,0.56709,0.66865,0.58445
2699,0,2,0.24462,0.61593,0.45699,0.46707
2701,0,4,0.70695,0.73326,0.5861,0.53348
2704,0,3,0.32779,0.46556,0.17977,0.08905
2704,1,3,0.1245,0.54872,0.24362,0.19153
2704,2,3,0.17322,0.37231,0.2537,0.12097
2710,0,1,0.78562,0.69741,0.37298,0.10249
2710,1,1,0.55292,0.62097,0.43179,0.09073
2713,0,3,0.81754,0.65205,0.23185,0.0588
2713,1,3,0.11946,0.63441,0.23017,0.25202
2714,0,1,0.44456,0.64281,0.48387,0.0336
2714,1,1,0.21522,0.7873,0.21001,0.04032
2717,0,4,0.8448,0.56157,0.30728,0.43897
2718,0,2,0.66549,0.80326,0.64348,0.3713
2718,1,3,0.74698,0.68313,0.19489,0.12097
2718,2,2,0.62011,0.53455,0.14243,0.07015
2719,0,4,0.5546,0.67725,0.76109,0.47883
2719,1,3,0.62181,0.49328,0.07224,0.04368
2721,0,1,0.31771,0.49916,0.63004,0.09913
2721,1,4,0.47648,0.69825,0.14113,0.10081
2722,0,2,0.78392,0.64397,0.43007,0.55676
2725,0,3,0.65754,0.3762,0.68284,0.36145
2725,1,3,0.1756,0.70164,0.35119,0.35119
2727,0,4,0.54704,0.63525,0.87366,0.49227
2731,0,1,0.42776,0.33115,0.84677,0.12601
2732,0,2,0.93681,0.67156,0.12429,0.23223
2733,0,4,0.49926,0.69998,0.99851,0.59022
2734,0,3,0.26403,0.46971,0.16582,0.08078
2735,0,4,0.26731,0.61425,0.18985,0.12769
2740,0,3,0.09433,0.70775,0.17593,0.08218
2740,1,4,0.24126,0.40675,0.16801,0.09913
2740,2,3,0.08912,0.60069,0.03819,0.03935
2743,0,3,0.28741,0.58503,0.05315,0.06059
2747,0,1,0.625,0.87153,0.74421,0.06481
2748,0,4,0.58485,0.5546,0.09913,0.0756
2748,1,4,0.60669,0.70833,0.58972,0.20161
2749,0,3,0.56771,0.55093,0.86111,0.6713
2750,0,3,0.5066,0.57857,0.98472,0.68541
2751,0,4,0.34375,0.78562,0.26546,0.34274
2753,0,3,0.22389,0.62748,0.20383,0.06679
2753,1,3,0.03629,0.80746,0.0672,0.14113
2753,2,3,0.06485,0.57224,0.12433,0.0504
2753,3,3,0.34322,0.51063,0.13074,0.06059
2753,4,3,0.4485,0.63368,0.18981,0.04282
2754,0,3,0.18692,0.42998,0.07407,0.03819
2755,0,3,0.19653,0.41869,0.09247,0.07228
2757,0,1,0.57224,0.69321,0.80981,0.10753
2757,1,1,0.91833,0.584,0.16126,0.06047
2757,2,1,0.90993,0.48285,0.17806,0.03627
2758,0,1,0.50168,0.57728,0.99126,0.10081
2758,1,4,0.90825,0.42878,0.18142,0.13981
2759,0,3,0.5,0.47984,0.13105,0.02688
2759,1,0,0.92505,0.60758,0.14782,0.12108
2760,0,2,0.2463,0.70161,0.08401,0.22849
2761,0,1,0.76126,0.64869,0.42843,0.04536
2762,0,3,0.1413,0.54872,0.12265,0.06048
2763,0,3,0.7643,0.83328,0.22939,0.07148
2763,1,3,0.46343,0.75848,0.31582,0.17121
2765,0,4,0.63132,0.70944,0.2859,0.26596
2765,1,3,0.06616,0.71941,0.11636,0.16955
2766,0,3,0.30595,0.7369,0.3545,0.11425
2767,0,0,0.85726,0.4446,0.28235,0.21833
2768,0,2,0.75202,0.84946,0.48051,0.28226
2768,1,3,0.51596,0.40423,0.06216,0.02688
2768,2,3,0.87886,0.479,0.22345,0.12601
2770,0,3,0.09761,0.47396,0.19321,0.19993
2770,1,3,0.7495,0.5126,0.13945,0.06216
2770,2,3,0.85954,0.55964,0.06048,0.05544
2770,3,3,0.95277,0.62599,0.09237,0.09069
2770,4,3,0.96033,0.51834,0.07725,0.05685
2770,5,3,0.62853,0.75454,0.2369,0.13273
2770,6,2,0.41179,0.54872,0.14617,0.08737
2773,0,2,0.42692,0.44792,0.08569,0.10753
2773,1,2,0.83096,0.81336,0.33599,0.163
2774,0,0,0.41263,0.71085,0.24194,0.36794
2777,0,2,0.18162,0.78646,0.35114,0.41835
2781,0,3,0.37063,0.37315,0.14113,0.06888
2782,0,2,0.87129,0.72175,0.25534,0.29566
2782,1,0,0.27319,0.75202,0.11089,0.33938
2788,0,3,0.1245,0.69489,0.2369,0.17473
2790,0,1,0.82508,0.88601,0.34775,0.0563
2790,1,2,0.1287,0.73017,0.23858,0.08065
2791,0,4,0.81584,0.6641,0.36287,0.47606
2792,0,4,0.81752,0.66074,0.36287,0.47606
2795,0,2,0.68145,0.60669,0.38978,0.53595
2797,0,2,0.69069,0.73017,0.57964,0.36626
2799,0,4,0.13962,0.67137,0.26042,0.38306
2800,0,4,0.72765,0.80158,0.35114,0.18649
2803,0,1,0.68171,0.73958,0.26736,0.05324
2803,1,1,0.5978,0.86863,0.35648,0.10069
2803,2,1,0.78125,0.64062,0.23958,0.10301
2803,3,1,0.86285,0.50231,0.1412,0.05093
2803,4,1,0.47801,0.79514,0.10301,0.06944
2803,5,0,0.41551,0.80324,0.43171,0.38426
2803,6,0,0.7581,0.41956,0.03819,0.02431
2803,7,0,0.65741,0.45602,0.07292,0.03704
2804,0,4,0.55671,0.56713,0.04977,0.04398
2805,0,4,0.62847,0.53993,0.35069,0.17477
2805,1,4,0.69421,0.80414,0.60949,0.36523
2807,0,0,0.94884,0.76714,0.10023,0.05973
2809,0,3,0.33275,0.53356,0.07176,0.03009
2809,1,3,0.42998,0.46817,0.03472,0.01273
2809,2,0,0.24248,0.79514,0.18287,0.35648
2809,3,0,0.22338,0.48148,0.08912,0.11806
2816,0,4,0.49855,0.63026,0.99711,0.72328
2816,1,3,0.32986,0.38542,0.16319,0.0463
2816,2,3,0.34201,0.33738,0.10185,0.03588
2816,3,3,0.68808,0.3397,0.12037,0.02199
2816,4,3,0.95058,0.48868,0.09676,0.05376
2816,5,3,0.19907,0.42361,0.05208,0.02315
2816,6,3,0.23843,0.44329,0.03588,0.0162
2817,0,3,0.33681,0.6059,0.1169,0.0544
2817,1,3,0.59549,0.78762,0.13426,0.04051
2817,2,4,0.30903,0.52257,0.07292,0.02662
2819,0,0,0.92338,0.74791,0.15116,0.1324
2820,0,2,0.17187,0.82986,0.30556,0.31019
2820,1,2,0.47975,0.80903,0.15509,0.2963
2820,2,2,0.48785,0.52951,0.13426,0.25579
2820,3,2,0.70428,0.46817,0.05324,0.06134
2820,4,0,0.81771,0.75405,0.2037,0.29051
2820,5,2,0.29861,0.4537,0.07755,0.05556
2822,0,3,0.38542,0.49537,0.16088,0.05556
2822,1,4,0.34028,0.4294,0.22801,0.05324
2823,0,1,0.60012,0.64931,0.125,0.04861
2824,0,2,0.15336,0.61516,0.30556,0.32523
2826,0,4,0.65544,0.61664,0.68704,0.75181
2827,0,1,0.11748,0.63831,0.12269,0.03125
2827,1,0,0.17708,0.8941,0.30903,0.20949
2828,0,0,0.70255,0.76215,0.10301,0.29282
2828,1,4,0.85938,0.85822,0.17361,0.18634
2828,2,2,0.18721,0.84064,0.37442,0.28082
2828,3,4,0.50926,0.73148,0.11921,0.06713
2829,0,3,0.31713,0.53819,0.04051,0.03935
2829,1,3,0.21065,0.63368,0.05903,0.04282
2832,0,4,0.21586,0.52083,0.04398,0.06019
2833,0,1,0.8044,0.489,0.19329,0.03125
2835,0,3,0.30498,0.77546,0.0625,0.05093
2835,1,3,0.15972,0.75347,0.04051,0.02778
2836,0,4,0.50521,0.59606,0.9838,0.80556
2837,0,0,0.85706,0.88021,0.09491,0.06597
2837,1,3,0.9309,0.87664,0.13611,0.10513
2837,2,0,0.761,0.80671,0.04861,0.02546
2840,0,2,0.35301,0.67245,0.24653,0.28009
2840,1,2,0.14844,0.88985,0.29688,0.20331
2840,2,2,0.15104,0.65162,0.13657,0.07407
2840,3,2,0.06366,0.74421,0.12153,0.04861
2840,4,4,0.21528,0.45775,0.14005,0.08449
2840,5,3,0.15451,0.5816,0.08796,0.03588
2840,6,2,0.03704,0.62326,0.06366,0.06134
2841,0,0,0.41088,0.56944,0.08681,0.07639
2841,1,0,0.48438,0.47164,0.06944,0.03356
2841,2,3,0.66146,0.84954,0.09259,0.09259
2841,3,3,0.87477,0.94352,0.24838,0.10464
2843,0,3,0.64988,0.64641,0.19676,0.06829
2843,1,3,0.4456,0.68808,0.37847,0.16319
2845,0,3,0.12963,0.57928,0.23958,0.13079
2845,1,4,0.16319,0.45428,0.08681,0.07292
2845,2,4,0.75405,0.53935,0.38657,0.2037
2845,3,3,0.49016,0.49595,0.19444,0.06829
2846,0,4,0.45428,0.65104,0.90509,0.69097
2847,0,1,0.62674,0.62326,0.35417,0.03819
2847,1,1,0.70521,0.69114,0.5875,0.0559
2847,2,0,0.93495,0.53765,0.12801,0.11697
2847,3,0,0.72801,0.87616,0.04745,0.22222
2852,0,1,0.28096,0.57443,0.56192,0.10719
2852,1,0,0.36979,0.50868,0.08796,0.17245
2852,2,1,0.54861,0.40856,0.29514,0.10185
2852,3,1,0.22975,0.45544,0.44213,0.12153
2852,4,1,0.68403,0.34028,0.13773,0.03241
2852,5,1,0.77894,0.38426,0.26736,0.0463
2855,0,1,0.78067,0.48206,0.31944,0.0706
2855,1,1,0.53646,0.62963,0.15278,0.04861
2855,2,0,0.05064,0.65374,0.10127,0.09452
2855,3,1,0.3287,0.7963,0.65394,0.25694
2855,4,4,0.43924,0.83507,0.22222,0.17708
2857,0,1,0.61574,0.47049,0.16551,0.02199
2857,1,1,0.54745,0.38484,0.03356,0.01968
2857,2,1,0.55671,0.39873,0.06829,0.01736
2857,3,0,0.76968,0.6169,0.08449,0.08565
2857,4,0,0.90914,0.76447,0.1713,0.16782
2859,0,1,0.57847,0.48249,0.84097,0.05757
2859,1,1,0.48264,0.25868,0.46412,0.06134
2860,0,3,0.57292,0.489,0.24653,0.14468
2860,1,3,0.76968,0.72106,0.4294,0.18056
2860,2,3,0.94711,0.54305,0.1037,0.14398
2860,3,3,0.86227,0.42419,0.13079,0.05671
2860,4,3,0.71123,0.37558,0.13657,0.05208
2860,5,3,0.9566,0.37558,0.08333,0.04282
2860,6,4,0.54803,0.36169,0.12963,0.07986
2860,7,4,0.60532,0.28993,0.08218,0.03819
2861,0,0,0.93785,0.52186,0.12222,0.06224
2861,1,0,0.76042,0.44329,0.0544,0.03704
2861,2,4,0.46586,0.68229,0.07407,0.05903
2864,0,0,0.45428,0.84433,0.125,0.29282
2865,0,0,0.5272,0.59722,0.11574,0.24306
2865,1,3,0.28588,0.60822,0.10764,0.06134
2865,2,0,0.13079,0.70718,0.10764,0.10648
2865,3,0,0.75,0.54572,0.0706,0.11458
2865,4,4,0.8316,0.76736,0.18981,0.15972
2866,0,1,0.30729,0.56424,0.1713,0.02894
2866,1,1,0.57697,0.56366,0.16435,0.03009
2868,0,3,0.13744,0.41435,0.27488,0.09491
2868,1,3,0.32812,0.52778,0.17824,0.06713
2868,2,3,0.76331,0.36111,0.10648,0.06019
2868,3,3,0.9338,0.40793,0.13032,0.089
2868,4,3,0.26505,0.32234,0.13542,0.06134
2868,5,3,0.27951,0.35532,0.09259,0.04398
2868,6,3,0.37442,0.32697,0.03935,0.03588
2868,7,3,0.386,0.42824,0.06019,0.03472
2871,0,2,0.86863,0.77894,0.25231,0.43981
2871,1,2,0.69155,0.81655,0.24769,0.33681
2872,0,1,0.16609,0.5,0.22685,0.03472
2872,1,0,0.64178,0.71759,0.44676,0.33333
2873,0,0,0.83137,0.65322,0.33519,0.19996
2874,0,4,0.53819,0.48032,0.07292,0.0787
2876,0,4,0.24624,0.49633,0.49248,0.2658
2876,1,3,0.78414,0.43113,0.11343,0.04282
2876,2,3,0.81713,0.47627,0.05208,0.03588
2876,3,3,0.93808,0.53935,0.04861,0.04167
2876,4,3,0.34549,0.4728,0.12037,0.04051
2876,5,3,0.13889,0.51331,0.18866,0.04514
2876,6,3,0.40972,0.42535,0.10532,0.03356
2876,7,3,0.33796,0.4022,0.15394,0.03819
2876,8,4,0.41262,0.35243,0.06713,0.01273
2877,0,1,0.5816,0.51447,0.12037,0.03819
2877,1,1,0.69676,0.60185,0.15162,0.03704
2878,0,4,0.50521,0.51678,0.28935,0.20255
2878,1,3,0.67419,0.78819,0.53009,0.37963
2879,0,1,0.61863,0.38368,0.42824,0.02662
2879,1,1,0.32697,0.42303,0.09722,0.02662
2879,2,4,0.41319,0.35012,0.03125,0.03819
2880,0,3,0.11748,0.35012,0.13426,0.05903
2881,0,1,0.6603,0.57407,0.0625,0.03241
2881,1,0,0.86169,0.77025,0.27315,0.23727
2883,0,3,0.17361,0.67824,0.07292,0.08565
2883,1,3,0.24248,0.60995,0.03472,0.03009
2883,2,3,0.39236,0.46181,0.02894,0.02083
2884,0,1,0.74572,0.66,0.50648,0.06073
2889,0,4,0.45312,0.35822,0.71991,0.23727
2889,1,3,0.27083,0.63484,0.06134,0.03125
2889,2,2,0.18287,0.64178,0.14236,0.26273
2892,0,0,0.67766,0.739,0.22917,0.3206
2892,1,0,0.72454,0.50347,0.1956,0.13889
2892,2,0,0.92569,0.67046,0.14653,0.16732
2892,3,0,0.96157,0.4599,0.07477,0.03323
2894,0,1,0.14062,0.43056,0.11806,0.24537
2894,1,1,0.59838,0.38484,0.13079,0.10764
2894,2,1,0.87535,0.40103,0.24722,0.1053
2894,3,0,0.95579,0.42126,0.08634,0.02077
2894,4,0,0.0842,0.54426,0.1684,0.07232
2896,0,4,0.58333,0.52836,0.18866,0.27199
2898,0,0,0.68808,0.5897,0.3125,0.21412
2898,1,0,0.91296,0.74572,0.17199,0.16968
2899,0,1,0.86863,0.59028,0.25,0.0787
2899,1,1,0.6331,0.46181,0.70023,0.10417
2899,2,1,0.55729,0.3831,0.51157,0.05324
2899,3,1,0.50868,0.34491,0.36574,0.05556
2899,4,0,0.65336,0.53646,0.1088,0.1956
2899,5,0,0.53646,0.36227,0.04398,0.03935
2900,0,2,0.50926,0.71065,0.22569,0.38657
2900,1,2,0.18461,0.79051,0.3287,0.38657
2900,2,2,0.95347,0.45486,0.09097,0.07177
2901,0,3,0.75347,0.71528,0.37153,0.35648
2902,0,1,0.68287,0.18924,0.07986,0.02662
2902,1,1,0.78646,0.29745,0.19444,0.05324
2902,2,0,0.44965,0.31134,0.04861,0.06481
2903,0,1,0.81655,0.53646,0.12731,0.01505
2904,0,0,0.06742,0.50958,0.13484,0.22287
2905,0,4,0.60938,0.39294,0.36111,0.12847
2906,0,1,0.29716,0.82462,0.59433,0.07516
2906,1,1,0.73495,0.63715,0.34375,0.07292
2906,2,1,0.70255,0.38426,0.14005,0.05324
2906,3,1,0.94769,0.44369,0.10255,0.02165
2906,4,1,0.961,0.47587,0.07593,0.02119
2906,5,0,0.93345,0.72917,0.11343,0.18981
2906,6,4,0.62442,0.51678,0.08102,0.12153
2907,0,2,0.44463,0.77063,0.42208,0.45561
2910,0,0,0.24653,0.76678,0.29282,0.45949
2910,1,1,0.44444,0.36806,0.13773,0.02315
2911,0,1,0.31308,0.55324,0.03241,0.01157
2911,1,0,0.7338,0.74016,0.52199,0.4294
2912,0,0,0.79225,0.6169,0.1875,0.12731
2913,0,1,0.55208,0.52604,0.14236,0.0544
2913,1,0,0.4103,0.66609,0.16204,0.53819
2913,2,0,0.71042,0.60523,0.57708,0.46972
2914,0,0,0.46238,0.73438,0.22454,0.50347
2916,0,2,0.85888,0.48,0.27911,0.50398
2917,0,1,0.49595,0.72569,0.64815,0.05787
2917,1,1,0.386,0.56713,0.16898,0.05093
2917,2,0,0.88576,0.78048,0.22639,0.22531
2918,0,3,0.21586,0.43692,0.09722,0.07523
2918,1,4,0.15828,0.58949,0.31655,0.2739
2918,2,3,0.02402,0.78927,0.04803,0.07623
2919,0,3,0.15885,0.51436,0.31771,0.20464
2919,1,3,0.52257,0.49248,0.24769,0.13079
2919,2,2,0.09867,0.73093,0.19734,0.27204
2919,3,2,0.38831,0.64062,0.16667,0.37384
2919,4,2,0.60822,0.84028,0.37731,0.25694
2919,5,3,0.18229,0.34664,0.07639,0.05671
2920,0,0,0.07986,0.43113,0.14468,0.1794
2923,0,0,0.88137,0.77257,0.22917,0.20486
2924,0,3,0.28183,0.62037,0.06019,0.05093
2924,1,3,0.26447,0.55903,0.05556,0.03472
2924,2,2,0.61863,0.27315,0.1412,0.0463
2924,3,2,0.43576,0.60359,0.23148,0.25116
2924,4,2,0.25463,0.69155,0.1794,0.08218
2924,5,2,0.71759,0.34259,0.29051,0.06481
2924,6,2,0.82558,0.43372,0.34676,0.13363
2924,7,2,0.90312,0.54151,0.19167,0.09922
2924,8,0,0.49363,0.24711,0.0463,0.04745
2924,9,0,0.50926,0.29514,0.02894,0.02083
2924,10,0,0.53588,0.34259,0.02431,0.02315
2924,11,0,0.61632,0.50116,0.11111,0.17593
2924,12,0,0.83275,0.69155,0.20139,0.22338
2925,0,1,0.74363,0.60185,0.06481,0.03009
2925,1,0,0.82465,0.63715,0.30556,0.20949
2926,0,4,0.52951,0.5434,0.07639,0.04977
2926,1,0,0.31308,0.53241,0.20139,0.26389
2926,2,0,0.21586,0.83507,0.11343,0.29282
2927,0,3,0.70081,0.52373,0.03241,0.02431
2927,1,3,0.43519,0.49884,0.01505,0.0162
2927,2,4,0.32986,0.59086,0.12847,0.14005
2929,0,2,0.74293,0.81082,0.50785,0.37627
2930,0,4,0.64699,0.63137,0.70255,0.71875
2932,0,3,0.43229,0.59664,0.06481,0.06134
2932,1,3,0.35938,0.60706,0.06713,0.04282
2934,0,3,0.31308,0.47859,0.05324,0.01273
2934,1,4,0.23785,0.46412,0.07176,0.06019
2934,2,4,0.58565,0.4919,0.03356,0.05324
2935,0,0,0.10012,0.94329,0.06481,0.08102
2936,0,4,0.68056,0.38252,0.61227,0.23958
2937,0,3,0.52836,0.43634,0.05556,0.01852
2937,1,3,0.50984,0.45081,0.07407,0.02894
2937,2,3,0.28299,0.51331,0.4838,0.11921
2937,3,3,0.4213,0.45602,0.04977,0.03009
2939,0,3,0.18866,0.64931,0.03588,0.02083
2941,0,1,0.261,0.25463,0.31713,0.05324
2941,1,0,0.54572,0.30729,0.06019,0.07986
2941,2,0,0.91412,0.54822,0.16968,0.21912
2941,3,1,0.34722,0.30382,0.56829,0.07755
2941,4,1,0.38542,0.36343,0.72106,0.10185
2941,5,1,0.52951,0.48032,0.90972,0.1713
2941,6,1,0.6294,0.74753,0.73912,0.30062
2944,0,1,0.40162,0.68113,0.33912,0.30208
2944,1,4,0.16609,0.86458,0.33102,0.2662
2946,0,0,0.56424,0.55382,0.09259,0.42477
2946,1,1,0.4809,0.42477,0.13889,0.03009
2946,2,1,0.22222,0.44097,0.05671,0.02083
2946,3,1,0.75058,0.41493,0.40741,0.04051
2946,4,1,0.71354,0.37442,0.34722,0.02894
2946,5,1,0.76134,0.82576,0.47523,0.1006
2947,0,0,0.73669,0.5978,0.06713,0.23727
2947,1,4,0.68461,0.09954,0.12037,0.05093
2947,2,4,0.85336,0.92435,0.2912,0.14731
2948,0,1,0.43287,0.57407,0.14468,0.03935
2948,1,1,0.79491,0.56479,0.4081,0.04393
2948,2,1,0.85567,0.69466,0.28657,0.03285
2948,3,0,0.83079,0.6534,0.33634,0.29753
2950,0,1,0.45804,0.78592,0.91609,0.04174
2952,0,2,0.40336,0.78646,0.78009,0.41782
2952,1,2,0.9147,0.77913,0.16852,0.19947
2953,0,2,0.72222,0.55324,0.23727,0.15509
2953,1,2,0.86609,0.68662,0.26574,0.2899
2953,2,1,0.33218,0.57234,0.61227,0.05903
2953,3,1,0.25694,0.51331,0.51042,0.10764
2953,4,1,0.20833,0.41262,0.08449,0.03125
2953,5,1,0.43374,0.79394,0.86748,0.12954
2954,0,4,0.89039,0.57452,0.21713,0.10968
2955,0,0,0.53067,0.83623,0.10185,0.3206
2955,1,0,0.89618,0.68628,0.20556,0.16423
2955,2,1,0.85567,0.56768,0.28657,0.02888
2955,3,1,0.7037,0.71933,0.57986,0.02431
2956,0,3,0.69306,0.77819,0.61181,0.43833
2956,1,3,0.49826,0.36574,0.03472,0.05556
2957,0,0,0.65278,0.25289,0.03588,0.03356
2957,1,0,0.87847,0.34201,0.10764,0.05208
2957,2,0,0.96817,0.37326,0.03704,0.03588
2957,3,1,0.77141,0.30324,0.125,0.02546
2958,0,4,0.53819,0.46701,0.10532,0.18403
2959,0,0,0.82905,0.72502,0.33981,0.31579
2961,0,4,0.50637,0.54803,0.9838,0.89005
2962,0,3,0.32639,0.35475,0.11921,0.0706
2962,1,1,0.14641,0.39699,0.24074,0.12269
2963,0,4,0.06829,0.864,0.07986,0.06134
2965,0,2,0.41956,0.51157,0.15972,0.29167
2966,0,2,0.76331,0.68576,0.46528,0.57292
2968,0,1,0.86088,0.56694,0.27616,0.03203
2968,1,0,0.91007,0.70842,0.17778,0.18537
2970,0,3,0.41609,0.39815,0.1412,0.04398
2970,1,3,0.05556,0.44155,0.07755,0.03125
2972,0,3,0.25405,0.51331,0.3125,0.11227
2972,1,3,0.38889,0.40162,0.0544,0.03472
2972,2,3,0.88773,0.5463,0.1331,0.06713
2972,3,4,0.21933,0.78819,0.37269,0.40046
2972,4,4,0.44965,0.38657,0.04398,0.06713
2973,0,3,0.42882,0.43924,0.10417,0.06829
2975,0,0,0.55729,0.47685,0.13657,0.2037
2975,1,2,0.65914,0.7419,0.21759,0.29398
2978,0,4,0.79433,0.50188,0.40926,0.46904
2979,0,1,0.31192,0.68981,0.60417,0.10648
2979,1,1,0.48206,0.53935,0.42593,0.0787
2979,2,0,0.78183,0.50926,0.09954,0.11574
2979,3,0,0.89525,0.49711,0.12037,0.13079
2979,4,1,0.57465,0.4838,0.3912,0.02546
2979,5,1,0.80787,0.52778,0.34144,0.02778
2979,6,1,0.61921,0.39468,0.32523,0.04167
2979,7,1,0.52257,0.34606,0.14583,0.02315
2982,0,4,0.3588,0.69965,0.70718,0.58218
2983,0,3,0.28704,0.58796,0.05208,0.04398
2984,0,3,0.80903,0.64005,0.09375,0.01852
2985,0,1,0.64757,0.68287,0.46065,0.03935
2985,1,1,0.48958,0.58044,0.34375,0.02431
2986,0,4,0.72454,0.45833,0.1331,0.10185
2987,0,1,0.31713,0.28067,0.41319,0.0706
2987,1,1,0.12384,0.94039,0.23264,0.10301
2987,2,1,0.80012,0.94189,0.39769,0.06666
2987,3,1,0.42014,0.239,0.34606,0.04514
2987,4,1,0.24942,0.15856,0.03704,0.01852
2987,5,3,0.65625,0.27025,0.09144,0.05903
2988,0,3,0.20544,0.59086,0.20602,0.09144
2990,0,2,0.825,0.76129,0.34792,0.42998
2993,0,3,0.43461,0.71701,0.05556,0.06134
2993,1,0,0.05006,0.83017,0.10012,0.16496
2994,0,3,0.23438,0.73322,0.07639,0.03125
2994,1,3,0.14005,0.82523,0.22801,0.15972
2994,2,3,0.32176,0.5191,0.09606,0.0544
2994,3,3,0.4022,0.45081,0.05093,0.03125
2994,4,3,0.43981,0.43924,0.02894,0.02431
2994,5,3,0.82697,0.63368,0.17593,0.0706
2994,6,3,0.5706,0.47396,0.06597,0.04514
2997,0,3,0.4375,0.43461,0.10995,0.05671
2997,1,3,0.55671,0.48727,0.10532,0.02778
2997,2,3,0.67766,0.56539,0.08102,0.04282
2997,3,3,0.62153,0.47917,0.06366,0.02315
2997,4,3,0.67419,0.5,0.06713,0.03704
2997,5,3,0.72743,0.51852,0.05787,0.0162
3000,0,1,0.87072,0.58674,0.25648,0.03921
3001,0,2,0.84598,0.81845,0.08185,0.09152
3001,1,2,0.96243,0.86124,0.06473,0.09524
3002,0,2,0.30283,0.56771,0.58929,0.15551
3002,1,2,0.7247,0.38914,0.54464,0.19271
3002,2,2,0.80729,0.57366,0.37798,0.15551
3003,0,0,0.73996,0.71801,0.51116,0.42634
3004,0,0,0.61737,0.11959,0.76341,0.10312
3006,0,0,0.45982,0.7567,0.33036,0.4814
3006,1,0,0.69531,0.7128,0.60045,0.09747
3007,0,2,0.71539,0.20625,0.21242,0.14854
3008,0,3,0.32366,0.37351,0.54464,0.21205
3009,0,2,0.41675,0.8862,0.33052,0.22552
3009,1,1,0.66592,0.71317,0.37351,0.10714
3012,0,2,0.35193,0.94159,0.20089,0.10565
3012,1,2,0.84598,0.94531,0.29167,0.10417
3012,2,2,0.58445,0.94792,0.20164,0.09598
3012,3,3,0.41592,0.84338,0.14881,0.05208
3013,0,2,0.45647,0.73289,0.07068,0.07217
3013,1,3,0.27894,0.83623,0.12616,0.08218
3014,0,0,0.55729,0.8192,0.33333,0.35789
3014,1,1,0.30915,0.69234,0.09747,0.06845
3015,0,3,0.43341,0.27493,0.22396,0.42857
3015,1,3,0.76885,0.62535,0.45784,0.25302
3015,2,2,0.29572,0.86053,0.29861,0.26042
3015,3,3,0.81552,0.19211,0.21734,0.21532
3017,0,0,0.47359,0.80469,0.9308,0.15774
3018,0,0,0.54204,0.68527,0.87426,0.05878
3018,1,0,0.72865,0.74128,0.54063,0.397
3019,0,0,0.65551,0.8058,0.43006,0.3817
3020,0,2,0.59606,0.05729,0.24653,0.11458
3022,0,1,0.39844,0.60789,0.34152,0.07812
3024,0,3,0.32143,0.10603,0.20536,0.06696
3026,0,3,0.60863,0.63504,0.09375,0.05804
3027,0,3,0.44159,0.74368,0.20908,0.11458
3027,1,2,0.47619,0.90141,0.33185,0.19196
3028,0,3,0.08073,0.21094,0.1317,0.12946
3028,1,3,0.11421,0.36272,0.18676,0.1131
3028,2,3,0.1436,0.58445,0.28423,0.16964
3030,0,3,0.79129,0.46094,0.26414,0.31696
3030,1,0,0.61347,0.16592,0.18229,0.25967
3030,2,1,0.88393,0.81324,0.22024,0.36979
3030,3,1,0.47842,0.92485,0.57738,0.12128
3030,4,0,0.85231,0.1782,0.28646,0.24107
3032,0,2,0.09338,0.22024,0.17932,0.27009
3033,0,2,0.49959,0.51044,0.99339,0.97689
3034,0,3,0.58371,0.76674,0.29836,0.24851
3034,1,2,0.7619,0.15439,0.33482,0.29464
3035,0,3,0.84077,0.85156,0.30952,0.14583
3035,1,3,0.59673,0.86421,0.17411,0.12351
3035,2,2,0.24033,0.94754,0.17113,0.09077
3035,3,2,0.8006,0.96652,0.13393,0.06176
3035,4,2,0.40774,0.62574,0.11012,0.04985
3035,5,3,0.55394,0.65327,0.06027,0.04092
3036,0,2,0.38393,0.86347,0.10268,0.25298
3036,1,2,0.42113,0.68229,0.125,0.06324
3036,2,2,0.59375,0.93304,0.28571,0.11086
3037,0,0,0.54167,0.39621,0.9003,0.16964
3038,0,0,0.63218,0.79814,0.17804,0.4006
3038,1,2,0.83519,0.75595,0.17932,0.22991
3039,0,2,0.49219,0.4987,0.98437,0.9974
3040,0,3,0.57799,0.14906,0.15597,0.10398
3041,0,2,0.21577,0.83036,0.4256,0.29241
3042,0,2,0.11049,0.44382,0.20461,0.59673
3043,0,2,0.63653,0.51265,0.15253,0.96205
3043,1,2,0.85528,0.2965,0.27902,0.53869
3043,2,2,0.94777,0.81815,0.10238,0.17277
3044,0,2,0.79911,0.73103,0.35714,0.25298
3044,1,2,0.61607,0.36347,0.09673,0.06548
3045,0,3,0.33722,0.12851,0.00597,0.00299
3046,0,3,0.09673,0.3817,0.17113,0.08259
3048,0,2,0.49855,0.49967,0.9971,0.99859
3049,0,3,0.92671,0.17262,0.14211,0.07217
3049,1,3,0.78348,0.17039,0.13244,0.07961
3050,0,0,0.83739,0.66632,0.3221,0.27237
3051,0,0,0.49926,0.9282,0.99702,0.13393
3051,1,1,0.91987,0.67732,0.15818,0.10092
3051,2,3,0.91443,0.82031,0.15327,0.05804
3052,0,3,0.09524,0.12388,0.0878,0.0878
3052,1,3,0.08724,0.01804,0.08444,0.03609
3052,2,3,0.22954,0.13579,0.09301,0.08482
3053,0,4,0.57054,0.80966,0.84362,0.37859
3053,1,0,0.57924,0.59412,0.28943,0.03423
3054,0,4,0.48438,0.58371,0.94792,0.83036
3054,1,2,0.86421,0.06957,0.26414,0.12649
3055,0,2,0.27637,0.58344,0.49471,0.67803
3055,1,3,0.82883,0.36667,0.33921,0.20879
3056,0,2,0.77604,0.49888,0.43899,0.99107
3056,1,2,0.4029,0.55283,0.30134,0.88616
3056,2,2,0.12612,0.69196,0.2433,0.6064
3057,0,2,0.50558,0.50037,0.98586,0.97768
3058,0,0,0.72954,0.78125,0.54092,0.4375
3058,1,0,0.53757,0.92969,0.84152,0.0878
3059,0,3,0.57292,0.17076,0.15476,0.04613
3059,1,3,0.34859,0.12723,0.14211,0.03795
3059,2,3,0.52195,0.12128,0.09152,0.03497
3059,3,3,0.92582,0.63506,0.14628,0.16222
3059,4,3,0.70945,0.42113,0.11682,0.04985
3060,0,3,0.30134,0.87054,0.08482,0.06622
3061,0,3,0.59301,0.60975,0.36012,0.34524
3061,1,3,0.17894,0.93006,0.34747,0.13318
3061,2,3,0.41555,0.06287,0.60193,0.11905
3061,3,3,0.37946,0.21019,0.42411,0.15923
3061,4,3,0.08631,0.16629,0.1622,0.30655
3061,5,3,0.10677,0.60417,0.20461,0.50521
3061,6,3,0.31548,0.49926,0.18601,0.32961
3061,7,3,0.66667,0.38653,0.15625,0.07887
3061,8,0,0.80506,0.29241,0.38542,0.32366
3061,9,2,0.88951,0.74963,0.21354,0.49256
3062,0,3,0.31101,0.41555,0.24256,0.15327
3062,1,3,0.40699,0.03855,0.09226,0.07337
3062,2,2,0.56539,0.35187,0.25463,0.48152
3062,3,2,0.0959,0.5178,0.18436,0.74913
3065,0,0,0.45387,0.79948,0.1756,0.39435
3065,1,1,0.5878,0.92485,0.28423,0.05283
3066,0,2,0.76844,0.18041,0.29495,0.11275
3066,1,3,0.12254,0.5631,0.1486,0.17025
3066,2,2,0.19025,0.21714,0.37065,0.2833
3069,0,0,0.78274,0.71466,0.42857,0.375
3069,1,0,0.75112,0.76749,0.49479,0.21726
3070,0,2,0.80093,0.73584,0.39815,0.52832
3070,1,0,0.51381,0.39742,0.9666,0.13339
3070,2,3,0.66443,0.04129,0.14732,0.07143
3070,3,2,0.80041,0.23411,0.39711,0.18225
3071,0,2,0.49665,0.55789,0.9933,0.88199
3071,1,4,0.81729,0.05343,0.35036,0.10611
3073,0,2,0.57217,0.69978,0.18006,0.32589
3073,1,2,0.57664,0.10007,0.06696,0.16071
3073,2,2,0.11198,0.07366,0.22098,0.14062
3074,0,4,0.51265,0.1276,0.3869,0.24851
3074,1,2,0.28125,0.62835,0.5506,0.73214
3074,2,2,0.84784,0.50037,0.27753,0.99107
3074,3,2,0.15819,0.13354,0.30746,0.25145
3076,0,0,0.39945,0.76045,0.14563,0.47701
3077,0,0,0.14439,0.35995,0.28877,0.22222
3078,0,0,0.66987,0.74182,0.65818,0.46058
3079,0,0,0.28791,0.71933,0.57581,0.56134
3080,0,3,0.39918,0.26451,0.18973,0.0372
3080,1,3,0.38021,0.14769,0.11458,0.02827
3080,2,3,0.60268,0.25707,0.22321,0.18601
3080,3,3,0.84896,0.23996,0.25893,0.10268
3081,0,3,0.32585,0.52875,0.62508,0.71259
3081,1,2,0.3151,0.95982,0.42783,0.07217
3082,0,3,0.74167,0.90718,0.51458,0.18267
3082,1,2,0.77418,0.33631,0.44717,0.21949
3082,2,2,0.6369,0.57999,0.72321,0.61161
3083,0,3,0.65588,0.7567,0.10789,0.06622
3083,1,3,0.68676,0.86235,0.24851,0.13914
3083,2,3,0.5785,0.66295,0.18378,0.15402
3083,3,3,0.70845,0.96815,0.17881,0.06057
3083,4,2,0.25446,0.91964,0.40774,0.15699
3085,0,3,0.21652,0.84152,0.0625,0.03943
3086,0,4,0.50231,0.51736,0.97106,0.94444
3087,0,0,0.37984,0.71875,0.14955,0.55729
3087,1,2,0.1183,0.66815,0.23214,0.23289
3088,0,2,0.33871,0.27599,0.37933,0.53838
3089,0,3,0.71875,0.27753,0.55506,0.13021
3089,1,3,0.63244,0.18936,0.09375,0.04315
3091,0,1,0.49963,0.35626,0.99836,0.15382
3092,0,0,0.23604,0.29503,0.4652,0.58393
3093,0,3,0.81659,0.15737,0.13467,0.06845
3093,1,3,0.18527,0.43601,0.07887,0.06027
3094,0,2,0.69566,0.87664,0.1934,0.2436
3094,1,2,0.30134,0.8843,0.58929,0.22321
3094,2,2,0.89395,0.84353,0.20457,0.30982
3095,0,2,0.74855,0.49954,0.49594,0.99907
3096,0,3,0.15898,0.39614,0.31052,0.26327
3096,1,3,0.35491,0.10454,0.12351,0.06399
3097,0,2,0.50208,0.48669,0.99375,0.96181
3098,0,2,0.75149,0.68862,0.12649,0.09226
3099,0,2,0.80022,0.49963,0.38914,0.99256
3099,1,2,0.30039,0.61969,0.59268,0.75095
3099,2,3,0.46329,0.19203,0.25645,0.08544
3099,3,2,0.45891,0.07176,0.28241,0.14352
3100,0,2,0.52025,0.63779,0.94907,0.71772
3101,0,2,0.74033,0.68527,0.22321,0.22247
3101,1,2,0.93006,0.83408,0.125,0.31771
3101,2,2,0.35417,0.11533,0.0506,0.04241
3102,0,3,0.23996,0.60417,0.0558,0.03795
3104,0,2,0.94531,0.72731,0.10491,0.07738
3105,0,1,0.52165,0.10088,0.06272,0.16278
3108,0,2,0.86626,0.28607,0.26508,0.5675
3108,1,3,0.898,0.04152,0.19415,0.07691
3108,2,2,0.26292,0.29017,0.52046,0.57721
3108,3,2,0.36932,0.77068,0.72282,0.37784
3108,4,2,0.62881,0.29092,0.20535,0.5787
3109,0,2,0.62395,0.23604,0.74522,0.47043
3110,0,2,0.72024,0.49814,0.55506,0.99554
3110,1,2,0.22173,0.67001,0.43452,0.65179
3110,2,2,0.24293,0.17262,0.39509,0.33854
3111,0,3,0.74033,0.58296,0.09375,0.0625
3112,0,3,0.18229,0.55618,0.20833,0.12054
3112,1,2,0.31548,0.27679,0.46875,0.16741
3113,0,2,0.53247,0.49948,0.93299,0.99896
3114,0,0,0.83929,0.10342,0.16964,0.20461
3114,1,2,0.82436,0.60555,0.35127,0.78749
3114,2,2,0.67297,0.10211,0.15175,0.20422
3115,0,0,0.83883,0.30124,0.32234,0.60247
3115,1,2,0.26116,0.13393,0.13839,0.08259
3115,2,2,0.4933,0.02865,0.20536,0.04613
3117,0,4,0.27307,0.49907,0.54613,0.99814
3117,1,2,0.69903,0.30357,0.28646,0.28199
3117,2,2,0.78013,0.65551,0.43229,0.38616
3118,0,2,0.76488,0.2247,0.27679,0.25521
3118,1,2,0.16146,0.14807,0.09673,0.09449
3119,0,2,0.31465,0.93951,0.23645,0.11786
3119,1,1,0.88318,0.72396,0.2247,0.10491
3119,2,3,0.77418,0.59635,0.12128,0.08333
3120,0,4,0.19717,0.78534,0.38095,0.2128
3120,1,3,0.45722,0.94345,0.21503,0.08705
3120,2,3,0.74963,0.86049,0.09449,0.0744
3122,0,2,0.72656,0.28869,0.53051,0.5692
3122,1,2,0.66518,0.79353,0.08482,0.40774
3122,2,2,0.85863,0.79278,0.26637,0.41071
3122,3,0,0.5506,0.29315,0.16667,0.5558
3122,4,2,0.41146,0.12351,0.07738,0.07366
3123,0,2,0.49888,0.61121,0.98735,0.76641
3123,1,2,0.39815,0.11921,0.54745,0.2037
3123,2,0,0.79725,0.07068,0.16741,0.13467
3124,0,0,0.42299,0.95275,0.6942,0.08333
3124,1,0,0.49926,0.81473,0.98512,0.18229
3124,2,0,0.51897,0.61942,0.07664,0.14137
3124,3,0,0.31213,0.6596,0.26116,0.04167
3125,0,3,0.22247,0.16518,0.33036,0.27158
3125,1,3,0.06548,0.44167,0.13095,0.13823
3126,0,0,0.36012,0.54725,0.4747,0.88244
3126,1,2,0.86012,0.359,0.1875,0.55506
3126,2,2,0.34673,0.5506,0.38095,0.85342
3126,3,2,0.73028,0.74107,0.11235,0.22247
3126,4,2,0.95186,0.87513,0.0942,0.24506
3127,0,3,0.87946,0.22024,0.22768,0.17783
3127,1,2,0.55804,0.23251,0.11607,0.2753
3127,2,2,0.69531,0.18824,0.11979,0.36235
3127,3,2,0.87537,0.49702,0.21503,0.35045
3127,4,2,0.88281,0.83817,0.22098,0.30952
3127,5,2,0.13132,0.04204,0.10193,0.07589
3128,0,0,0.60636,0.77376,0.35557,0.45039
3128,1,3,0.89062,0.71057,0.1994,0.09301
3129,0,1,0.875,0.90551,0.23661,0.18378
3129,1,3,0.5119,0.69494,0.11905,0.07217
3129,2,3,0.93378,0.77083,0.12649,0.07664
3129,3,2,0.31138,0.70052,0.24926,0.08333
3130,0,0,0.5599,0.53683,0.22396,0.09821
3130,1,0,0.84152,0.66109,0.31101,0.16071
3131,0,3,0.64323,0.58185,0.1064,0.04688
3131,1,3,0.62351,0.53274,0.07887,0.03051
3131,2,2,0.51563,0.54613,0.10565,0.03795
3132,0,1,0.19308,0.65439,0.35937,0.68899
3132,1,2,0.6968,0.73214,0.59747,0.52902
3132,2,2,0.89807,0.35305,0.10417,0.0997
3132,3,2,0.70424,0.16034,0.08557,0.06548
3133,0,2,0.10751,0.54985,0.20164,0.3311
3134,0,3,0.41667,0.69502,0.09375,0.10995
3135,0,3,0.83891,0.69234,0.12128,0.08185
3135,1,3,0.51972,0.66964,0.06771,0.0439
3135,2,3,0.15885,0.64769,0.07068,0.0372
3136,0,2,0.49865,0.64364,0.98391,0.71064
3136,1,2,0.54315,0.17411,0.90476,0.22098
3136,2,2,0.641,0.03199,0.70908,0.0558
3137,0,2,0.3058,0.91667,0.21875,0.15699
3137,1,2,0.64621,0.90551,0.19866,0.17336
3137,2,2,0.81882,0.70015,0.34747,0.14062
3140,0,2,0.69866,0.9215,0.59226,0.1503
3140,1,2,0.43341,0.78906,0.21949,0.10714
3140,2,2,0.31324,0.89286,0.17411,0.08854
3140,3,2,0.79278,0.80655,0.21057,0.06473
3140,4,3,0.47024,0.67262,0.08929,0.08259
3142,0,2,0.4933,0.60789,0.14286,0.76711
3142,1,4,0.78869,0.65923,0.40923,0.67336
3142,2,2,0.8006,0.2526,0.38839,0.12351
3142,3,3,0.28051,0.1276,0.13542,0.12798
3142,4,2,0.46949,0.11644,0.22768,0.1994
3142,5,2,0.75484,0.13318,0.20313,0.10937
3142,6,2,0.23438,0.74554,0.30952,0.49777
3142,7,2,0.27083,0.03348,0.15923,0.05283
3143,0,3,0.641,0.67374,0.14509,0.05952
3143,1,2,0.86161,0.87426,0.27232,0.24628
3143,2,2,0.87351,0.66778,0.24851,0.06399
3143,3,3,0.47582,0.74256,0.11533,0.08854
3143,4,3,0.94606,0.6064,0.09896,0.04539
3144,0,2,0.63914,0.78423,0.11756,0.19568
3144,1,2,0.55729,0.62909,0.15625,0.10119
3144,2,2,0.45052,0.70685,0.05729,0.09152
3144,3,2,0.7221,0.6849,0.07068,0.06399
3145,0,2,0.65216,0.57589,0.67039,0.80432
3145,1,2,0.17708,0.68527,0.25595,0.61682
3145,2,2,0.62165,0.10379,0.5558,0.11756
3146,0,0,0.85045,0.54725,0.2872,0.70536
3146,1,0,0.21801,0.42188,0.27232,0.49182
3146,2,2,0.60152,0.48708,0.19726,0.77509
3147,0,0,0.71416,0.77494,0.55217,0.44803
3149,0,3,0.92693,0.8659,0.14405,0.16113
3149,1,3,0.43229,0.89397,0.84524,0.20238
3150,0,4,0.61921,0.51215,0.7419,0.84606
3151,0,0,0.49963,0.31855,0.9894,0.13964
3152,0,2,0.4029,0.59375,0.48735,0.26414
3152,1,2,0.82775,0.77902,0.32664,0.41443
3152,2,2,0.11161,0.7433,0.15179,0.22842
3154,0,2,0.49219,0.9375,0.40104,0.11086
3154,1,2,0.85603,0.90513,0.27158,0.18006
3155,0,3,0.18675,0.51456,0.36962,0.44952
3155,1,0,0.74268,0.03554,0.4764,0.0351
3155,2,2,0.34722,0.06829,0.30671,0.12269
3155,3,2,0.91627,0.3111,0.15313,0.45322
3155,4,2,0.25806,0.22969,0.48238,0.10529
3155,5,1,0.73409,0.13747,0.14412,0.15084
3156,0,3,0.57579,0.03144,0.10379,0.05974
3156,1,2,0.08296,0.36596,0.15158,0.16876
3157,0,3,0.63914,0.34003,0.1131,0.07812
3157,1,2,0.71949,0.21243,0.08482,0.1756
3157,2,2,0.79725,0.02902,0.07217,0.04092
3157,3,2,0.92039,0.05766,0.13393,0.10714
3157,4,2,0.88831,0.23958,0.20139,0.21759
3158,0,3,0.54315,0.74033,0.35714,0.18229
3158,1,3,0.125,0.76637,0.24405,0.3192
3159,0,1,0.51897,0.69568,0.21354,0.19122
3159,1,1,0.71763,0.89621,0.25818,0.19196
3159,2,0,0.74628,0.88616,0.49702,0.04836
3159,3,2,0.07478,0.90588,0.07812,0.18304
3161,0,0,0.49963,0.11124,0.98884,0.09673
3161,1,2,0.49665,0.57839,0.9933,0.83503
3161,2,2,0.74926,0.03832,0.31696,0.05804
3163,0,0,0.22582,0.31399,0.20759,0.1689
3163,1,2,0.18266,0.83296,0.34152,0.3125
3164,0,3,0.49132,0.63831,0.25463,0.24653
3164,1,3,0.67336,0.56324,0.09524,0.07217
3166,0,0,0.33743,0.85565,0.25521,0.28497
3166,1,2,0.76265,0.88132,0.4494,0.21577
3167,0,1,0.78199,0.27567,0.42857,0.4747
3167,1,3,0.28348,0.51339,0.55804,0.96503
3167,2,2,0.78609,0.76228,0.42336,0.47173
3169,0,2,0.31548,0.90625,0.13988,0.12723
3170,0,0,0.56585,0.5026,0.30283,0.9881
3170,1,0,0.8657,0.30134,0.2567,0.31324
3170,2,2,0.86086,0.72991,0.27232,0.53348
3170,3,2,0.57329,0.21354,0.27902,0.39062
3172,0,2,0.12872,0.31696,0.2381,0.33854
3172,1,3,0.88017,0.63129,0.23653,0.19637
3172,2,2,0.63504,0.29874,0.72247,0.46726
3173,0,1,0.83519,0.87798,0.32664,0.24033
3173,1,1,0.80766,0.65476,0.3817,0.15551
3174,0,2,0.36921,0.42593,0.71875,0.85185
3176,0,2,0.19085,0.85863,0.21652,0.11235
3176,1,0,0.27567,0.77902,0.10938,0.0439
3176,2,3,0.39695,0.72098,0.11235,0.06176
3176,3,3,0.48438,0.63876,0.19643,0.07292
3176,4,3,0.16964,0.71168,0.33185,0.13095
3176,5,2,0.6689,0.87574,0.63839,0.23438
3177,0,3,0.55841,0.07664,0.16592,0.12128
3177,1,2,0.84896,0.80432,0.29911,0.38765
3177,2,2,0.83036,0.07887,0.3378,0.14211
3178,0,2,0.77232,0.78088,0.26786,0.27679
3178,1,2,0.48214,0.6529,0.15327,0.13542
3179,0,3,0.11124,0.44085,0.1183,0.09524
3179,1,2,0.18266,0.35045,0.10789,0.07366
3181,0,0,0.46615,0.82254,0.89211,0.14583
3181,1,3,0.09821,0.58259,0.17857,0.23884
3182,0,2,0.77924,0.22235,0.43943,0.36805
3183,0,2,0.49033,0.44531,0.27679,0.64583
3183,1,2,0.15885,0.39137,0.28199,0.48884
3183,2,2,0.88207,0.66592,0.22545,0.24182
3183,3,2,0.8311,0.29167,0.33333,0.31771
3183,4,0,0.5067,0.06436,0.70387,0.05506
3183,5,2,0.49219,0.01786,0.51265,0.03199
3183,6,2,0.16518,0.7474,0.2619,0.14583
3183,7,2,0.45499,0.90811,0.25967,0.17411
3183,8,2,0.6901,0.87723,0.16592,0.1942
3184,0,0,0.48698,0.08036,0.5811,0.05134
3184,1,0,0.56734,0.28125,0.85938,0.32366
3184,2,0,0.62649,0.02865,0.73512,0.0506
3184,3,0,0.50112,0.50409,0.9933,0.10268
3184,4,0,0.49963,0.86235,0.99182,0.27158
3184,5,1,0.47135,0.63839,0.1317,0.16592
3185,0,1,0.85528,0.89695,0.27455,0.1994
3185,1,3,0.9154,0.73636,0.16711,0.11632
3186,0,3,0.63579,0.57031,0.32068,0.17113
3188,0,3,0.30029,0.78289,0.59165,0.4311
3188,1,3,0.81473,0.63802,0.36458,0.19345
3188,2,2,0.79634,0.86845,0.39625,0.25997
3189,0,2,0.15352,0.59073,0.26135,0.342
3189,1,2,0.75463,0.11059,0.16726,0.16726
3189,2,2,0.643,0.59334,0.70863,0.71013
3190,0,3,0.95275,0.28906,0.09003,0.09524
3190,1,3,0.52195,0.47731,0.26563,0.12351
3190,2,3,0.16927,0.59301,0.10938,0.36682
3190,3,3,0.08036,0.22619,0.15476,0.23438
3190,4,2,0.91555,0.49107,0.16146,0.10789
3191,0,0,0.50959,0.53669,0.25281,0.91042
3192,0,2,0.79762,0.54911,0.39732,0.74479
3192,1,3,0.73586,0.13914,0.09077,0.0558
3192,2,2,0.6157,0.08519,0.12426,0.15179
3192,3,2,0.45796,0.24963,0.14509,0.18899
3192,4,2,0.15216,0.19085,0.28943,0.37054
3193,0,4,0.17294,0.48096,0.34349,0.63172
3193,1,2,0.95638,0.33098,0.08539,0.13165
3193,2,1,0.32191,0.11731,0.1247,0.08363
3194,0,3,0.77976,0.20833,0.40179,0.15253
3194,1,3,0.94568,0.32664,0.10565,0.06771
3194,2,3,0.27567,0.24405,0.16592,0.12723
3194,3,1,0.08891,0.71243,0.16592,0.4375
3195,0,0,0.20729,0.38389,0.40024,0.68399
3196,0,2,0.52663,0.50078,0.2229,0.99635
3196,1,2,0.79092,0.05543,0.29018,0.10417
3196,2,2,0.82351,0.4533,0.35089,0.67967
3196,3,2,0.13988,0.60758,0.27976,0.6085
3196,4,2,0.27158,0.16518,0.27381,0.27753
3197,0,0,0.62426,0.04092,0.72321,0.04241
3197,1,2,0.71243,0.53051,0.31027,0.90997
3197,2,2,0.39435,0.5346,0.31399,0.92262
3197,3,2,0.12091,0.68973,0.21949,0.61682
3197,4,2,0.93787,0.56994,0.1183,0.84301
3198,0,2,0.65149,0.63397,0.68691,0.72999
3198,1,2,0.14695,0.37016,0.27009,0.32292
3198,2,2,0.17448,0.12426,0.24479,0.13914
3199,0,2,0.81324,0.91778,0.34821,0.15327
3200,0,2,0.46689,0.05134,0.14062,0.09003
3200,1,3,0.91003,0.12417,0.17869,0.12259
3200,2,2,0.22024,0.14769,0.26935,0.11756
3201,0,3,0.28877,0.91262,0.0463,0.02894
3201,1,2,0.81655,0.90509,0.34954,0.17361
3202,0,3,0.46991,0.94965,0.15162,0.07292
3203,0,4,0.18287,0.66782,0.35995,0.62963
3204,0,0,0.80498,0.50868,0.37963,0.94097
3204,1,1,0.55093,0.62153,0.10764,0.60417
3204,2,1,0.30903,0.69039,0.2419,0.53819
3206,0,0,0.61516,0.49769,0.11111,0.9375
3206,1,1,0.79456,0.24826,0.2338,0.43403
3206,2,3,0.86111,0.60243,0.24884,0.25579
3213,0,3,0.04422,0.04953,0.08255,0.03538
3215,0,4,0.39873,0.72106,0.76852,0.24074
3217,0,0,0.20052,0.32815,0.40104,0.4526
3219,0,4,0.53414,0.41319,0.2037,0.19676
3220,0,3,0.60764,0.15972,0.15394,0.10417
3220,1,2,0.27546,0.39294,0.48727,0.62153
3224,0,4,0.37558,0.20602,0.1875,0.125
3224,1,4,0.78125,0.28819,0.32523,0.1412
3230,0,1,0.34028,0.77546,0.31366,0.07639
3232,0,1,0.27488,0.88079,0.11111,0.22917
3233,0,1,0.66435,0.44676,0.66782,0.87731
3234,0,3,0.18403,0.94213,0.30671,0.10417
3235,0,3,0.17419,0.45255,0.34028,0.23611
3236,0,4,0.46933,0.22569,0.18981,0.14583
3238,0,4,0.38542,0.76794,0.74421,0.16319
3240,0,4,0.24537,0.89525,0.18403,0.19329
3240,1,2,0.47454,0.93345,0.21644,0.1169
3244,0,1,0.82928,0.50752,0.3287,0.96412
3245,0,1,0.5081,0.08449,0.09375,0.14583
3245,1,1,0.17882,0.364,0.34722,0.43634
3246,0,1,0.13773,0.89699,0.21412,0.19907
3248,0,4,0.88715,0.81771,0.21759,0.20949
3254,0,4,0.43808,0.81366,0.72917,0.31713
3255,0,1,0.51678,0.23785,0.33796,0.46181
3255,1,1,0.83854,0.80671,0.30787,0.35648
3259,0,0,0.82326,0.35956,0.35139,0.42051
3259,1,1,0.37789,0.72222,0.48611,0.54861
3261,0,4,0.50868,0.47859,0.9213,0.81829
3262,0,2,0.25231,0.3478,0.4919,0.48032
3262,1,3,0.25029,0.75349,0.50058,0.28244
3262,2,2,0.75116,0.53241,0.47801,0.91898
3263,0,4,0.33738,0.84838,0.1875,0.13194
3267,0,4,0.35822,0.52199,0.69676,0.9375
3268,0,4,0.4809,0.73322,0.5787,0.14931
3269,0,4,0.625,0.50116,0.73264,0.98843
3271,0,2,0.50058,0.49248,0.98843,0.88542
3274,0,3,0.25868,0.44155,0.50926,0.6794
3274,1,1,0.71759,0.21817,0.37153,0.26968
3274,2,4,0.43866,0.04919,0.15625,0.08449
3276,0,1,0.61458,0.32928,0.71644,0.64236
3282,0,2,0.57506,0.34656,0.84803,0.66072
3286,0,3,0.88634,0.19865,0.22523,0.12415
3286,1,3,0.5081,0.89931,0.25579,0.19676
3287,0,1,0.30266,0.24016,0.17361,0.42477
3287,1,0,0.44734,0.42882,0.1088,0.82292
3287,2,3,0.70312,0.12731,0.12963,0.06944
3288,0,3,0.7037,0.14062,0.10301,0.0544
3289,0,4,0.4375,0.739,0.45949,0.39236
3290,0,2,0.49769,0.50058,0.98264,0.98958
3291,0,4,0.33449,0.53125,0.51273,0.43056
3294,0,0,0.5706,0.39641,0.3044,0.71181
3297,0,1,0.41262,0.76678,0.1713,0.18403
3297,1,4,0.73553,0.91551,0.46065,0.15972
3299,0,4,0.25579,0.50926,0.49421,0.6088
3302,0,3,0.5735,0.44618,0.22685,0.17477
3302,1,3,0.37037,0.62963,0.08912,0.09954
3302,2,4,0.14757,0.39178,0.28241,0.17708
3303,0,1,0.48553,0.92766,0.86343,0.11458
3304,0,1,0.73322,0.25,0.46759,0.47917
3304,1,0,0.72975,0.78356,0.20602,0.4213
3304,2,1,0.20023,0.614,0.36227,0.76505
3305,0,1,0.31019,0.64931,0.37153,0.68287
3307,0,4,0.64699,0.81887,0.56134,0.32755
3308,0,3,0.29225,0.24769,0.12963,0.0463
3308,1,4,0.34317,0.18924,0.25463,0.05208
3310,0,2,0.73727,0.61227,0.50116,0.75694
3310,1,0,0.16493,0.19444,0.31713,0.3588
3313,0,0,0.29225,0.54514,0.3125,0.78935
3313,1,1,0.66377,0.56192,0.12037,0.24884
3317,0,1,0.32176,0.27199,0.17014,0.03472
3321,0,2,0.49826,0.50174,0.97917,0.98495
3323,0,2,0.26968,0.52662,0.47338,0.90278
3323,1,3,0.77373,0.5463,0.36343,0.84028
3323,2,3,0.7419,0.03993,0.06829,0.02894
3324,0,3,0.65799,0.28356,0.22917,0.0787
3324,1,0,0.11198,0.25868,0.22396,0.33912
3325,0,2,0.08391,0.12963,0.16204,0.14815
3325,1,1,0.25694,0.08796,0.11458,0.12037
3325,2,0,0.45602,0.37558,0.25579,0.66319
3325,3,1,0.77373,0.84144,0.10185,0.25231
3326,0,2,0.33565,0.68576,0.54514,0.61458
3328,0,2,0.76273,0.49942,0.45949,0.98727
3328,1,0,0.18056,0.31424,0.35532,0.60301
3329,0,4,0.56424,0.74248,0.70139,0.2581
3331,0,3,0.86053,0.1684,0.10417,0.09838
3332,0,4,0.47917,0.89988,0.26736,0.16551
3333,0,1,0.13715,0.11285,0.14815,0.16319
3334,0,0,0.41088,0.58391,0.17708,0.79977
3335,0,3,0.41493,0.34028,0.02778,0.01852
3337,0,2,0.25926,0.60475,0.48727,0.78819
3337,1,3,0.58912,0.0735,0.27431,0.13079
3340,0,4,0.375,0.61053,0.70718,0.75347
3341,0,3,0.88947,0.90914,0.21528,0.11227
3342,0,3,0.72454,0.73785,0.19097,0.09375
3343,0,2,0.55671,0.52604,0.85301,0.87847
3346,0,2,0.21007,0.43634,0.40509,0.63426
3346,1,2,0.73438,0.59838,0.51389,0.78704
3347,0,3,0.85938,0.21586,0.13889,0.09838
3348,0,2,0.40509,0.51678,0.78819,0.94792
3349,0,4,0.47454,0.8559,0.90856,0.16782
3351,0,1,0.90162,0.44155,0.19097,0.23495
3351,1,2,0.59954,0.19097,0.34606,0.26157
3351,2,4,0.23611,0.10127,0.28588,0.13079
3351,3,4,0.18924,0.76215,0.375,0.46644
3352,0,3,0.25752,0.43981,0.21528,0.09491
3352,1,2,0.26852,0.80382,0.32755,0.19792
3352,2,3,0.75868,0.19444,0.05324,0.03472
3354,0,2,0.43692,0.32755,0.26852,0.30787
3354,1,4,0.70544,0.06192,0.4213,0.11458
3355,0,3,0.49421,0.68981,0.16782,0.14352
3355,1,3,0.72917,0.71875,0.11458,0.08796
3357,0,3,0.10012,0.77141,0.05093,0.03356
3357,1,4,0.85909,0.82356,0.28183,0.1749
3359,0,2,0.2526,0.2181,0.50521,0.35519
3359,1,4,0.30324,0.69213,0.53356,0.55093
3360,0,1,0.19329,0.06655,0.1794,0.11921
3360,1,1,0.59664,0.04688,0.12731,0.08912
3362,0,0,0.70486,0.50174,0.30903,0.97569
3362,1,3,0.90162,0.261,0.06366,0.09144
3362,2,1,0.96875,0.31134,0.05903,0.125
3363,0,4,0.24595,0.53125,0.46528,0.78009
3364,0,1,0.10706,0.27083,0.20833,0.27546
3368,0,4,0.90912,0.03477,0.18051,0.0626
3370,0,2,0.62269,0.50926,0.73958,0.97917
3370,1,1,0.11863,0.86863,0.22685,0.23495
3371,0,4,0.71644,0.8478,0.42245,0.28125
3372,0,4,0.37326,0.87674,0.45602,0.22801
3376,0,2,0.6331,0.23553,0.3206,0.36227
3378,0,4,0.16782,0.30324,0.13542,0.07176
3379,0,0,0.5081,0.50463,0.18866,0.96065
3379,1,2,0.7772,0.4809,0.33565,0.46412
3380,0,0,0.54688,0.78588,0.28472,0.4213
3380,1,1,0.20197,0.90567,0.39815,0.05671
3382,0,4,0.40336,0.83681,0.60648,0.29861
3385,0,3,0.52488,0.10417,0.12037,0.07176
3389,0,2,0.5,0.50058,0.98727,0.98032
3393,0,2,0.38889,0.50463,0.77199,0.97917
3396,0,1,0.33623,0.15914,0.21528,0.09606
3397,0,4,0.53762,0.85648,0.2662,0.21991
3399,0,0,0.71759,0.49479,0.53819,0.97569
3399,1,0,0.21644,0.55787,0.43171,0.82639
3400,0,2,0.78356,0.29919,0.41551,0.45718
3400,1,2,0.28241,0.60648,0.53588,0.66435
3401,0,3,0.898959,0.0470261,0.0814856,0.0547884
3401,1,3,0.7177,0.0534705,0.222513,0.101706
3401,2,3,0.242658,0.377774,0.110196,0.0659806
3402,0,1,0.191566,0.396092,0.183548,0.0304573
3402,1,1,0.557708,0.414828,0.884584,0.298776
3403,0,2,0.481315,0.267902,0.331012,0.361489
3403,1,3,0.424593,0.217506,0.0540164,0.0228029
3404,0,2,0.540614,0.375605,0.89482,0.744812
3404,1,3,0.70319,0.152976,0.0504204,0.0289738
3404,2,1,0.748879,0.464246,0.50212,0.0961115
3405,0,1,0.759848,0.710104,0.29292,0.0595047
3405,1,0,0.731911,0.77693,0.503766,0.44614
3405,2,1,0.571426,0.554492,0.131457,0.0245335
3405,3,1,0.894341,0.553468,0.163473,0.0378223
3405,4,3,0.915863,0.525239,0.0927437,0.030991
3405,5,1,0.556222,0.619651,0.0512589,0.017131
3406,0,0,0.845368,0.244658,0.0975116,0.0636421
3406,1,2,0.137876,0.838218,0.275646,0.256767
3406,2,0,0.852664,0.35762,0.292449,0.294063
3406,3,2,0.24307,0.359285,0.13254,0.0835458
3407,0,1,0.159839,0.707406,0.319678,0.0475216
3408,0,3,0.04356,0.293029,0.0333366,0.0201301
3408,1,3,0.100164,0.25512,0.110794,0.0327906
3408,2,3,0.0758023,0.324332,0.0641298,0.0253683
3408,3,3,0.115518,0.256079,0.0815555,0.0328323
3408,4,3,0.199922,0.251655,0.0384901,0.0229141
3408,5,1,0.693081,0.315022,0.218555,0.0391589
3409,0,3,0.296666,0.126027,0.174103,0.102784
3409,1,3,0.20279,0.170082,0.405579,0.208618
3410,0,3,0.88844,0.065134,0.139429,0.0521217
3410,1,3,0.54197,0.0363467,0.0983268,0.053606
3410,2,3,0.814971,0.0297689,0.096603,0.0266277
3410,3,3,0.506362,0.467149,0.0655476,0.109205
3410,4,3,0.508699,0.891904,0.133284,0.0945782
3410,5,1,0.759617,0.476055,0.446516,0.0944379
3410,6,3,0.848041,0.943736,0.303919,0.112528
3410,7,1,0.671137,0.557349,0.257728,0.0476509
3411,0,3,0.3816,0.313046,0.0579097,0.0347178
3411,1,3,0.153369,0.378463,0.0808409,0.0428567
3411,2,1,0.677866,0.0355475,0.633914,0.0702651
3411,3,2,0.527988,0.237278,0.483792,0.381632
3411,4,3,0.941992,0.440457,0.029763,0.0221098
3411,5,3,0.461995,0.301323,0.0681103,0.0341515
3411,6,3,0.963082,0.42576,0.0316427,0.0282974
3411,7,3,0.953298,0.431206,0.0550754,0.0436002
3412,0,2,0.187606,0.284142,0.263859,0.350612
3413,0,2,0.586572,0.515919,0.826856,0.89722
3414,0,2,0.383214,0.491782,0.766428,0.983565
3414,1,2,0.894066,0.514226,0.211868,0.943389
3415,0,3,0.336032,0.525986,0.0507876,0.0355526
3415,1,2,0.373843,0.567016,0.480302,0.157622
3416,0,0,0.489413,0.645782,0.149928,0.260094
3417,0,0,0.695015,0.770815,0.594268,0.458369
3417,1,1,0.610452,0.700487,0.124738,0.0238356
3417,2,1,0.766334,0.814889,0.214367,0.04108
3417,3,1,0.635415,0.948921,0.245874,0.0413508
3417,4,1,0.784572,0.894767,0.10699,0.0252588
3417,5,1,0.0849383,0.94662,0.16958,0.051268
3418,0,0,0.0878802,0.215396,0.125019,0.142806
3418,1,0,0.669158,0.787528,0.0638521,0.189827
3418,2,2,0.648537,0.486364,0.111525,0.2232
3418,3,3,0.192335,0.0600842,0.0817125,0.0298187
3419,0,3,0.766713,0.811141,0.160762,0.111996
3419,1,3,0.912459,0.940351,0.105035,0.0674254
3419,2,0,0.0756884,0.665149,0.055317,0.0460692
3420,0,2,0.647148,0.520121,0.695306,0.959758
3420,1,2,0.500092,0.519928,0.971217,0.960144
3421,0,2,0.774776,0.506835,0.450448,0.981106
3421,1,0,0.28727,0.485075,0.10334,0.416692
3421,2,0,0.356301,0.162797,0.0467408,0.0700471
3421,3,0,0.230708,0.643844,0.226818,0.709325
3422,0,0,0.58903,0.765824,0.302391,0.46753
3422,1,3,0.595224,0.890848,0.0429242,0.0466263
3422,2,3,0.688945,0.584384,0.109847,0.0229306
3422,3,1,0.893152,0.859268,0.17081,0.0386486
3423,0,1,0.561837,0.41607,0.876326,0.162386
3423,1,2,0.906147,0.110099,0.186743,0.0860127
3424,0,1,0.394955,0.73862,0.0781142,0.0183254
3424,1,1,0.673935,0.743464,0.216305,0.0315355
3424,2,1,0.464558,0.608399,0.467825,0.0359786
3424,3,1,0.737876,0.743438,0.343455,0.0399549
3425,0,1,0.37471,0.724203,0.0688138,0.0178115
3425,1,2,0.135105,0.82553,0.27021,0.347644
3426,0,3,0.90776,0.0978561,0.0990588,0.0256203
3427,0,3,0.0505866,0.826281,0.100749,0.116097
3428,0,1,0.767892,0.693728,0.144239,0.0251918
3428,1,1,0.295442,0.848749,0.276336,0.0438049
3428,2,0,0.449731,0.789177,0.185508,0.421646
3429,0,3,0.912081,0.378764,0.0731667,0.080234
3429,1,3,0.755587,0.730754,0.135241,0.0968957
3430,0,3,0.881055,0.367761,0.236615,0.241978
3430,1,3,0.87524,0.304038,0.225498,0.111187
3431,0,2,0.498801,0.516157,0.994897,0.134429
3432,0,3,0.492192,0.657306,0.0413049,0.0162229
3433,0,3,0.585575,0.134131,0.0695539,0.102273
3433,1,3,0.100537,0.153643,0.199263,0.0949027
3433,2,3,0.542487,0.614961,0.0965977,0.160088
3433,3,3,0.666355,0.306708,0.0766051,0.145054
3434,0,0,0.502732,0.344346,0.0591063,0.144804
3435,0,0,0.230941,0.391629,0.0630656,0.127134
3436,0,2,0.900788,0.915553,0.197796,0.162746
3437,0,3,0.717774,0.610829,0.234893,0.249656
3437,1,0,0.117407,0.56347,0.231519,0.37076
3437,2,3,0.682241,0.217665,0.0849574,0.103434
3437,3,3,0.633399,0.361842,0.137783,0.0865976
3437,4,2,0.614477,0.0687492,0.357465,0.13698
3438,0,3,0.579503,0.0408597,0.237425,0.0817195
3438,1,3,0.619886,0.109667,0.153511,0.0662019
3438,2,1,0.3203,0.381645,0.306101,0.0542861
3438,3,3,0.505633,0.318417,0.123076,0.134434
3439,0,1,0.261324,0.358786,0.134403,0.0242389
3439,1,1,0.30432,0.578639,0.606738,0.0837437
3439,2,3,0.854257,0.504612,0.290172,0.0626202
3440,0,3,0.0761308,0.316659,0.152262,0.183109
3440,1,3,0.226526,0.217059,0.216061,0.100904
3440,2,3,0.0762574,0.384854,0.152327,0.323237
3440,3,3,0.0446218,0.478699,0.089126,0.0955381
3441,0,1,0.404986,0.0935975,0.11857,0.0260846
3441,1,3,0.675624,0.312852,0.238316,0.0949337
3441,2,3,0.546821,0.0229354,0.0793237,0.0262298
3441,3,3,0.541894,0.676593,0.115831,0.0480774
3441,4,3,0.245486,0.230398,0.0525994,0.0305284
3441,5,3,0.799091,0.415545,0.103238,0.0710809
3441,6,3,0.608147,0.439474,0.063025,0.0330903
3441,7,3,0.973966,0.688989,0.0520691,0.135846
3441,8,3,0.63884,0.163088,0.104124,0.0441888
3441,9,0,0.562808,0.497839,0.249325,0.995677
3441,10,3,0.11322,0.726548,0.226441,0.542558
3442,0,2,0.152894,0.573816,0.30508,0.312117
3442,1,1,0.475288,0.0808947,0.384088,0.0737089
3442,2,1,0.526383,0.0776211,0.281621,0.0707588
3443,0,2,0.575071,0.38841,0.0999873,0.198295
3444,0,0,0.502683,0.341783,0.145002,0.101963
3445,0,3,0.419488,0.186013,0.0325048,0.0156268
3446,0,3,0.234577,0.247563,0.083354,0.0317984
3447,0,0,0.427131,0.296069,0.123121,0.270749
3448,0,2,0.307276,0.605163,0.614415,0.787825
3449,0,3,0.372119,0.0697419,0.0592076,0.0440159
3450,0,2,0.497699,0.532152,0.994105,0.931954
3450,1,2,0.184235,0.119655,0.367873,0.239091
3451,0,0,0.687414,0.760212,0.398306,0.478799
3451,1,1,0.327197,0.909404,0.654395,0.116427
3451,2,1,0.812722,0.531833,0.110834,0.0232004
3451,3,1,0.805147,0.737173,0.389706,0.103185
3451,4,1,0.836953,0.815505,0.326093,0.0803123
3451,5,1,0.824128,0.584233,0.0974206,0.0221331
3452,0,3,0.799356,0.328752,0.0409788,0.0164081
3452,1,1,0.0916395,0.408585,0.183279,0.0428509
3453,0,2,0.629907,0.26003,0.740186,0.445314
3453,1,3,0.777662,0.1207,0.188041,0.0602391
3453,2,3,0.680403,0.212855,0.0908021,0.0574657
3453,3,3,0.548658,0.57151,0.292897,0.170473
3453,4,3,0.67906,0.737354,0.634471,0.525292
3454,0,1,0.501141,0.535094,0.997719,0.100898
3454,1,1,0.494612,0.211949,0.823372,0.0794857
3454,2,1,0.508491,0.515247,0.983018,0.0904253
3454,3,1,0.499242,0.52429,0.998485,0.149458
3455,0,3,0.182518,0.127838,0.055398,0.0168005
3455,1,0,0.918176,0.293471,0.163649,0.14894
3456,0,2,0.497435,0.518819,0.99487,0.962363
3457,0,3,0.18092,0.397123,0.231386,0.14318
3457,1,3,0.293388,0.20881,0.26296,0.264654
3457,2,3,0.148514,0.504577,0.297028,0.379568
3458,0,1,0.0584613,0.295928,0.0828044,0.0207405
3458,1,1,0.459923,0.325109,0.0620916,0.0198448
3458,2,0,0.842258,0.117274,0.137517,0.0721852
3459,0,3,0.0789592,0.294616,0.157918,0.308259
3460,0,0,0.783432,0.651265,0.387027,0.696046
3460,1,0,0.56041,0.120697,0.118059,0.241393
3461,0,0,0.137865,0.51588,0.275165,0.627219
3461,1,3,0.812149,0.11014,0.0842415,0.0209547
3461,2,1,0.233624,0.130991,0.0706237,0.0160512
3461,3,0,0.0827346,0.534223,0.164938,0.378685
3462,0,2,0.498222,0.516084,0.996445,0.967395
3463,0,3,0.650499,0.246447,0.0486764,0.0204506
3464,0,1,0.542014,0.732916,0.0648254,0.0167459
3464,1,0,0.503873,0.793132,0.278305,0.413736
3464,2,1,0.753914,0.730629,0.187241,0.0282696
3464,3,1,0.559597,0.698333,0.0944345,0.0175793
3465,0,1,0.255965,0.165523,0.112628,0.0215354
3466,0,0,0.249452,0.0810278,0.054178,0.0677161
3466,1,2,0.185267,0.571898,0.36908,0.838392
3466,2,3,0.11074,0.672485,0.0870273,0.114336
3466,3,2,0.156475,0.36716,0.31295,0.40842
3467,0,3,0.129809,0.784437,0.109781,0.121554
3467,1,3,0.739125,0.965712,0.187436,0.0684942
3468,0,2,0.638385,0.348765,0.150578,0.134967
3469,0,3,0.315628,0.168589,0.02696,0.0149858
3469,1,3,0.697617,0.442402,0.0629589,0.0258616
3469,2,3,0.422192,0.188516,0.0731584,0.0307967
3469,3,3,0.401275,0.157814,0.0216783,0.0116071
3469,4,3,0.538666,0.2572,0.0995823,0.0325584
3469,5,3,0.465187,0.316974,0.110696,0.0309096
3470,0,3,0.431527,0.603196,0.0366251,0.0172857
3470,1,0,0.73791,0.834437,0.0885919,0.0728338
3470,2,1,0.0806259,0.868206,0.160905,0.0423134
3471,0,3,0.557035,0.290043,0.11061,0.0455627
3471,1,3,0.875624,0.305535,0.0386591,0.0258722
3472,0,0,0.14356,0.550351,0.271092,0.318935
3473,0,3,0.52638,0.246681,0.0610386,0.0240778
3473,1,0,0.251875,0.466035,0.215308,0.285804
3473,2,3,0.0857372,0.830131,0.0994379,0.0900681
3474,0,1,0.159819,0.643503,0.0676896,0.0194288
3474,1,0,0.1743,0.759961,0.110552,0.480078
3475,0,2,0.28226,0.80576,0.0460317,0.0846178
3475,1,3,0.513256,0.571798,0.0477039,0.0327061
3475,2,0,0.775165,0.731883,0.272717,0.169449
3475,3,3,0.583445,0.636647,0.0436998,0.014514
3476,0,3,0.809893,0.654472,0.047252,0.0249086
3476,1,1,0.800407,0.902249,0.395569,0.0585625
3476,2,1,0.595472,0.917024,0.798453,0.0961544
3476,3,1,0.357219,0.932017,0.329464,0.0483244
3477,0,3,0.719393,0.526657,0.0692317,0.0379751
3477,1,3,0.176412,0.745392,0.0487181,0.026313
3478,0,2,0.813731,0.495082,0.372538,0.98184
3478,1,0,0.921171,0.82659,0.157612,0.341574
3478,2,2,0.503448,0.0536066,0.123572,0.107213
3478,3,0,0.132957,0.695679,0.265497,0.607825
3479,0,0,0.0353752,0.677563,0.0559725,0.114727
3479,1,2,0.952303,0.238394,0.0952183,0.0460102
3480,0,3,0.15698,0.587802,0.0727112,0.093914
3480,1,3,0.183635,0.513128,0.045766,0.0417709
3480,2,2,0.593686,0.465315,0.800079,0.321727
3481,0,2,0.410856,0.336956,0.652549,0.377168
3481,1,2,0.513536,0.558124,0.972928,0.883752
3482,0,0,0.759395,0.250016,0.0702375,0.0707744
3483,0,3,0.946706,0.965266,0.10051,0.0639694
3483,1,3,0.304597,0.611775,0.0379859,0.0172138
3483,2,0,0.586775,0.65419,0.277069,0.212892
3483,3,0,0.726052,0.760061,0.545052,0.430266
3483,4,2,0.500239,0.598662,0.0740492,0.0598925
3484,0,3,0.562884,0.830029,0.0756767,0.0655956
3484,1,3,0.170869,0.591758,0.124802,0.0862626
3485,0,3,0.756511,0.241418,0.131497,0.128565
3485,1,3,0.858638,0.39184,0.113184,0.112572
3485,2,2,0.16002,0.589268,0.320039,0.818839
3486,0,1,0.0585864,0.581669,0.116948,0.0292185
3487,0,2,0.823967,0.0909501,0.35152,0.17321
3487,1,3,0.829617,0.0984132,0.0939375,0.0495955
3487,2,0,0.776779,0.24589,0.0846651,0.0979619
3488,0,3,0.526493,0.465949,0.040785,0.0157539
3489,0,2,0.674408,0.072668,0.215017,0.145336
3489,1,3,0.593909,0.392961,0.0839446,0.0387388
3489,2,1,0.771091,0.318691,0.456909,0.0804241
3489,3,1,0.76924,0.315438,0.461519,0.0534552
3490,0,3,0.0937191,0.681424,0.0222274,0.0105363
3490,1,3,0.335337,0.63282,0.0547966,0.053355
3491,0,0,0.946895,0.820585,0.105981,0.353051
3491,1,3,0.967403,0.528216,0.0651947,0.0954968
3492,0,2,0.500131,0.521602,0.998363,0.95185
3493,0,3,0.596236,0.790215,0.0645519,0.0341864
3493,1,3,0.646174,0.940695,0.0687655,0.0471878
3493,2,0,0.113907,0.765492,0.227786,0.447236
3493,3,3,0.403398,0.662171,0.0258842,0.0186392
3493,4,0,0.469667,0.688162,0.143603,0.189859
3493,5,3,0.903866,0.810343,0.174505,0.0357071
3494,0,2,0.786813,0.312294,0.426373,0.621246
3494,1,3,0.913044,0.530891,0.173496,0.174795
3494,2,0,0.166943,0.456344,0.28312,0.190513
3494,3,3,0.9446,0.5483,0.110182,0.119865
3494,4,3,0.926292,0.797442,0.147415,0.20939
3495,0,3,0.372039,0.749776,0.340417,0.0872006
3495,1,3,0.603673,0.803687,0.111806,0.0463804
3495,2,3,0.0946255,0.848298,0.187722,0.151218
3495,3,3,0.1664,0.70251,0.0937497,0.0294096
3495,4,3,0.686208,0.942639,0.0408672,0.0228001
3495,5,3,0.576549,0.692652,0.16728,0.0320101
3495,6,3,0.383076,0.692082,0.0282875,0.0124684
3495,7,3,0.483613,0.818782,0.236317,0.0625585
3495,8,3,0.131143,0.748548,0.0550017,0.0244215
3496,0,2,0.499003,0.547608,0.998007,0.904356
3497,0,0,0.752337,0.507034,0.420247,0.985931
3497,1,0,0.605849,0.78719,0.156441,0.425306
3498,0,3,0.0433343,0.854992,0.0506152,0.0304699
3499,0,3,0.324245,0.329113,0.162485,0.0613846
3499,1,1,0.894324,0.285631,0.0880188,0.0205169
3499,2,3,0.796835,0.275014,0.0608973,0.0320063
3499,3,2,0.108454,0.537086,0.21684,0.278806
3500,0,3,0.941226,0.417112,0.113252,0.0811609
3500,1,3,0.335939,0.089814,0.155107,0.0834403
3501,0,3,0.259283,0.621514,0.0557213,0.0466566
3503,0,1,0.522588,0.30614,0.697948,0.0861063
3504,0,2,0.107913,0.864108,0.215825,0.269607
3504,1,3,0.446849,0.351997,0.078434,0.0301156
3505,0,0,0.172323,0.293274,0.13691,0.096494
3505,1,3,0.0615847,0.37388,0.122945,0.0928006
3505,2,3,0.535094,0.233753,0.0364312,0.0166251
3506,0,0,0.482256,0.0916153,0.0800438,0.183231
3507,0,3,0.726176,0.733083,0.100862,0.033533
3507,1,3,0.533242,0.689548,0.0743366,0.0224129
3508,0,0,0.771333,0.785421,0.457236,0.416004
3508,1,1,0.881057,0.713316,0.237887,0.064284
3508,2,3,0.0159429,0.712252,0.0318857,0.034443
3508,3,3,0.969146,0.917778,0.0560865,0.0356078
3508,4,2,0.285842,0.873751,0.496565,0.252498
3509,0,3,0.106063,0.600403,0.164846,0.182335
3510,0,2,0.120914,0.611772,0.241829,0.757104
3511,0,0,0.469223,0.764626,0.22936,0.460111
3511,1,3,0.814523,0.46959,0.0358533,0.0153761
3512,0,3,0.660373,0.0375887,0.123399,0.0413943
3513,0,2,0.234661,0.854651,0.23184,0.184055
3513,1,3,0.287466,0.327233,0.0434177,0.0218933
3513,2,0,0.258056,0.22337,0.0435114,0.0752028
3513,3,0,0.294071,0.207334,0.0170153,0.0342066
3513,4,3,0.0504702,0.290019,0.0849238,0.0301775
3513,5,2,0.199587,0.85716,0.160909,0.178902
3514,0,1,0.676358,0.088171,0.645933,0.0890996
3515,0,0,0.168677,0.693404,0.33502,0.612562
3515,1,3,0.715271,0.462307,0.116262,0.0565308
3515,2,3,0.851206,0.922192,0.122735,0.154537
3515,3,3,0.58872,0.144181,0.0975016,0.0507895
3515,4,2,0.337083,0.0278854,0.181005,0.0557708
3515,5,3,0.405351,0.175884,0.289647,0.142695
3515,6,2,0.917759,0.63739,0.164483,0.712188
3515,7,1,0.185069,0.322971,0.0646181,0.0222331
3515,8,2,0.403051,0.176751,0.285825,0.145052
3515,9,0,0.778885,0.64808,0.101851,0.309189
3515,10,3,0.254749,0.345817,0.0939316,0.0602551
3516,0,3,0.48888,0.083186,0.194665,0.0573218
3516,1,3,0.622545,0.198721,0.126244,0.0553217
3516,2,3,0.040084,0.35211,0.080168,0.114495
3516,3,3,0.497572,0.081597,0.164064,0.047099
3516,4,2,0.500473,0.744959,0.996638,0.510082
3517,0,2,0.744945,0.578818,0.510111,0.838657
3517,1,0,0.182885,0.861634,0.276106,0.276733
3518,0,0,0.797685,0.730165,0.403783,0.334129
3518,1,3,0.17998,0.919778,0.109665,0.0525871
3518,2,3,0.243911,0.61869,0.0441982,0.0184006
3518,3,3,0.0817688,0.756309,0.0384774,0.0292705
3519,0,0,0.587847,0.598186,0.187173,0.124744
3519,1,0,0.325406,0.7887,0.0700609,0.416566
3519,2,0,0.227924,0.763082,0.208571,0.473836
3519,3,3,0.865575,0.905181,0.0294613,0.0181814
3519,4,1,0.547632,0.696576,0.119957,0.0229304
3519,5,3,0.115725,0.758458,0.0442295,0.0194157
3520,0,3,0.0766013,0.533724,0.151165,0.152198
3521,0,0,0.893608,0.778217,0.0491777,0.120869
3522,0,2,0.0893825,0.806892,0.178765,0.365291
3522,1,0,0.11842,0.743374,0.236839,0.496684
3522,2,0,0.170935,0.368776,0.341674,0.420751
3522,3,3,0.381525,0.086725,0.0548523,0.0178069
3523,0,2,0.498181,0.512648,0.996362,0.972926
3523,1,2,0.244414,0.895646,0.488002,0.208233
3524,0,3,0.029581,0.648009,0.0587235,0.0862497
3524,1,3,0.414221,0.217082,0.0424755,0.0178006
3525,0,3,0.0814487,0.236931,0.162718,0.191402
3525,1,0,0.567077,0.121522,0.0607542,0.0958196
3525,2,3,0.113266,0.238102,0.226533,0.202867
3526,0,0,0.18401,0.727854,0.0751242,0.0509501
3527,0,3,0.631248,0.471277,0.248253,0.181031
3527,1,3,0.489241,0.260257,0.145628,0.105144
3527,2,3,0.414498,0.0998188,0.0996333,0.0456566
3527,3,3,0.0319048,0.512048,0.0634954,0.0942803
3528,0,3,0.961728,0.161504,0.0765438,0.0733838
3528,1,3,0.171265,0.190854,0.342531,0.220942
3528,2,3,0.267045,0.232238,0.154035,0.1416
3528,3,3,0.878122,0.156831,0.243756,0.0952455
3529,0,1,0.532354,0.889063,0.935292,0.216879
3530,0,3,0.0224544,0.749528,0.0449089,0.04395
3530,1,3,0.0139639,0.705671,0.0279279,0.0262463
3531,0,2,0.500119,0.547095,0.999763,0.905811
3532,0,3,0.396023,0.3358,0.166928,0.048285
3533,0,3,0.0568062,0.733449,0.113612,0.0817434
3533,1,2,0.672148,0.0540632,0.222532,0.108126
3533,2,3,0.399969,0.442987,0.103962,0.252418
3534,0,3,0.543363,0.436019,0.0805153,0.0357076
3534,1,0,0.636828,0.380675,0.0378561,0.0739772
3534,2,3,0.429907,0.328917,0.222438,0.0640907
3534,3,3,0.742237,0.388849,0.134192,0.0924917
3534,4,3,0.917008,0.382482,0.165985,0.200941
3534,5,1,0.562866,0.29103,0.106818,0.0252567
3534,6,1,0.509397,0.249421,0.0814814,0.0184623
3534,7,3,0.696514,0.316995,0.0720729,0.0323708
3534,8,0,0.865048,0.3888,0.0824303,0.084254
3534,9,3,0.345152,0.347012,0.0555329,0.0209809
3534,10,3,0.850544,0.364421,0.0584848,0.0309532
3534,11,1,0.238241,0.375495,0.070999,0.0173671
3534,12,1,0.281373,0.433167,0.288559,0.0342337
3534,13,3,0.922354,0.340522,0.154483,0.112394
3534,14,3,0.561496,0.2909,0.10693,0.0268005
3535,0,3,0.158571,0.804705,0.136291,0.0701099
3536,0,0,0.48176,0.644546,0.140155,0.124462
3536,1,0,0.796861,0.868912,0.402629,0.262176
3536,2,1,0.313785,0.782237,0.0476151,0.0160032
3536,3,3,0.34609,0.7002,0.0366241,0.0198721
3536,4,0,0.438391,0.603193,0.0486274,0.0358443
3536,5,1,0.201403,0.686219,0.108602,0.032452
3536,6,3,0.442235,0.818865,0.0404146,0.0251404
3536,7,1,0.785306,0.751118,0.349574,0.0437667
3536,8,2,0.053621,0.636143,0.106912,0.0933397
3537,0,3,0.407807,0.601584,0.256625,0.155821
3537,1,3,0.817903,0.412927,0.139158,0.10902
3537,2,3,0.378027,0.415534,0.189717,0.110025
3537,3,3,0.748419,0.46428,0.28229,0.220624
3537,4,0,0.570473,0.0800178,0.167333,0.152681
3538,0,0,0.793232,0.669102,0.219448,0.661796
3538,1,0,0.676236,0.231051,0.0695859,0.103166
3538,2,0,0.0993838,0.359927,0.197177,0.303405
3539,0,3,0.316563,0.177404,0.205787,0.198787
3540,0,3,0.210472,0.327424,0.044861,0.0303668
3540,1,0,0.41473,0.955532,0.0426162,0.0815651
3541,0,2,0.397865,0.533994,0.795731,0.932011
3541,1,0,0.885243,0.553549,0.227482,0.888702
3541,2,0,0.84424,0.534964,0.311519,0.92838
3542,0,0,0.820561,0.223564,0.0695716,0.0601083
3543,0,0,0.692708,0.577443,0.0923036,0.291149
3544,0,2,0.676214,0.242102,0.64719,0.18378
3544,1,2,0.501252,0.240118,0.994258,0.204394
3545,0,1,0.43903,0.721379,0.1554,0.0322968
3546,0,3,0.394376,0.0246644,0.109852,0.0472367
3546,1,3,0.547734,0.118018,0.0988701,0.0778979
3546,2,3,0.531299,0.118713,0.13387,0.0823675
3546,3,3,0.942583,0.0168918,0.0900703,0.0337836
3547,0,2,0.503155,0.735559,0.977149,0.528882
3547,1,2,0.813279,0.562579,0.373398,0.874841
3547,2,2,0.135918,0.667134,0.270815,0.353645
3547,3,3,0.309843,0.361071,0.169613,0.0891028
3548,0,3,0.556075,0.952474,0.0726683,0.041415
3549,0,1,0.732489,0.763728,0.173049,0.0398745
3550,0,2,0.79172,0.9114,0.31416,0.16789
3550,1,2,0.54239,0.79837,0.16124,0.33743
3550,2,2,0.27477,0.80253,0.32081,0.28923
3550,3,2,0.90298,0.80762,0.19092,0.18638
3550,4,2,0.69531,0.70944,0.17121,0.18285
3552,0,3,0.88979,0.8233,0.05485,0.0482
3552,1,0,0.15509,0.88148,0.24102,0.19448
3552,2,2,0.28474,0.8873,0.17121,0.12633
3553,0,1,0.51678,0.77696,0.96435,0.09461
3553,1,1,0.52772,0.72009,0.32426,0.04368
3553,2,0,0.05561,0.77974,0.0756,0.14617
3553,3,1,0.96201,0.63033,0.07389,0.02832
3553,4,0,0.53276,0.61173,0.21001,0.10585
3553,5,0,0.8461,0.77134,0.29906,0.20665
3555,0,3,0.87634,0.32779,0.14449,0.18313
3555,1,0,0.92759,0.47144,0.12937,0.10753
3555,2,2,0.75706,0.11946,0.15457,0.19657
3555,3,0,0.06401,0.64785,0.06888,0.22849
3555,4,0,0.17826,0.40843,0.15961,0.23017
3555,5,0,0.31603,0.16986,0.08569,0.08233
3555,6,0,0.34375,0.37819,0.04704,0.15961
3555,7,0,0.41095,0.2169,0.08065,0.11257
3555,8,0,0.64365,0.34291,0.09577,0.50235
3556,0,0,0.08165,0.437,0.15121,0.21337
3557,0,1,0.2043,0.96959,0.32258,0.04872
3560,0,3,0.93765,0.2237,0.12261,0.0553
3560,1,3,0.88726,0.11946,0.10585,0.042
3560,2,3,0.87885,0.65788,0.24022,0.67867
3560,3,3,0.89565,0.05058,0.20662,0.09575
3560,4,3,0.75286,0.05309,0.06552,0.04368
3560,5,3,0.50168,0.69321,0.14113,0.13105
3560,6,3,0.5252,0.47984,0.15457,0.20497
3560,7,3,0.62433,0.26563,0.15793,0.12265
3560,8,3,0.63861,0.12702,0.07224,0.11425
3560,9,2,0.65457,0.04805,0.05712,0.06048
3560,10,2,0.95111,0.30259,0.08233,0.07897
3560,11,2,0.94605,0.16383,0.10581,0.06691
3562,0,0,0.4748,0.71169,0.16801,0.32594
3562,1,1,0.76376,0.83915,0.4704,0.04322
3562,2,0,0.82594,0.68649,0.33602,0.17137
3562,3,1,0.20934,0.59157,0.07728,0.03192
3565,0,2,0.4335,0.25758,0.09596,0.20539
3565,1,2,0.76263,0.17003,0.37037,0.12458
3565,2,3,0.5202,0.20875,0.08418,0.07071
3565,3,3,0.89394,0.17172,0.09428,0.06061
3565,4,1,0.78956,0.39478,0.24916,0.06902
3565,5,2,0.93893,0.31433,0.12029,0.13707
3565,6,2,0.60017,0.33333,0.1229,0.17845
3566,0,3,0.56061,0.3165,0.07407,0.08081
3566,1,2,0.87879,0.41667,0.20539,0.24747
3568,0,1,0.40507,0.70161,0.79469,0.02016
3568,1,0,0.38239,0.02117,0.07728,0.0336
3569,0,2,0.313,0.43517,0.27094,0.34574
3569,1,3,0.50499,0.27809,0.05984,0.02161
3569,2,2,0.5507,0.37699,0.19781,0.13298
3569,3,2,0.81001,0.41772,0.32414,0.12799
3569,4,2,0.05053,0.38226,0.10106,0.15903
3569,5,2,0.85311,0.293,0.29066,0.19771
3570,0,2,0.54293,0.64141,0.38889,0.3367
3570,1,2,0.38131,0.1734,0.133,0.20202
3570,2,2,0.88721,0.09343,0.13131,0.1835
3572,0,2,0.65542,0.72191,0.66656,0.41722
3572,1,3,0.29887,0.3371,0.19614,0.12965
3572,2,3,0.44681,0.24235,0.09641,0.11968
3572,3,0,0.13265,0.26812,0.11636,0.18118
3573,0,3,0.68313,0.85198,0.05376,0.0252
3573,1,3,0.75538,0.84442,0.05376,0.03696
3573,2,0,0.58149,0.64701,0.11257,0.10249
3573,3,0,0.28327,0.61089,0.04032,0.09745
3573,4,0,0.43784,0.61089,0.08401,0.11425
3574,0,0,0.10769,0.28159,0.12937,0.08065
3574,1,3,0.15726,0.23202,0.05376,0.03864
3574,2,3,0.31519,0.30007,0.04704,0.04032
3574,3,3,0.58317,0.28075,0.04536,0.03192
3574,4,0,0.81502,0.2463,0.12265,0.05712
3574,5,3,0.70497,0.18162,0.08065,0.02856
3574,6,3,0.21942,0.20514,0.04032,0.01848
3575,0,3,0.57476,0.11946,0.13273,0.05208
3575,1,0,0.42944,0.12282,0.06384,0.22681
3575,2,0,0.55544,0.67807,0.18144,0.64177
3575,3,3,0.87969,0.58118,0.23854,0.19933
3575,4,1,0.32443,0.29923,0.27386,0.03864
3575,5,3,0.46808,0.26142,0.09409,0.07056
3575,6,3,0.60837,0.27487,0.29066,0.11425
3575,7,0,0.87297,0.38526,0.25198,0.26783
3575,8,3,0.79822,0.41011,0.12265,0.17641
3575,9,0,0.66969,0.13122,0.12433,0.14953
3575,10,3,0.95949,0.22701,0.07893,0.11598
3575,11,3,0.79234,0.10517,0.12097,0.0504
3576,0,0,0.38215,0.57828,0.08081,0.43603
3576,1,3,0.39646,0.21886,0.12626,0.17845
3576,2,0,0.5316,0.02694,0.02617,0.05387
3579,0,3,0.94689,0.13382,0.10413,0.0536
3579,1,3,0.69153,0.60669,0.12097,0.13609
3579,2,3,0.77806,0.39667,0.09241,0.12937
3579,3,1,0.54368,0.89567,0.63844,0.06888
3579,4,3,0.20292,0.96621,0.1182,0.06549
3579,5,3,0.40003,0.54704,0.17305,0.14113
3579,6,3,0.53276,0.18078,0.08569,0.08401
3579,7,3,0.46136,0.33619,0.11425,0.13273
3580,0,1,0.58311,0.71526,0.67487,0.03158
3580,1,0,0.46011,0.85821,0.06649,0.26762
3581,0,0,0.45013,0.85322,0.05984,0.2643
3581,1,1,0.58976,0.71277,0.66822,0.0266
3582,0,4,0.60971,0.66955,0.47872,0.60838
3583,0,2,0.3978,0.47973,0.73142,0.9223
3583,1,0,0.82508,0.06588,0.12688,0.13176
3583,2,2,0.88429,0.39358,0.19426,0.46622
3584,0,3,0.67305,0.80326,0.26882,0.18649
3584,1,3,0.32779,0.43784,0.22009,0.10417
3584,2,3,0.35971,0.53864,0.21673,0.09409
3584,3,3,0.36475,0.16566,0.13609,0.15457
3584,4,3,0.7453,0.53276,0.49731,0.3713
3584,5,3,0.83434,0.28663,0.19489,0.14113
3584,6,3,0.67893,0.11526,0.10585,0.02688
3584,7,3,0.5123,0.00806,0.06613,0.01613
3584,8,3,0.60837,0.23118,0.32762,0.21505
3584,9,3,0.21018,0.30847,0.10585,0.45699
3585,0,3,0.39331,0.28411,0.10585,0.09577
3585,1,2,0.84945,0.46313,0.29903,0.21523
3585,2,2,0.50672,0.44624,0.29906,0.16801
3585,3,3,0.51596,0.1791,0.06216,0.04704
3585,4,3,0.29755,0.34711,0.07224,0.03024
3586,0,2,0.11935,0.9139,0.21609,0.1629
3587,0,2,0.50081,0.73604,0.99288,0.52584
3587,1,2,0.25974,0.05897,0.51411,0.11257
3587,2,2,0.7982,0.04536,0.40151,0.07931
3587,3,0,0.58233,0.28747,0.13105,0.43179
3587,4,0,0.85282,0.29671,0.2621,0.43011
3587,5,0,0.29335,0.32611,0.10753,0.40155
3587,6,0,0.42692,0.42272,0.12601,0.25202
3587,7,0,0.10601,0.31183,0.20665,0.35282
3590,0,2,0.24294,0.53612,0.40995,0.67036
3590,1,2,0.89733,0.46125,0.20326,0.51725
3592,0,0,0.81586,0.18414,0.24194,0.36626
3592,1,0,0.82824,0.81584,0.15246,0.36623
3593,0,3,0.56468,0.40843,0.20329,0.10921
3593,1,3,0.91751,0.38743,0.15289,0.05712
3593,2,3,0.29587,0.1833,0.0756,0.05208
3593,3,3,0.44714,0.04167,0.13622,0.08333
3593,4,0,0.85113,0.60662,0.29567,0.30397
3593,5,1,0.39079,0.60921,0.72245,0.05376
3593,6,0,0.40507,0.1917,0.10249,0.16297
3593,7,1,0.79988,0.31715,0.39815,0.05319
3594,0,1,0.50321,0.89949,0.99046,0.06538
3594,1,0,0.59059,0.83743,0.07148,0.31582
3595,0,3,0.85282,0.13374,0.12769,0.13105
3595,1,2,0.8755,0.69153,0.23017,0.60148
3595,2,0,0.64113,0.13878,0.18145,0.23858
3595,3,0,0.13794,0.50504,0.22009,0.28898
3595,4,0,0.40339,0.28831,0.28394,0.23522
3595,5,3,0.62013,0.58653,0.35114,0.57628
3595,6,2,0.40339,0.78898,0.24026,0.40995
3595,7,2,0.63693,0.94523,0.20329,0.10081
3596,0,3,0.33955,0.68229,0.66364,0.59308
3596,1,2,0.51428,0.7873,0.28394,0.36962
3596,2,2,0.65121,0.19758,0.3125,0.25538
3596,3,3,0.7747,0.03377,0.09577,0.04872
3596,4,0,0.98133,0.22002,0.03525,0.22968
3596,5,0,0.25218,0.24378,0.40491,0.26042
3599,0,4,0.56316,0.40525,0.84109,0.42886
3599,1,2,0.43434,0.15426,0.4139,0.05984
3599,2,2,0.4119,0.62051,0.4488,0.1014
3600,0,3,0.09173,0.76042,0.17473,0.45027
3600,1,0,0.76042,0.66969,0.45363,0.65524
3600,2,0,0.28411,0.25554,0.41163,0.50235
3600,3,0,0.74194,0.13122,0.17809,0.24698
3601,0,3,0.07241,0.82342,0.13945,0.18649
3601,1,3,0.14634,0.92507,0.10921,0.04368
3601,2,1,0.45044,0.90911,0.23017,0.04872
3601,3,1,0.87801,0.82222,0.2419,0.06793
3601,4,0,0.70243,0.78056,0.59303,0.43679
3602,0,0,0.16146,0.7579,0.28058,0.46203
3602,1,0,0.88305,0.81825,0.23182,0.1459
3602,2,0,0.4664,0.57308,0.09409,0.07224
3603,0,0,0.10189,0.87566,0.18783,0.23271
3604,0,3,0.59661,0.53192,0.78797,0.6754
3604,1,3,0.1707,0.35467,0.08401,0.04872
3606,0,3,0.61885,0.84741,0.10805,0.06649
3606,1,3,0.61386,0.92553,0.07148,0.03657
3608,0,0,0.62013,0.76714,0.44187,0.45363
3608,1,1,0.80996,0.80035,0.37799,0.0579
3608,2,1,0.67137,0.68565,0.33602,0.03864
3609,0,3,0.4538,0.60165,0.09913,0.04872
3609,1,3,0.37987,0.60333,0.03528,0.09913
3610,0,1,0.49782,0.83256,0.99563,0.10437
3610,1,1,0.30595,0.63861,0.42843,0.0756
3611,0,3,0.24714,0.41767,0.10921,0.07728
3611,1,3,0.24966,0.88978,0.48387,0.21169
3611,2,3,0.20682,0.29923,0.11929,0.0756
3611,3,3,0.34963,0.28999,0.16633,0.09073
3612,0,2,0.3504,0.90392,0.16955,0.18285
3612,1,0,0.22989,0.87816,0.09142,0.12134
3613,0,4,0.8315,0.85494,0.33388,0.27437
3614,0,3,0.96923,0.43375,0.05968,0.07189
3615,0,0,0.15306,0.43028,0.25706,0.76781
3615,1,0,0.63105,0.50924,0.3461,0.97278
3615,2,2,0.85953,0.45018,0.27886,0.75385
3617,0,3,0.22026,0.64197,0.11929,0.06216
3617,1,0,0.68313,0.75538,0.11089,0.08737
3617,2,0,0.5252,0.62937,0.10753,0.10081
3618,0,4,0.54377,0.46549,0.74411,0.70539
3619,0,1,0.83516,0.87183,0.32759,0.15226
3622,0,2,0.33211,0.88231,0.23271,0.22939
3623,0,2,0.30053,0.7136,0.30253,0.32081
3623,1,0,0.6629,0.73604,0.1363,0.21277
3623,2,0,0.48088,0.70695,0.09142,0.17786
3624,0,0,0.32023,0.45464,0.08737,0.37634
3626,0,3,0.28831,0.34963,0.17809,0.05544
3626,1,3,0.38911,0.39247,0.12097,0.04032
3626,2,3,0.66381,0.43784,0.25706,0.05712
3626,3,3,0.34543,0.23538,0.12769,0.05208
3626,4,3,0.17826,0.28411,0.09913,0.04536
3626,5,3,0.54284,0.16986,0.10921,0.042
3627,0,0,0.57224,0.67137,0.24194,0.64852
3627,1,0,0.18246,0.82594,0.10081,0.33938
3627,2,0,0.88725,0.15786,0.22342,0.29355
3628,0,2,0.63758,0.2644,0.72298,0.51833
3628,1,2,0.40067,0.07155,0.20539,0.06902
3628,2,2,0.18434,0.62458,0.36195,0.28283
3628,3,2,0.43519,0.83081,0.27104,0.2037
3629,0,2,0.14046,0.70833,0.26546,0.57124
3629,1,2,0.42019,0.65289,0.30746,0.51075
3629,2,3,0.36139,0.34879,0.34778,0.08737
3629,3,3,0.21018,0.09761,0.18313,0.09913
3632,0,4,0.66807,0.1478,0.54899,0.28209
3632,1,2,0.52703,0.48564,0.14189,0.28885
3633,0,0,0.64345,0.61255,0.18273,0.77282
3633,1,0,0.34879,0.66465,0.16129,0.61156
3633,2,0,0.35383,0.25134,0.0672,0.28226
3633,3,0,0.41095,0.05897,0.08065,0.10921
3633,4,0,0.64751,0.06855,0.1371,0.1371
3633,5,2,0.82678,0.60921,0.33434,0.77285
3635,0,0,0.28075,0.38995,0.20665,0.44523
3635,1,0,0.25302,0.71337,0.15121,0.20833
3635,2,2,0.77218,0.24462,0.30578,0.48387
3635,3,0,0.8755,0.73942,0.24362,0.49899
3635,4,0,0.95361,0.30859,0.09069,0.16489
3636,0,0,0.82095,0.11233,0.10135,0.20101
3636,1,0,0.26098,0.3353,0.31926,0.6402
3637,0,4,0.30091,0.5462,0.56956,0.85517
3637,1,0,0.67641,0.26226,0.20161,0.28058
3637,2,2,0.90405,0.48605,0.18982,0.251
3637,3,0,0.95111,0.80326,0.09241,0.34778
3638,0,0,0.4328,0.85618,0.11089,0.28226
3638,1,1,0.21774,0.69825,0.23185,0.04704
3638,2,1,0.91415,0.69993,0.14617,0.03696
3638,3,0,0.35971,0.61929,0.14953,0.18145
3639,0,2,0.59596,0.56818,0.27609,0.25421
3639,1,2,0.8093,0.31974,0.37955,0.41053
3639,2,2,0.617,0.05976,0.31481,0.11953
3639,3,2,0.89646,0.0404,0.1532,0.07071
3639,4,3,0.41835,0.64394,0.06566,0.06902
3640,0,3,0.67809,0.8755,0.2453,0.22681
3640,1,2,0.55712,0.37903,0.56116,0.75269
3642,0,1,0.50586,0.77191,0.98619,0.07446
3642,1,1,0.51848,0.34123,0.9543,0.10249
3643,0,1,0.51002,0.40475,0.97719,0.07337
3643,1,0,0.50167,0.29083,0.2577,0.26774
3643,2,0,0.7811,0.25529,0.43502,0.27698
3643,3,0,0.83297,0.62266,0.33128,0.41267
3646,0,4,0.48311,0.55828,0.30068,0.15034
3647,0,1,0.5042,0.60753,0.98286,0.53091
3647,1,1,0.50082,0.22959,0.99627,0.03343
3647,2,2,0.56216,0.11022,0.85349,0.21169
3648,0,3,0.92925,0.20446,0.13942,0.10111
3649,0,2,0.81902,0.13071,0.35243,0.26142
3649,1,1,0.49614,0.47554,0.99227,0.13964
3649,2,1,0.54092,0.73268,0.66989,0.53256
3649,3,1,0.63777,0.37735,0.10753,0.25202
3649,4,1,0.39499,0.19926,0.44187,0.2621
3650,0,3,0.06989,0.40591,0.07728,0.06384
3651,0,2,0.38068,0.90321,0.3326,0.1915
3651,1,1,0.2127,0.35131,0.40995,0.49563
3653,0,2,0.45791,0.49916,0.89562,0.68855
3657,0,3,0.55712,0.33871,0.15793,0.10417
3657,1,2,0.44876,0.43196,0.3881,0.38138
3657,2,3,0.09207,0.36868,0.18414,0.18091
3658,0,3,0.38071,0.458,0.20833,0.14785
3658,1,3,0.64533,0.2631,0.19657,0.10753
3658,2,3,0.08753,0.86626,0.16969,0.14449
3658,3,3,0.78478,0.93767,0.20665,0.10921
3658,4,3,0.05679,0.03097,0.11358,0.05432
3658,5,2,0.82256,0.55938,0.35279,0.44134
3658,6,4,0.40255,0.5,0.71237,0.88038
3659,0,0,0.45128,0.7621,0.13777,0.44019
3659,1,1,0.73185,0.74194,0.43683,0.06384
3660,0,3,0.02285,0.65205,0.04032,0.09241
3661,0,1,0.39667,0.84442,0.78797,0.0504
3661,1,0,0.8083,0.60585,0.34106,0.12097
3661,2,0,0.479,0.62097,0.07224,0.08737
3661,3,3,0.39751,0.89315,0.08401,0.05712
3662,0,0,0.30556,0.47727,0.22727,0.28451
3662,1,2,0.46128,0.12342,0.20539,0.24242
3663,0,0,0.91329,0.13539,0.17134,0.22173
3663,1,0,0.77218,0.13878,0.10417,0.15457
3663,2,0,0.81502,0.51932,0.08905,0.35114
3663,3,0,0.98217,0.52732,0.03357,0.13865
3664,0,2,0.85786,0.90743,0.27554,0.17305
3664,1,1,0.38743,0.95699,0.24866,0.06384
3664,2,1,0.40843,0.8755,0.11929,0.042
3664,3,1,0.37483,0.80578,0.16297,0.04032
3664,4,1,0.37903,0.77638,0.14785,0.02184
3664,5,0,0.13878,0.91415,0.14785,0.15961
3664,6,0,0.47995,0.8024,0.16824,0.39311
3664,7,1,0.57981,0.69489,0.10249,0.04704
3665,0,1,0.63189,0.08165,0.58636,0.03696
3665,1,1,0.63609,0.01529,0.25874,0.0252
3665,2,1,0.57979,0.40351,0.83834,0.05857
3665,3,1,0.38911,0.83518,0.68548,0.22681
3665,4,3,0.18582,0.63861,0.3461,0.14281
3665,5,0,0.33871,0.24714,0.26882,0.22681
3665,6,1,0.59745,0.33535,0.30914,0.10417
3665,7,0,0.61593,0.52772,0.3125,0.2369
3665,8,1,0.54704,0.69237,0.37634,0.12937
3665,9,0,0.80408,0.8234,0.37967,0.35111
3667,0,3,0.56566,0.1271,0.09764,0.07239
3667,1,3,0.70286,0.07323,0.05892,0.03535
3667,2,3,0.77525,0.02862,0.07912,0.03704
3667,3,3,0.63215,0.03114,0.04882,0.02862
3667,4,3,0.54209,0.01599,0.09428,0.03199
3667,5,3,0.39226,0.03535,0.06061,0.0404
3667,6,2,0.76048,0.49286,0.47719,0.41334
3667,7,2,0.38215,0.40741,0.14815,0.17845
3667,8,2,0.55976,0.22559,0.12963,0.11785
3667,9,3,0.59596,0.21633,0.05724,0.05892
3667,10,2,0.33081,0.6936,0.42256,0.42761
3667,11,2,0.95492,0.0403,0.0883,0.06377
3667,12,2,0.93266,0.15909,0.09091,0.08923
3667,13,0,0.8931,0.26431,0.06566,0.07071
3668,0,1,0.67639,0.17161,0.64513,0.05195
3668,1,1,0.50334,0.82917,0.99123,0.12795
3668,2,1,0.32863,0.66717,0.61156,0.26378
3668,3,0,0.53002,0.92757,0.15413,0.14278
3669,0,2,0.88216,0.92957,0.18254,0.13773
3669,1,3,0.43517,0.89727,0.40226,0.18949
3669,2,3,0.58727,0.6496,0.15459,0.08644
3669,3,3,0.38447,0.76928,0.11137,0.05652
3669,4,0,0.74352,0.72025,0.07812,0.2111
3670,0,0,0.09123,0.6339,0.18246,0.12534
3670,1,1,0.91583,0.65037,0.15289,0.042
3670,2,1,0.92505,0.85786,0.14782,0.06719
3670,3,0,0.40591,0.62769,0.0504,0.13105
3671,0,3,0.90932,0.28355,0.18012,0.25967
3671,1,3,0.96084,0.57317,0.07708,0.2004
3671,2,3,0.96421,0.0897,0.07032,0.06115
3671,3,2,0.8958,0.08389,0.20715,0.16669
3671,4,0,0.96421,0.76004,0.07032,0.17886
3672,0,3,0.63021,0.88306,0.14953,0.09745
3672,1,0,0.62265,0.46136,0.22177,0.70901
3672,2,0,0.08669,0.52268,0.16465,0.25706
3672,3,0,0.31603,0.35551,0.26714,0.25538
3672,4,0,0.36727,0.14298,0.11761,0.19657
3672,5,3,0.79234,0.09845,0.14113,0.07056
3672,6,3,0.91413,0.21123,0.16966,0.10122
3672,7,3,0.10769,0.2169,0.06216,0.04872
3672,8,2,0.94017,0.47653,0.11757,0.14458
3672,9,3,0.7789,0.58737,0.06384,0.07728
3673,0,3,0.32695,0.65373,0.0336,0.03528
3673,1,0,0.27907,0.77554,0.18313,0.44019
3673,2,1,0.08703,0.90213,0.17406,0.03579
3673,3,1,0.08921,0.97631,0.17305,0.042
3673,4,1,0.05259,0.84859,0.10517,0.04207
3673,5,1,0.41851,0.65709,0.0588,0.02184
3673,6,1,0.67389,0.66465,0.042,0.02352
3674,0,2,0.68481,0.36475,0.23185,0.07897
3674,1,0,0.27991,0.65205,0.16801,0.46875
3674,2,0,0.36139,0.07241,0.04536,0.08569
3674,3,0,0.32947,0.30595,0.0756,0.09913
3674,4,2,0.10601,0.53108,0.12937,0.3209
3675,0,0,0.32443,0.7831,0.08233,0.37466
3675,1,0,0.89651,0.85702,0.20161,0.27386
3675,2,0,0.34963,0.36307,0.05208,0.17641
3675,3,0,0.63273,0.38155,0.33266,0.31418
3677,0,3,0.38721,0.1936,0.09091,0.06397
3677,1,1,0.80892,0.32492,0.37205,0.10438
3677,2,1,0.36364,0.11448,0.21886,0.07071
3677,3,2,0.80724,0.07071,0.36869,0.13131
3677,4,3,0.13047,0.25926,0.06902,0.07407
3678,0,2,0.90153,0.40533,0.19486,0.32476
3678,1,2,0.48992,0.63105,0.9375,0.71237
3678,2,1,0.95277,0.17788,0.09237,0.03269
3678,3,1,0.89735,0.04637,0.0756,0.0336
3678,4,2,0.7705,0.12702,0.14785,0.20161
3679,0,2,0.54032,0.41599,0.3629,0.5914
3679,1,2,0.40507,0.50672,0.76781,0.93078
3680,0,1,0.62517,0.7957,0.71405,0.08737
3681,0,0,0.15978,0.70329,0.29066,0.33938
3681,1,1,0.35971,0.60249,0.26042,0.03024
3681,2,1,0.39919,0.54956,0.06384,0.02184
3682,0,3,0.67557,0.92087,0.04536,0.03528
3682,1,3,0.48824,0.75706,0.04704,0.0336
3683,0,3,0.59997,0.71841,0.17977,0.11425
3683,1,3,0.23538,0.45044,0.08569,0.0588
3683,2,1,0.17742,0.69909,0.35282,0.08233
3683,3,1,0.06989,0.51512,0.13441,0.04368
3683,4,3,0.63103,0.50554,0.73585,0.35718
3683,5,2,0.62097,0.88642,0.20833,0.19825
3683,6,2,0.91667,0.79822,0.14113,0.22681
3683,7,3,0.98553,0.39875,0.02685,0.06295
3684,0,3,0.07855,0.93519,0.15709,0.10259
3684,1,3,0.10304,0.25676,0.03716,0.05068
3684,2,3,0.14696,0.10473,0.03041,0.03716
3684,3,1,0.65794,0.39443,0.06588,0.02534
3684,4,2,0.90003,0.91244,0.1987,0.09853
3684,5,2,0.21622,0.06166,0.12838,0.02872
3684,6,0,0.1723,0.0228,0.02703,0.04561
3686,0,2,0.2589,0.68313,0.46875,0.625
3686,1,3,0.96789,0.02937,0.06213,0.05416
3687,0,3,0.11909,0.50992,0.23818,0.11191
3687,1,1,0.39527,0.01098,0.08108,0.02196
3687,2,0,0.12922,0.08953,0.13007,0.14189
3687,3,0,0.6098,0.03378,0.02703,0.06757
3687,4,0,0.7652,0.50507,0.15203,0.45946
3687,5,1,0.76436,0.14274,0.1402,0.04561
3688,0,3,0.73942,0.23706,0.50235,0.45867
3688,1,2,0.79234,0.42103,0.39315,0.51747
3688,2,2,0.22194,0.23622,0.43851,0.45363
3688,3,3,0.44288,0.8419,0.56452,0.3041
3689,0,3,0.65126,0.6014,0.08976,0.04322
3689,1,3,0.6762,0.62882,0.07646,0.03158
3689,2,3,0.70944,0.68617,0.07979,0.03989
3689,3,3,0.75349,0.75266,0.13132,0.06316
3689,4,3,0.79754,0.77759,0.10306,0.03989
3689,5,3,0.79006,0.68451,0.09807,0.03324
3689,6,3,0.88718,0.71721,0.22251,0.08535
3689,7,0,0.89229,0.91057,0.1496,0.10971
3689,8,1,0.58062,0.62716,0.05153,0.03491
3689,9,3,0.96531,0.84985,0.06626,0.05494
3689,10,0,0.687,0.81001,0.05818,0.0615
3689,11,0,0.42769,0.77178,0.14794,0.17453
3689,12,3,0.22822,0.84907,0.09142,0.05984
3690,0,2,0.75032,0.71977,0.49728,0.22785
3690,1,3,0.89147,0.27403,0.0672,0.03528
3690,2,1,0.89145,0.8921,0.21502,0.02897
3690,3,2,0.93933,0.39957,0.11925,0.04293
3690,4,1,0.7663,0.50504,0.45195,0.03696
3690,5,2,0.1245,0.63021,0.17977,0.35114
3691,0,1,0.18246,0.56384,0.33602,0.84005
3692,0,3,0.65793,0.08081,0.04032,0.0252
3692,1,3,0.68985,0.04805,0.04032,0.02352
3692,2,3,0.88558,0.1497,0.06216,0.05208
3692,3,3,0.96873,0.56425,0.06045,0.19569
3692,4,3,0.94773,0.35501,0.10245,0.23084
3692,5,3,0.95445,0.78224,0.08901,0.12437
3692,6,3,0.95195,0.94859,0.08737,0.08401
3692,7,0,0.76546,0.07493,0.06384,0.04704
3692,8,0,0.80493,0.91665,0.11254,0.16462
3692,9,2,0.78142,0.36307,0.16297,0.24026
3692,10,2,0.55208,0.77134,0.13105,0.14953
3692,11,2,0.66045,0.58149,0.14953,0.14953
3692,12,3,0.92507,0.20682,0.05376,0.05208
3692,13,0,0.99057,0.21263,0.01677,0.06707
3692,14,3,0.97545,0.14623,0.04701,0.04179
3694,0,2,0.82004,0.32912,0.35783,0.1522
3694,1,2,0.28243,0.32863,0.17641,0.20497
3694,2,0,0.40843,0.27319,0.0588,0.12097
3694,3,1,0.55796,0.2337,0.30746,0.042
3694,4,1,0.92589,0.24124,0.14614,0.03692
3694,5,2,0.7579,0.23874,0.11593,0.06552
3694,6,1,0.11862,0.24294,0.17137,0.0336
3694,7,1,0.10517,0.29587,0.18145,0.03528
3694,8,2,0.13962,0.36895,0.10921,0.09409
3694,9,2,0.70917,0.51512,0.22345,0.18481
3694,10,1,0.69909,0.12702,0.38474,0.04704
3694,11,3,0.23706,0.12198,0.09913,0.05376
3694,12,2,0.39079,0.13626,0.13777,0.08905
3694,13,2,0.07577,0.15138,0.07897,0.04536
3694,14,2,0.49496,0.04973,0.08737,0.07728
3695,0,2,0.57979,0.7751,0.22939,0.30751
3697,0,1,0.2623,0.80086,0.1762,0.03324
3697,1,0,0.94702,0.85867,0.10283,0.08569
3698,0,0,0.72191,0.6014,0.36735,0.31582
3699,0,1,0.25134,0.7537,0.24194,0.03696
3699,1,0,0.38491,0.79066,0.10921,0.41331
3699,2,1,0.41851,0.7915,0.11257,0.03864
3699,3,1,0.53024,0.92675,0.27218,0.04368
3701,0,2,0.74614,0.542,0.17641,0.17809
3701,1,2,0.95445,0.52674,0.08901,0.16101
3701,2,1,0.91163,0.29167,0.16465,0.03024
3701,3,2,0.49076,0.46976,0.15625,0.05376
3702,0,1,0.71925,0.02621,0.21001,0.0336
3702,1,2,0.19254,0.51344,0.36962,0.45027
3702,2,2,0.1959,0.87802,0.35618,0.21505
3702,3,2,0.15423,0.06962,0.30847,0.11144
3702,4,2,0.4916,0.1875,0.2789,0.2621
3702,5,2,0.53864,0.5168,0.28562,0.27554
3702,6,0,0.58065,0.85954,0.21841,0.24194
3703,0,3,0.36139,0.33283,0.16633,0.06216
3703,1,3,0.86458,0.31519,0.12097,0.08737
3703,2,3,0.97965,0.32827,0.03861,0.04633
3703,3,3,0.95615,0.43616,0.07224,0.03696
3703,4,3,0.96621,0.4759,0.06549,0.02132
3703,5,3,0.18582,0.30427,0.03696,0.03864
3704,0,3,0.95613,0.52781,0.08565,0.09931
3704,1,0,0.31015,0.21102,0.0336,0.05712
3705,0,3,0.57308,0.22446,0.07897,0.07728
3705,1,3,0.57897,0.71421,0.10081,0.11257
3705,2,3,0.5462,0.94439,0.06888,0.09241
3705,3,2,0.81418,0.05729,0.15457,0.10585
3705,4,0,0.94439,0.03209,0.03528,0.06216
3705,5,0,0.96959,0.10853,0.04872,0.0672
3705,6,1,0.39247,0.43616,0.19825,0.02352
3705,7,1,0.39247,0.46472,0.19153,0.02688
3705,8,1,0.35467,0.50504,0.22345,0.03024
3705,9,1,0.34711,0.56048,0.18817,0.05712
3705,10,1,0.14046,0.68817,0.20497,0.0336
3705,11,0,0.29923,0.80662,0.3209,0.38138
3705,12,2,0.76294,0.55964,0.46875,0.86862
3706,0,0,0.79172,0.80918,0.40725,0.37234
3707,0,2,0.58569,0.7495,0.12433,0.16297
3707,1,0,0.55712,0.5336,0.06048,0.12097
3707,2,2,0.58569,0.92087,0.15793,0.15289
3708,0,1,0.50754,0.51488,0.98283,0.05424
3708,1,0,0.66885,0.39583,0.09577,0.17473
3708,2,3,0.87214,0.37147,0.15625,0.07897
3708,3,3,0.59157,0.23622,0.06552,0.0672
3708,4,3,0.67893,0.26058,0.05544,0.03864
3708,5,3,0.89985,0.56743,0.19822,0.11044
3708,6,3,0.29923,0.07829,0.11593,0.09409
3708,7,3,0.96705,0.07162,0.06381,0.05721
3708,8,3,0.92843,0.02705,0.11089,0.05208
3708,9,3,0.20598,0.32695,0.05376,0.04704
3708,10,2,0.2547,0.26899,0.07392,0.12601
3708,11,2,0.23706,0.19254,0.06888,0.0504
3708,12,1,0.60417,0.1833,0.78293,0.04872
3708,13,0,0.55544,0.67137,0.18145,0.26882
3708,14,0,0.56459,0.90741,0.19974,0.1831
3708,15,2,0.87634,0.75202,0.20833,0.20833
3708,16,3,0.98805,0.77908,0.02181,0.06421
3708,17,3,0.71337,0.1371,0.03696,0.02016
3708,18,3,0.90743,0.12198,0.042,0.02688
3708,19,2,0.57897,0.04133,0.09409,0.08065
3708,20,2,0.5126,0.23118,0.06216,0.06384
3708,21,3,0.52352,0.25302,0.02352,0.02688
3708,22,2,0.94857,0.25556,0.10077,0.09238
3709,0,0,0.32848,0.7259,0.0753,0.12718
3709,1,1,0.3176,0.14441,0.32129,0.03179
3709,2,0,0.43558,0.25402,0.06191,0.08701
3709,3,0,0.68574,0.19963,0.12718,0.09203
3710,0,2,0.83981,0.85422,0.31725,0.13597
3710,1,2,0.50499,0.84491,0.30585,0.18118
3710,2,3,0.33876,0.79588,0.11303,0.06316
3711,0,3,0.4734,0.31549,0.32912,0.10306
3711,1,3,0.31217,0.41938,0.11968,0.09142
3711,2,3,0.82663,0.39362,0.2643,0.08976
3711,3,3,0.21991,0.33876,0.05485,0.03657
3711,4,3,0.15675,0.3745,0.04156,0.05153
3711,5,2,0.05452,0.39777,0.09973,0.10472
3711,6,2,0.4385,0.40775,0.07979,0.07148
3712,0,3,0.86878,0.66633,0.08905,0.12433
3712,1,2,0.87886,0.1497,0.10585,0.11929
3712,2,2,0.87129,0.40505,0.25534,0.39141
3712,3,2,0.7789,0.54116,0.42003,0.88878
3713,0,2,0.43933,0.89312,0.33411,0.20445
3714,0,2,0.24462,0.69573,0.48387,0.56956
3714,1,2,0.37735,0.36055,0.19489,0.22849
3714,2,2,0.88641,0.41656,0.2251,0.38083
3714,3,2,0.58401,0.31183,0.32594,0.25202
3716,0,3,0.41179,0.39835,0.06888,0.03528
3716,1,3,0.32947,0.38071,0.0756,0.04032
3717,0,2,0.87885,0.19619,0.24022,0.29292
3717,1,2,0.82004,0.38359,0.35783,0.46947
3717,2,3,0.36055,0.33115,0.04704,0.04872
3717,3,0,0.90359,0.88137,0.13177,0.23518
3717,4,0,0.4832,0.39079,0.06048,0.12769
3717,5,0,0.42944,0.68985,0.05712,0.5746
3717,6,0,0.58233,0.16314,0.02688,0.04872
3717,7,0,0.18498,0.67473,0.3545,0.63844
3717,8,0,0.43364,0.20346,0.16633,0.21337
3718,0,0,0.84147,0.81266,0.31393,0.27626
3719,0,0,0.90003,0.60471,0.1987,0.43915
3719,1,0,0.15372,0.07939,0.1723,0.13176
3719,2,1,0.89189,0.03125,0.10811,0.02534
3719,3,1,0.85473,0.00845,0.08446,0.01689
3719,4,2,0.93972,0.08292,0.11931,0.06449
3720,0,2,0.11602,0.87234,0.22274,0.08311
3721,0,1,0.49412,0.79738,0.98622,0.0672
3721,1,1,0.63945,0.53444,0.70901,0.02856
3721,2,1,0.521,0.41851,0.74429,0.0588
3721,3,1,0.66715,0.15642,0.66361,0.03864
3721,4,1,0.5378,0.20262,0.29738,0.02688
3721,5,1,0.68229,0.04889,0.52587,0.02184
3721,6,1,0.51512,0.09425,0.24866,0.01512
3721,7,1,0.58401,0.02537,0.21841,0.03528
3721,8,0,0.81988,0.90405,0.22645,0.18982
3721,9,0,0.85198,0.68397,0.26714,0.29066
3721,10,0,0.67725,0.41935,0.11257,0.28226
3721,11,0,0.75538,0.21774,0.13777,0.13441
3721,12,0,0.78478,0.29587,0.10921,0.09577
3721,13,0,0.91917,0.23267,0.15958,0.13737
3721,14,0,0.70413,0.10853,0.15625,0.12097
3722,0,3,0.58737,0.69069,0.42339,0.16297
3722,1,3,0.93263,0.57392,0.11257,0.09073
3722,2,3,0.93513,0.13779,0.12765,0.05516
3722,3,3,0.45548,0.85954,0.13609,0.12769
3722,4,3,0.87718,0.44708,0.13945,0.06888
3722,5,3,0.07241,0.84778,0.13945,0.29234
3722,6,3,0.49328,0.08585,0.37298,0.14617
3722,7,3,0.38491,0.38239,0.49563,0.29234
3722,8,3,0.82174,0.34543,0.35114,0.20497
3722,9,3,0.06485,0.35131,0.12097,0.14617
3722,10,3,0.07409,0.62601,0.13945,0.17137
3722,11,3,0.35038,0.94773,0.21152,0.10245
3722,12,3,0.70077,0.21186,0.27722,0.09577
3722,13,1,0.39163,0.18834,0.25034,0.03192
3722,14,1,0.07325,0.09005,0.13441,0.03024
3722,15,3,0.03461,0.20766,0.06048,0.13105
3723,0,2,0.37903,0.2211,0.22849,0.3293
3723,1,2,0.2631,0.5,0.2789,0.3125
3723,2,2,0.14886,0.75454,0.29234,0.47211
3723,3,0,0.57308,0.35635,0.06216,0.23017
3723,4,0,0.57392,0.60165,0.08737,0.24362
3723,5,2,0.08249,0.38575,0.12937,0.22177
3725,0,0,0.67725,0.86626,0.08233,0.20833
3725,1,0,0.94773,0.54878,0.10245,0.12108
3725,2,0,0.7873,0.40843,0.11761,0.14953
3725,3,0,0.87298,0.54536,0.08737,0.11761
3725,4,0,0.95865,0.65336,0.08061,0.10846
3725,5,2,0.61425,0.65121,0.14785,0.18817
3726,0,3,0.75202,0.38659,0.26546,0.0756
3726,1,3,0.68565,0.24126,0.14953,0.05376
3726,2,2,0.87045,0.51032,0.25702,0.15842
3726,3,2,0.96033,0.38624,0.07725,0.08498
3726,4,2,0.73942,0.30763,0.20665,0.06552
3726,5,2,0.92843,0.29335,0.07392,0.05376
3726,6,1,0.86458,0.18582,0.07728,0.0168
3727,0,2,0.31503,0.46959,0.19088,0.16216
3728,0,0,0.29167,0.94103,0.04704,0.05544
3728,1,1,0.57812,0.7579,0.45867,0.11257
3728,2,1,0.49244,0.8587,0.42507,0.08569
3728,3,0,0.25386,0.68733,0.11929,0.19993
3728,4,0,0.38603,0.7604,0.31306,0.47712
3728,5,1,0.8713,0.89987,0.18817,0.04368
3728,6,3,0.42692,0.68397,0.03528,0.02184
3729,0,0,0.21102,0.27991,0.08737,0.15121
3729,1,0,0.07745,0.41935,0.12601,0.08065
3731,0,0,0.437,0.34711,0.12265,0.21505
3731,1,0,0.83602,0.64617,0.23522,0.44355
3731,2,0,0.56636,0.1749,0.06888,0.15289
3731,3,0,0.46052,0.04637,0.0588,0.07056
3731,4,0,0.34375,0.05309,0.0672,0.10081
3731,5,3,0.30847,0.19002,0.09745,0.09241
3731,6,0,0.5504,0.45128,0.04368,0.14449
3731,7,3,0.24294,0.29419,0.05376,0.04536
3731,8,0,0.10517,0.26899,0.12097,0.08905
3731,9,1,0.09677,0.39163,0.15457,0.0252
3731,10,1,0.09761,0.34123,0.13945,0.03528
3731,11,0,0.16986,0.35299,0.04536,0.11593
3731,12,0,0.63105,0.60333,0.06048,0.09913
3731,13,0,0.64281,0.76882,0.14785,0.20497
3731,14,0,0.2379,0.87466,0.0672,0.23858
3731,15,0,0.07661,0.57981,0.12769,0.22009
3731,16,2,0.36727,0.59913,0.26882,0.36962
3731,17,2,0.66381,0.29335,0.06888,0.07056
3731,18,2,0.71589,0.38071,0.08569,0.08401
3731,19,0,0.5168,0.05981,0.0504,0.04368
3731,20,0,0.49496,0.11862,0.0672,0.07728
3731,21,0,0.40171,0.1833,0.05208,0.05544
3731,22,0,0.47816,0.1875,0.04704,0.04704
3731,23,0,0.27655,0.09593,0.0504,0.05544
3731,24,0,0.20094,0.24966,0.03696,0.08401
3732,0,1,0.59911,0.81502,0.7997,0.13608
3734,0,3,0.33871,0.10013,0.0336,0.04032
3734,1,3,0.91919,0.23958,0.15625,0.06048
3734,2,3,0.95949,0.32504,0.07893,0.04415
3734,3,3,0.94439,0.28915,0.06552,0.02856
3734,4,3,0.73774,0.04217,0.14617,0.04872
3734,5,3,0.88222,0.1623,0.10249,0.02688
3734,6,3,0.53192,0.96203,0.10753,0.06384
3734,7,3,0.60501,0.91499,0.042,0.0336
3734,8,3,0.8293,0.08501,0.07392,0.02352
3734,9,3,0.86374,0.1161,0.03192,0.03192
3734,10,0,0.12786,0.62853,0.09577,0.16633
3734,11,0,0.51764,0.17322,0.12937,0.31754
3734,12,1,0.49496,0.36811,0.43347,0.09241
3734,13,0,0.26226,0.11274,0.17977,0.21337
3734,14,0,0.28409,0.84693,0.29399,0.30407
3735,0,1,0.82419,0.95865,0.34932,0.08061
3735,1,1,0.49328,0.70749,0.30578,0.03192
3735,2,0,0.7394,0.74024,0.51912,0.36624
3736,0,3,0.59641,0.86652,0.1762,0.15126
3736,1,3,0.62882,0.97623,0.09807,0.03823
3738,0,3,0.74866,0.36475,0.24194,0.14281
3738,1,0,0.78394,0.73942,0.35282,0.50571
3738,2,1,0.35215,0.69405,0.45363,0.05208
3738,3,1,0.47984,0.61257,0.28898,0.0504
3738,4,1,0.58821,0.55124,0.16633,0.03864
3738,5,1,0.91413,0.35036,0.16966,0.05398
3738,6,1,0.63525,0.22698,0.41835,0.06552
3738,7,1,0.94857,0.16052,0.10077,0.04724
3738,8,1,0.13962,0.24126,0.25706,0.06048
3738,9,1,0.4664,0.26815,0.33266,0.05712
3738,10,0,0.32695,0.57224,0.64852,0.27554
3738,11,0,0.1581,0.31855,0.30746,0.17473
3738,12,0,0.80074,0.11022,0.22849,0.19825
3738,13,2,0.89229,0.0516,0.21334,0.09446
3738,14,2,0.60753,0.06821,0.15457,0.13441
3739,0,2,0.89644,0.96127,0.19781,0.0615
3739,1,2,0.47091,0.93551,0.39062,0.12301
3739,2,2,0.75266,0.82746,0.15625,0.06649
3739,3,2,0.49252,0.82995,0.25432,0.1014
3739,4,0,0.92138,0.77261,0.07812,0.04654
3741,0,1,0.27991,0.79486,0.39315,0.042
3741,1,0,0.37315,0.68229,0.25706,0.16633
3741,2,2,0.521,0.89651,0.13609,0.19153
3742,0,1,0.66246,0.0665,0.55724,0.04882
3742,1,2,0.63468,0.1936,0.29293,0.21549
3742,2,2,0.55556,0.44697,0.25926,0.06902
3742,3,2,0.57407,0.68519,0.32323,0.27273
3742,4,2,0.96334,0.02858,0.07146,0.04385
3743,0,0,0.51426,0.80576,0.38471,0.38639
3743,1,0,0.18725,0.84609,0.09022,0.30575
3743,2,1,0.87465,0.94948,0.24862,0.09587
3744,0,3,0.01975,0.47072,0.03681,0.04853
3744,1,1,0.51755,0.46742,0.96213,0.02835
3745,0,3,0.4252,0.28142,0.11303,0.08477
3745,1,3,0.89312,0.63049,0.11469,0.08477
3745,2,2,0.19664,0.4626,0.15459,0.09807
3745,3,2,0.67869,0.45844,0.43052,0.22606
3745,4,2,0.1004,0.5599,0.2008,0.19602
3745,5,3,0.88065,0.7643,0.16622,0.16955
3746,0,1,0.13878,0.94523,0.21169,0.0504
3746,1,0,0.33535,0.68817,0.19825,0.30578
3747,0,1,0.33787,0.64785,0.20329,0.03024
3747,1,0,0.54284,0.74362,0.28394,0.22177
3747,2,0,0.61927,0.92925,0.1411,0.13942
3747,3,0,0.82006,0.89903,0.25034,0.19321
3748,0,2,0.23238,0.90808,0.2859,0.17121
3749,0,2,0.59325,0.33367,0.11257,0.6082
3749,1,2,0.8503,0.07661,0.09577,0.14785
3749,2,2,0.95361,0.14176,0.09069,0.17062
3749,3,3,0.83098,0.49748,0.10753,0.05544
3749,4,3,0.95865,0.48057,0.08061,0.04894
3749,5,0,0.68719,0.8276,0.36766,0.34271
3749,6,1,0.82846,0.34459,0.32426,0.05208
3749,7,1,0.7831,0.43364,0.2369,0.01848
3749,8,0,0.94187,0.41263,0.08065,0.08737
3749,9,3,0.46388,0.53444,0.06216,0.04536
3749,10,0,0.92673,0.22329,0.14446,0.12198
3749,11,0,0.71757,0.57897,0.10921,0.11761
3749,12,1,0.32191,0.39415,0.38306,0.04032
3749,13,2,0.11068,0.84693,0.13198,0.30407
3749,14,3,0.27487,0.1623,0.33602,0.32258
3749,15,3,0.09005,0.5378,0.17809,0.30746
3749,16,2,0.93263,0.02537,0.10921,0.042
3750,0,1,0.56481,0.86806,0.80208,0.04167
3751,0,4,0.19276,0.38636,0.22391,0.11616
3753,0,0,0.34205,0.8689,0.093,0.25908
3756,0,3,0.85702,0.80998,0.25706,0.3041
3756,1,3,0.8041,0.52688,0.37298,0.14449
3756,2,3,0.10853,0.34879,0.21169,0.13105
3756,3,3,0.43028,0.36055,0.42843,0.2957
3759,0,3,0.4916,0.80746,0.95766,0.36962
3761,0,3,0.4748,0.71085,0.19825,0.05544
3762,0,0,0.11748,0.09954,0.21065,0.19907
3763,0,0,0.68834,0.17061,0.13345,0.31757
3764,0,0,0.37231,0.14298,0.07392,0.24026
3766,0,2,0.75202,0.64953,0.36626,0.625
3766,1,2,0.26983,0.71505,0.45363,0.43683
3766,2,2,0.43364,0.29755,0.21337,0.3209
3770,0,4,0.58485,0.48404,0.667,0.74765
3771,0,3,0.60306,0.5266,0.22274,0.20944
3771,1,0,0.38863,0.5482,0.16622,0.3391
3771,2,2,0.12184,0.39279,0.16456,0.20778
3772,0,0,0.38323,0.61257,0.26378,0.66532
3773,0,3,0.48785,0.36516,0.21065,0.16319
3773,1,3,0.71215,0.03856,0.04677,0.06408
3773,2,2,0.69567,0.68981,0.36675,0.34954
3774,0,0,0.75622,0.68229,0.3881,0.57628
3774,1,3,0.75622,0.2631,0.12601,0.07728
3774,2,3,0.77806,0.32359,0.12265,0.08065
3774,3,3,0.68397,0.19758,0.08233,0.11425
3774,4,3,0.60417,0.15642,0.07056,0.06552
3775,0,0,0.71757,0.479,0.39147,0.85181
3775,1,0,0.21018,0.4328,0.13945,0.25874
3775,2,0,0.04385,0.5378,0.06552,0.17977
3775,3,0,0.11694,0.85198,0.10081,0.25706
3776,0,3,0.70581,0.88474,0.24362,0.17137
3776,1,3,0.69321,0.51428,0.18145,0.08569
3776,2,3,0.65037,0.40843,0.21337,0.11929
3776,3,3,0.50168,0.04217,0.15121,0.04872
3776,4,3,0.83182,0.05981,0.08569,0.0672
3776,5,0,0.91583,0.21438,0.13609,0.14449
3776,6,0,0.76714,0.19674,0.18481,0.2537
3776,7,0,0.90071,0.48992,0.17305,0.40995
3777,0,3,0.92253,0.07558,0.15286,0.08194
3781,0,2,0.14298,0.20598,0.2369,0.20497
3782,0,2,0.37399,0.70329,0.25874,0.54435
3782,1,3,0.44036,0.11106,0.13945,0.09241
3782,2,3,0.26394,0.24462,0.30746,0.24194
3783,0,1,0.61005,0.65541,0.29402,0.0588
3784,0,3,0.2418,0.88218,0.47318,0.22965
3784,1,3,0.6255,0.74269,0.2111,0.11968
3785,0,3,0.94187,0.65373,0.11089,0.11593
3790,0,3,0.51263,0.49242,0.13636,0.17003
3791,0,3,0.53864,0.63609,0.79637,0.3629
3793,0,3,0.50416,0.91888,0.10472,0.12301
3794,0,0,0.58569,0.62265,0.15457,0.33602
3796,0,3,0.39611,0.69781,0.0748,0.05652
3797,0,0,0.63609,0.50504,0.22849,0.84005
3797,1,0,0.93093,0.12336,0.13606,0.18085
3799,0,2,0.41835,0.0665,0.1633,0.11953
3799,1,2,0.13889,0.63047,0.24074,0.25758
3799,2,3,0.40909,0.03114,0.07407,0.03872
3799,3,0,0.84596,0.39394,0.12626,0.27273
3799,4,0,0.42845,0.31481,0.08923,0.30976
3799,5,3,0.4436,0.25337,0.08586,0.06902
3800,0,3,0.1833,0.61593,0.35786,0.19153
3801,0,0,0.29167,0.62433,0.12769,0.69892
3802,0,3,0.34627,0.79654,0.23017,0.18649
3802,1,3,0.64365,0.43616,0.17305,0.09409
3802,2,3,0.67977,0.33031,0.12433,0.0672
3802,3,3,0.48908,0.64197,0.21337,0.16969
3803,0,2,0.26479,0.93467,0.21443,0.11802
3804,0,3,0.90155,0.37735,0.18145,0.14785
3804,1,3,0.39751,0.41851,0.12769,0.24026
3804,2,0,0.71589,0.60753,0.20665,0.73925
3804,3,2,0.16146,0.57644,0.27386,0.68044
3805,0,2,0.89147,0.35719,0.18481,0.32594
3807,0,0,0.12018,0.45013,0.06815,0.22606
3809,0,3,0.62013,0.30847,0.07224,0.05376
3810,0,1,0.83162,0.6255,0.17786,0.07148
3813,0,2,0.27694,0.7096,0.4596,0.35522
3813,1,1,0.58333,0.19276,0.31818,0.04882
3813,2,0,0.85185,0.33333,0.21549,0.3569
3813,3,1,0.70202,0.10774,0.3569,0.05387
3813,4,2,0.33502,0.13384,0.16498,0.18013
3816,0,1,0.52352,0.8713,0.24866,0.03024
3816,1,1,0.34123,0.8461,0.17641,0.0672
3816,2,0,0.35215,0.70917,0.12097,0.2873
3817,0,0,0.33507,0.54051,0.12269,0.40046
3819,0,3,0.79476,0.2973,0.07601,0.07095
3820,0,3,0.39478,0.24579,0.19697,0.12121
3823,0,3,0.36616,0.58081,0.13973,0.26936
3826,0,3,0.61845,0.19422,0.08233,0.08401
3826,1,0,0.68817,0.08921,0.07392,0.13945
3828,0,0,0.30498,0.74421,0.04398,0.24769
3828,1,1,0.43981,0.78704,0.2581,0.03935
3829,0,2,0.85821,0.90974,0.20778,0.14794
3832,0,3,0.34541,0.91665,0.17806,0.16462
3832,1,3,0.95699,0.78142,0.07392,0.3881
3832,2,3,0.1329,0.83518,0.22009,0.24362
3832,3,3,0.5042,0.62181,0.3209,0.3041
3832,4,3,0.64365,0.26731,0.13273,0.18649
3832,5,0,0.79318,0.31267,0.09241,0.30746
3835,0,3,0.46472,0.91667,0.08401,0.08401
3836,0,2,0.44288,0.26899,0.36626,0.38138
3836,1,0,0.5336,0.79822,0.15457,0.37466
3836,2,2,0.8209,0.2211,0.31922,0.19489
3836,3,0,0.87886,0.53696,0.23017,0.30242
3837,0,3,0.34207,0.41515,0.09745,0.11929
3837,1,3,0.54704,0.63357,0.13777,0.12937
3837,2,3,0.67473,0.43196,0.21169,0.14617
3837,3,3,0.64953,0.25134,0.18817,0.12769
3837,4,0,0.17406,0.70749,0.25538,0.46539
3837,5,0,0.4622,0.85114,0.09241,0.27218
3837,6,1,0.76378,0.8797,0.45363,0.12769
3837,7,3,0.92087,0.27403,0.11593,0.12265
3837,8,3,0.93765,0.45714,0.12261,0.12261
3837,9,3,0.80998,0.36895,0.10921,0.09073
3841,0,3,0.73774,0.75286,0.06216,0.042
3841,1,3,0.83098,0.72513,0.04704,0.03696
3841,2,3,0.78058,0.79486,0.06384,0.03864
3841,3,3,0.86122,0.83434,0.07392,0.04704
3843,0,0,0.59538,0.38454,0.0502,0.11044
3844,0,3,0.9583,0.11784,0.08215,0.10729
3846,0,0,0.13458,0.31267,0.16297,0.60316
3846,1,0,0.5546,0.47396,0.21673,0.92574
3846,2,0,0.89567,0.48488,0.15289,0.50067
3846,3,3,0.92927,0.52856,0.10585,0.12769
3847,0,1,0.63441,0.8629,0.27218,0.02352
3847,1,1,0.30511,0.94187,0.45699,0.10753
3848,0,1,0.36559,0.92675,0.69892,0.06384
3850,0,3,0.4566,0.65104,0.03472,0.01505
3850,1,1,0.43576,0.68113,0.12731,0.01505
3850,2,0,0.77257,0.79398,0.44907,0.34028
3851,0,3,0.80242,0.23202,0.08065,0.08233
3851,1,3,0.89903,0.24378,0.0756,0.07224
3851,2,3,0.42356,0.22866,0.12265,0.08233
3852,0,3,0.86985,0.67869,0.12799,0.12134
3852,1,3,0.90891,0.80668,0.14295,0.12467
3852,2,2,0.28973,0.88148,0.42719,0.18451
3853,0,0,0.5126,0.58485,0.37466,0.74429
3853,1,0,0.86542,0.30007,0.18649,0.17473
3853,2,2,0.87634,0.80074,0.21169,0.32594
3853,3,2,0.29755,0.09341,0.21001,0.13777
3855,0,0,0.85954,0.72009,0.20497,0.53427
3855,1,0,0.95361,0.35983,0.09069,0.15314
3856,0,2,0.20346,0.49412,0.32426,0.50235
3856,1,2,0.72765,0.78814,0.28394,0.32762
3860,0,3,0.21018,0.85366,0.2537,0.15625
3860,1,3,0.77134,0.40423,0.15289,0.10753
3862,0,0,0.23148,0.58449,0.29745,0.82639
3865,0,2,0.2463,0.47144,0.3125,0.46371
3865,1,2,0.68061,0.49076,0.30074,0.39147
3865,2,3,0.54456,0.22975,0.09954,0.09606
3867,0,1,0.40567,0.75347,0.76389,0.06944
3867,1,1,0.511,0.27373,0.42824,0.02662
3867,2,0,0.8206,0.73495,0.20023,0.52083
3867,3,0,0.80903,0.36921,0.16782,0.19444
3867,4,0,0.72222,0.21933,0.1794,0.09838
3867,5,1,0.54051,0.17766,0.17014,0.02662
3867,6,1,0.91262,0.72222,0.16667,0.04398
3867,7,1,0.52025,0.11806,0.26852,0.0162
3869,0,3,0.21576,0.41107,0.23271,0.13797
3869,1,2,0.83316,0.50802,0.33055,0.37841
3870,0,1,0.46586,0.9184,0.93056,0.07523
3870,1,1,0.40509,0.82812,0.80671,0.04282
3870,2,1,0.90683,0.80498,0.17593,0.03125
3870,3,0,0.64236,0.69387,0.29977,0.22801
3871,0,2,0.50058,0.49769,0.99537,0.99306
3872,0,3,0.80746,0.65877,0.11761,0.07224
3872,1,3,0.63609,0.40423,0.09745,0.05712
3872,2,3,0.82006,0.4286,0.12601,0.08569
3873,0,1,0.5787,0.75058,0.82292,0.05671
3876,0,0,0.46453,0.17652,0.10473,0.34291
3876,1,0,0.04899,0.65456,0.09797,0.23818
3877,0,0,0.10304,0.22466,0.19257,0.3277
3878,0,3,0.25814,0.82497,0.13797,0.04156
3878,1,3,0.32879,0.78009,0.09309,0.03158
3878,2,3,0.35539,0.73853,0.05319,0.02826
3878,3,3,0.32463,0.87982,0.11137,0.04156
3879,0,1,0.33871,0.61257,0.3293,0.10081
3879,1,1,0.57981,0.7537,0.51243,0.11089
3879,2,1,0.15054,0.73858,0.28226,0.12433
3880,0,3,0.80253,0.74352,0.12301,0.05485
3880,1,3,0.58893,0.86985,0.2111,0.1014
3884,0,0,0.82153,0.72569,0.35486,0.1088
3884,1,1,0.83044,0.90972,0.26389,0.05324
3885,0,0,0.84441,0.46791,0.30911,0.39954
3886,0,2,0.81836,0.29401,0.36119,0.21639
3886,1,3,0.69657,0.16902,0.06384,0.0336
3886,2,3,0.32359,0.30763,0.24194,0.26714
3890,0,0,0.79736,0.7772,0.22509,0.44351
3890,1,3,0.95781,0.42088,0.08229,0.11394
3890,2,0,0.85702,0.08501,0.14617,0.14449
3890,3,3,0.83434,0.2253,0.08737,0.09241
3890,4,0,0.89399,0.29251,0.0756,0.09577
3891,0,3,0.81838,0.76798,0.15625,0.09913
3891,1,0,0.70917,0.81754,0.11257,0.21841
3891,2,2,0.89226,0.96285,0.20992,0.07221
3891,3,3,0.53612,0.7453,0.05544,0.0672
3892,0,2,0.8041,0.55292,0.37298,0.88878
3892,1,2,0.25521,0.64279,0.49161,0.71233
3895,0,3,0.87214,0.37955,0.20329,0.16801
3895,1,2,0.28999,0.61929,0.56452,0.72917
3895,2,2,0.86037,0.13806,0.27718,0.27074
3895,3,2,0.36895,0.13374,0.22849,0.18145
3895,4,2,0.83434,0.73942,0.31922,0.41499
3897,0,0,0.17736,0.30659,0.34122,0.41047
3898,0,3,0.64785,0.8251,0.3125,0.17977
3898,1,3,0.12534,0.82678,0.16465,0.10585
3898,2,3,0.35215,0.40843,0.25538,0.19321
3900,0,2,0.53493,0.53275,0.37901,0.93243
3902,0,2,0.74249,0.90879,0.30213,0.17929
3902,1,0,0.05452,0.86985,0.08976,0.14461
3902,2,0,0.17836,0.79255,0.0748,0.04987
3902,3,0,0.20994,0.86985,0.11469,0.25432
3903,0,3,0.33045,0.79172,0.12301,0.0748
3904,0,1,0.5294,0.72429,0.82829,0.0756
3905,0,2,0.81772,0.2558,0.36271,0.29949
3905,1,3,0.37121,0.09343,0.1835,0.11953
3905,2,0,0.26936,0.51431,0.15488,0.47643
3911,0,2,0.19086,0.63693,0.35954,0.65356
3912,0,2,0.73266,0.90093,0.31765,0.18372
3913,0,3,0.61845,0.09089,0.40827,0.13945
3913,1,2,0.41683,0.53444,0.44859,0.57628
3914,0,1,0.32517,0.2027,0.36993,0.11824
3914,1,0,0.07939,0.36571,0.14189,0.29899
3914,2,0,0.88176,0.13767,0.21284,0.26858
3917,0,3,0.27546,0.44907,0.0544,0.02778
3919,0,0,0.11358,0.36895,0.12769,0.23185
3920,0,3,0.59913,0.7537,0.05376,0.0672
3923,0,3,0.80585,0.83078,0.19282,0.13298
3924,0,1,0.18246,0.24378,0.08737,0.26042
3924,1,2,0.73912,0.73436,0.35391,0.5292
3924,2,2,0.81502,0.17742,0.27722,0.20161
3924,3,2,0.31939,0.34375,0.11257,0.26882
3924,4,0,0.85366,0.41431,0.17305,0.18817
3924,5,2,0.55796,0.28243,0.18313,0.24362
3925,0,3,0.32443,0.65877,0.06888,0.09577
3925,1,1,0.19086,0.86542,0.3629,0.09241
3927,0,0,0.60438,0.57912,0.17172,0.56566
3927,1,0,0.36111,0.46633,0.1936,0.43771
3930,0,2,0.5462,0.07577,0.44187,0.14281
3930,1,2,0.58989,0.49412,0.21673,0.25706
3930,2,0,0.1959,0.60417,0.2621,0.25538
3930,3,0,0.79117,0.71,0.21944,0.57792
3930,4,0,0.90155,0.24462,0.17137,0.47379
3934,0,0,0.58976,0.08278,0.25931,0.15957
3935,0,3,0.301,0.80156,0.34461,0.39479
3935,1,3,0.73774,0.437,0.22009,0.17305
3936,0,3,0.3468,0.48064,0.20875,0.23401
3936,1,3,0.81481,0.14226,0.14478,0.12626
3936,2,3,0.96166,0.13762,0.07483,0.10016
3937,0,0,0.30427,0.40003,0.16633,0.37466
3938,0,3,0.35859,0.19108,0.13468,0.09933
3939,0,0,0.53347,0.52426,0.31794,0.44344
3940,0,3,0.89819,0.30427,0.14785,0.09577
3940,1,3,0.40507,0.09593,0.11929,0.07224
3940,2,0,0.2547,0.39415,0.07392,0.33938
3940,3,3,0.26226,0.17742,0.15289,0.09745
3940,4,2,0.77302,0.36895,0.32762,0.38642
3940,5,4,0.62349,0.50588,0.21673,0.18649
3940,6,0,0.85469,0.82172,0.2692,0.35447
3942,0,3,0.82744,0.23906,0.1229,0.11785
3942,1,0,0.75084,0.21296,0.10101,0.2037
3943,0,1,0.82342,0.69153,0.27722,0.07392
3944,0,0,0.55051,0.47727,0.15488,0.81987
3946,0,0,0.52268,0.18918,0.35786,0.35618
3946,1,0,0.78226,0.8461,0.31586,0.30242
3947,0,0,0.06737,0.5252,0.12265,0.28226
3947,1,3,0.80074,0.24546,0.11425,0.06216
3948,0,3,0.78142,0.20766,0.31418,0.12433
3948,1,3,0.83182,0.35467,0.32762,0.12601
3948,2,3,0.34291,0.30763,0.24362,0.15961
3948,3,3,0.49076,0.08837,0.18313,0.10081
3949,0,3,0.88222,0.15474,0.21673,0.14953
3949,1,3,0.90743,0.2505,0.10921,0.06888
3949,2,3,0.85954,0.36139,0.13777,0.0588
3949,3,3,0.80494,0.48824,0.29066,0.10081
3949,4,3,0.74278,0.26142,0.11593,0.07056
3950,0,3,0.48437,0.29282,0.0625,0.03472
3950,1,3,0.39366,0.41537,0.0408,0.02751
3950,2,3,0.39007,0.45257,0.06138,0.02902
3950,3,3,0.40567,0.50058,0.05093,0.04051
3950,4,2,0.23214,0.47768,0.13616,0.15513
3950,5,2,0.04018,0.50949,0.07589,0.16518
3950,6,3,0.74942,0.55729,0.04167,0.01968
3950,7,2,0.47489,0.62556,0.14397,0.10379
3950,8,3,0.58079,0.57585,0.04328,0.03117
3951,0,4,0.37063,0.50448,0.72693,0.72021
3951,1,2,0.83796,0.57329,0.32199,0.74583
3951,2,4,0.95501,0.07171,0.08789,0.13916
3951,3,2,0.52912,0.62937,0.27106,0.53091
3953,0,0,0.44978,0.24219,0.12946,0.29129
3953,1,4,0.79824,0.22673,0.40228,0.18225
3953,2,1,0.55636,0.10268,0.19308,0.0279
3954,0,0,0.59659,0.78162,0.80474,0.36275
3955,0,0,0.25862,0.42664,0.12881,0.27778
3956,0,4,0.68393,0.89924,0.62902,0.19692
3959,0,1,0.27095,0.89931,0.54099,0.056
3959,1,1,0.60473,0.8069,0.2453,0.0504
3959,2,4,0.66225,0.91049,0.37378,0.17694
3960,0,2,0.4979,0.11069,0.27918,0.21886
3960,1,4,0.22082,0.17312,0.289,0.16414
3962,0,4,0.40904,0.83371,0.06585,0.21763
3963,0,0,0.33738,0.63439,0.0847,0.72913
3963,1,3,0.78505,0.36275,0.08587,0.03097
3964,0,0,0.11513,0.45091,0.22758,0.46519
3964,1,4,0.20549,0.44199,0.41053,0.73293
3964,2,2,0.28469,0.05154,0.12718,0.08144
3965,0,1,0.29448,0.91667,0.58277,0.08024
3965,1,1,0.36275,0.71608,0.19003,0.01689
3965,2,0,0.49857,0.77024,0.42225,0.45743
3965,3,4,0.51056,0.68933,0.32235,0.20552
3965,4,4,0.67896,0.89508,0.31688,0.20777
3966,0,0,0.24798,0.62097,0.2957,0.74709
3966,1,1,0.06373,0.92787,0.12657,0.03024
3966,2,4,0.11008,0.35642,0.21396,0.26323
3967,0,0,0.14597,0.71959,0.29139,0.27449
3968,0,4,0.71166,0.94369,0.18895,0.10949
3968,1,4,0.58495,0.73313,0.10293,0.15997
3968,2,3,0.97739,0.83641,0.04209,0.02923
3970,0,2,0.50248,0.59628,0.99296,0.80336
3970,1,4,0.11406,0.30312,0.22812,0.25625
3971,0,0,0.74813,0.31938,0.39375,0.6325
3971,1,0,0.7875,0.09625,0.17,0.18625
3973,0,1,0.58875,0.43261,0.82042,0.14859
3973,1,1,0.72372,0.35931,0.55048,0.07593
3973,2,3,0.98469,0.16611,0.02853,0.03003
3973,3,0,0.89315,0.07437,0.10977,0.11537
3973,4,1,0.94045,0.19627,0.11701,0.04778
3973,5,1,0.97517,0.13151,0.04757,0.03027
3973,6,4,0.50469,0.80576,0.98385,0.38639
3974,0,0,0.75387,0.4546,0.49017,0.90694
3974,1,0,0.68906,0.50444,0.43083,0.98904
3974,2,1,0.50099,0.35308,0.99595,0.0538
3974,3,0,0.82631,0.3814,0.31627,0.53464
3974,4,2,0.30197,0.64309,0.5918,0.69597
3976,0,3,0.87165,0.73605,0.07589,0.06027
3976,1,4,0.81451,0.40758,0.36786,0.31405
3976,2,4,0.06306,0.45089,0.11942,0.36942
3978,0,3,0.22222,0.23282,0.10933,0.06024
3978,1,0,0.249,0.39737,0.29005,0.61022
3979,0,4,0.80524,0.64055,0.38199,0.71681
3979,1,2,0.43595,0.69637,0.48283,0.59685
3983,0,4,0.25339,0.77799,0.14433,0.43675
3984,0,3,0.47144,0.4888,0.10641,0.09521
3984,1,3,0.2491,0.42159,0.06272,0.02128
3984,2,3,0.13878,0.45744,0.15793,0.03248
3984,3,0,0.45045,0.8332,0.07787,0.33151
3984,4,0,0.36783,0.53024,0.0448,0.17361
3986,0,4,0.55948,0.91468,0.44039,0.16752
3986,1,4,0.18766,0.9368,0.22308,0.12328
3987,0,0,0.90569,0.13225,0.12165,0.17857
3987,1,0,0.9068,0.66291,0.1819,0.67292
3989,0,4,0.63387,0.5714,0.08032,0.27555
3989,1,4,0.833,0.35498,0.11714,0.09259
3989,2,4,0.33434,0.73315,0.19523,0.26439
3989,3,4,0.92524,0.14896,0.14767,0.13126
3989,4,4,0.23141,0.1945,0.45569,0.389
3991,0,4,0.83284,0.56831,0.3319,0.8613
3991,1,0,0.18455,0.78302,0.25354,0.28105
3991,2,4,0.38829,0.85315,0.21289,0.29161
3993,0,0,0.43616,0.49664,0.22849,0.99126
3993,1,0,0.14326,0.22558,0.28562,0.3573
3993,2,4,0.2183,0.72233,0.20049,0.55108
3993,3,0,0.84189,0.31491,0.31415,0.61435
3993,4,1,0.70945,0.43952,0.41667,0.03248
3993,5,4,0.1352,0.11643,0.26502,0.23286
3993,6,0,0.07661,0.44568,0.14785,0.23073
3993,7,0,0.1595,0.35999,0.10305,0.17585
3993,8,0,0.28607,0.16398,0.12097,0.22737
3994,0,0,0.13934,0.83938,0.20161,0.30354
3994,1,0,0.72204,0.74283,0.55384,0.4151
3994,2,4,0.64673,0.71897,0.14113,0.10753
3994,3,4,0.92813,0.86181,0.14166,0.11095
3994,4,1,0.49888,0.67305,0.07616,0.01568
3995,0,3,0.25414,0.32975,0.10417,0.03472
3995,1,3,0.90435,0.31239,0.09633,0.03136
3996,0,0,0.20319,0.76768,0.24864,0.46256
3996,1,0,0.5308,0.77498,0.11761,0.18369
3996,2,1,0.71113,0.85226,0.26322,0.04032
3996,3,4,0.03125,0.78282,0.05712,0.08065
3998,0,0,0.125,0.55469,0.10714,0.75781
3998,1,1,0.65737,0.54688,0.44643,0.06808
3998,2,3,0.93114,0.61787,0.1346,0.07392
3999,0,4,0.54518,0.50948,0.20415,0.83668
4000,0,0,0.51542,0.95545,0.04578,0.08598
4001,0,0,0.25112,0.86161,0.15625,0.25558
4001,1,4,0.50167,0.65458,0.07254,0.02902
4002,0,2,0.50116,0.51286,0.99022,0.97219
4003,0,4,0.86855,0.18148,0.26165,0.35738
4004,0,4,0.67522,0.70145,0.30804,0.12946
4004,1,4,0.88315,0.81268,0.23058,0.13988
4006,0,4,0.83404,0.54353,0.32983,0.26516
4006,1,3,0.8209,0.33815,0.16241,0.08737
4006,2,3,0.59913,0.32303,0.26098,0.13553
4006,3,4,0.42944,0.21382,0.39427,0.08289
4006,4,4,0.10685,0.39639,0.21281,0.13665
4006,5,2,0.95557,0.35465,0.08677,0.10916
4007,0,4,0.70145,0.34487,0.21094,0.13728
4008,0,3,0.17537,0.13967,0.03347,0.0212
4009,0,0,0.62941,0.77776,0.42011,0.44239
4009,1,0,0.11694,0.63553,0.23073,0.14673
4009,2,1,0.23672,0.7793,0.13622,0.087
4010,0,2,0.50056,0.53125,0.98103,0.12835
4011,0,3,0.8038,0.9633,0.39031,0.06691
4012,0,2,0.68059,0.62442,0.63673,0.73346
4012,1,2,0.29503,0.36111,0.58692,0.50963
4012,2,4,0.49866,0.49911,0.99731,0.9962
4013,0,1,0.61864,0.75578,0.7596,0.07519
4016,0,2,0.83739,0.53554,0.3221,0.29765
4016,1,0,0.68917,0.21261,0.54576,0.24777
4016,2,3,0.56585,0.30525,0.0558,0.04688
4016,3,4,0.43136,0.19699,0.17969,0.15402
4017,0,3,0.85338,0.23734,0.11537,0.0672
4018,0,4,0.39565,0.88672,0.17299,0.22098
4019,0,2,0.72793,0.46192,0.21617,0.72693
4019,1,4,0.4552,0.12366,0.10753,0.23634
4019,2,4,0.67421,0.81472,0.23418,0.36847
4019,3,4,0.1175,0.27991,0.23409,0.55556
4021,0,0,0.54928,0.50336,0.26434,0.52979
4021,1,3,0.6607,0.1568,0.09298,0.05969
4022,0,3,0.40629,0.23449,0.19188,0.02789
4022,1,4,0.49777,0.48996,0.99509,0.96497
4024,0,0,0.79464,0.17913,0.09598,0.18527
4024,1,0,0.53404,0.1529,0.01674,0.10379
4024,2,0,0.04408,0.06138,0.04576,0.06585
4025,0,2,0.58482,0.5106,0.46652,0.29018
4025,1,2,0.27623,0.38114,0.09263,0.03571
4025,2,2,0.25781,0.63504,0.22768,0.08371
4025,3,2,0.22991,0.5346,0.18527,0.08594
4025,4,4,0.84743,0.44769,0.30201,0.28712
4026,0,1,0.49944,0.36335,0.99574,0.08849
4026,1,0,0.61873,0.54872,0.32258,0.49955
4026,2,0,0.61649,0.67641,0.07841,0.22177
4026,3,4,0.36055,0.35495,0.31922,0.056
4028,0,2,0.47648,0.49894,0.94982,0.99787
4030,0,0,0.50056,0.43585,0.11714,0.83891
4031,0,4,0.08647,0.7684,0.17294,0.13636
4031,1,1,0.42047,0.73185,0.50851,0.03472
4031,2,1,0.83404,0.72902,0.32983,0.00888
4032,0,0,0.6144,0.83538,0.03906,0.12723
4033,0,2,0.68395,0.15006,0.63001,0.24848
4033,1,4,0.2636,0.74304,0.5263,0.51184
4033,2,0,0.23902,0.42496,0.47267,0.30802
4033,3,0,0.2211,0.38407,0.2733,0.17025
4033,4,3,0.3552,0.54235,0.29762,0.13049
4034,0,4,0.32786,0.58567,0.64587,0.82658
4034,1,2,0.50784,0.10013,0.2845,0.19377
4034,2,2,0.12198,0.1119,0.24306,0.17025
4035,0,4,0.15502,0.44848,0.3069,0.57236
4035,1,4,0.87829,0.14829,0.24134,0.13776
4035,2,4,0.52268,0.58791,0.20664,0.8221
4035,3,4,0.81586,0.28831,0.35618,0.46931
4035,4,4,0.55768,0.11862,0.14225,0.19041
4035,5,4,0.34237,0.03652,0.09663,0.07303
4036,0,0,0.60547,0.85938,0.08817,0.27567
4036,1,1,0.49944,0.9135,0.99665,0.09152
4038,0,1,0.09431,0.68973,0.17522,0.02567
4039,0,4,0.13038,0.58961,0.08737,0.13553
4040,0,2,0.31353,0.53359,0.62608,0.93075
4041,0,2,0.26852,0.54239,0.52097,0.83556
4041,1,4,0.1988,0.19824,0.38599,0.39268
4043,0,2,0.38368,0.92807,0.32985,0.14074
4043,1,4,0.53111,0.80282,0.10094,0.24751
4045,0,2,0.17574,0.25414,0.34834,0.25762
4045,1,0,0.21942,0.37959,0.09969,0.15233
4046,0,4,0.63721,0.17294,0.72245,0.33938
4046,1,0,0.71953,0.67863,0.25984,0.64065
4046,2,4,0.15502,0.29055,0.30242,0.57012
4047,0,4,0.47992,0.49777,0.3436,0.99398
4048,0,0,0.51786,0.89955,0.02902,0.12612
4048,1,0,0.59877,0.82812,0.03013,0.08371
4049,0,4,0.19145,0.31164,0.37352,0.62327
4050,0,2,0.34711,0.2211,0.22289,0.11761
4050,1,0,0.40901,0.64279,0.16301,0.71233
4050,2,2,0.84386,0.25414,0.17025,0.06272
4051,0,4,0.80594,0.42972,0.38688,0.85527
4051,1,4,0.31319,0.37292,0.21806,0.45278
4052,0,3,0.42916,0.18429,0.07028,0.03681
4052,1,3,0.70527,0.03704,0.05801,0.02789
4052,2,3,0.88543,0.0454,0.21531,0.06024
4054,0,2,0.58036,0.4721,0.72768,0.94085
4055,0,0,0.34994,0.86897,0.2104,0.25681
4055,1,1,0.26098,0.80012,0.1841,0.02011
4055,2,1,0.59514,0.78156,0.23051,0.02011
4055,3,1,0.85736,0.75603,0.1021,0.00928
4056,0,0,0.45184,0.54984,0.08065,0.06944
4057,0,0,0.81306,0.50784,0.18257,0.2901
4058,0,2,0.07254,0.64453,0.13616,0.12723
4058,1,2,0.11161,0.35268,0.22098,0.07924
4059,0,4,0.03685,0.44904,0.07056,0.05152
4060,0,3,0.52184,0.33983,0.16017,0.04816
4060,1,3,0.52464,0.59465,0.13217,0.0448
4060,2,3,0.33423,0.22838,0.20609,0.06944
4060,3,4,0.25998,0.72624,0.51683,0.54544
4060,4,3,0.09746,0.30491,0.07415,0.01766
4061,0,1,0.49948,0.54919,0.99896,0.0544
4061,1,2,0.87997,0.86781,0.23798,0.26184
4062,0,0,0.94997,0.72102,0.09797,0.39387
4062,1,4,0.7842,0.284,0.42951,0.36661
4063,0,2,0.24966,0.42608,0.11537,0.26098
4063,1,4,0.20542,0.2519,0.04032,0.04256
4064,0,4,0.64949,0.54574,0.59349,0.78648
4064,1,4,0.5212,0.10955,0.10263,0.05466
4064,2,4,0.49442,0.02923,0.14056,0.05689
4064,3,4,0.83878,0.0892,0.32058,0.17015
4065,0,0,0.32863,0.84274,0.09409,0.30802
4065,1,0,0.13934,0.50952,0.0672,0.10081
4065,2,4,0.58642,0.12569,0.12134,0.03434
4066,0,3,0.59689,0.30343,0.12209,0.05824
4066,1,3,0.57392,0.34879,0.07616,0.02128
4066,2,3,0.62881,0.38575,0.17697,0.03472
4066,3,3,0.528,0.23958,0.26882,0.07168
4066,4,3,0.5588,0.81642,0.18481,0.18369
4066,5,4,0.56747,0.62511,0.86298,0.7397
4067,0,0,0.36278,0.03425,0.09594,0.0647
4068,0,0,0.62769,0.19254,0.12993,0.37634
4068,1,0,0.27767,0.43392,0.05936,0.19153
4068,2,0,0.07941,0.62041,0.14897,0.30242
4068,3,0,0.19086,0.57953,0.03808,0.14449
4068,4,0,0.7761,0.28831,0.27666,0.57236
4068,5,0,0.42384,0.2099,0.04032,0.08849
4068,6,0,0.29951,0.24966,0.03808,0.07616
4068,7,0,0.36335,0.44904,0.02016,0.06496
4068,8,0,0.45464,0.46752,0.03696,0.05712
4068,9,0,0.54368,0.31799,0.03808,0.25314
4068,10,0,0.30343,0.10629,0.04368,0.07841
4068,11,0,0.46248,0.72793,0.07504,0.23297
4068,12,0,0.36615,0.14718,0.02576,0.04144
4068,13,0,0.33311,0.19646,0.03584,0.04816
4068,14,2,0.84581,0.65251,0.30631,0.63768
4069,0,3,0.94286,0.73675,0.11116,0.09963
4069,1,2,0.31027,0.9442,0.49107,0.10826
4069,2,4,0.21205,0.70536,0.23661,0.12612
4069,3,2,0.77545,0.84299,0.44598,0.30986
4070,0,4,0.6862,0.49232,0.62553,0.97366
4070,1,0,0.29335,0.1455,0.05936,0.11201
4070,2,0,0.90741,0.56913,0.1831,0.2581
4070,3,0,0.92533,0.49865,0.14726,0.17986
4071,0,2,0.4997,0.58922,0.99851,0.81352
4071,1,3,0.69769,0.12422,0.05712,0.03584
4071,2,1,0.5616,0.10573,0.20161,0.03696
4072,0,1,0.46038,0.93248,0.63951,0.0625
4073,0,4,0.36039,0.38498,0.25029,0.76678
4074,0,4,0.36039,0.38498,0.25029,0.76678
4076,0,4,0.83906,0.79826,0.31875,0.27398
4077,0,1,0.64923,0.83931,0.69945,0.07266
4077,1,4,0.30287,0.80578,0.10977,0.37298
4077,2,0,0.72009,0.63665,0.52979,0.21393
4078,0,2,0.54088,0.36447,0.14225,0.04816
4078,1,2,0.86346,0.29055,0.11985,0.03696
4078,2,2,0.72345,0.71113,0.17585,0.07168
4078,3,2,0.92869,0.36866,0.14054,0.07446
4079,0,3,0.31417,0.47712,0.05915,0.02902
4079,1,3,0.28404,0.4202,0.13281,0.08482
4079,2,3,0.35324,0.39174,0.05469,0.03683
4079,3,3,0.43359,0.45871,0.05692,0.04576
4079,4,3,0.50949,0.53069,0.08371,0.09821
4079,5,3,0.60045,0.5731,0.06696,0.04464
4079,6,4,0.70402,0.42287,0.58884,0.43167
4079,7,4,0.65993,0.84713,0.67701,0.29806
4080,0,3,0.61257,0.542,0.24082,0.08065
4080,1,3,0.64449,0.63665,0.10305,0.05488
4080,2,3,0.68033,0.38743,0.20385,0.12993
4080,3,4,0.52688,0.2435,0.25314,0.11985
4080,4,3,0.7481,0.7901,0.13553,0.04816
4080,5,4,0.39927,0.09707,0.32166,0.087
4081,0,0,0.82762,0.57841,0.28786,0.28786
4081,1,1,0.80074,0.78842,0.34386,0.12993
4082,0,2,0.2239,0.49944,0.44467,0.99686
4083,0,4,0.61016,0.86222,0.07969,0.27243
4084,0,4,0.88362,0.26782,0.23152,0.18632
4087,0,1,0.44087,0.11959,0.14279,0.0212
4087,1,0,0.42993,0.03391,0.05255,0.06507
4087,2,4,0.34499,0.10193,0.11491,0.07523
4088,0,2,0.34488,0.50054,0.48277,0.99683
4090,0,2,0.49942,0.50166,0.99794,0.99459
4091,0,0,0.09789,0.85002,0.17921,0.2957
4092,0,3,0.74888,0.79241,0.09152,0.03683
4092,1,4,0.36161,0.76228,0.19643,0.07478
4092,2,4,0.53011,0.8784,0.21871,0.24007
4092,3,4,0.92345,0.80751,0.14998,0.1996
4092,4,4,0.59983,0.69221,0.07316,0.0558
4092,5,4,0.72879,0.64695,0.11285,0.10169
4092,6,4,0.91043,0.63324,0.17602,0.11148
4092,7,4,0.19618,0.89745,0.3001,0.19097
4093,0,3,0.37511,0.24238,0.03696,0.01456
4093,1,3,0.32639,0.14774,0.08065,0.0112
4093,2,4,0.55096,0.36167,0.10865,0.15233
4093,3,3,0.25806,0.16734,0.07392,0.02352
4093,4,2,0.03629,0.22054,0.07168,0.11425
4093,5,3,0.01389,0.30679,0.02464,0.03808
4093,6,3,0.02845,0.34935,0.05376,0.04704
4094,0,0,0.78561,0.58623,0.16352,0.82546
4094,1,1,0.8318,0.22294,0.33431,0.06751
4094,2,0,0.94549,0.77272,0.1047,0.45248
4094,3,2,0.32286,0.51123,0.6339,0.97545
4095,0,3,0.19263,0.83936,0.33957,0.31919
4096,0,1,0.18262,0.18039,0.07474,0.029
4096,1,2,0.35274,0.12071,0.07586,0.05243
4096,2,1,0.27187,0.2278,0.10598,0.04574
4096,3,0,0.35776,0.06827,0.03458,0.03681
4096,4,1,0.03202,0.22278,0.06136,0.029
4096,5,1,0.27916,0.04437,0.10637,0.01378
4096,6,0,0.29252,0.15021,0.17147,0.17147
4098,0,0,0.45408,0.50616,0.10305,0.98342
4098,1,0,0.61642,0.64563,0.22029,0.70666
4098,2,0,0.79089,0.26216,0.41613,0.51704
4098,3,4,0.85741,0.07567,0.28309,0.14405
4098,4,4,0.12588,0.21455,0.24323,0.42909
4099,0,4,0.56303,0.22836,0.28447,0.26104
4099,1,4,0.77387,0.14859,0.44511,0.29563
4099,2,4,0.4979,0.05668,0.09961,0.11083
4099,3,4,0.43266,0.56734,0.69585,0.56538
4101,0,3,0.54928,0.64617,0.10529,0.03136
4101,1,3,0.1987,0.92563,0.06272,0.03248
4102,0,0,0.19478,0.70945,0.06832,0.10641
4102,1,4,0.07941,0.71393,0.14001,0.18481
4102,2,4,0.41655,0.5644,0.3125,0.05152
4103,0,2,0.50015,0.5001,0.99253,0.99772
4104,0,1,0.20374,0.8181,0.40435,0.14001
4104,1,1,0.28663,0.70049,0.08177,0.02128
4104,2,4,0.37567,0.78952,0.13664,0.41887
4105,0,3,0.03404,0.90904,0.06138,0.05357
4105,1,3,0.13002,0.86607,0.04129,0.02344
4106,0,0,0.74163,0.30469,0.04799,0.12388
4106,1,0,0.78739,0.27623,0.05469,0.08705
4107,0,0,0.5084,0.29223,0.0392,0.11201
4107,1,3,0.08445,0.66297,0.10977,0.09409
4107,2,0,0.20206,0.71168,0.34274,0.57456
4107,3,2,0.79316,0.36229,0.41159,0.72457
4107,4,0,0.35943,0.60807,0.24306,0.78178
4107,5,3,0.37399,0.29783,0.07728,0.05376
4107,6,3,0.46472,0.03125,0.11537,0.06048
4107,7,3,0.53192,0.08893,0.14897,0.05488
4107,8,3,0.54088,0.22337,0.07728,0.04368
4108,0,0,0.87723,0.64453,0.09152,0.22321
4109,0,1,0.50082,0.53273,0.99627,0.21891
4109,1,0,0.5689,0.49997,0.36303,0.99797
4109,2,3,0.33601,0.15231,0.04927,0.02675
4110,0,4,0.58687,0.47756,0.8244,0.95237
4112,0,2,0.07549,0.64337,0.04704,0.02128
4112,1,0,0.05141,0.61425,0.09521,0.11089
4113,0,3,0.59933,0.3856,0.08259,0.0558
4113,1,3,0.35324,0.29297,0.04576,0.04688
4113,2,4,0.27344,0.35826,0.53795,0.13058
4115,0,1,0.25502,0.69922,0.50781,0.04688
4115,1,0,0.53795,0.67746,0.19643,0.44308
4115,2,4,0.74643,0.60432,0.50402,0.47761
4118,0,0,0.73214,0.90625,0.18527,0.17746
4119,0,4,0.90268,0.87605,0.19152,0.18178
4120,0,2,0.66998,0.61008,0.65692,0.74807
4121,0,2,0.49886,0.49552,0.9655,0.98006
4122,0,1,0.5277,0.48095,0.94251,0.09968
4122,1,4,0.27095,0.49496,0.53651,0.29794
4122,2,1,0.63889,0.1119,0.62948,0.04928
4123,0,0,0.4721,0.59099,0.29241,0.6183
4123,1,4,0.89821,0.79703,0.20045,0.14428
4125,0,4,0.50026,0.50083,0.99739,0.99516
4125,1,3,0.87374,0.18464,0.24496,0.13622
4126,0,0,0.32868,0.86105,0.03683,0.10491
4126,1,1,0.17486,0.91648,0.31135,0.04251
4127,0,3,0.46709,0.30701,0.07028,0.07474
4127,1,0,0.57976,0.53793,0.23762,0.81102
4127,2,4,0.23617,0.65674,0.41611,0.48193
4127,3,0,0.18876,0.20326,0.3726,0.34694
4129,0,0,0.89819,0.61873,0.19825,0.74485
4129,1,0,0.80802,0.1623,0.2397,0.32258
4129,2,2,0.59521,0.41151,0.08961,0.60372
4129,3,2,0.77442,0.56608,0.16577,0.48723
4129,4,3,0.38351,0.5112,0.11201,0.07504
4129,5,0,0.39415,0.55152,0.39763,0.8927
4129,6,0,0.24238,0.556,0.16353,0.3461
4129,7,1,0.46304,0.22894,0.15009,0.0392
4130,0,3,0.97461,0.90451,0.04869,0.05745
4130,1,3,0.51568,0.63945,0.04704,0.0224
4130,2,3,0.63273,0.68201,0.06832,0.01344
4130,3,3,0.47928,0.58737,0.02576,0.02128
4130,4,3,0.49888,0.59969,0.02912,0.01456
4130,5,3,0.53248,0.59073,0.056,0.03024
4130,6,0,0.24854,0.75594,0.04368,0.47715
4130,7,0,0.68676,0.62938,0.62441,0.22403
4131,0,0,0.50572,0.50681,0.20719,0.98431
4131,1,4,0.18087,0.35448,0.35822,0.70896
4131,2,4,0.84988,0.14938,0.29816,0.23877
4131,3,0,0.79418,0.31513,0.40865,0.47962
4132,0,0,0.34661,0.42358,0.36033,0.69612
4132,1,3,0.50223,0.03871,0.15395,0.0647
4132,2,4,0.27242,0.42414,0.54217,0.67046
4133,0,4,0.50079,0.48436,0.99656,0.96527
4135,0,4,0.15278,0.42014,0.30556,0.16389
4135,1,4,0.11875,0.25309,0.2375,0.10632
4136,0,1,0.75874,0.62993,0.11873,0.0168
4136,1,1,0.94579,0.61313,0.04928,0.01232
4137,0,2,0.49925,0.52574,0.9976,0.94643
4138,0,4,0.22954,0.89905,0.23364,0.19877
4138,1,4,0.41034,0.92916,0.08557,0.13855
4138,2,4,0.76533,0.92609,0.43806,0.1447
4139,0,3,0.60697,0.22502,0.04144,0.00672
4139,1,4,0.15864,0.67385,0.31391,0.59122
4139,2,4,0.43238,0.35198,0.21589,0.03192
4140,0,3,0.78618,0.60529,0.05488,0.02352
4140,1,3,0.92731,0.64449,0.08849,0.0168
4140,2,3,0.88922,0.60697,0.15569,0.04704
4140,3,3,0.68705,0.60417,0.06048,0.02576
4140,4,3,0.63945,0.56888,0.03696,0.02016
4140,5,3,0.67643,0.56053,0.03191,0.01783
4141,0,1,0.56491,0.19817,0.86833,0.06234
4141,1,4,0.49991,0.58063,0.99832,0.79314
4143,0,0,0.4805,0.78952,0.09989,0.41887
4143,1,0,0.22832,0.71021,0.08164,0.06944
4144,0,4,0.68283,0.49315,0.63225,0.98428
4144,1,3,0.43647,0.12454,0.08929,0.05495
4145,0,4,0.8971,0.85227,0.20268,0.08065
4145,1,3,0.3856,0.72489,0.07254,0.06473
4145,2,4,0.90882,0.77147,0.17924,0.06192
4145,3,4,0.73802,0.6692,0.52084,0.26487
4146,0,0,0.21094,0.07031,0.05357,0.06362
4146,1,4,0.95504,0.08449,0.08866,0.04064
4146,2,3,0.11343,0.08623,0.12847,0.05903
4147,0,4,0.18266,0.83048,0.20326,0.33324
4148,0,3,0.59185,0.5112,0.23746,0.14001
4148,1,0,0.28495,0.47424,0.18145,0.88822
4148,2,2,0.69069,0.60415,0.50234,0.78962
4149,0,0,0.43585,0.51715,0.4281,0.96037
4149,1,0,0.67658,0.24022,0.0686,0.30742
4149,2,0,0.9197,0.42561,0.15851,0.58927
4149,3,0,0.80551,0.36535,0.1156,0.33155
4150,0,4,0.05253,0.94803,0.10417,0.09969
4150,1,4,0.33535,0.24798,0.12321,0.08401
4151,0,2,0.77604,0.93287,0.16204,0.10417
4151,1,2,0.34664,0.59433,0.07176,0.07292
4152,0,2,0.36343,0.66204,0.31597,0.25926
4152,1,2,0.10446,0.68058,0.20891,0.17829
4152,2,3,0.94213,0.34664,0.06366,0.03356
4152,3,3,0.31539,0.40683,0.0625,0.04282
4153,0,3,0.49248,0.41493,0.19676,0.08449
4153,1,3,0.54456,0.48958,0.125,0.09259
4153,2,3,0.74711,0.5434,0.07176,0.05903
4153,3,3,0.84838,0.82118,0.16088,0.20255
4153,4,3,0.86204,0.42225,0.27384,0.19636
4154,0,3,0.35069,0.57639,0.21181,0.08796
4154,1,0,0.37674,0.67998,0.10185,0.23495
4154,2,3,0.25231,0.89815,0.3044,0.1875
4155,0,1,0.49248,0.50752,0.5787,0.13079
4155,1,1,0.49132,0.62789,0.76852,0.12384
4155,2,1,0.89468,0.48264,0.19329,0.08333
4156,0,3,0.39757,0.53183,0.15278,0.09375
4156,1,3,0.18287,0.76852,0.28819,0.16204
4157,0,2,0.32697,0.73322,0.34259,0.34375
4157,1,2,0.37963,0.48785,0.15162,0.1169
4157,2,3,0.10532,0.89757,0.1794,0.1794
4161,0,4,0.17043,0.6359,0.34086,0.41532
4163,0,2,0.14988,0.57812,0.16435,0.27662
4168,0,4,0.71215,0.60867,0.57361,0.52984
4169,0,4,0.82616,0.60991,0.3456,0.41657
4169,1,4,0.29051,0.62963,0.47801,0.40509
4170,0,1,0.45833,0.34954,0.21644,0.0625
4171,0,4,0.15046,0.71644,0.28819,0.37963
4172,0,3,0.97164,0.75174,0.05093,0.06134
4172,1,0,0.50289,0.76968,0.14815,0.20139
4173,0,3,0.31076,0.59317,0.03704,0.02431
4176,0,1,0.44907,0.56597,0.39699,0.06944
4176,1,1,0.47917,0.69792,0.6794,0.06713
4177,0,0,0.45949,0.64352,0.20255,0.45602
4178,0,3,0.37384,0.62674,0.25347,0.24421
4179,0,4,0.40914,0.87847,0.14352,0.07639
4179,1,4,0.65856,0.87558,0.19329,0.23958
4179,2,4,0.25405,0.64468,0.10185,0.09954
4180,0,4,0.17593,0.73843,0.32986,0.41898
4180,1,2,0.83391,0.85706,0.23611,0.14931
4180,2,4,0.4647,0.72801,0.21759,0.2338
4181,0,4,0.14294,0.69155,0.26157,0.19792
4184,0,1,0.61343,0.5735,0.58218,0.0544
4187,0,4,0.28299,0.67072,0.26157,0.23032
4189,0,3,0.60417,0.39468,0.25347,0.13426
4189,1,3,0.8235,0.40914,0.1875,0.10532
4189,2,4,0.22193,0.69986,0.44387,0.45528
4191,0,0,0.58681,0.489,0.29051,0.40856
4192,0,2,0.40162,0.50926,0.5081,0.27315
4192,1,2,0.86227,0.58449,0.24884,0.21296
4192,2,3,0.55035,0.25463,0.13657,0.11111
4193,0,2,0.87187,0.54976,0.25417,0.22915
4193,1,2,0.68981,0.67419,0.22801,0.23495
4193,2,3,0.4456,0.67072,0.15394,0.06366
4194,0,3,0.43692,0.76447,0.17824,0.01273
4195,0,3,0.92859,0.67952,0.14074,0.17386
4195,1,3,0.09722,0.67245,0.17245,0.12963
4196,0,3,0.43634,0.71933,0.86227,0.14236
4196,1,3,0.64699,0.47454,0.05903,0.06019
4196,2,3,0.57465,0.41782,0.02083,0.03009
4197,0,3,0.0897,0.45312,0.09722,0.05903
4197,1,3,0.22627,0.45544,0.0787,0.06366
4198,0,3,0.3397,0.39757,0.15046,0.06829
4198,1,3,0.75637,0.54977,0.10417,0.13889
4199,0,0,0.84954,0.66667,0.05208,0.22454
4199,1,0,0.76215,0.85995,0.11806,0.23148
4200,0,4,0.73727,0.73958,0.45949,0.50231
4200,1,4,0.27257,0.69907,0.3588,0.3588
4202,0,4,0.38831,0.71991,0.67824,0.51852
4202,1,3,0.93669,0.57419,0.12454,0.16922
4202,2,3,0.26157,0.26447,0.16319,0.09144
4202,3,3,0.70312,0.35243,0.14815,0.08449
4203,0,3,0.28299,0.2772,0.04167,0.03356
4205,0,3,0.41435,0.48958,0.20023,0.07639
4206,0,3,0.44618,0.45428,0.1713,0.04514
4206,1,3,0.75521,0.5544,0.09259,0.03704
4208,0,1,0.58912,0.55324,0.41319,0.0787
4209,0,2,0.45949,0.65567,0.69329,0.17245
4210,0,1,0.81481,0.35012,0.2419,0.09375
4210,1,1,0.77083,0.2581,0.34375,0.01389
4210,2,3,0.67535,0.2963,0.125,0.05093
4210,3,4,0.59896,0.21123,0.18519,0.02894
4210,4,1,0.39352,0.35069,0.12384,0.02315
4210,5,1,0.52315,0.57639,0.93866,0.20139
4215,0,3,0.74826,0.56887,0.13426,0.06829
4215,1,3,0.58507,0.50116,0.1088,0.0625
4220,0,2,0.86435,0.74409,0.26921,0.24975
4220,1,3,0.71412,0.76505,0.09144,0.1088
4220,2,3,0.80955,0.96013,0.09479,0.07766
4220,3,3,0.45486,0.4103,0.29745,0.05671
4221,0,3,0.58738,0.52604,0.24769,0.08681
4221,1,3,0.14641,0.73785,0.14352,0.09375
4223,0,3,0.39815,0.72859,0.15162,0.14005
4223,1,3,0.20139,0.58623,0.06597,0.04745
4223,2,3,0.125,0.54688,0.08218,0.07292
4224,0,3,0.79225,0.30035,0.30556,0.22106
4225,0,0,0.7662,0.57812,0.45023,0.52199
4227,0,3,0.73669,0.42535,0.125,0.06134
4227,1,3,0.35822,0.50926,0.31713,0.18056
4229,0,3,0.66377,0.61458,0.18287,0.18519
4233,0,2,0.14207,0.83469,0.28414,0.2643
4235,0,3,0.80648,0.63372,0.38495,0.45263
4235,1,3,0.10041,0.48166,0.20081,0.10683
4235,2,3,0.07263,0.40474,0.14525,0.06179
4235,3,3,0.07494,0.56466,0.14988,0.09923
4235,4,3,0.36053,0.27951,0.18287,0.08449
4235,5,3,0.87153,0.34028,0.14236,0.06481
4236,0,3,0.71065,0.42824,0.15625,0.07407
4236,1,3,0.53241,0.39641,0.07755,0.09606
4236,2,3,0.68866,0.84896,0.46412,0.29282
4237,0,3,0.25868,0.49884,0.26157,0.14352
4241,0,3,0.34317,0.46238,0.27315,0.22801
4242,0,3,0.57465,0.43287,0.11111,0.125
4242,1,3,0.43692,0.58275,0.21528,0.14468
4242,2,3,0.19444,0.6412,0.20255,0.13657
4242,3,3,0.72801,0.38484,0.13079,0.09144
4242,4,3,0.46991,0.40741,0.12847,0.11111
4242,5,3,0.08507,0.92882,0.15509,0.12153
4243,0,0,0.79491,0.71275,0.4081,0.36763
4243,1,2,0.44502,0.48611,0.29167,0.13426
4244,0,1,0.40394,0.6169,0.27662,0.0787
4245,0,2,0.41146,0.66377,0.28472,0.14236
4245,1,4,0.16782,0.45775,0.28356,0.13079
4245,2,0,0.50637,0.40683,0.11806,0.1331
4245,3,0,0.67535,0.7037,0.09028,0.12269
4245,4,1,0.4728,0.49942,0.27315,0.03356
4245,5,1,0.84606,0.46759,0.27431,0.04861
4247,0,2,0.12384,0.59664,0.23727,0.38773
4247,1,2,0.57697,0.41204,0.22454,0.18981
4253,0,1,0.45891,0.5544,0.44676,0.04167
4254,0,2,0.75637,0.64699,0.32639,0.27546
4255,0,3,0.54688,0.41088,0.05787,0.06713
4256,0,2,0.80845,0.88947,0.28704,0.1956
4256,1,2,0.18171,0.69676,0.32292,0.1088
4257,0,1,0.63171,0.71985,0.73449,0.0485
4258,0,1,0.89641,0.47454,0.19444,0.03935
4260,0,0,0.39005,0.69502,0.11458,0.46644
4260,1,0,0.93148,0.71354,0.13495,0.04744
4262,0,1,0.24421,0.77488,0.47801,0.04745
4262,1,0,0.90509,0.75231,0.07986,0.06481
4265,0,3,0.9456,0.66898,0.07292,0.05556
4265,1,1,0.49363,0.60417,0.56019,0.06713
4265,2,1,0.82465,0.53299,0.34722,0.03125
4265,3,3,0.65394,0.51852,0.03588,0.02778
4267,0,2,0.10619,0.72801,0.21238,0.15972
4267,1,4,0.34433,0.44213,0.25,0.1875
4267,2,4,0.60359,0.38194,0.11343,0.07407
4268,0,3,0.36169,0.74306,0.29167,0.28472
4268,1,3,0.10706,0.57812,0.17824,0.16551
4268,2,3,0.25579,0.49711,0.20023,0.22569
4268,3,3,0.41146,0.46238,0.17593,0.27662
4269,0,3,0.58854,0.44792,0.05324,0.01852
4270,0,0,0.85475,0.48206,0.19213,0.14699
4271,0,0,0.29919,0.74653,0.29861,0.38194
4274,0,0,0.69949,0.78999,0.59458,0.41794
4275,0,0,0.43171,0.67419,0.10301,0.28588
4275,1,2,0.90336,0.51736,0.13194,0.10417
4275,2,2,0.73553,0.75579,0.16204,0.24769
4276,0,3,0.13426,0.78877,0.17477,0.28588
4276,1,4,0.72512,0.90914,0.19444,0.17708
4278,0,2,0.28993,0.70255,0.22454,0.16435
4278,1,3,0.71296,0.78241,0.07755,0.03241
4278,2,3,0.95611,0.8088,0.08466,0.13613
4278,3,2,0.2309,0.9265,0.28009,0.08912
4280,0,0,0.23063,0.88547,0.1348,0.22697
4280,1,1,0.4022,0.56308,0.06713,0.01042
4281,0,1,0.6765,0.66262,0.53241,0.04977
4283,0,0,0.59838,0.74942,0.28588,0.24884
4284,0,0,0.40104,0.42014,0.05093,0.0787
4286,0,1,0.32726,0.88252,0.65451,0.05208
4286,1,1,0.80127,0.75256,0.39537,0.05605
4287,0,1,0.31047,0.57836,0.62095,0.07803
4287,1,1,0.79201,0.61171,0.41389,0.06601
4287,2,1,0.87361,0.47062,0.25069,0.05235
4287,3,1,0.60938,0.46123,0.12963,0.03588
4287,4,1,0.64815,0.3831,0.22801,0.03704
4288,0,3,0.86863,0.45949,0.24769,0.18287
4288,1,3,0.89815,0.88426,0.14931,0.21991
4288,2,3,0.72512,0.31076,0.08565,0.06366
4288,3,3,0.511,0.32928,0.1713,0.05671
4288,4,2,0.48495,0.71759,0.26505,0.21065
4288,5,3,0.22859,0.90336,0.31481,0.18403
4290,0,1,0.65162,0.71181,0.60764,0.0625
4291,0,3,0.24653,0.38021,0.09838,0.09144
4294,0,4,0.88831,0.62558,0.2037,0.04514
4294,1,3,0.20949,0.7691,0.03588,0.04051
4295,0,2,0.27257,0.53762,0.28935,0.26736
4295,1,2,0.08102,0.64583,0.15625,0.09491
4295,2,2,0.08275,0.85185,0.14352,0.17824
4295,3,3,0.44213,0.20949,0.04282,0.04398
4296,0,0,0.30961,0.64178,0.21991,0.36227
4297,0,3,0.32812,0.75984,0.13426,0.21644
4297,1,3,0.40162,0.44734,0.09838,0.22106
4297,2,0,0.56424,0.45312,0.11806,0.18403
4297,3,1,0.70405,0.62269,0.58981,0.05787
4297,4,4,0.09606,0.5463,0.16782,0.16667
4297,5,4,0.23958,0.47106,0.16551,0.13426
4297,6,4,0.54572,0.73843,0.34722,0.21528
4298,0,2,0.94479,0.70742,0.10833,0.11623
4298,1,2,0.92975,0.60694,0.13843,0.17454
4300,0,3,0.5978,0.68171,0.0787,0.08565
4300,1,1,0.27257,0.72801,0.45833,0.05787
4301,0,2,0.30671,0.86632,0.60301,0.25347
4301,1,2,0.45544,0.59722,0.20833,0.13426
4303,0,2,0.17245,0.75289,0.32986,0.46644
4304,0,3,0.53414,0.43808,0.30324,0.16551
4305,0,4,0.62211,0.78067,0.30324,0.40394
4310,0,1,0.90486,0.73796,0.18819,0.10787
4310,1,1,0.739,0.50752,0.14815,0.04977
4311,0,0,0.79954,0.61868,0.39884,0.48736
4311,1,0,0.34144,0.57292,0.23958,0.37731
4312,0,3,0.1331,0.38021,0.24884,0.1794
4312,1,4,0.74595,0.32755,0.44213,0.15972
4316,0,3,0.33044,0.50984,0.53935,0.39236
4316,1,3,0.87824,0.58139,0.24144,0.21139
4316,2,3,0.14641,0.27373,0.15972,0.13079
4317,0,3,0.34028,0.56424,0.34375,0.1794
4317,1,3,0.68461,0.77199,0.1412,0.13889
4317,2,3,0.83044,0.75405,0.14583,0.22338
4317,3,3,0.61169,0.48495,0.18287,0.15046
4317,4,3,0.50347,0.41725,0.19097,0.1169
4318,0,3,0.56481,0.55671,0.04282,0.03472
4318,1,3,0.62674,0.614,0.04861,0.04514
4318,2,3,0.65799,0.65104,0.0463,0.02431
4318,3,3,0.69792,0.70949,0.07523,0.07176
4318,4,3,0.88079,0.886,0.22106,0.17245
4322,0,3,0.60069,0.45602,0.15394,0.0625
4322,1,3,0.90312,0.45986,0.19167,0.07017
4322,2,3,0.84954,0.4103,0.10995,0.04977
4324,0,1,0.54282,0.68113,0.65856,0.04514
4324,1,1,0.90949,0.64858,0.17894,0.0518
4329,0,2,0.31944,0.51968,0.35764,0.3588
4329,1,2,0.66898,0.5463,0.30903,0.29398
4329,2,2,0.83681,0.40394,0.20255,0.13657
4329,3,2,0.89502,0.65424,0.20787,0.27606
4330,0,3,0.19184,0.70416,0.38368,0.36896
4330,1,3,0.39525,0.38368,0.27778,0.1794
4330,2,3,0.5434,0.24537,0.125,0.09722
4330,3,3,0.84838,0.46759,0.19792,0.18981
4331,0,1,0.49363,0.77083,0.49769,0.0463
4331,1,0,0.44213,0.89988,0.3044,0.17708
4332,0,4,0.22135,0.51389,0.44271,0.43519
4335,0,3,0.77488,0.55613,0.33333,0.3044
4336,0,4,0.84268,0.61397,0.31152,0.26267
4336,1,3,0.07523,0.63194,0.10995,0.0787
4340,0,3,0.10243,0.38715,0.13889,0.13542
4340,1,3,0.22975,0.24363,0.12037,0.07755
4340,2,3,0.06192,0.64468,0.12269,0.21065
4341,0,4,0.5559,0.72388,0.88611,0.48049
4341,1,4,0.53993,0.40972,0.56713,0.10185
4341,2,3,0.53356,0.28588,0.20255,0.06481
4341,3,3,0.90972,0.39525,0.12616,0.10532
4344,0,3,0.44329,0.57812,0.1331,0.08449
4346,0,0,0.51447,0.78125,0.16435,0.40046
4348,0,0,0.8015,0.83275,0.39352,0.32523
4349,0,3,0.47685,0.53183,0.14236,0.09838
4349,1,3,0.31134,0.4537,0.12153,0.09028
4349,2,3,0.39583,0.40394,0.06829,0.05093
4349,3,3,0.74826,0.48438,0.08796,0.0706
4349,4,3,0.65451,0.45718,0.09259,0.05787
4350,0,1,0.50694,0.67766,0.73032,0.04977
4352,0,0,0.20349,0.69682,0.36737,0.60427
4352,1,4,0.37752,0.25217,0.34226,0.13393
4352,2,4,0.9146,0.17867,0.16872,0.2067
4352,3,4,0.4399,0.09192,0.15568,0.17743
4352,4,4,0.5991,0.0783,0.14865,0.15659
4352,5,4,0.7524,0.05414,0.13736,0.09501
4353,0,2,0.3211,0.40055,0.3315,0.41381
4353,1,4,0.21365,0.76863,0.3818,0.18061
4360,0,3,0.21278,0.32767,0.08847,0.06434
4360,1,4,0.66085,0.40924,0.39177,0.2045
4360,2,4,0.24552,0.62983,0.3171,0.50322
4362,0,0,0.27163,0.17147,0.11218,0.3022
4362,1,0,0.07761,0.22012,0.1179,0.14538
4363,0,4,0.93864,0.33488,0.12064,0.09788
4366,0,3,0.11282,0.80159,0.1597,0.07008
4367,0,0,0.8424,0.9543,0.07244,0.08828
4369,0,4,0.18275,0.53334,0.3655,0.77867
4369,1,3,0.41644,0.32772,0.06983,0.04922
4369,2,4,0.74725,0.67113,0.31479,0.28732
4369,3,4,0.49485,0.17147,0.24038,0.1076
4369,4,4,0.86423,0.28017,0.26945,0.22196
4371,0,0,0.52804,0.36607,0.16941,0.36401
4371,1,0,0.90888,0.14343,0.18016,0.23695
4371,2,0,0.27392,0.42731,0.11447,0.20032
4371,3,0,0.39469,0.77988,0.1614,0.41781
4371,4,4,0.69059,0.7524,0.2152,0.17514
4373,0,0,0.54522,0.19322,0.13278,0.25641
4373,1,0,0.73523,0.21497,0.14423,0.24954
4373,2,2,0.91575,0.23327,0.16643,0.2083
4373,3,3,0.73008,0.40327,0.34455,0.14309
4373,4,1,0.90945,0.62692,0.17902,0.08213
4373,5,0,0.40556,0.45421,0.16941,0.58608
4373,6,4,0.35348,0.05815,0.14995,0.11447
4373,7,2,0.39469,0.82738,0.73603,0.19918
4374,0,0,0.08505,0.30025,0.08929,0.05838
4376,0,4,0.44113,0.19993,0.25377,0.3578
4376,1,4,0.26166,0.52801,0.38409,0.4401
4377,0,0,0.63278,0.30197,0.08127,0.17628
4377,1,0,0.85107,0.27201,0.29578,0.37964
4377,2,3,0.95238,0.47931,0.09317,0.11201
4377,3,0,0.15373,0.73523,0.19689,0.52541
4377,4,0,0.50343,0.60989,0.06296,0.38462
4377,5,0,0.63107,0.71062,0.14881,0.56548
4377,6,3,0.38553,0.10794,0.04693,0.02862
4377,7,0,0.54178,0.14801,0.08242,0.18201
4379,0,3,0.45884,0.30007,0.2369,0.20161
4381,0,1,0.54006,0.8869,0.77724,0.15339
4383,0,4,0.55037,0.75069,0.5071,0.24267
4384,0,1,0.49086,0.37997,0.94765,0.0823
4384,1,1,0.43027,0.03246,0.10631,0.02972
4389,0,2,0.76272,0.80155,0.47144,0.24694
4390,0,3,0.51344,0.2211,0.37634,0.43347
4390,1,3,0.76966,0.72513,0.44523,0.51411
4391,0,1,0.39223,0.52018,0.78446,0.11989
4391,1,1,0.58356,0.20582,0.7864,0.0641
4391,2,1,0.9146,0.54736,0.16872,0.08098
4394,0,0,0.56672,0.02956,0.03885,0.04899
4396,0,0,0.15717,0.53835,0.29075,0.60554
4397,0,2,0.20793,0.21509,0.41587,0.2493
4397,1,0,0.52404,0.07303,0.18429,0.13049
4397,2,0,0.76328,0.2682,0.13622,0.33539
4397,3,0,0.46108,0.30025,0.07212,0.14309
4397,4,0,0.59615,0.29224,0.0973,0.23237
4397,5,4,0.93177,0.48575,0.13437,0.23477
4397,6,3,0.15259,0.42617,0.2152,0.14538
4397,7,4,0.52576,0.62248,0.12821,0.21291
4397,8,4,0.23272,0.85142,0.23123,0.26786
4397,9,4,0.73752,0.77473,0.15339,0.29991
4397,10,0,0.77301,0.03068,0.05723,0.05723
4397,11,4,0.94837,0.0615,0.10118,0.10515
4398,0,0,0.53414,0.27894,0.07176,0.41204
4398,1,2,0.05671,0.1412,0.10764,0.08796
4400,0,4,0.43175,0.85836,0.32378,0.28015
4402,0,4,0.39988,0.45428,0.49537,0.38773
4402,1,4,0.21123,0.0735,0.33565,0.09606
4404,0,0,0.70948,0.49141,0.26671,0.87798
4404,1,0,0.12683,0.68258,0.23466,0.44528
4404,2,0,0.29167,0.30826,0.18429,0.2919
4404,3,4,0.44734,0.30941,0.17972,0.23695
4404,4,4,0.37866,0.10852,0.28274,0.10531
4404,5,0,0.12511,0.2413,0.16484,0.12363
4404,6,1,0.1978,0.32486,0.22779,0.03434
4404,7,4,0.5601,0.02495,0.20147,0.03434
4405,0,2,0.73889,0.64572,0.52014,0.59364
4405,1,2,0.20353,0.25103,0.36287,0.32395
4405,2,2,0.87031,0.16461,0.24496,0.22894
4405,3,3,0.54452,0.2127,0.18649,0.21505
4405,4,3,0.26394,0.70581,0.45531,0.54267
4406,0,0,0.35234,0.83826,0.0744,0.3125
4407,0,0,0.35119,0.7587,0.13851,0.45788
4410,0,3,0.41515,0.17742,0.06216,0.02688
4413,0,3,0.6717,0.55552,0.17056,0.14538
4413,1,0,0.4565,0.47825,0.15224,0.4098
4413,2,2,0.81593,0.70089,0.26442,0.35371
4413,3,2,0.65911,0.30025,0.22779,0.25069
4413,4,0,0.80242,0.31154,0.39307,0.461
4413,5,0,0.4897,0.29224,0.10646,0.49107
4413,6,4,0.15659,0.51832,0.29647,0.56777
4416,0,4,0.41358,0.76385,0.15797,0.06525
4416,1,4,0.69746,0.70948,0.23581,0.13736
4416,2,0,0.86457,0.74999,0.26878,0.18748
4418,0,0,0.59191,0.84352,0.11144,0.29871
4419,0,0,0.25446,0.77759,0.19918,0.44071
4420,0,4,0.66518,0.27423,0.59671,0.45382
4420,1,4,0.34797,0.52286,0.57956,0.45953
4421,0,2,0.17645,0.4241,0.35291,0.30837
4421,1,3,0.68145,0.16986,0.57796,0.22009
4421,2,3,0.69237,0.61005,0.60316,0.667
4421,3,2,0.59913,0.8461,0.28898,0.23858
4423,0,1,0.64918,0.03761,0.68587,0.04001
4423,1,4,0.74125,0.3217,0.51565,0.42072
4423,2,4,0.38797,0.71091,0.52926,0.22977
4423,3,4,0.25137,0.22337,0.44124,0.29492
4425,0,0,0.19609,0.40041,0.07555,0.15797
4428,0,2,0.61545,0.55258,0.2412,0.49154
4428,1,2,0.91843,0.42768,0.16128,0.26003
4428,2,2,0.71205,0.11477,0.21491,0.11888
4428,3,2,0.41141,0.38283,0.17147,0.22519
4429,0,0,0.68201,0.49256,0.17056,0.39492
4429,1,2,0.78846,0.85142,0.40865,0.29075
4429,2,0,0.55495,0.34318,0.15453,0.67537
4429,3,0,0.83539,0.23558,0.32395,0.43269
4429,4,4,0.39183,0.12511,0.12821,0.18887
4432,0,2,0.32824,0.392,0.37224,0.16085
4432,1,2,0.76195,0.52298,0.34812,0.30101
4432,2,3,0.41958,0.27424,0.17808,0.08387
4432,3,0,0.0544,0.69813,0.1088,0.41235
4433,0,4,0.85107,0.31354,0.29578,0.30474
4433,1,3,0.91918,0.90302,0.15956,0.18332
4433,2,2,0.73546,0.62836,0.527,0.31853
4433,3,4,0.63929,0.03594,0.13464,0.07189
4435,0,3,0.5,0.0799,0.14766,0.07784
4435,1,4,0.23958,0.43475,0.46016,0.28388
4435,2,4,0.83447,0.19837,0.32897,0.23008
4435,3,0,0.24588,0.73924,0.28503,0.5174
4435,4,0,0.87511,0.7006,0.2477,0.5523
4438,0,3,0.68372,0.4256,0.27244,0.24038
4438,1,3,0.48913,0.20238,0.19918,0.08242
4438,2,3,0.72837,0.13427,0.1946,0.08127
4438,3,3,0.48569,0.14286,0.16941,0.06639
4438,4,0,0.92182,0.90865,0.12592,0.1717
4439,0,0,0.19036,0.50916,0.35943,0.43727
4439,1,0,0.58013,0.47711,0.11103,0.48077
4440,0,4,0.81021,0.80563,0.3766,0.25412
4440,1,4,0.83024,0.67571,0.33196,0.16369
4444,0,1,0.67661,0.05247,0.50754,0.07659
4444,1,3,0.89095,0.16964,0.1406,0.08688
4444,2,3,0.89609,0.03189,0.10288,0.04687
4446,0,3,0.08276,0.36225,0.15203,0.16118
4446,1,2,0.17535,0.58116,0.19776,0.3155
4446,2,3,0.33502,0.28451,0.32997,0.27273
4446,3,2,0.49916,0.08586,0.1734,0.11448
4447,0,1,0.26419,0.94528,0.49336,0.07326
4447,1,1,0.71829,0.82766,0.56134,0.04635
4448,0,2,0.27711,0.39775,0.33892,0.16314
4448,1,3,0.48104,0.20761,0.06664,0.04021
4448,2,4,0.20473,0.13235,0.29756,0.16544
4450,0,0,0.79533,0.30254,0.27129,0.28961
4450,1,0,0.44448,0.27163,0.12592,0.25984
4450,2,1,0.231,0.31513,0.39034,0.12935
4450,3,1,0.75835,0.34629,0.48122,0.19395
4450,4,1,0.70318,0.10794,0.31364,0.07898
4450,5,1,0.35863,0.06387,0.30449,0.07097
4450,6,0,0.1341,0.60582,0.2682,0.30779
4450,7,0,0.57498,0.73695,0.25641,0.48764
4450,8,0,0.78846,0.53949,0.08356,0.17285
4450,9,0,0.9533,0.71864,0.08814,0.25183
4452,0,0,0.77873,0.66999,0.41667,0.65133
4452,1,1,0.45421,0.27908,0.71314,0.09158
4452,2,1,0.38496,0.92869,0.40064,0.12935
4453,0,4,0.56467,0.71577,0.22207,0.53686
4453,1,3,0.30483,0.11481,0.10531,0.08127
4453,2,4,0.17147,0.35062,0.27358,0.34226
4456,0,0,0.77431,0.63715,0.27431,0.71875
4456,1,3,0.11111,0.88021,0.17477,0.16551
4456,2,0,0.16782,0.60995,0.23727,0.36806
4458,0,4,0.08944,0.52108,0.17888,0.26345
4459,0,1,0.89729,0.03046,0.20358,0.03257
4459,1,1,0.52629,0.04047,0.22748,0.01829
4460,0,2,0.45536,0.25618,0.30563,0.24496
4460,1,0,0.28194,0.44677,0.087,0.21177
4460,2,2,0.17147,0.85428,0.3331,0.27816
4460,3,2,0.61676,0.87031,0.09272,0.24611
4460,4,0,0.78191,0.87597,0.09794,0.24598
4460,5,2,0.06828,0.34316,0.13656,0.18777
4460,6,4,0.80964,0.39984,0.35714,0.74748
4460,7,3,0.1791,0.13458,0.34274,0.23353
4461,0,0,0.22184,0.26935,0.10417,0.10417
4461,1,0,0.22241,0.62878,0.16712,0.58951
4461,2,3,0.66717,0.18582,0.06552,0.03024
4461,3,3,0.41599,0.26731,0.10417,0.04872
4462,0,1,0.60345,0.12449,0.79104,0.08802
4463,0,0,0.91231,0.61352,0.17329,0.3873
4463,1,0,0.27106,0.79476,0.06296,0.1614
4463,2,0,0.39526,0.50916,0.15797,0.46016
4463,3,0,0.62878,0.50401,0.13507,0.83219
4463,4,0,0.74725,0.3386,0.08814,0.3022
4463,5,0,0.92147,0.2139,0.15498,0.21763
4464,0,3,0.47185,0.73667,0.09421,0.05744
4466,0,3,0.54423,0.67291,0.07353,0.03102
4466,1,3,0.53159,0.97277,0.34697,0.0494
4466,2,3,0.5833,0.75276,0.08961,0.05974
4467,0,3,0.54883,0.67923,0.08272,0.02528
4467,1,3,0.57755,0.76367,0.1034,0.07008
4468,0,0,0.53201,0.67318,0.14975,0.4561
4469,0,4,0.63793,0.80849,0.4098,0.37889
4470,0,4,0.85903,0.93141,0.18612,0.12523
4471,0,4,0.44548,0.22911,0.5854,0.09412
4471,1,4,0.8529,0.28747,0.29143,0.27053
4473,0,4,0.3211,0.16907,0.19204,0.2572
4473,1,4,0.08219,0.59488,0.15546,0.37266
4473,2,0,0.56401,0.11191,0.0743,0.21376
4474,0,1,0.42419,0.43229,0.75463,0.15625
4474,1,2,0.49653,0.17188,0.98032,0.25579
4478,0,0,0.26992,0.6717,0.31708,0.63416
4478,1,2,0.34711,0.58065,0.13441,0.17137
4478,2,2,0.30679,0.83266,0.16465,0.25874
4478,3,3,0.34879,0.69069,0.05376,0.0588
4480,0,2,0.13828,0.58986,0.26213,0.44986
4480,1,2,0.68429,0.84741,0.18887,0.28274
4480,2,2,0.58585,0.18807,0.26213,0.18201
4480,3,0,0.61169,0.48438,0.03704,0.15394
4480,4,0,0.46123,0.489,0.19444,0.33912
4481,0,0,0.15259,0.48569,0.29533,0.72688
4482,0,3,0.6794,0.12153,0.1169,0.03241
4482,1,0,0.56539,0.17766,0.08333,0.18403
4483,0,0,0.27736,0.15774,0.08013,0.06181
4485,0,0,0.25046,0.53892,0.08127,0.28846
4487,0,2,0.70891,0.66999,0.39148,0.64675
4487,1,2,0.80334,0.1812,0.35371,0.2919
4487,2,2,0.20295,0.25962,0.32738,0.40064
4487,3,2,0.31857,0.67399,0.35943,0.40522
4487,4,2,0.48913,0.21783,0.20604,0.24382
4488,0,3,0.85371,0.36607,0.28503,0.19918
4488,1,2,0.69231,0.74554,0.60325,0.50023
4488,2,2,0.78331,0.18864,0.26328,0.13736
4488,3,3,0.49084,0.13656,0.08127,0.05151
4488,4,2,0.26394,0.17238,0.30746,0.3125
4489,0,0,0.21783,0.74038,0.10989,0.25412
4490,0,4,0.21669,0.66655,0.12134,0.25069
4491,0,0,0.24306,0.56192,0.09838,0.21644
4491,1,0,0.82407,0.37558,0.1169,0.13542
4491,2,3,0.68229,0.02199,0.12731,0.03935
4491,3,0,0.61574,0.06076,0.07755,0.08912
4492,0,3,0.72436,0.0902,0.16598,0.06639
4492,1,3,0.94951,0.23372,0.09889,0.06955
4492,2,0,0.92433,0.1809,0.14926,0.17911
4494,0,0,0.54291,0.56003,0.19457,0.87785
4494,1,4,0.84627,0.67857,0.26099,0.21978
4494,2,4,0.21841,0.3655,0.28274,0.49565
4494,3,4,0.06141,0.6979,0.12283,0.20349
4494,4,4,0.83619,0.20403,0.32554,0.23911
4495,0,4,0.57669,0.6883,0.16827,0.39492
4496,0,3,0.6076,0.10565,0.25527,0.09043
4496,1,0,0.31342,0.51087,0.21177,0.63988
4496,2,0,0.78331,0.70204,0.2381,0.5071
4496,3,0,0.4731,0.1978,0.09844,0.13965
4496,4,4,0.73065,0.40385,0.16255,0.09844
4496,5,3,0.74782,0.25218,0.36458,0.20329
4497,0,4,0.85837,0.33653,0.13946,0.17833
4497,1,4,0.30338,0.39826,0.22977,0.25606
4497,2,4,0.60345,0.51829,0.22862,0.40238
4499,0,4,0.2934,0.62037,0.23611,0.24074
4499,1,4,0.19662,0.8571,0.08939,0.10525
4499,2,4,0.40856,0.10243,0.07523,0.06597
4499,3,4,0.43103,0.28264,0.1734,0.14167
4499,4,4,0.48741,0.46566,0.12935,0.20604
4499,5,4,0.69288,0.33345,0.37088,0.39721
4499,6,3,0.6139,0.14228,0.15339,0.08585
4499,7,3,0.67163,0.86037,0.1968,0.27231
4499,8,4,0.53192,0.87269,0.14602,0.25
4499,9,4,0.94074,0.79759,0.11644,0.08824
4499,10,0,0.94036,0.38223,0.1172,0.19946
4499,11,4,0.75584,0.0364,0.05266,0.02747
4499,12,4,0.64309,0.06902,0.18658,0.11561
4499,13,3,0.67053,0.39804,0.35114,0.44019
4502,0,2,0.30338,0.38912,0.47668,0.21719
4502,1,2,0.57202,0.68519,0.22291,0.30178
4505,0,4,0.0696,0.1543,0.13622,0.28388
4505,1,4,0.91464,0.24942,0.17072,0.06829
4505,2,4,0.38948,0.04904,0.20136,0.0871
4505,3,1,0.79375,0.51958,0.41042,0.10165
4505,4,1,0.27257,0.47627,0.52546,0.03588
4505,5,0,0.69717,0.17353,0.12534,0.15063
4505,6,4,0.84259,0.10475,0.0544,0.03588
4505,7,4,0.69918,0.02266,0.19574,0.0435
4506,0,0,0.3152,0.60207,0.16396,0.30367
4507,0,0,0.63021,0.13947,0.05324,0.0706
4507,1,0,0.81539,0.63426,0.34954,0.71759
4507,2,0,0.13831,0.19039,0.27546,0.32292
4507,3,4,0.83796,0.0544,0.29051,0.06944
4508,0,3,0.65023,0.3559,0.69745,0.38079
4508,1,3,0.81424,0.07581,0.20833,0.09375
4510,0,0,0.64062,0.72454,0.28241,0.5463
4510,1,0,0.57901,0.24686,0.14991,0.1766
4510,2,0,0.68386,0.10382,0.09872,0.12338
4510,3,1,0.54636,0.03125,0.23123,0.04693
4510,4,0,0.84913,0.11415,0.13622,0.11429
4510,5,3,0.91528,0.5162,0.16736,0.46296
4511,0,0,0.22685,0.21354,0.11227,0.07755
4513,0,3,0.56597,0.10012,0.12847,0.06366
4513,1,3,0.51389,0.06597,0.16551,0.06481
4514,0,0,0.86516,0.61111,0.20602,0.77315
4514,1,2,0.28634,0.80379,0.57269,0.38143
4514,2,2,0.50459,0.4668,0.44986,0.36172
4514,3,0,0.60302,0.19895,0.26671,0.21062
4514,4,0,0.18292,0.46566,0.35142,0.27244
4514,5,0,0.9098,0.16575,0.1614,0.1076
4514,6,0,0.79921,0.13447,0.09023,0.17403
4517,0,2,0.15602,0.51717,0.30449,0.57921
4517,1,2,0.8608,0.55445,0.27632,0.51182
4518,0,2,0.72779,0.37294,0.12248,0.05495
4518,1,3,0.34432,0.09535,0.0538,0.02862
4518,2,3,0.49657,0.09821,0.0538,0.02289
4518,3,3,0.55895,0.14973,0.16026,0.05037
4520,0,0,0.24702,0.22299,0.24611,0.06181
4520,1,3,0.58642,0.22814,0.20147,0.09501
4520,2,3,0.20094,0.66465,0.38978,0.46371
4520,3,3,0.46388,0.36559,0.23353,0.17473
4520,4,3,0.78562,0.10601,0.39315,0.14953
4520,5,4,0.84358,0.23538,0.28058,0.16969
4522,0,1,0.26076,0.74783,0.10875,0.14538
4524,0,4,0.82853,0.0736,0.269,0.14538
4524,1,3,0.36722,0.42502,0.34226,0.22779
4524,2,3,0.38897,0.26992,0.28045,0.14881
4524,3,4,0.79212,0.31409,0.41368,0.26006
4524,4,4,0.12895,0.40362,0.2579,0.54761
4524,5,4,0.64766,0.77186,0.18658,0.43842
4527,0,2,0.31618,0.72174,0.40556,0.17233
4528,0,2,0.28251,0.53606,0.51397,0.25984
4528,1,2,0.21497,0.84684,0.25527,0.24496
4528,2,2,0.7698,0.68298,0.45832,0.5926
4529,0,3,0.7919,0.14858,0.14766,0.04808
4529,1,0,0.93384,0.04785,0.12248,0.06868
4529,2,3,0.81937,0.05815,0.07898,0.05037
4529,3,4,0.40041,0.5704,0.79098,0.84592
4534,0,2,0.2415,0.54653,0.42624,0.20335
4534,1,2,0.1582,0.24609,0.2068,0.13557
4535,0,2,0.7738,0.57783,0.45031,0.47159
4535,1,3,0.71635,0.31055,0.07898,0.0538
4535,2,2,0.70032,0.16174,0.25755,0.24382
4535,3,2,0.91724,0.13656,0.15797,0.23237
4537,0,1,0.3251,0.46456,0.37151,0.09602
4539,0,3,0.62592,0.09135,0.10646,0.05495
4539,1,2,0.2516,0.3987,0.34226,0.64446
4539,2,2,0.8318,0.52177,0.33431,0.67527
4542,0,0,0.23558,0.52919,0.21635,0.42239
4545,0,3,0.63787,0.76942,0.06549,0.02872
4546,0,4,0.11178,0.69991,0.22356,0.34651
4546,1,4,0.39068,0.17834,0.19918,0.3022
4546,2,3,0.79705,0.14057,0.03892,0.02289
4546,3,3,0.86516,0.18922,0.08127,0.02862
4546,4,4,0.69631,0.33803,0.23123,0.25984
4546,5,4,0.82967,0.71577,0.33082,0.45673
4550,0,0,0.65611,0.35537,0.19169,0.16758
4550,1,0,0.8478,0.72957,0.09527,0.14233
4551,0,2,0.37626,0.27946,0.21044,0.29293
4551,1,3,0.1633,0.37121,0.19192,0.23064
4551,2,3,0.38131,0.08418,0.18687,0.07407
4551,3,1,0.45118,0.0202,0.30303,0.0404
4551,4,0,0.28704,0.64646,0.15993,0.26263
4551,5,1,0.81098,0.37302,0.37618,0.24436
4551,6,1,0.84381,0.03782,0.31052,0.06554
4552,0,2,0.40525,0.37035,0.54189,0.30918
4555,0,3,0.65709,0.75706,0.64348,0.44019
4555,1,3,0.48992,0.08585,0.19153,0.16297
4555,2,3,0.7495,0.04133,0.14617,0.07728
4555,3,3,0.54704,0.41851,0.22849,0.29402
4555,4,3,0.80158,0.35047,0.38138,0.20497
4555,5,3,0.29503,0.33451,0.22177,0.40827
4559,0,1,0.2766,0.84991,0.55319,0.04818
4562,0,3,0.10938,0.26142,0.13945,0.09409
4562,1,2,0.55292,0.27319,0.82829,0.09073
4562,2,3,0.87718,0.55544,0.15625,0.15121
4562,3,2,0.7957,0.75454,0.38642,0.29402
4562,4,3,0.29167,0.60753,0.19489,0.2621
4562,5,2,0.36055,0.69909,0.65524,0.52251
4562,6,1,0.563,0.4916,0.81821,0.08065
4563,0,2,0.85073,0.94382,0.28923,0.10638
4565,0,2,0.59241,0.50084,0.5746,0.72749
4565,1,2,0.32107,0.62601,0.55612,0.71909
4565,2,2,0.68565,0.10265,0.52923,0.16297
4567,0,1,0.7369,0.62181,0.33938,0.21001
4567,1,2,0.19086,0.71253,0.27554,0.44523
4567,2,2,0.73606,0.82846,0.46203,0.31418
4567,3,3,0.77722,0.19002,0.36962,0.36122
4567,4,3,0.30763,0.17322,0.15289,0.10921
4567,5,2,0.70245,0.40339,0.35786,0.32762
4569,0,1,0.68323,0.61463,0.22256,0.33635
4569,1,3,0.45566,0.05907,0.0753,0.03179
4569,2,3,0.59622,0.07999,0.0753,0.04685
4569,3,1,0.84806,0.50084,0.23092,0.07195
4570,0,2,0.51488,0.84729,0.20596,0.30229
4571,0,3,0.73188,0.87899,0.5236,0.23604
4571,1,2,0.87982,0.94714,0.19448,0.08976
4571,2,3,0.60306,0.70362,0.1762,0.08145
4572,0,1,0.18833,0.84408,0.27427,0.06649
4574,0,2,0.66705,0.91307,0.26097,0.15126
4576,0,3,0.43028,0.74866,0.19321,0.20161
4576,1,1,0.65793,0.65709,0.25874,0.05544
4577,0,0,0.89073,0.45346,0.21728,0.20421
4578,0,3,0.85534,0.33367,0.26378,0.26882
4578,1,2,0.64701,0.42692,0.33434,0.34778
4578,2,2,0.57224,0.68649,0.76949,0.61492
4581,0,3,0.50588,0.68985,0.09577,0.06048
4581,1,3,0.40116,0.96789,0.16187,0.06213
4582,0,2,0.32695,0.37819,0.21841,0.58636
4582,1,2,0.72765,0.43868,0.46203,0.78461
4582,2,2,0.15306,0.30175,0.09913,0.21841
4583,0,0,0.32611,0.58569,0.09577,0.54772
4583,1,0,0.76294,0.61929,0.44859,0.6418
4585,0,2,0.36895,0.14802,0.58804,0.25706
4585,1,3,0.21858,0.33787,0.16297,0.10921
4585,2,2,0.87045,0.38856,0.25702,0.2845
4585,3,0,0.85257,0.73184,0.15743,0.53424
4586,0,3,0.69448,0.66705,0.1762,0.24435
4586,1,3,0.8873,0.76097,0.19282,0.14628
4590,0,3,0.78513,0.63019,0.41905,0.73753
4590,1,2,0.437,0.63021,0.48555,0.70733
4590,2,2,0.76966,0.21858,0.45531,0.21337
4592,0,3,0.83266,0.2253,0.26882,0.13945
4592,1,3,0.1329,0.51512,0.18985,0.11425
4592,2,2,0.66129,0.30679,0.35618,0.35282
4592,3,2,0.31519,0.62013,0.40323,0.52923
4595,0,3,0.26983,0.43364,0.13105,0.09913
4595,1,2,0.17742,0.542,0.10753,0.16465
4595,2,2,0.08249,0.72009,0.15625,0.28562
4596,0,2,0.40087,0.31771,0.12769,0.06888
4597,0,3,0.36453,0.67204,0.1014,0.09475
4597,1,2,0.64794,0.87566,0.32912,0.19282
4598,0,0,0.28747,0.70413,0.22681,0.44523
4598,1,0,0.13374,0.85282,0.12769,0.24194
4598,2,0,0.32443,0.25218,0.12937,0.43851
4599,0,3,0.8041,0.72429,0.15121,0.15625
4599,1,3,0.84358,0.43448,0.14953,0.27218
4599,2,2,0.69573,0.19338,0.20329,0.3377
4599,3,0,0.36811,0.20514,0.06552,0.27386
4599,4,0,0.30343,0.72093,0.09073,0.3881
4599,5,0,0.10853,0.87382,0.13105,0.22009
4600,0,3,0.69237,0.03797,0.19993,0.06048
4602,0,3,0.62853,0.62685,0.49563,0.29402
4602,1,3,0.7579,0.16314,0.12265,0.14953
4602,2,2,0.80494,0.18414,0.31754,0.35618
4602,3,2,0.53024,0.27739,0.2789,0.40155
4602,4,2,0.2547,0.63525,0.47379,0.667
4604,0,3,0.87162,0.5397,0.22973,0.6402
4606,0,3,0.90911,0.37819,0.12601,0.16297
4606,1,2,0.8209,0.12114,0.24194,0.19321
4606,2,0,0.53444,0.15978,0.3209,0.2537
4606,3,0,0.82846,0.74026,0.18313,0.45027
4606,4,0,0.72849,0.4244,0.25538,0.21169
4607,0,3,0.70849,0.8497,0.57989,0.20073
4607,1,3,0.11806,0.77373,0.09144,0.02199
4608,0,2,0.58361,0.26774,0.12331,0.40372
4608,1,3,0.72382,0.09882,0.16385,0.10304
4612,0,2,0.84022,0.1665,0.27722,0.22681
4613,0,3,0.75286,0.7579,0.27722,0.18985
4613,1,2,0.56552,0.60249,0.49059,0.25874
4613,2,2,0.89315,0.88726,0.20497,0.11257
4613,3,2,0.54452,0.79486,0.29738,0.16297
4615,0,3,0.41273,0.43102,0.17121,0.19781
4615,1,2,0.42271,0.46842,0.64993,0.54521
4616,0,2,0.77806,0.40843,0.41835,0.54267
4616,1,2,0.54452,0.11862,0.17641,0.12097
4617,0,2,0.52856,0.2001,0.23858,0.31082
4617,1,2,0.32527,0.27739,0.17473,0.27386
4617,2,2,0.18246,0.63777,0.22849,0.42675
4617,3,1,0.60753,0.59073,0.72917,0.14785
4624,0,2,0.521,0.81838,0.8787,0.31082
4624,1,2,0.75202,0.49244,0.49059,0.39819
4624,2,3,0.88642,0.19422,0.16129,0.19489
4625,0,3,0.64365,0.20094,0.18985,0.21505
4625,1,3,0.52688,0.2085,0.14785,0.19657
4625,2,2,0.43364,0.75454,0.79469,0.47211
4625,3,2,0.67473,0.40339,0.62836,0.42843
4625,4,3,0.86038,0.13122,0.23017,0.14953
4626,0,0,0.80494,0.45128,0.3545,0.86358
4626,1,2,0.79318,0.1413,0.18313,0.15289
4626,2,2,0.89567,0.39919,0.10921,0.26882
4627,0,2,0.25386,0.61341,0.48219,0.74093
4627,1,2,0.479,0.42776,0.48891,0.56788
4627,2,2,0.73353,0.14802,0.31922,0.24698
4627,3,3,0.74866,0.04973,0.12769,0.09745
4628,0,3,0.80743,0.35304,0.36149,0.43919
4628,1,0,0.71706,0.52111,0.24493,0.49493
4629,0,0,0.19679,0.26182,0.38007,0.5
4630,0,3,0.17574,0.64701,0.31922,0.36794
4630,1,3,0.45212,0.40171,0.10921,0.07897
4630,2,3,0.59661,0.25554,0.16969,0.21337
4630,3,3,0.13626,0.32611,0.24698,0.04872
4630,4,3,0.43616,0.13962,0.09409,0.10921
4630,5,3,0.29419,0.24378,0.17305,0.09913
4630,6,3,0.53276,0.19086,0.13273,0.09745
4631,0,3,0.93206,0.76169,0.13275,0.15436
4639,0,2,0.51932,0.56048,0.17305,0.3125
4639,1,2,0.20346,0.34795,0.18985,0.24026
4639,2,2,0.58401,0.26899,0.19825,0.35114
4639,3,2,0.39919,0.65877,0.21841,0.25034
4639,4,3,0.46808,0.4832,0.14785,0.14785
4640,0,2,0.2631,0.53192,0.50067,0.63844
4640,1,3,0.17154,0.89735,0.32426,0.19657
4640,2,2,0.56048,0.09761,0.3125,0.17641
4640,3,2,0.39079,0.17406,0.3293,0.14785
4641,0,3,0.56972,0.24126,0.08905,0.10081
4641,1,2,0.71085,0.5126,0.49563,0.86526
4641,2,2,0.40339,0.56468,0.35786,0.72749
4642,0,2,0.41689,0.88148,0.23604,0.18783
4642,1,3,0.37866,0.85821,0.08644,0.0748
4642,2,3,0.50665,0.68866,0.25266,0.11802
4642,3,2,0.60638,0.80585,0.11968,0.09973
4643,0,3,0.35719,0.11946,0.04704,0.04536
4643,1,3,0.42608,0.1497,0.10417,0.03864
4645,0,2,0.66129,0.1749,0.3629,0.29402
4645,1,2,0.7705,0.62853,0.43347,0.69724
4649,0,2,0.4759,0.9488,0.46376,0.08644
4649,1,3,0.41107,0.75515,0.0881,0.05153
4650,0,0,0.30511,0.37903,0.11425,0.64516
4650,1,0,0.62097,0.563,0.33938,0.75437
4650,2,3,0.60501,0.05477,0.18313,0.09073
4650,3,3,0.60753,0.54872,0.09073,0.13441
4651,0,2,0.76376,0.12865,0.4704,0.24521
4651,1,2,0.68061,0.56384,0.58972,0.84341
4651,2,2,0.34291,0.74026,0.43179,0.49059
4652,0,3,0.67537,0.64212,0.13464,0.0748
4652,1,2,0.2357,0.63298,0.30918,0.38896
4653,0,2,0.41356,0.8873,0.34242,0.17952
4654,0,3,0.39362,0.77261,0.06981,0.06649
4654,1,3,0.25399,0.86237,0.09973,0.06981
4654,2,0,0.90226,0.80253,0.17952,0.16622
4655,0,3,0.76129,0.03243,0.10914,0.06485
4655,1,0,0.49328,0.22614,0.09073,0.43011
4655,2,0,0.63441,0.21774,0.13105,0.40995
4655,3,0,0.85786,0.71337,0.19153,0.53091
4655,4,0,0.89315,0.24378,0.20497,0.2873
4656,0,3,0.72261,0.24798,0.17641,0.07392
4656,1,3,0.75202,0.05225,0.08737,0.03864
4656,2,2,0.89062,0.60249,0.19321,0.42675
4656,3,2,0.83854,0.79738,0.28394,0.38642
4656,4,2,0.5336,0.69489,0.37634,0.47715
4657,0,2,0.1581,0.4412,0.16633,0.11425
4657,1,2,0.52856,0.79738,0.24866,0.30914
4657,2,3,0.13122,0.28663,0.07897,0.0504
4658,0,0,0.14226,0.26347,0.17677,0.1633
4659,0,1,0.41263,0.74026,0.80309,0.07056
4659,1,0,0.41599,0.61761,0.10753,0.17809
4659,2,0,0.46892,0.85786,0.11929,0.25538
4660,0,3,0.30703,0.15286,0.06198,0.02344
4660,1,3,0.33125,0.11042,0.20417,0.05
4661,0,1,0.46808,0.5336,0.34274,0.04704
4663,0,0,0.21185,0.89901,0.08567,0.1999
4663,1,1,0.53864,0.76798,0.6082,0.04872
4664,0,2,0.64533,0.26815,0.26714,0.50067
4664,1,2,0.39331,0.54872,0.35114,0.87366
4664,2,2,0.90489,0.40845,0.18814,0.59311
4664,3,2,0.10433,0.50084,0.19321,0.46539
4666,0,2,0.48908,0.30007,0.11593,0.31586
4666,1,2,0.37819,0.39331,0.12937,0.22681
4666,2,3,0.52184,0.5084,0.11761,0.12433
4666,3,3,0.78476,0.55037,0.42839,0.85679
4667,0,3,0.42003,0.58838,0.23737,0.2138
4667,1,3,0.30976,0.78367,0.25926,0.17003
4667,2,2,0.11111,0.55051,0.15825,0.30976
4667,3,2,0.61279,0.3729,0.75084,0.29798
4667,4,3,0.63636,0.03872,0.09428,0.0404
4667,5,2,0.44613,0.02862,0.16835,0.03367
4668,0,2,0.47984,0.69657,0.52755,0.5746
4668,1,3,0.38155,0.29923,0.12601,0.08905
4668,2,2,0.56468,0.31519,0.24362,0.18481
4669,0,3,0.67137,0.08585,0.24866,0.03864
4669,1,3,0.5084,0.02369,0.23522,0.03864
4669,2,2,0.74278,0.05225,0.08233,0.03864
4670,0,3,0.38007,0.18666,0.11486,0.07264
4670,1,3,0.39105,0.18581,0.1402,0.07432
4670,2,3,0.50676,0.47466,0.14865,0.08108
4670,3,3,0.61402,0.43581,0.06588,0.06757
4670,4,3,0.75507,0.46368,0.07432,0.07264
4670,5,2,0.65963,0.23226,0.19088,0.21791
4670,6,3,0.63598,0.22889,0.05912,0.02872
4671,0,2,0.14511,0.76513,0.15459,0.17786
4671,1,3,0.23654,0.37367,0.10472,0.04322
4673,0,2,0.80998,0.71841,0.33434,0.35618
4673,1,2,0.51344,0.89567,0.52755,0.19321
4673,2,2,0.88054,0.42103,0.15625,0.20497
4675,0,3,0.81754,0.79234,0.07728,0.0504
4676,0,3,0.79148,0.65621,0.41495,0.41659
4677,0,2,0.42852,0.76513,0.09641,0.11802
4677,1,2,0.50997,0.90475,0.20279,0.11802
4677,2,2,0.938,0.73521,0.11469,0.09807
4678,0,2,0.72849,0.59073,0.47715,0.70565
4678,1,2,0.15558,0.29587,0.26546,0.18313
4678,2,2,0.83098,0.11022,0.31586,0.19489
4678,3,2,0.43532,0.39331,0.21673,0.3545
4678,4,2,0.54452,0.83602,0.46539,0.28226
4680,0,0,0.15287,0.26943,0.15709,0.22804
4680,1,0,0.7103,0.27196,0.08615,0.19932
4681,0,0,0.38491,0.78058,0.08233,0.43011
4681,1,1,0.65205,0.72429,0.51915,0.03192
4685,0,1,0.78814,0.41179,0.40827,0.08569
4686,0,1,0.46717,0.15572,0.22054,0.02862
4686,1,0,0.49411,0.11111,0.06229,0.11111
4688,0,0,0.75874,0.78478,0.46707,0.36458
4688,1,1,0.45884,0.88642,0.89214,0.08737
4689,0,2,0.36475,0.11358,0.14281,0.20161
4689,1,2,0.50168,0.60585,0.33602,0.74933
4691,0,2,0.80914,0.40171,0.35954,0.78461
4691,1,2,0.91247,0.19422,0.13945,0.21841
4691,2,3,0.95951,0.70665,0.042,0.07056
4692,0,3,0.27655,0.7915,0.53763,0.3041
4693,0,0,0.40591,0.68901,0.0672,0.58972
4693,1,0,0.4286,0.28747,0.03528,0.03528
4696,0,3,0.91413,0.11194,0.16966,0.11769
4696,1,3,0.57224,0.10517,0.15457,0.10417
4696,2,3,0.88305,0.47746,0.23182,0.31446
4696,3,1,0.53023,0.83594,0.93747,0.04687
4696,4,2,0.73353,0.24714,0.33938,0.12937
4696,5,3,0.43196,0.521,0.48219,0.93918
4696,6,3,0.93009,0.73065,0.13774,0.132
4697,0,3,0.26646,0.95296,0.09807,0.0748
4697,1,0,0.33627,0.88481,0.19448,0.18783
4698,0,2,0.23818,0.36993,0.43919,0.31419
4698,1,0,0.44426,0.32517,0.65541,0.29223
4698,2,2,0.13514,0.29899,0.18581,0.11149
4702,0,3,0.34627,0.58737,0.16633,0.12433
4702,1,3,0.37483,0.22614,0.12265,0.0672
4702,2,3,0.36643,0.08669,0.12601,0.14785
4702,3,3,0.47228,0.06653,0.14281,0.03696
4702,4,3,0.75622,0.13038,0.06552,0.05376
4702,5,3,0.61677,0.04805,0.08233,0.05376
4702,6,0,0.46556,0.18582,0.15289,0.3125
4702,7,0,0.58569,0.53948,0.17473,0.56284
4702,8,0,0.71337,0.85786,0.15457,0.2621
4702,9,0,0.64953,0.1203,0.12769,0.15457
4702,10,0,0.8251,0.28579,0.24026,0.25706
4705,0,2,0.30552,0.18418,0.10971,0.1363
4705,1,2,0.86486,0.39195,0.21443,0.13963
4705,2,2,0.41772,0.39694,0.41057,0.10306
4706,0,2,0.20202,0.61532,0.25589,0.1431
4706,1,2,0.89011,0.18842,0.21793,0.19839
4707,0,0,0.65372,0.3522,0.19932,0.69426
4707,1,0,0.83108,0.15794,0.17905,0.24493
4708,0,0,0.28885,0.14443,0.12838,0.14358
4708,1,0,0.16639,0.30574,0.15034,0.18919
4708,2,0,0.0549,0.47551,0.09966,0.15372
4709,0,3,0.13071,0.37916,0.26142,0.11399
4709,1,3,0.26596,0.72112,0.53192,0.55238
4710,0,3,0.79671,0.64295,0.20778,0.05319
4711,0,2,0.25814,0.38281,0.20778,0.12799
4711,1,2,0.54072,0.33876,0.21443,0.22939
4711,2,2,0.66872,0.2864,0.19448,0.19781
4712,0,0,0.44287,0.80576,0.084,0.38639
4712,1,3,0.48064,0.97545,0.11249,0.04701
4712,2,0,0.70161,0.55376,0.18145,0.10081
4712,3,1,0.63273,0.95867,0.34274,0.05712
4713,0,3,0.58893,0.88647,0.21443,0.19116
4713,1,2,0.56316,0.85572,0.14295,0.10306
4714,0,3,0.30595,0.18918,0.21337,0.17473
4714,1,3,0.12702,0.1917,0.05712,0.03528
4715,0,1,0.62517,0.19758,0.667,0.05712
4715,1,1,0.61845,0.08837,0.44859,0.06384
4715,2,0,0.79486,0.36475,0.18985,0.32762
4715,3,0,0.17406,0.79822,0.24866,0.37466
4716,0,2,0.35206,0.66456,0.4887,0.39894
4716,1,2,0.32048,0.31134,0.24269,0.12467
4717,0,3,0.45464,0.75286,0.06048,0.06888
4717,1,3,0.63525,0.70245,0.15961,0.09577
4717,2,3,0.76966,0.8881,0.12265,0.08065
4726,0,2,0.74518,0.86985,0.24767,0.20778
4727,0,2,0.73604,0.86154,0.19947,0.21775
4727,1,0,0.86807,0.79995,0.26074,0.18766
4727,2,3,0.29555,0.9488,0.10971,0.06316
4729,0,0,0.61425,0.49832,0.36626,0.98118
4729,1,0,0.83348,0.21365,0.33095,0.40175
4729,2,2,0.59577,0.09845,0.2453,0.19489
4729,3,0,0.82004,0.53447,0.35783,0.44193
4732,0,2,0.2337,0.58485,0.33098,0.5998
4732,1,2,0.77974,0.36223,0.40827,0.63172
4732,2,3,0.50168,0.05057,0.18145,0.09577
4733,0,2,0.3238,0.90475,0.1363,0.14794
4734,0,1,0.51235,0.78463,0.97217,0.06394
4734,1,0,0.17005,0.87234,0.18118,0.15957
4734,2,2,0.10688,0.78424,0.0881,0.16955
4735,0,2,0.78674,0.91307,0.3607,0.15459
4735,1,2,0.45928,0.95462,0.25432,0.08145
4741,0,1,0.63861,0.64281,0.37802,0.06048
4741,1,3,0.92253,0.61561,0.15286,0.03968
4742,0,0,0.79486,0.50924,0.34442,0.85853
4742,1,2,0.89567,0.31267,0.11593,0.10249
4744,0,0,0.79307,0.20101,0.38682,0.32432
4744,1,1,0.78041,0.68666,0.25676,0.55912
4746,0,2,0.29419,0.76546,0.49227,0.41331
4746,1,3,0.08501,0.38911,0.14449,0.14785
4746,2,2,0.75538,0.61509,0.43347,0.56284
4747,0,1,0.46284,0.16385,0.56419,0.08108
4747,1,1,0.42145,0.04814,0.71115,0.08615
4747,2,1,0.07939,0.16216,0.14527,0.05743
4751,0,0,0.29091,0.5902,0.1019,0.12228
4752,0,3,0.41231,0.5098,0.15468,0.14379
4752,1,3,0.31808,0.76525,0.10131,0.0817
4752,2,4,0.66395,0.04847,0.35513,0.09695
4752,3,3,0.20732,0.4835,0.17029,0.08408
4752,4,3,0.22628,0.62987,0.18762,0.10965
4753,0,0,0.13222,0.78746,0.26356,0.423
4753,1,2,0.56966,0.39377,0.8557,0.78754
4755,0,0,0.1441,0.30577,0.2832,0.41233
4756,0,3,0.35731,0.17502,0.12587,0.09006
4757,0,4,0.93311,0.04605,0.12829,0.08333
4758,0,3,0.82606,0.30903,0.20182,0.16276
4758,1,3,0.8673,0.17285,0.16059,0.03147
4758,2,4,0.42947,0.23741,0.55664,0.28429
4759,0,2,0.34708,0.60516,0.69321,0.78759
4759,1,2,0.61773,0.06272,0.24089,0.09115
4761,0,4,0.58138,0.50054,0.83442,0.99501
4762,0,3,0.89978,0.34477,0.19499,0.08388
4762,1,4,0.44526,0.65329,0.89052,0.56583
4763,0,3,0.78592,0.16471,0.09766,0.04123
4763,1,2,0.3246,0.53157,0.6492,0.70551
4763,2,4,0.5,0.08605,0.99501,0.17036
4764,0,2,0.63238,0.20486,0.3049,0.39931
4766,0,3,0.16667,0.14706,0.21024,0.05664
4766,1,3,0.32734,0.02941,0.15904,0.03486
4767,0,4,0.94317,0.89551,0.11053,0.0944
4768,0,0,0.08822,0.87218,0.06727,0.0651
4769,0,0,0.22278,0.84886,0.35642,0.25634
4770,0,1,0.6123,0.68446,0.06076,0.00868
4770,1,0,0.73329,0.74631,0.15299,0.09983
4772,0,2,0.22467,0.46682,0.44935,0.6613
4772,1,1,0.72857,0.29393,0.54101,0.08023
4772,2,1,0.68736,0.52996,0.47168,0.11002
4772,3,3,0.40959,0.02778,0.07952,0.04031
4772,4,0,0.67974,0.12364,0.12527,0.19499
4773,0,0,0.58843,0.75228,0.34071,0.3852
4774,0,1,0.64594,0.63075,0.15408,0.01194
4774,1,0,0.43564,0.76749,0.07738,0.45908
4778,0,0,0.47259,0.26809,0.04057,0.1239
4778,1,1,0.06908,0.20121,0.13268,0.09978
4779,0,1,0.39475,0.68609,0.07487,0.01845
4779,1,1,0.47721,0.84614,0.27018,0.0217
4782,0,1,0.19781,0.86567,0.25825,0.01953
4783,0,2,0.24918,0.62276,0.49837,0.55706
4783,1,3,0.23203,0.26634,0.34532,0.20588
4783,2,2,0.6781,0.17593,0.64052,0.34967
4784,0,2,0.83696,0.35741,0.32424,0.35752
4784,1,4,0.69499,0.03377,0.05556,0.02832
4784,2,4,0.74129,0.08987,0.05011,0.03377
4785,0,4,0.19978,0.80239,0.39318,0.3921
4788,0,3,0.28461,0.91504,0.06076,0.02279
4789,0,3,0.5803,0.5255,0.18772,0.10525
4789,1,3,0.24664,0.685,0.11502,0.10959
4789,2,0,0.79568,0.30686,0.26693,0.60547
4789,3,4,0.14014,0.12478,0.28027,0.24565
4789,4,4,0.30398,0.85467,0.60796,0.28832
4791,0,2,0.50009,0.50046,0.99484,0.99701
4793,0,3,0.8268,0.07571,0.2146,0.1122
4793,1,4,0.49918,0.48742,0.99837,0.96613
4794,0,2,0.23562,0.62201,0.47125,0.74749
4795,0,2,0.50054,0.5,0.99609,0.99392
4799,0,0,0.77905,0.52038,0.43982,0.95439
4799,1,4,0.84451,0.01183,0.30816,0.02365
4799,2,4,0.34158,0.40723,0.68251,0.80404
4802,0,2,0.50054,0.49946,0.99392,0.99501
4803,0,2,0.49883,0.50046,0.99701,0.99701
4804,0,2,0.14864,0.90054,0.27998,0.1848
4807,0,2,0.26058,0.44727,0.52116,0.87111
4808,0,2,0.54774,0.87218,0.4503,0.24957
4808,1,4,0.85257,0.70888,0.29173,0.11176
4809,0,3,0.0848,0.84072,0.1696,0.18232
4809,1,4,0.19727,0.93511,0.11393,0.08464
4809,2,4,0.42025,0.7615,0.09983,0.04991
4810,0,4,0.29804,0.74554,0.59099,0.5017
4811,0,0,0.21029,0.50054,0.15951,0.44379
4811,1,0,0.53961,0.55371,0.20399,0.57183
4813,0,4,0.58509,0.78165,0.80414,0.41501
4814,0,0,0.55859,0.46528,0.28971,0.40799
4814,1,0,0.89715,0.33512,0.20293,0.1303
4815,0,0,0.72027,0.51194,0.4286,0.97222
4815,1,0,0.80726,0.26072,0.3834,0.47196
4815,2,1,0.46745,0.52658,0.35482,0.04015
4815,3,4,0.42676,0.10449,0.04991,0.05317
4815,4,4,0.2331,0.54549,0.28315,0.90694
4816,0,0,0.22873,0.52062,0.13129,0.44271
4816,1,0,0.20812,0.88023,0.0727,0.23746
4816,2,4,0.63882,0.51293,0.71927,0.97205
4818,0,1,0.31066,0.9286,0.61632,0.13238
4819,0,2,0.5,0.49891,0.99718,0.99609
4820,0,0,0.78158,0.41374,0.42969,0.39171
4820,1,1,0.50217,0.96929,0.99067,0.05751
4821,0,4,0.61569,0.96406,0.12396,0.06875
4822,0,1,0.30686,0.96712,0.60655,0.05751
4822,1,1,0.80463,0.86943,0.3767,0.13808
4823,0,4,0.29384,0.49891,0.58702,0.99392
4823,1,4,0.8881,0.51663,0.22172,0.69516
4825,0,2,0.49787,0.54358,0.99277,0.89923
4827,0,0,0.43682,0.21187,0.10566,0.17974
4828,0,2,0.37359,0.69694,0.64453,0.60221
4828,1,4,0.50651,0.20161,0.45464,0.40148
4828,2,0,0.1065,0.21483,0.213,0.17184
4828,3,0,0.91034,0.35385,0.17724,0.67558
4829,0,3,0.18913,0.9248,0.22786,0.13129
4829,1,0,0.38444,0.77289,0.07812,0.10525
4830,0,0,0.37939,0.50055,0.27083,0.99671
4830,1,2,0.87387,0.03454,0.25102,0.06469
4830,2,4,0.87023,0.17373,0.25106,0.18008
4831,0,3,0.96459,0.8051,0.06873,0.02643
4832,0,3,0.62207,0.49457,0.08681,0.04123
4832,1,4,0.40994,0.11046,0.36567,0.13455
4835,0,4,0.52116,0.80328,0.94618,0.38954
4837,0,2,0.63343,0.08453,0.14872,0.16905
4837,1,0,0.81431,0.74909,0.36929,0.49383
4838,0,0,0.95336,0.38706,0.09203,0.27413
4838,1,1,0.06387,0.10192,0.12774,0.10735
4839,0,4,0.50063,0.50046,0.99592,0.99701
4840,0,0,0.48465,0.10197,0.05811,0.18202
4840,1,0,0.30482,0.45943,0.13706,0.35526
4840,2,0,0.34826,0.88072,0.09405,0.23731
4840,3,0,0.22917,0.07072,0.05811,0.13268
4842,0,3,0.52941,0.64869,0.19935,0.11002
4842,1,0,0.50708,0.25654,0.03922,0.11874
4843,0,0,0.58952,0.1696,0.17578,0.19857
4844,0,4,0.64269,0.53689,0.70964,0.92231
4844,1,2,0.40343,0.27539,0.44379,0.34939
4844,2,2,0.15766,0.78158,0.19965,0.43077
4846,0,0,0.40885,0.53418,0.08138,0.7628
4846,1,0,0.18153,0.28787,0.35156,0.31576
4847,0,1,0.68555,0.71484,0.11827,0.03255
4848,0,3,0.24664,0.53201,0.21918,0.03364
4848,1,3,0.19889,0.44575,0.16493,0.04991
4848,2,3,0.73166,0.54829,0.20833,0.10308
4848,3,1,0.46474,0.63943,0.49262,0.05751
4848,4,3,0.53472,0.3253,0.15082,0.02387
4848,5,1,0.33561,0.1875,0.16276,0.04557
4848,6,1,0.57812,0.24609,0.06619,0.01085
4849,0,4,0.10558,0.83583,0.15842,0.04449
4850,0,4,0.63322,0.09156,0.71491,0.18311
4851,0,0,0.71765,0.78728,0.17325,0.41447
4851,1,2,0.45943,0.27961,0.35855,0.36184
4851,2,0,0.36897,0.73246,0.14693,0.51974
4853,0,0,0.45697,0.08551,0.10675,0.10566
4857,0,0,0.25966,0.81304,0.15842,0.36567
4857,1,1,0.38281,0.7832,0.30924,0.0434
4857,2,1,0.79677,0.7691,0.1888,0.0217
4857,3,0,0.09185,0.82165,0.1837,0.33947
4859,0,4,0.499,0.50046,0.99484,0.99701
4860,0,3,0.13037,0.6558,0.26074,0.46569
4860,1,4,0.24664,0.21463,0.18663,0.05859
4862,0,2,0.40885,0.17556,0.08355,0.06727
4862,1,4,0.73003,0.50109,0.53494,0.99175
4863,0,0,0.10487,0.65102,0.20974,0.17833
4863,1,0,0.68762,0.77715,0.51954,0.44362
4863,2,1,0.80707,0.7181,0.38086,0.01519
4867,0,4,0.50109,0.80436,0.99501,0.3852
4868,0,1,0.5,0.64106,0.99284,0.0217
4868,1,0,0.162,0.65028,0.26476,0.55881
4869,0,4,0.49824,0.53464,0.99648,0.92865
4870,0,2,0.36762,0.74577,0.52843,0.29188
4870,1,3,0.91225,0.67357,0.17237,0.10626
4871,0,2,0.49891,0.52875,0.9885,0.93641
4871,1,4,0.62533,0.0383,0.73351,0.0727
4872,0,4,0.65455,0.84018,0.68778,0.31577
4874,0,4,0.787,0.21897,0.32769,0.102
4874,1,1,0.74685,0.29275,0.43837,0.07161
4875,0,4,0.32853,0.20389,0.3757,0.12875
4877,0,0,0.54467,0.93151,0.03399,0.13385
4879,0,1,0.23904,0.73112,0.46658,0.02604
4879,1,0,0.70309,0.84539,0.59173,0.30666
4880,0,4,0.50109,0.50054,0.99455,0.99237
4882,0,0,0.68066,0.59332,0.12804,0.80729
4882,1,0,0.88194,0.59657,0.22895,0.37326
4884,0,0,0.50871,0.74728,0.10784,0.35512
4885,0,0,0.22656,0.3839,0.07487,0.06727
4885,1,0,0.08279,0.56293,0.10417,0.13238
4886,0,4,0.76852,0.16667,0.2549,0.19172
4887,0,0,0.44336,0.64869,0.18627,0.52832
4888,0,2,0.49946,0.45009,0.99609,0.59028
4890,0,4,0.46148,0.73275,0.12804,0.02713
4891,0,4,0.49783,0.49946,0.9885,0.99501
4893,0,3,0.78255,0.98819,0.07791,0.02153
4893,1,4,0.26546,0.88264,0.53092,0.22708
4893,2,4,0.70993,0.804,0.35821,0.304
4893,3,1,0.2132,0.65567,0.07496,0.02629
4894,0,4,0.90296,0.75274,0.19079,0.25548
4895,0,0,0.07954,0.7181,0.15625,0.4796
4897,0,0,0.31412,0.77878,0.14498,0.44036
4897,1,0,0.42567,0.84939,0.05208,0.2908
4898,0,0,0.67976,0.74272,0.63839,0.49629
4898,1,0,0.7823,0.56014,0.43331,0.09641
4899,0,4,0.94289,0.76125,0.11213,0.16659
4901,0,2,0.49946,0.30392,0.99782,0.59913
4901,1,3,0.35022,0.68028,0.65795,0.52832
4901,2,3,0.07326,0.13754,0.14651,0.06158
4903,0,2,0.49875,0.49963,0.9975,0.99318
4904,0,2,0.83467,0.86561,0.32754,0.25813
4904,1,4,0.35189,0.92589,0.5447,0.14214
4906,0,1,0.66819,0.23796,0.65647,0.02496
4906,1,0,0.838,0.05892,0.21918,0.10959
4906,2,1,0.59766,0.49674,0.79102,0.06076
4907,0,1,0.35297,0.42459,0.02604,0.00977
4907,1,1,0.67144,0.42839,0.04666,0.01736
4908,0,0,0.7615,0.90093,0.24414,0.18121
4910,0,4,0.38173,0.87218,0.25716,0.24306
4912,0,3,0.33025,0.16428,0.30267,0.18519
4913,0,0,0.09073,0.40582,0.18147,0.28314
4913,1,0,0.86564,0.17021,0.26747,0.32727
4913,2,0,0.66641,0.21217,0.15294,0.42434
4913,3,1,0.45011,0.08498,0.0614,0.02522
4917,0,4,0.6237,0.77398,0.09874,0.07053
4917,1,0,0.55317,0.66981,0.16602,0.08138
4919,0,4,0.7096,0.50062,0.57871,0.99517
4919,1,4,0.1837,0.40506,0.36241,0.80187
4920,0,0,0.46514,0.19989,0.10784,0.16231
4921,0,0,0.53122,0.51131,0.45297,0.9753
4921,1,0,0.15099,0.46185,0.30197,0.56607
4921,2,0,0.83688,0.77552,0.17788,0.44688
4922,0,0,0.90492,0.26188,0.18809,0.42219
4922,1,0,0.46745,0.49837,0.57617,0.99501
4922,2,1,0.09348,0.96522,0.18696,0.06748
4922,3,4,0.28716,0.26149,0.57433,0.51689
4923,0,3,0.35406,0.88466,0.12804,0.051
4923,1,3,0.41709,0.97925,0.19077,0.03837
4923,2,4,0.78747,0.88324,0.42194,0.22828
4923,3,4,0.14448,0.9163,0.28895,0.1642
4924,0,0,0.18207,0.66385,0.32444,0.66623
4925,0,0,0.54276,0.05921,0.0932,0.11184
4925,1,0,0.96253,0.0614,0.06508,0.12281
4926,0,0,0.69485,0.81512,0.24301,0.36663
4927,0,0,0.41591,0.15332,0.13238,0.09006
4927,1,4,0.23128,0.49843,0.46257,0.99079
4929,0,4,0.63473,0.49877,0.72845,0.99364
4929,1,4,0.17611,0.13053,0.0434,0.21376
4930,0,0,0.1913,0.41048,0.20399,0.62826
4931,0,4,0.8409,0.39704,0.31612,0.36917
4932,0,2,0.50063,0.501,0.99592,0.99592
4933,0,0,0.36328,0.60308,0.19857,0.17795
4935,0,4,0.96054,0.72095,0.0758,0.04043
4937,0,0,0.1837,0.58952,0.36675,0.80187
4938,0,4,0.40277,0.85501,0.30189,0.28685
4939,0,0,0.08496,0.24067,0.16493,0.29948
4939,1,0,0.19021,0.38444,0.11719,0.27452
4939,2,0,0.42513,0.62153,0.12478,0.75304
4939,3,4,0.41157,0.06923,0.15408,0.13455
4939,4,0,0.70345,0.53418,0.41233,0.92339
4939,5,0,0.87019,0.65656,0.25753,0.5323
4941,0,1,0.57975,0.92589,0.55339,0.03798
4942,0,3,0.08008,0.39529,0.06836,0.03798
4942,1,4,0.30523,0.14464,0.10417,0.0293
4942,2,4,0.46853,0.23796,0.04449,0.05317
4943,0,0,0.46296,0.46351,0.12092,0.73094
4943,1,3,0.40033,0.12963,0.04793,0.02832
4944,0,3,0.05071,0.78978,0.10143,0.33175
4944,1,4,0.36842,0.08388,0.36075,0.11075
4944,2,3,0.36787,0.60526,0.08991,0.07895
4944,3,3,0.13268,0.50822,0.09759,0.07785
4944,4,3,0.233,0.38487,0.07018,0.04386
4944,5,3,0.34539,0.40351,0.09101,0.05482
4944,6,0,0.22368,0.55647,0.13268,0.15899
4945,0,4,0.66865,0.80111,0.65957,0.39171
4946,0,0,0.36111,0.81467,0.05968,0.36241
4946,1,1,0.58843,0.97201,0.4362,0.04557
4946,2,1,0.28516,0.61664,0.051,0.01845
4947,0,0,0.09728,0.85393,0.19455,0.15014
4947,1,1,0.34646,0.88628,0.16493,0.03906
4949,0,4,0.24669,0.78637,0.21475,0.42517
4949,1,4,0.81323,0.67806,0.37146,0.18033
4954,0,4,0.63368,0.90336,0.71528,0.18866
4955,0,0,0.75984,0.52141,0.375,0.8669
4957,0,4,0.41609,0.50463,0.49769,0.44444
4959,0,0,0.21354,0.6684,0.25463,0.65625
4960,0,1,0.09606,0.625,0.18403,0.06713
4961,0,4,0.09896,0.84433,0.17824,0.17477
4962,0,2,0.18808,0.22859,0.375,0.43866
4962,1,4,0.50116,0.49942,0.99421,0.99884
4963,0,2,0.49595,0.50058,0.88194,0.94097
4965,0,4,0.2309,0.27951,0.45602,0.54745
4966,0,2,0.67361,0.93056,0.10995,0.13194
4966,1,2,0.54572,0.67535,0.05556,0.06134
4967,0,1,0.25231,0.18808,0.17708,0.18634
4969,0,1,0.50041,0.23785,0.99734,0.47569
4971,0,2,0.88715,0.25347,0.21991,0.25463
4971,1,4,0.6956,0.06192,0.28356,0.11227
4971,2,1,0.26562,0.07292,0.27778,0.06481
4973,0,0,0.64236,0.75289,0.51273,0.48264
4974,0,3,0.9456,0.14178,0.08218,0.07292
4978,0,4,0.49479,0.17766,0.93056,0.34375
4978,1,2,0.2772,0.67824,0.54398,0.62037
4978,2,2,0.80532,0.61082,0.38727,0.51562
4981,0,0,0.57407,0.59201,0.21644,0.81134
4981,1,2,0.83912,0.73958,0.29051,0.49769
4981,2,0,0.78067,0.29977,0.43519,0.40741
4982,0,2,0.49942,0.53183,0.99537,0.92708
4982,1,4,0.69792,0.03299,0.40856,0.06134
4983,0,2,0.19618,0.27894,0.38426,0.5
4983,1,4,0.67766,0.39988,0.5463,0.79745
4984,0,2,0.20486,0.50752,0.39468,0.51042
4986,0,2,0.4838,0.50058,0.95486,0.98727
4987,0,2,0.4838,0.50058,0.95486,0.98727
4990,0,2,0.35648,0.50521,0.70255,0.98727
4991,0,2,0.35648,0.50521,0.70255,0.98727
4994,0,1,0.81019,0.45833,0.35069,0.77546
4995,0,2,0.50098,0.48727,0.99618,0.97454
4996,0,4,0.56887,0.24595,0.85417,0.43634
4997,0,1,0.32002,0.78067,0.62963,0.0706
4997,1,1,0.3235,0.89525,0.63889,0.09144
4997,2,0,0.1305,0.64815,0.261,0.23148
4998,0,0,0.57234,0.77431,0.2037,0.43981
4998,1,1,0.44271,0.77894,0.19907,0.03241
4999,0,4,0.69213,0.5081,0.59144,0.9375
5001,0,3,0.56424,0.15162,0.58102,0.23843
5001,1,4,0.63542,0.6331,0.69792,0.69213
5001,2,1,0.18692,0.84954,0.16898,0.28935
5003,0,1,0.44965,0.50463,0.65509,0.53241
5004,0,4,0.57558,0.4927,0.84676,0.97845
5005,0,1,0.17419,0.75116,0.18981,0.35648
5007,0,1,0.53993,0.53414,0.78935,0.92014
5008,0,4,0.18808,0.62963,0.35648,0.70833
5008,1,0,0.14352,0.28183,0.28588,0.27894
5010,0,4,0.17187,0.13889,0.3287,0.23148
5010,1,2,0.69734,0.15625,0.125,0.15278
5012,0,4,0.53976,0.44416,0.91863,0.69156
5013,0,4,0.48669,0.60069,0.6713,0.46528
5014,0,2,0.50174,0.7037,0.98611,0.58102
5014,1,4,0.37963,0.22454,0.74421,0.36111
5014,2,2,0.87789,0.21296,0.22685,0.37269
5015,0,3,0.2309,0.66262,0.43287,0.34144
5017,0,3,0.56829,0.25463,0.1956,0.21991
5020,0,4,0.56059,0.51447,0.87697,0.91088
5021,0,3,0.6412,0.14873,0.51273,0.21181
5021,1,2,0.50058,0.54109,0.9838,0.54282
5021,2,3,0.47743,0.91435,0.93519,0.15741
5022,0,2,0.75463,0.50174,0.47801,0.9919
5024,0,4,0.48958,0.38657,0.96181,0.74074
5026,0,0,0.18113,0.61053,0.34028,0.71412
5027,0,3,0.07292,0.39757,0.13773,0.15162
5028,0,4,0.63542,0.90394,0.69792,0.18056
5031,0,3,0.46528,0.31944,0.32292,0.15046
5031,1,4,0.50058,0.70544,0.97917,0.56597
5032,0,3,0.76157,0.73032,0.37384,0.46991
5032,1,2,0.56481,0.27373,0.43866,0.41088
5036,0,4,0.37153,0.4537,0.72801,0.86574
5037,0,1,0.72141,0.8583,0.55509,0.10781
5037,1,0,0.43924,0.76389,0.18981,0.46759
5038,0,4,0.64062,0.67188,0.23148,0.14699
5039,0,4,0.52928,0.26565,0.93935,0.53129
5040,0,0,0.13715,0.15914,0.24306,0.29977
5043,0,1,0.81944,0.7066,0.35301,0.07755
5043,1,0,0.6603,0.72049,0.67593,0.38079
5044,0,0,0.90255,0.81216,0.19282,0.1683
5045,0,0,0.25058,0.51331,0.36806,0.92014
5047,0,4,0.79167,0.75405,0.41088,0.31597
5047,1,3,0.9294,0.86169,0.09606,0.06134
5047,2,3,0.97141,0.77148,0.05509,0.05917
5048,0,3,0.93287,0.76447,0.12847,0.11921
5049,0,4,0.51597,0.42413,0.96597,0.83206
5050,0,2,0.51215,0.52546,0.91667,0.91435
5052,0,2,0.50405,0.50058,0.97222,0.97569
5053,0,0,0.20544,0.16782,0.39352,0.31944
5054,0,2,0.22135,0.59317,0.44271,0.77431
5054,1,0,0.7309,0.50868,0.52778,0.47801
5055,0,0,0.71296,0.33796,0.46412,0.66667
5056,0,4,0.52199,0.5272,0.86921,0.46181
5058,0,1,0.65625,0.90741,0.68171,0.16204
5058,1,1,0.81111,0.68631,0.37569,0.0578
5058,2,1,0.87245,0.7614,0.25301,0.0529
5058,3,1,0.58391,0.57639,0.25231,0.03009
5058,4,1,0.61458,0.60069,0.23032,0.03009
5058,5,0,0.70486,0.72396,0.58681,0.41319
5062,0,0,0.64294,0.53356,0.21065,0.88889
5062,1,1,0.88021,0.44676,0.2338,0.3125
5062,2,3,0.94595,0.67041,0.10602,0.11628
5062,3,1,0.91725,0.86227,0.15972,0.27083
5062,4,1,0.37095,0.74132,0.47917,0.07986
5064,0,3,0.04688,0.60764,0.08102,0.06944
5066,0,3,0.44213,0.51042,0.09375,0.06944
5066,1,3,0.28588,0.67187,0.15162,0.09144
5066,2,3,0.49016,0.83044,0.05324,0.09375
5066,3,3,0.20197,0.33044,0.05556,0.04051
5066,4,3,0.56076,0.64641,0.17593,0.10301
5067,0,0,0.74884,0.34144,0.49884,0.68287
5068,0,0,0.85012,0.13194,0.14815,0.24769
5071,0,3,0.95226,0.24314,0.09549,0.03721
5071,1,4,0.21296,0.37384,0.27894,0.23611
5072,0,3,0.4184,0.30845,0.05093,0.02199
5073,0,4,0.68906,0.28253,0.62002,0.54654
5076,0,4,0.46701,0.7581,0.92824,0.40046
5077,0,2,0.28067,0.0787,0.36574,0.15509
5077,1,3,0.21238,0.49421,0.41204,0.5463
5078,0,1,0.24826,0.60243,0.44213,0.68403
5079,0,0,0.4838,0.74074,0.05208,0.5
5084,0,2,0.84664,0.08854,0.23611,0.17477
5085,0,3,0.78241,0.02894,0.1331,0.03704
5085,1,3,0.14525,0.26736,0.11111,0.06713
5085,2,3,0.30787,0.22859,0.20718,0.09606
5087,0,3,0.54225,0.08275,0.28935,0.16319
5087,1,2,0.49942,0.59439,0.99306,0.80914
5092,0,3,0.68866,0.15625,0.08681,0.02546
5092,1,1,0.60012,0.18113,0.04398,0.10301
5093,0,4,0.56481,0.51389,0.84606,0.87269
5094,0,0,0.45544,0.81366,0.0625,0.20833
5094,1,2,0.95148,0.83853,0.09392,0.09603
5095,0,4,0.88576,0.73845,0.22639,0.25236
5096,0,0,0.03241,0.48785,0.0544,0.07986
5098,0,3,0.40683,0.78009,0.25694,0.19213
5099,0,3,0.90914,0.89931,0.09722,0.0463
5099,1,3,0.26921,0.98906,0.08356,0.01979
5101,0,0,0.56019,0.75116,0.41551,0.47917
5102,0,2,0.59641,0.49821,0.80509,0.97095
5105,0,2,0.91039,0.75386,0.1761,0.27393
5106,0,1,0.58947,0.30819,0.81898,0.10712
5106,1,1,0.6169,0.20949,0.75579,0.07639
5109,0,0,0.31019,0.65451,0.27662,0.65162
5111,0,4,0.5544,0.74074,0.13079,0.12269
5113,0,2,0.31192,0.75116,0.60417,0.27546
5116,0,4,0.29745,0.70255,0.59144,0.4838
5120,0,2,0.51157,0.55093,0.95718,0.88194
5120,1,3,0.59375,0.07697,0.15394,0.06366
5122,0,4,0.46412,0.85359,0.58449,0.27662
5123,0,0,0.81895,0.76486,0.35897,0.25657
5124,0,3,0.29688,0.12269,0.2963,0.10185
5124,1,4,0.50671,0.82342,0.98449,0.33896
5129,0,4,0.36227,0.84549,0.36921,0.26736
5130,0,4,0.56548,0.62762,0.86591,0.47747
5131,0,0,0.58102,0.78241,0.23495,0.42593
5131,1,1,0.78762,0.86632,0.41435,0.25579
5131,2,1,0.21817,0.76389,0.4213,0.1088
5132,0,1,0.89187,0.68309,0.21314,0.15553
5132,1,3,0.91088,0.81019,0.13542,0.09722
5132,2,3,0.60301,0.84433,0.79398,0.31134
5134,0,4,0.84606,0.32002,0.28356,0.2581
5135,0,2,0.49306,0.50405,0.95718,0.96181
5137,0,2,0.60856,0.45535,0.78079,0.85978
5141,0,3,0.60648,0.71007,0.10301,0.09375
5142,0,2,0.50289,0.50521,0.9838,0.98032
5145,0,1,0.66296,0.42462,0.67199,0.83999
5146,0,2,0.50174,0.48438,0.98148,0.49421
5146,1,3,0.8015,0.87037,0.3912,0.25694
5146,2,3,0.78009,0.11806,0.43171,0.22917
5147,0,0,0.72431,0.72206,0.54931,0.38856
5147,1,0,0.11574,0.73958,0.22801,0.32407
5148,0,1,0.61227,0.66725,0.27662,0.33449
5148,1,3,0.06134,0.74595,0.10301,0.15394
5149,0,4,0.56655,0.71817,0.83565,0.23032
5152,0,2,0.75729,0.16419,0.48333,0.32374
5152,1,3,0.52812,0.46101,0.94167,0.28776
5155,0,1,0.45296,0.8587,0.6922,0.05208
5158,0,3,0.77302,0.68565,0.20665,0.23353
5158,1,4,0.10383,0.91808,0.20766,0.15175
5158,2,4,0.30427,0.67725,0.20329,0.11929
5158,3,4,0.38071,0.52772,0.23858,0.14617
5158,4,4,0.32527,0.43868,0.11089,0.05208
5159,0,3,0.60805,0.52576,0.15625,0.06815
5160,0,3,0.78757,0.78757,0.03657,0.02327
5160,1,3,0.94382,0.88564,0.03989,0.03324
5161,0,0,0.8629,0.90491,0.20497,0.18481
5161,1,0,0.69237,0.73101,0.14953,0.17305
5162,0,4,0.76964,0.59202,0.45864,0.39909
5162,1,4,0.69656,0.29251,0.60481,0.19995
5162,2,4,0.2206,0.37532,0.4412,0.19755
5163,0,3,0.57056,0.57981,0.15793,0.03864
5164,0,0,0.57224,0.75034,0.10417,0.22849
5164,1,3,0.50756,0.60249,0.08569,0.04368
5164,2,1,0.57224,0.87886,0.66532,0.05544
5164,3,1,0.41263,0.59745,0.06384,0.02016
5164,4,4,0.86962,0.57981,0.05376,0.01512
5165,0,1,0.60333,0.55712,0.16297,0.02352
5166,0,4,0.86038,0.46472,0.10921,0.0672
5166,1,3,0.78142,0.66381,0.01848,0.01512
5166,2,3,0.98639,0.66885,0.02184,0.03528
5166,3,3,0.69993,0.64449,0.11761,0.07056
5166,4,3,0.57308,0.61593,0.15289,0.10417
5166,5,3,0.84946,0.67809,0.03696,0.04032
5166,6,3,0.68565,0.56384,0.38138,0.22177
5167,0,3,0.90993,0.78832,0.17806,0.06252
5167,1,1,0.67893,0.79738,0.3041,0.07056
5167,2,1,0.32947,0.8251,0.30074,0.07224
5168,0,0,0.62428,0.93093,0.14103,0.13606
5168,1,0,0.51428,0.71757,0.10921,0.23017
5168,2,1,0.59997,0.83434,0.79133,0.08737
5169,0,4,0.2515,0.46343,0.12467,0.1496
5171,0,2,0.88893,0.55924,0.22006,0.14873
5171,1,2,0.86625,0.76834,0.26542,0.27122
5171,2,3,0.44288,0.49496,0.0672,0.03024
5171,3,3,0.25638,0.41515,0.07728,0.02856
5171,4,3,0.479,0.40843,0.12265,0.03864
5171,5,1,0.57224,0.38575,0.11761,0.01008
5171,6,2,0.50252,0.61005,0.57964,0.27386
5172,0,4,0.04419,0.31889,0.08837,0.08469
5172,1,4,0.45212,0.44876,0.89214,0.3377
5172,2,4,0.56048,0.22698,0.09409,0.11593
5172,3,4,0.89733,0.87196,0.20326,0.10883
5173,0,2,0.20514,0.56048,0.13273,0.35282
5173,1,4,0.51092,0.7999,0.36794,0.22009
5173,2,2,0.72345,0.71001,0.07056,0.45699
5173,3,4,0.15978,0.70665,0.31082,0.57124
5175,0,0,0.22362,0.67557,0.15625,0.16633
5176,0,0,0.60416,0.77216,0.20832,0.4536
5176,1,1,0.95531,0.60921,0.07728,0.03696
5176,2,4,0.10769,0.88138,0.08233,0.21505
5177,0,3,0.8881,0.63273,0.0504,0.02016
5177,1,0,0.87717,0.62741,0.24358,0.18762
5180,0,3,0.76378,0.58149,0.07056,0.04536
5180,1,3,0.90407,0.58401,0.08905,0.05712
5180,2,3,0.63441,0.4244,0.03696,0.02016
5180,3,4,0.59829,0.458,0.10249,0.07728
5180,4,4,0.73101,0.71169,0.17977,0.17809
5180,5,3,0.62601,0.59241,0.0504,0.03696
5180,6,3,0.68229,0.57728,0.05544,0.10081
5180,7,3,0.53612,0.563,0.20329,0.03864
5180,8,4,0.09761,0.8545,0.16297,0.21841
5180,9,4,0.23538,0.71505,0.16633,0.22177
5180,10,4,0.40507,0.53612,0.19993,0.19321
5181,0,3,0.91245,0.89504,0.17302,0.12139
5181,1,3,0.94773,0.58077,0.10245,0.09769
5181,2,3,0.8251,0.49832,0.05544,0.0336
5181,3,3,0.67977,0.51848,0.13441,0.0672
5181,4,3,0.72513,0.41851,0.07728,0.03864
5181,5,4,0.75118,0.35467,0.09577,0.04872
5181,6,4,0.66549,0.33535,0.06552,0.0168
5182,0,2,0.521,0.74194,0.08905,0.13777
5182,1,2,0.36865,0.81584,0.2291,0.36623
5183,0,1,0.15474,0.68649,0.17641,0.04032
5184,0,3,0.23874,0.65289,0.10585,0.10417
5184,1,3,0.30511,0.56636,0.09409,0.08905
5184,2,3,0.37987,0.58485,0.04536,0.02856
5184,3,0,0.20766,0.53108,0.10753,0.0588
5184,4,4,0.34963,0.49916,0.06216,0.03528
5185,0,3,0.6388,0.63547,0.03158,0.01828
5185,1,3,0.80585,0.75266,0.04322,0.0266
5185,2,0,0.5266,0.53075,0.07979,0.11137
5187,0,0,0.82342,0.83098,0.11929,0.07728
5187,1,0,0.95613,0.92253,0.08565,0.07893
5188,0,0,0.50084,0.48572,0.03528,0.09241
5188,1,2,0.86709,0.66393,0.26374,0.26066
5188,2,0,0.8041,0.5042,0.09409,0.04872
5188,3,0,0.69741,0.4538,0.13945,0.0756
5190,0,0,0.29083,0.55964,0.09241,0.21673
5191,0,0,0.62769,0.82846,0.10417,0.33434
5191,1,0,0.92003,0.62349,0.15457,0.10921
5192,0,4,0.15171,0.67636,0.30343,0.38297
5192,1,4,0.86458,0.76126,0.22177,0.34442
5192,2,4,0.5378,0.67305,0.05208,0.19825
5193,0,3,0.1959,0.69405,0.21169,0.09241
5193,1,4,0.49328,0.47228,0.05712,0.01848
5194,0,0,0.76714,0.57644,0.08737,0.06888
5197,0,3,0.13098,0.564,0.05984,0.02826
5199,0,4,0.07661,0.563,0.08737,0.05544
5201,0,1,0.46136,0.62853,0.27554,0.02856
5201,1,0,0.92169,0.68256,0.15454,0.10302
5202,0,0,0.46304,0.58485,0.0504,0.08905
5203,0,3,0.29671,0.479,0.08065,0.02856
5203,1,4,0.22446,0.51092,0.21841,0.10249
5204,0,3,0.95865,0.79331,0.08061,0.07587
5204,1,3,0.85198,0.67977,0.06216,0.02352
5204,2,3,0.8041,0.62349,0.12097,0.07897
5204,3,3,0.7579,0.56888,0.04536,0.02688
5204,4,3,0.67473,0.49832,0.09409,0.07056
5205,0,3,0.8125,0.69909,0.0504,0.02184
5205,1,1,0.40927,0.41095,0.25538,0.0672
5207,0,4,0.36139,0.51764,0.05208,0.04536
5207,1,4,0.32275,0.66213,0.06552,0.06888
5208,0,1,0.58065,0.86038,0.59476,0.0588
5208,1,0,0.70161,0.89147,0.23522,0.20833
5208,2,0,0.89399,0.71169,0.15961,0.13105
5208,3,0,0.73942,0.61173,0.10585,0.05208
5208,4,0,0.50504,0.67305,0.08737,0.05376
5208,5,0,0.49664,0.56804,0.07392,0.0588
5208,6,1,0.57728,0.61593,0.14785,0.01344
5208,7,1,0.39835,0.62433,0.0756,0.02352
5210,0,4,0.07281,0.50831,0.06981,0.05984
5210,1,4,0.02726,0.57479,0.05452,0.04985
5211,0,3,0.81424,0.61574,0.1088,0.02315
5211,1,1,0.5272,0.60764,0.28472,0.02083
5212,0,0,0.3263,0.69781,0.09475,0.36569
5212,1,4,0.49501,0.57397,0.09309,0.09142
5214,0,3,0.35551,0.79318,0.17809,0.07224
5214,1,2,0.48824,0.8083,0.22513,0.28058
5214,2,4,0.20632,0.92627,0.41263,0.14353
5214,3,4,0.41095,0.59325,0.19825,0.22345
5214,4,4,0.71841,0.55964,0.10081,0.09913
5214,5,0,0.54536,0.80914,0.07728,0.08401
5214,6,3,0.39079,0.67137,0.12433,0.05712
5218,0,3,0.08081,0.58485,0.13273,0.0756
5218,1,3,0.39079,0.40507,0.05712,0.02856
5218,2,3,0.33871,0.41431,0.03696,0.03024
5218,3,4,0.21102,0.66801,0.15457,0.10753
5218,4,1,0.25722,0.94859,0.26042,0.03024
5219,0,2,0.78674,0.92387,0.29754,0.14628
5219,1,3,0.751,0.80502,0.14295,0.02493
5219,2,2,0.90962,0.77969,0.17763,0.197
5219,3,3,0.17836,0.57397,0.04156,0.04488
5219,4,4,0.10522,0.6737,0.05485,0.05153
5219,5,4,0.06051,0.77531,0.12101,0.10183
5219,6,0,0.62716,0.61303,0.1014,0.07314
5219,7,3,0.70445,0.75598,0.07979,0.03324
5219,8,2,0.79671,0.75349,0.06815,0.06483
5219,9,0,0.66539,0.68783,0.18451,0.07979
5221,0,3,0.70445,0.44016,0.05984,0.02327
5223,0,4,0.30796,0.66182,0.61593,0.61262
5223,1,4,0.43364,0.31435,0.42171,0.10921
5223,2,4,0.94605,0.54747,0.10581,0.1319
5224,0,0,0.56752,0.90321,0.29298,0.1915
5225,0,0,0.64576,0.90153,0.14367,0.19486
5225,1,0,0.93177,0.71135,0.13437,0.09341
5225,2,1,0.82174,0.5504,0.21673,0.02352
5226,0,3,0.72345,0.2043,0.28898,0.08401
5226,1,4,0.2253,0.40171,0.43515,0.42507
5226,2,4,0.61761,0.33031,0.44355,0.13105
5226,3,3,0.55292,0.2379,0.03864,0.02016
5226,4,4,0.91415,0.54956,0.15961,0.34778
5226,5,4,0.94859,0.84106,0.07056,0.13777
5226,6,4,0.06183,0.74483,0.12366,0.13685
5227,0,4,0.9329,0.64299,0.13108,0.10978
5229,0,1,0.82342,0.59493,0.3377,0.01848
5230,0,4,0.87802,0.61005,0.12769,0.05208
5230,1,0,0.92507,0.73017,0.14113,0.15121
5230,2,4,0.62517,0.61425,0.36122,0.03024
5231,0,0,0.12618,0.70329,0.10249,0.09073
5231,1,4,0.07073,0.72093,0.13945,0.08905
5231,2,3,0.93599,0.82762,0.05208,0.07728
5231,3,3,0.97797,0.71357,0.04197,0.05415
5231,4,3,0.99309,0.80303,0.01173,0.02138
5231,5,3,0.82594,0.53528,0.09745,0.02016
5232,0,1,0.43196,0.69825,0.04536,0.01344
5233,0,3,0.93011,0.62769,0.02688,0.02688
5233,1,1,0.85281,0.66725,0.29231,0.02199
5234,0,4,0.07661,0.50756,0.14113,0.07224
5235,0,2,0.78142,0.80578,0.33434,0.24866
5235,1,2,0.36307,0.70581,0.13609,0.32426
5235,2,2,0.24714,0.83602,0.08905,0.23522
5235,3,0,0.59577,0.47816,0.04032,0.07728
5235,4,1,0.71085,0.54872,0.08905,0.0336
5235,5,0,0.75034,0.61593,0.11089,0.0672
5236,0,3,0.13038,0.7411,0.11761,0.03192
5236,1,3,0.45128,0.68733,0.05376,0.02184
5236,2,3,0.93767,0.61425,0.05544,0.02016
5236,3,3,0.69657,0.57897,0.08065,0.04368
5236,4,3,0.77554,0.61929,0.04032,0.01344
5236,5,3,0.8293,0.64953,0.04032,0.02688
5237,0,0,0.72523,0.96621,0.0842,0.06549
5237,1,0,0.8581,0.93765,0.16512,0.12261
5237,2,0,0.65289,0.76798,0.14449,0.10585
5237,3,0,0.56888,0.83602,0.07728,0.07056
5237,4,4,0.38071,0.65625,0.04032,0.05712
5237,5,4,0.53528,0.73858,0.07728,0.04368
5238,0,2,0.93597,0.8865,0.12597,0.1816
5238,1,4,0.90321,0.71336,0.1915,0.21166
5238,2,4,0.18868,0.72491,0.37735,0.25157
5238,3,4,0.06401,0.91751,0.11929,0.09913
5238,4,4,0.58905,0.64701,0.42675,0.14953
5238,5,4,0.73101,0.81082,0.09913,0.15457
5238,6,4,0.85198,0.55712,0.12937,0.07392
5238,7,3,0.39331,0.52436,0.08569,0.02184
5239,0,2,0.86962,0.8545,0.20497,0.19153
5239,1,0,0.64365,0.59829,0.06888,0.06552
5239,2,3,0.69657,0.64869,0.08401,0.01848
5241,0,1,0.36979,0.46892,0.40491,0.09913
5241,1,3,0.96117,0.83774,0.07557,0.11769
5241,2,3,0.33703,0.64197,0.28898,0.22009
5241,3,3,0.55292,0.63609,0.10921,0.19153
5241,4,3,0.84694,0.76042,0.12265,0.04368
5242,0,3,0.88222,0.70749,0.11593,0.08905
5242,1,3,0.69489,0.61677,0.16465,0.02856
5242,2,3,0.80578,0.59157,0.11761,0.03192
5242,3,1,0.8797,0.58317,0.07728,0.0252
5242,4,0,0.95951,0.80662,0.0588,0.05544
5242,5,1,0.16314,0.7411,0.3209,0.09577
5242,6,1,0.47984,0.65961,0.2621,0.08065
5245,0,3,0.18246,0.61593,0.14113,0.05712
5245,1,3,0.33115,0.56972,0.0588,0.042
5245,2,3,0.34459,0.54032,0.042,0.02016
5245,3,3,0.32779,0.51008,0.09241,0.0336
5245,4,3,0.31183,0.47564,0.04032,0.03192
5246,0,4,0.81586,0.57981,0.33266,0.36794
5246,1,4,0.2505,0.32107,0.18985,0.16633
5246,2,0,0.73438,0.36391,0.04872,0.0672
5246,3,0,0.58905,0.23034,0.07056,0.03864
5246,4,4,0.63021,0.55208,0.19321,0.2957
5247,0,0,0.03831,0.84803,0.07661,0.14834
5247,1,0,0.10181,0.69573,0.03696,0.06216
5247,2,0,0.1581,0.63861,0.06216,0.06552
5247,3,0,0.53612,0.73606,0.11257,0.16633
5247,4,0,0.65709,0.91247,0.11929,0.15625
5247,5,3,0.42019,0.48656,0.05544,0.03024
5247,6,0,0.45044,0.58065,0.09241,0.12769
5247,7,1,0.71421,0.59493,0.09913,0.02856
5247,8,1,0.47396,0.48236,0.05544,0.01176
5248,0,4,0.30007,0.62181,0.23858,0.36458
5248,1,4,0.84358,0.71757,0.21673,0.26378
5248,2,3,0.60753,0.46472,0.06048,0.07056
5249,0,3,0.38575,0.58485,0.07392,0.03192
5249,1,4,0.72093,0.56972,0.55276,0.06888
5250,0,0,0.67389,0.91583,0.11257,0.15625
5250,1,1,0.77722,0.60417,0.35954,0.04704
5250,2,3,0.63105,0.79318,0.14449,0.10585
5250,3,4,0.82342,0.81082,0.23353,0.04032
5250,4,1,0.20262,0.54116,0.21169,0.02184
5250,5,0,0.49328,0.5504,0.09409,0.15457
5252,0,3,0.542,0.80242,0.55108,0.13105
5252,1,3,0.4244,0.58737,0.16465,0.08401
5252,2,3,0.51596,0.53276,0.12601,0.04872
5252,3,3,0.34291,0.5042,0.07897,0.02856
5252,4,3,0.65541,0.4874,0.18313,0.05544
5252,5,4,0.41011,0.4622,0.10921,0.042
5253,0,4,0.24714,0.66129,0.48555,0.16465
5253,1,4,0.53528,0.66549,0.2453,0.33098
5253,2,3,0.52688,0.40675,0.13441,0.05208
5253,3,3,0.48824,0.32695,0.09409,0.03696
5253,4,3,0.57056,0.35047,0.04368,0.02016
5253,5,4,0.74446,0.44456,0.21001,0.14785
5253,6,3,0.7873,0.47396,0.06384,0.03192
5253,7,3,0.39247,0.34207,0.04032,0.02688
5254,0,0,0.95613,0.90319,0.08565,0.0873
5254,1,0,0.61257,0.58737,0.13105,0.12433
5254,2,0,0.78562,0.73942,0.07056,0.07897
5255,0,2,0.78661,0.79552,0.41697,0.40584
5256,0,3,0.14214,0.58149,0.09745,0.05544
5257,0,0,0.79402,0.69489,0.09409,0.12769
5257,1,0,0.93009,0.81769,0.13774,0.12462
5258,0,1,0.54872,0.65961,0.38306,0.03696
5259,0,1,0.60333,0.71169,0.59308,0.03696
5260,0,0,0.51764,0.64785,0.17641,0.35282
5260,1,0,0.07325,0.48824,0.05376,0.05376
5260,2,1,0.07241,0.51092,0.13945,0.06216
5260,3,1,0.34291,0.46388,0.16633,0.04536
5260,4,3,0.2043,0.47732,0.08401,0.03864
5260,5,1,0.26058,0.44792,0.13945,0.0504
5260,6,1,0.15474,0.48236,0.02856,0.01848
5260,7,2,0.76714,0.55124,0.09409,0.06888
5260,8,3,0.67137,0.46304,0.08737,0.06384
5260,9,3,0.50504,0.43616,0.02688,0.04368
5260,10,4,0.45212,0.4454,0.0756,0.07897
5260,11,1,0.75538,0.40003,0.18817,0.03528
5260,12,1,0.90575,0.51932,0.16969,0.0756
5260,13,3,0.84106,0.62433,0.17137,0.07056
5260,14,3,0.63189,0.4286,0.06888,0.042
5260,15,1,0.5714,0.43532,0.10585,0.02856
5260,16,1,0.90575,0.37567,0.10249,0.02016
5260,17,0,0.92843,0.42188,0.10753,0.07224
5260,18,1,0.90911,0.79738,0.16969,0.08065
5261,0,0,0.93597,0.7223,0.12597,0.07498
5263,0,3,0.40423,0.4874,0.15793,0.05208
5263,1,3,0.45464,0.40423,0.10417,0.03024
5263,2,3,0.98637,0.55647,0.02517,0.03565
5263,3,4,0.63021,0.33031,0.11929,0.04704
5263,4,3,0.64953,0.32107,0.05376,0.02184
5264,0,0,0.33461,0.63464,0.0881,0.21277
5264,1,3,0.11021,0.53241,0.08477,0.05153
5264,2,3,0.0674,0.9811,0.12549,0.03467
5264,3,4,0.04388,0.72653,0.08777,0.09069
5265,0,4,0.4916,0.30343,0.08065,0.04704
5266,0,2,0.12616,0.77778,0.14236,0.11111
5266,1,1,0.53464,0.60807,0.14914,0.0246
5267,0,1,0.51092,0.7789,0.6166,0.2789
5267,1,1,0.33871,0.50336,0.44691,0.07056
5267,2,1,0.4412,0.39247,0.15121,0.04032
5267,3,1,0.22698,0.42692,0.21337,0.05208
5267,4,3,0.57897,0.37903,0.0504,0.03696
5267,5,3,0.66549,0.45884,0.12601,0.12937
5267,6,1,0.78562,0.45464,0.17809,0.04704
5267,7,0,0.78478,0.62937,0.19657,0.23858
5267,8,3,0.93261,0.7917,0.13269,0.04576
5268,0,0,0.91919,0.54032,0.12265,0.0672
5268,1,3,0.88054,0.92591,0.03864,0.02856
5269,0,3,0.73185,0.73858,0.30242,0.35282
5269,1,1,0.41683,0.67053,0.24026,0.07224
5269,2,3,0.48908,0.45212,0.04872,0.04536
5269,3,3,0.45128,0.41935,0.0336,0.03024
5269,4,0,0.65541,0.63945,0.49563,0.52419
5269,5,1,0.60667,0.83038,0.78458,0.22393
5270,0,3,0.91751,0.42103,0.11257,0.06048
5270,1,3,0.71169,0.62769,0.08737,0.0672
5270,2,4,0.7537,0.38071,0.15121,0.06048
5270,3,2,0.43532,0.70581,0.43179,0.46203
5270,4,4,0.11946,0.64449,0.22681,0.27218
5271,0,3,0.45197,0.56481,0.0625,0.01852
5273,0,3,0.36727,0.58317,0.16801,0.07224
5273,1,3,0.34627,0.72933,0.12937,0.17305
5273,2,3,0.83434,0.43784,0.08737,0.04704
5273,3,3,0.65877,0.60333,0.11257,0.04872
5273,4,3,0.92087,0.40171,0.04536,0.04536
5273,5,3,0.92843,0.51848,0.04368,0.04032
5273,6,3,0.97713,0.46439,0.04365,0.12367
5274,0,1,0.59745,0.93851,0.20833,0.06384
5274,1,4,0.89733,0.72837,0.20326,0.08711
5274,2,3,0.73101,0.58233,0.06552,0.03696
5274,3,4,0.89735,0.64281,0.15961,0.07056
5274,4,3,0.37315,0.95531,0.042,0.03696
5275,0,2,0.07611,0.7252,0.15222,0.26224
5275,1,4,0.19002,0.31939,0.34442,0.19993
5276,0,1,0.88642,0.48908,0.10081,0.03864
5276,1,3,0.87802,0.56468,0.09745,0.04872
5276,2,3,0.95025,0.65633,0.09741,0.11777
5278,0,2,0.12731,0.77373,0.12616,0.10995
5278,1,1,0.53588,0.61516,0.16088,0.02199
5279,0,2,0.10601,0.80662,0.11257,0.03864
5279,1,3,0.16314,0.65793,0.10249,0.05376
5279,2,3,0.33871,0.61005,0.0504,0.0252
5281,0,1,0.49832,0.38995,0.6082,0.03864
5282,0,3,0.66045,0.67893,0.06216,0.03192
5282,1,1,0.28327,0.68481,0.19153,0.02352
5282,2,0,0.89565,0.90713,0.20662,0.17245
5282,3,4,0.8041,0.67557,0.03696,0.0252
5283,0,4,0.26812,0.49169,0.52693,0.16622
5283,1,3,0.36536,0.34874,0.04322,0.01662
5283,2,3,0.33627,0.40858,0.0482,0.03324
5283,3,3,0.39943,0.39279,0.05153,0.03823
5283,4,3,0.17005,0.43517,0.0615,0.01995
5283,5,3,0.08112,0.44348,0.10638,0.02992
5284,0,4,0.49496,0.41851,0.04704,0.03528
5284,1,0,0.58317,0.4874,0.11257,0.08569
5284,2,3,0.64617,0.54536,0.05376,0.02688
5284,3,0,0.86625,0.75369,0.26542,0.23185
5285,0,3,0.39112,0.44265,0.03491,0.0482
5285,1,3,0.36203,0.52826,0.09641,0.09973
5285,2,3,0.11935,0.61303,0.01995,0.04322
5285,3,3,0.21493,0.6388,0.0881,0.06483
5286,0,0,0.59659,0.76079,0.80474,0.47455
5288,0,2,0.62013,0.73774,0.18649,0.15289
5288,1,2,0.70329,0.59241,0.05376,0.05712
5288,2,1,0.75874,0.8419,0.11761,0.03192
5289,0,2,0.80411,0.70268,0.37884,0.59152
5290,0,4,0.67221,0.78646,0.62668,0.40827
5293,0,2,0.65037,0.77218,0.07224,0.05376
5293,1,0,0.58653,0.64785,0.10585,0.18481
5293,2,0,0.50252,0.46304,0.09913,0.17137
5294,0,0,0.79255,0.72108,0.31915,0.16955
5294,1,0,0.57397,0.69199,0.06815,0.04488
5294,2,0,0.87068,0.84491,0.07979,0.05485
5294,3,0,0.7733,0.94287,0.13104,0.11114
5294,4,3,0.91473,0.95213,0.16124,0.08644
5295,0,1,0.65373,0.7453,0.06216,0.03696
5295,1,1,0.82006,0.7369,0.22681,0.04032
5296,0,1,0.8251,0.34123,0.11929,0.03192
5296,1,1,0.32107,0.33451,0.15961,0.02856
5296,2,4,0.68481,0.35887,0.05376,0.08401
5297,0,4,0.85114,0.65709,0.07392,0.02184
5297,1,0,0.83602,0.63105,0.16465,0.11425
5297,2,3,0.7453,0.87382,0.05376,0.04872
5298,0,3,0.59807,0.89478,0.05319,0.06483
5298,1,3,0.52826,0.84076,0.03324,0.0266
5298,2,3,0.48005,0.81499,0.03324,0.02826
5298,3,3,0.68451,0.9247,0.03324,0.02161
5298,4,3,0.79754,0.98454,0.04987,0.02493
5300,0,1,0.59157,0.4916,0.29738,0.02688
5301,0,3,0.437,0.34963,0.09241,0.06216
5301,1,4,0.44456,0.25302,0.12769,0.09073
5305,0,3,0.51596,0.34459,0.10921,0.03864
5305,1,3,0.74698,0.47648,0.09745,0.04368
5305,2,3,0.71001,0.4286,0.16801,0.03528
5306,0,4,0.2589,0.7957,0.43515,0.40323
5306,1,4,0.4412,0.56216,0.17473,0.25202
5306,2,4,0.7495,0.60753,0.11929,0.23185
5306,3,4,0.66717,0.70077,0.43515,0.10921
5307,0,1,0.86794,0.60753,0.07056,0.03696
5307,1,1,0.96707,0.61173,0.05376,0.0252
5308,0,0,0.75454,0.89567,0.19993,0.13273
5308,1,0,0.58989,0.78562,0.09577,0.07056
5308,2,0,0.48908,0.70665,0.09241,0.07392
5308,3,4,0.96371,0.68313,0.06384,0.06048
5309,0,4,0.90909,0.84663,0.17974,0.12202
5309,1,4,0.28159,0.47144,0.11425,0.04704
5310,0,2,0.09173,0.65793,0.14113,0.11761
5310,1,2,0.18162,0.8167,0.06216,0.09577
5310,2,2,0.32863,0.80158,0.18145,0.12601
5310,3,2,0.45296,0.67641,0.20833,0.25202
5310,4,2,0.26058,0.46892,0.15961,0.10921
5310,5,2,0.42356,0.48236,0.16633,0.15961
5310,6,2,0.94773,0.56477,0.10245,0.0993
5310,7,0,0.82678,0.48488,0.12937,0.11089
5311,0,3,0.51745,0.70113,0.22773,0.12965
5311,1,3,0.58976,0.6496,0.08976,0.2859
5312,0,4,0.59325,0.72765,0.11929,0.04536
5312,1,4,0.95193,0.70958,0.09405,0.08315
5313,0,3,0.07863,0.53934,0.15726,0.06525
5313,1,3,0.17826,0.4832,0.17641,0.06048
5313,2,3,0.28831,0.43952,0.04704,0.02352
5313,3,4,0.51596,0.43616,0.0756,0.04704
5313,4,3,0.73606,0.5336,0.14617,0.0504
5313,5,3,0.61593,0.47144,0.0504,0.03696
5313,6,3,0.65877,0.45716,0.04872,0.02856
5313,7,4,0.33535,0.45044,0.07056,0.06552
5314,0,1,0.42272,0.56888,0.25202,0.0504
5314,1,1,0.80242,0.5378,0.2957,0.03528
5316,0,2,0.88893,0.7542,0.22006,0.45128
5317,0,1,0.56048,0.61173,0.17473,0.02856
5318,0,3,0.64877,0.48587,0.09475,0.0482
5318,1,4,0.36785,0.36536,0.0615,0.01995
5319,0,3,0.31183,0.81754,0.16129,0.07392
5319,1,4,0.71505,0.55292,0.15793,0.23017
5319,2,4,0.42188,0.63945,0.29066,0.11089
5319,3,4,0.30259,0.73774,0.24362,0.12265
5319,4,4,0.73185,0.41095,0.16129,0.09073
5319,5,4,0.59409,0.35131,0.09073,0.0252
5319,6,4,0.68901,0.33283,0.04872,0.01512
5321,0,3,0.24126,0.54116,0.11089,0.03528
5321,1,4,0.35635,0.51932,0.0756,0.01848
5321,2,3,0.34879,0.47564,0.10081,0.03528
5321,3,3,0.40003,0.4244,0.04872,0.02688
5322,0,3,0.60753,0.67473,0.21841,0.14449
5322,1,3,0.72765,0.49328,0.22009,0.12433
5322,2,3,0.72009,0.39667,0.19489,0.10585
5322,3,3,0.03881,0.84862,0.06552,0.18313
5322,4,4,0.53696,0.42103,0.13777,0.31586
5323,0,3,0.80326,0.72681,0.03864,0.02016
5323,1,3,0.7495,0.7495,0.04872,0.01848
5323,2,3,0.85198,0.7705,0.03528,0.02016
5323,3,3,0.98553,0.78878,0.02685,0.01641
5324,0,3,0.32611,0.75958,0.36794,0.14617
5324,1,4,0.28747,0.59829,0.3545,0.16969
5324,2,3,0.21942,0.86458,0.13441,0.05376
5324,3,3,0.35971,0.88558,0.15289,0.0588
5324,4,3,0.04083,0.70842,0.08165,0.13123
5324,5,3,0.479,0.51344,0.05544,0.02688
5324,6,3,0.55544,0.46052,0.10753,0.0756
5325,0,0,0.44456,0.66801,0.10417,0.08065
5325,1,0,0.56132,0.74362,0.04536,0.0504
5325,2,0,0.65625,0.80998,0.11761,0.06552
5325,3,0,0.82678,0.93179,0.18649,0.12769
5326,0,3,0.06149,0.62769,0.05712,0.02016
5326,1,0,0.19254,0.64197,0.08737,0.05208
5326,2,0,0.63219,0.92925,0.22406,0.13942
5326,3,0,0.40339,0.78142,0.27386,0.16297
5327,0,0,0.33283,0.75706,0.042,0.10753
5327,1,1,0.39667,0.84022,0.46875,0.03528
5327,2,1,0.37735,0.69321,0.38978,0.03696
5327,3,1,0.87465,0.82969,0.24862,0.04781
5327,4,0,0.65541,0.8293,0.12937,0.15121
5328,0,0,0.86038,0.7705,0.09577,0.06384
5328,1,0,0.95025,0.83809,0.09741,0.08142
5328,2,0,0.8839,0.63105,0.07224,0.07056
5328,3,0,0.75874,0.67725,0.15457,0.11257
5328,4,1,0.8629,0.67809,0.22177,0.0336
5328,5,1,0.97125,0.76006,0.05541,0.02617
5328,6,4,0.76378,0.55796,0.20161,0.09241
5328,7,3,0.1875,0.74782,0.08401,0.02856
5330,0,3,0.78424,0.71609,0.08644,0.04987
5330,1,3,0.95296,0.687,0.05153,0.03823
5331,0,1,0.28663,0.74866,0.12769,0.0168
5331,1,1,0.46052,0.74866,0.09241,0.01008
5332,0,3,0.36979,0.69741,0.15625,0.05208
5332,1,3,0.09593,0.68565,0.12601,0.06216
5332,2,3,0.23202,0.70077,0.10585,0.03192
5332,3,1,0.52604,0.70581,0.09913,0.02856
5332,4,3,0.63441,0.70581,0.10081,0.03528
5332,5,1,0.76546,0.71505,0.09745,0.0336
5332,6,3,0.92423,0.70329,0.13609,0.03024
5332,7,2,0.94353,0.60999,0.11085,0.05869
5332,8,3,0.97377,0.64611,0.05037,0.04356
5332,9,0,0.77638,0.50924,0.09577,0.0588
5332,10,2,0.68229,0.43196,0.08233,0.06216
5333,0,1,0.67473,0.40423,0.23522,0.0504
5333,1,3,0.18162,0.70749,0.36122,0.07897
5333,2,3,0.60127,0.65509,0.19676,0.03704
5333,3,1,0.92841,0.64864,0.1411,0.05198
5335,0,1,0.7495,0.66297,0.17641,0.05712
5337,0,3,0.80502,0.75266,0.09475,0.02327
5337,1,3,0.23404,0.46592,0.05652,0.03491
5337,2,4,0.60306,0.41273,0.24601,0.13464
5337,3,3,0.26064,0.3986,0.0133,0.02327
5338,0,0,0.90153,0.71935,0.19486,0.13965
5340,0,0,0.88137,0.64512,0.23518,0.15246
5341,0,1,0.51428,0.59409,0.48891,0.05376
5341,1,1,0.36055,0.50168,0.08737,0.0168
5341,2,3,0.77638,0.54032,0.11929,0.03024
5341,3,1,0.87802,0.54452,0.09409,0.01512
5344,0,1,0.42272,0.60585,0.58132,0.25538
5345,0,0,0.41179,0.78226,0.05208,0.03696
5345,1,0,0.20514,0.63021,0.0588,0.03528
5345,2,3,0.59745,0.91583,0.22849,0.16297
5345,3,1,0.28495,0.63273,0.0504,0.02016
5346,0,0,0.09677,0.74362,0.18817,0.19825
5346,1,3,0.32191,0.42103,0.0672,0.0504
5346,2,0,0.2589,0.5378,0.14953,0.14953
5346,3,3,0.09593,0.42608,0.07224,0.03024
5346,4,3,0.19086,0.38239,0.09745,0.03696
5346,5,3,0.33283,0.36475,0.10921,0.03192
5347,0,0,0.61145,0.92673,0.09521,0.14446
5347,1,0,0.41095,0.58989,0.06048,0.08569
5347,2,3,0.46136,0.53864,0.14449,0.04368
5347,3,0,0.51008,0.75622,0.07392,0.07897
5348,0,0,0.57981,0.4958,0.09577,0.17641
5348,1,0,0.68145,0.61005,0.10081,0.08905
5348,2,0,0.68229,0.50504,0.09241,0.09409
5348,3,4,0.71841,0.45968,0.11761,0.10753
5349,0,1,0.52688,0.60585,0.14449,0.02352
5349,1,0,0.27319,0.72933,0.2957,0.48219
5350,0,1,0.73774,0.73353,0.24362,0.04032
5350,1,1,0.95109,0.74445,0.09573,0.02519
5350,2,0,0.59997,0.82342,0.09577,0.13609
5350,3,0,0.55796,0.71925,0.03864,0.05208
5351,0,4,0.7789,0.57644,0.23522,0.26714
5351,1,4,0.4958,0.79486,0.11929,0.16969
5352,0,3,0.80074,0.79822,0.08737,0.06216
5352,1,3,0.89399,0.76966,0.0588,0.042
5352,2,3,0.97125,0.74539,0.05541,0.03379
5352,3,0,0.4832,0.73101,0.07392,0.17305
5352,4,0,0.44372,0.57056,0.042,0.10081
5352,5,1,0.63273,0.8167,0.21169,0.01848
5352,6,1,0.17994,0.85282,0.13273,0.04368
5352,7,3,0.31267,0.85618,0.12601,0.05376
5353,0,3,0.29503,0.69321,0.25874,0.11761
5353,1,3,0.33031,0.55376,0.11425,0.04704
5354,0,1,0.40087,0.68229,0.12097,0.0252
5354,1,1,0.64701,0.67641,0.19993,0.02016
5354,2,1,0.41683,0.54788,0.06888,0.0252
5354,3,1,0.50252,0.54704,0.06552,0.01344
5354,4,0,0.94941,0.68416,0.09909,0.04574
5354,5,0,0.8293,0.62181,0.13441,0.07897
5355,0,2,0.50234,0.65245,0.99324,0.68548
5356,0,3,0.39742,0.70211,0.11957,0.05707
5356,1,3,0.71433,0.84586,0.34035,0.30516
5356,2,3,0.84783,0.68003,0.04755,0.0197
5357,0,0,0.25694,0.39924,0.064,0.13276
5357,1,1,0.17695,0.40843,0.09055,0.03949
5357,2,1,0.12554,0.58136,0.24646,0.05174
5358,0,3,0.32439,0.74694,0.16236,0.12364
5358,1,3,0.92561,0.47724,0.1053,0.09511
5359,0,3,0.73845,0.79891,0.09239,0.04416
5359,1,3,0.61821,0.78295,0.04755,0.04212
5359,2,3,0.61039,0.70177,0.11889,0.04552
5359,3,3,0.53465,0.7748,0.04484,0.02582
5359,4,3,0.61821,0.9324,0.06522,0.05707
5359,5,3,0.02276,0.9392,0.02785,0.05163
5359,6,3,0.0856,0.94973,0.03668,0.03736
5359,7,3,0.14572,0.95788,0.03736,0.02921
5359,8,3,0.13655,0.88451,0.0462,0.02649
5360,0,2,0.90509,0.42749,0.18655,0.11983
5360,1,3,0.60349,0.53847,0.3908,0.89325
5360,2,3,0.89726,0.74544,0.1845,0.4902
5360,3,4,0.20588,0.50511,0.28459,0.53241
5361,0,1,0.76868,0.90625,0.34171,0.03465
5361,1,3,0.89878,0.72181,0.11549,0.11821
5361,2,3,0.66067,0.73471,0.07677,0.04891
5362,0,0,0.82371,0.30503,0.12704,0.16644
5362,1,2,0.45346,0.09137,0.18139,0.1644
5362,2,3,0.90523,0.47452,0.10394,0.07473
5363,0,0,0.125,0.24361,0.1875,0.23845
5364,0,1,0.74952,0.93028,0.3588,0.12595
5364,1,1,0.97318,0.94424,0.02042,0.04221
5365,0,1,0.68825,0.13337,0.60526,0.04493
5365,1,0,0.20622,0.29031,0.31658,0.27029
5365,2,0,0.45609,0.0435,0.06468,0.08578
5366,0,0,0.8285,0.06767,0.09736,0.13276
5366,1,0,0.9262,0.22597,0.1348,0.15795
5366,2,3,0.91837,0.04555,0.06604,0.03949
5366,3,3,0.59225,0.10716,0.05923,0.0497
5366,4,0,0.85097,0.77131,0.21582,0.42756
5366,5,0,0.6297,0.0367,0.04562,0.06944
5366,6,2,0.69438,0.05031,0.06604,0.06264
5367,0,0,0.6875,0.11277,0.0625,0.06726
5367,1,0,0.8611,0.36392,0.27655,0.40379
5367,2,1,0.29993,0.14266,0.15965,0.05503
5367,3,0,0.61413,0.01291,0.05299,0.02106
5368,0,0,0.22188,0.90135,0.06468,0.11302
5368,1,0,0.29711,0.69574,0.0817,0.09532
5368,2,3,0.35124,0.63719,0.03881,0.01634
5368,3,0,0.32639,0.60553,0.03404,0.03881
5368,4,3,0.39958,0.56161,0.05106,0.03404
5369,0,0,0.67259,0.25218,0.11642,0.1491
5369,1,0,0.81761,0.39822,0.13685,0.11846
5369,2,1,0.47821,0.16401,0.26008,0.02859
5369,3,1,0.53098,0.11023,0.1777,0.03813
5369,4,0,0.44996,0.65455,0.41599,0.63249
5370,0,3,0.96705,0.96196,0.05639,0.06046
5370,1,3,0.63519,0.82065,0.15217,0.06318
5371,0,3,0.58254,0.88655,0.17188,0.13519
5371,1,3,0.41236,0.97283,0.12092,0.04959
5371,2,3,0.4769,0.65931,0.03261,0.02446
5371,3,3,0.48234,0.60156,0.03397,0.02446
5372,0,0,0.50476,0.76834,0.13587,0.22486
5372,1,2,0.37194,0.47317,0.17188,0.15082
5373,0,3,0.56876,0.31039,0.07217,0.14025
5373,1,2,0.2178,0.32196,0.41735,0.57326
5373,2,0,0.50545,0.72297,0.10621,0.52015
5373,3,4,0.62595,0.11261,0.15251,0.16953
5374,0,1,0.5177,0.34001,0.95861,0.07966
5375,0,3,0.36724,0.32435,0.07081,0.04698
5375,1,3,0.01934,0.53915,0.03132,0.04902
5375,2,3,0.35022,0.09763,0.064,0.03472
5375,3,3,0.3172,0.17252,0.06604,0.03608
5375,4,3,0.38358,0.16095,0.05447,0.03881
5375,5,3,0.25456,0.1698,0.0497,0.04834
5375,6,1,0.24605,0.21031,0.16748,0.02723
5376,0,4,0.29416,0.91644,0.5462,0.14334
5376,1,4,0.18682,0.75883,0.33152,0.13927
5376,2,3,0.87024,0.55061,0.09647,0.03397
5376,3,3,0.91202,0.51427,0.04416,0.02649
5376,4,3,0.06861,0.51427,0.12636,0.06454
5377,0,3,0.54936,0.23346,0.2948,0.15659
5377,1,3,0.55515,0.74748,0.17974,0.17838
5377,2,3,0.37677,0.03942,0.13208,0.06264
5377,3,3,0.40843,0.10444,0.1954,0.06196
5377,4,3,0.5834,0.06257,0.14365,0.07489
5377,5,4,0.09797,0.21644,0.15727,0.22059
5377,6,0,0.70425,0.52928,0.19336,0.25395
5377,7,0,0.79918,0.91389,0.39956,0.14628
5378,0,2,0.63646,0.49926,0.72499,0.99321
5379,0,4,0.34852,0.51532,0.61887,0.25599
5379,1,4,0.46902,0.19397,0.48679,0.35812
5379,2,4,0.86424,0.36383,0.25054,0.24986
5380,0,4,0.75225,0.49796,0.4759,0.98107
5381,0,4,0.67191,0.17763,0.31795,0.08851
5381,1,4,0.92688,0.13133,0.12391,0.10893
5382,0,0,0.13848,0.59838,0.25871,0.11846
5382,1,0,0.37881,0.7485,0.12527,0.43641
5382,2,1,0.77642,0.94084,0.42211,0.11029
5382,3,0,0.64706,0.59361,0.14978,0.10349
5382,4,3,0.92654,0.70187,0.13957,0.07625
5382,5,3,0.79344,0.64468,0.09123,0.064
5383,0,3,0.80707,0.95652,0.12772,0.07677
5383,1,3,0.91067,0.77615,0.07812,0.06929
5383,2,3,0.68478,0.96094,0.08016,0.06658
5384,0,1,0.79105,0.74646,0.32748,0.04698
5384,1,0,0.52587,0.67531,0.17565,0.16748
5384,2,0,0.73284,0.88331,0.25735,0.21174
5384,3,1,0.23856,0.76144,0.35812,0.07149
5384,4,0,0.4503,0.56025,0.07625,0.05719
5385,0,3,0.29314,0.49287,0.20177,0.13315
5386,0,3,0.30435,0.89674,0.08832,0.04959
5386,1,3,0.4769,0.62942,0.05299,0.03125
5387,0,3,0.9212,0.87534,0.05842,0.03397
5387,1,1,0.89198,0.92052,0.13587,0.03193
5387,2,1,0.18886,0.94803,0.17663,0.03261
5387,3,3,0.38757,0.68037,0.05367,0.03668
5388,0,0,0.23064,0.90557,0.11753,0.17459
5389,0,3,0.53736,0.87704,0.09647,0.08084
5389,1,3,0.37432,0.97283,0.08967,0.04823
5389,2,3,0.64062,0.96943,0.07473,0.05367
5390,0,4,0.54562,0.16844,0.47794,0.26484
5390,1,4,0.40843,0.64672,0.79725,0.6781
5390,2,2,0.91769,0.47753,0.16136,0.13548
5390,3,4,0.90611,0.78322,0.16953,0.41462
5391,0,3,0.93173,0.8159,0.05231,0.04008
5391,1,3,0.1284,0.90319,0.07065,0.08152
5391,2,3,0.15659,0.82677,0.03736,0.03872
5391,3,3,0.33356,0.92221,0.12092,0.10734
5392,0,2,0.50034,0.52962,0.98652,0.93137
5392,1,4,0.52928,0.02206,0.50926,0.03881
5393,0,0,0.33218,0.27056,0.10961,0.15046
5393,1,0,0.11908,0.87139,0.10417,0.24374
5393,2,0,0.2389,0.4983,0.16272,0.26416
5394,0,1,0.44349,0.75906,0.31727,0.09123
5394,1,1,0.10001,0.75089,0.19131,0.09259
5394,2,1,0.34545,0.60825,0.20289,0.05515
5394,3,1,0.15448,0.596,0.0674,0.03608
5394,4,1,0.29099,0.53745,0.10893,0.02655
5394,5,4,0.61268,0.91326,0.28799,0.16816
5395,0,3,0.09559,0.29235,0.14297,0.07421
5395,1,3,0.3029,0.08231,0.03336,0.01634
5396,0,1,0.91871,0.58953,0.15659,0.05719
5396,1,3,0.89692,0.97658,0.09532,0.03881
5396,2,1,0.13814,0.9456,0.10689,0.0354
5397,0,3,0.09952,0.92561,0.19226,0.14538
5398,0,3,0.42459,0.34918,0.32473,0.18546
5398,1,4,0.8108,0.46671,0.35937,0.36209
5398,2,3,0.70245,0.75034,0.11141,0.07201
5398,3,3,0.80401,0.76359,0.06997,0.07269
5399,0,1,0.57625,0.73761,0.09123,0.04153
5399,1,0,0.53132,0.88263,0.20016,0.22535
5399,2,0,0.41285,0.6777,0.14978,0.1777
5399,3,1,0.71208,0.63753,0.05379,0.02519
5399,4,0,0.34681,0.55923,0.02996,0.05106
5400,0,2,0.47753,0.58136,0.93954,0.78431
5400,1,2,0.55072,0.09355,0.8735,0.17497
5401,0,3,0.4606,0.75374,0.0462,0.02989
5401,1,2,0.6216,0.9606,0.14266,0.06861
5401,2,0,0.42765,0.8108,0.07133,0.07201
5402,0,3,0.27839,0.44792,0.54534,0.60049
5403,0,0,0.36588,0.6828,0.19199,0.26008
5403,1,3,0.37677,0.87548,0.08987,0.04493
5403,2,3,0.37439,0.82986,0.06196,0.03404
5403,3,0,0.87139,0.6685,0.23625,0.0994
5403,4,0,0.60144,0.548,0.05447,0.02996
5403,5,3,0.36349,0.91871,0.0783,0.03336
5404,0,0,0.56012,0.88349,0.18003,0.22147
5404,1,0,0.71162,0.81895,0.08899,0.06522
5404,2,1,0.7072,0.91067,0.09647,0.10326
5404,3,0,0.86821,0.93139,0.19973,0.12296
5404,4,3,0.78635,0.83084,0.04008,0.03193
5405,0,3,0.38528,0.65863,0.29616,0.21174
5405,1,2,0.79173,0.55174,0.37241,0.86261
5405,2,3,0.49592,0.01763,0.17429,0.02587
5405,3,0,0.51804,0.10103,0.12187,0.12459
5405,4,0,0.468,0.43839,0.17565,0.19472
5405,5,1,0.44894,0.24163,0.20289,0.04085
5405,6,3,0.76008,0.07721,0.2451,0.07557
5405,7,1,0.39005,0.18988,0.10281,0.03813
5405,8,1,0.41558,0.06801,0.05174,0.02179
5405,9,1,0.40332,0.11567,0.04902,0.04357
5405,10,0,0.60961,0.05167,0.04357,0.03404
5405,11,0,0.57898,0.22052,0.04357,0.08715
5406,0,3,0.24049,0.85904,0.17663,0.08152
5406,1,3,0.38281,0.9341,0.16236,0.07405
5407,0,3,0.26936,0.3356,0.13791,0.07812
5407,1,4,0.5377,0.42561,0.22758,0.14674
5407,2,4,0.482,0.13519,0.34579,0.24389
5407,3,4,0.84069,0.37024,0.29959,0.22351
5408,0,2,0.50136,0.49557,0.9409,0.98312
5409,0,4,0.75849,0.52514,0.34851,0.80639
5409,1,0,0.97962,0.30095,0.02853,0.05367
5410,0,3,0.30197,0.78193,0.17052,0.12296
5410,1,3,0.1464,0.96264,0.09035,0.04823
5411,0,1,0.2052,0.71957,0.23965,0.08715
5411,1,1,0.52213,0.78084,0.10689,0.0463
5412,0,2,0.27446,0.42935,0.40761,0.25611
5412,1,4,0.6284,0.56046,0.24321,0.23845
5412,2,4,0.23607,0.77683,0.41372,0.1712
5413,0,4,0.23098,0.73879,0.17255,0.09647
5413,1,4,0.12092,0.84443,0.1875,0.04688
5413,2,4,0.53838,0.82099,0.09715,0.15625
5414,0,0,0.13848,0.42034,0.25871,0.2594
5416,0,1,0.55129,0.80367,0.76291,0.02242
5416,1,0,0.10836,0.88417,0.20041,0.11685
5417,0,1,0.50068,0.92382,0.98039,0.08987
5417,1,0,0.28179,0.72059,0.13685,0.30569
5418,0,1,0.28656,0.23686,0.32203,0.06672
5418,1,3,0.42102,0.1252,0.07625,0.0463
5418,2,3,0.47106,0.16605,0.06468,0.02587
5418,3,0,0.76586,0.25218,0.44322,0.31114
5418,4,0,0.46902,0.04759,0.13004,0.08306
5418,5,0,0.87377,0.73114,0.12527,0.1811
5419,0,0,0.05236,0.5834,0.06468,0.17293
5419,1,3,0.30801,0.06189,0.04493,0.02723
5420,0,0,0.68212,0.74442,0.24578,0.48952
5420,1,0,0.67565,0.26443,0.21242,0.45684
5420,2,2,0.85607,0.07618,0.11302,0.10893
5420,3,2,0.45881,0.07482,0.14502,0.10349
5420,4,0,0.26545,0.70153,0.22944,0.57666
5420,5,0,0.10955,0.28622,0.19812,0.17361
5420,6,0,0.94594,0.20316,0.09532,0.10144
5420,7,0,0.58374,0.01729,0.06264,0.02247
5421,0,3,0.0428,0.74287,0.04212,0.03397
5421,1,3,0.06895,0.69226,0.04144,0.02242
5421,2,3,0.0231,0.78702,0.03125,0.02174
5421,3,4,0.37704,0.92731,0.72418,0.12296
5422,0,1,0.09116,0.95275,0.1777,0.0851
5423,0,3,0.29654,0.73471,0.04688,0.03397
5423,1,3,0.25136,0.95211,0.04891,0.02582
5423,2,3,0.27582,0.90863,0.05707,0.03397
5424,0,3,0.94158,0.81827,0.11277,0.08152
5424,1,3,0.41814,0.72351,0.09443,0.06046
5424,2,3,0.51121,0.72011,0.0591,0.03872
5424,3,3,0.46298,0.91168,0.53057,0.1678
5425,0,4,0.34954,0.82271,0.19199,0.32475
5425,1,4,0.50477,0.61676,0.40986,0.05447
5425,2,3,0.70425,0.88773,0.08034,0.04221
5427,0,2,0.2069,0.57387,0.40237,0.83469
5427,1,2,0.79139,0.60553,0.30229,0.51675
5428,0,3,0.28316,0.35124,0.08238,0.04493
5428,1,0,0.72842,0.90577,0.12051,0.16408
5428,2,0,0.94833,0.38086,0.0851,0.07285
5428,3,3,0.9405,0.30086,0.08715,0.0531
5428,4,3,0.14869,0.60008,0.29003,0.26484
5429,0,3,0.41372,0.94293,0.12908,0.07269
5429,1,3,0.55129,0.94939,0.12432,0.06929
5430,0,2,0.80605,0.17493,0.24117,0.1712
5430,1,0,0.58526,0.14708,0.17459,0.28668
5430,2,0,0.81895,0.63723,0.35122,0.64878
5431,0,0,0.32269,0.67018,0.21603,0.1875
5432,0,2,0.50034,0.49932,0.95929,0.98243
5433,0,3,0.8428,0.4023,0.20901,0.08306
5433,1,2,0.76995,0.54357,0.1845,0.18723
5433,2,2,0.95071,0.52791,0.08987,0.096
5434,0,1,0.45847,0.77539,0.25191,0.03676
5434,1,1,0.69676,0.76484,0.13617,0.03745
5434,2,0,0.32639,0.93505,0.10621,0.10689
5434,3,3,0.40298,0.68008,0.04834,0.03676
5434,4,3,0.4663,0.55923,0.02791,0.02383
5435,0,2,0.19805,0.18682,0.34926,0.3479
5435,1,3,0.54051,0.81182,0.39692,0.34382
5435,2,3,0.71514,0.23856,0.50381,0.45956
5435,3,3,0.14903,0.78799,0.28391,0.40918
5435,4,3,0.86935,0.6331,0.23897,0.26552
5436,0,0,0.60383,0.66748,0.24986,0.48952
5436,1,0,0.86016,0.46698,0.24646,0.71895
5436,2,0,0.57898,0.12282,0.12663,0.24033
5436,3,0,0.35532,0.69404,0.14365,0.2662
5436,4,0,0.75871,0.02444,0.09532,0.04221
5436,5,4,0.14801,0.66442,0.26144,0.64406
5437,0,0,0.59804,0.64706,0.22331,0.51811
5437,1,1,0.26954,0.91394,0.41735,0.09872
5437,2,2,0.27124,0.29371,0.35131,0.27846
5437,3,0,0.6137,0.26205,0.29412,0.17021
5437,4,0,0.87854,0.46868,0.23284,0.20493
5437,5,0,0.2229,0.04827,0.15659,0.07761
5437,6,3,0.23278,0.12963,0.16136,0.03608
5439,0,3,0.20041,0.90591,0.11821,0.07473
5439,1,3,0.36549,0.82337,0.11957,0.05095
5439,2,3,0.42154,0.76596,0.08628,0.04212
5440,0,3,0.93037,0.85666,0.11481,0.08492
5441,0,3,0.56318,0.93546,0.19293,0.10122
5441,1,3,0.35768,0.86243,0.19633,0.16984
5441,2,3,0.86447,0.92969,0.14742,0.11277
5441,3,3,0.46433,0.68105,0.09986,0.04891
5442,0,3,0.40455,0.88485,0.09579,0.06522
5443,0,0,0.4149,0.4309,0.15523,0.24237
5443,1,1,0.58136,0.28043,0.77682,0.04493
5443,2,3,0.62629,0.68825,0.07285,0.07081
5444,0,3,0.68207,0.98132,0.06929,0.02989
5444,1,3,0.72588,0.77378,0.07133,0.06046
5444,2,3,0.43342,0.93037,0.04484,0.03668
5444,3,3,0.54789,0.93173,0.04959,0.05299
5445,0,3,0.34375,0.58084,0.2731,0.12296
5445,1,3,0.56658,0.59681,0.07473,0.05978
5445,2,3,0.33356,0.40931,0.07609,0.0462
5445,3,3,0.63655,0.39096,0.15761,0.07201
5445,4,3,0.50306,0.45312,0.06318,0.03872
5445,5,3,0.3964,0.45618,0.04688,0.02582
5446,0,4,0.70822,0.79721,0.50883,0.38723
5447,0,3,0.68308,0.66814,0.10394,0.04212
5448,0,1,0.68484,0.6811,0.52219,0.04425
5448,1,0,0.15856,0.61574,0.29344,0.15319
5448,2,0,0.4646,0.84824,0.09259,0.28186
5448,3,0,0.44077,0.58442,0.064,0.13276
5448,4,0,0.7165,0.58204,0.36629,0.14161
5448,5,0,0.97862,0.67974,0.03404,0.03472
5448,6,3,0.23618,0.78799,0.07013,0.032
5448,7,3,0.38903,0.7502,0.03813,0.01906
5448,8,3,0.80773,0.95786,0.07217,0.03132
5449,0,3,0.70346,0.88145,0.15421,0.07065
5449,1,3,0.74219,0.63315,0.05639,0.03601
5449,2,3,0.7945,0.59307,0.06046,0.03057
5449,3,3,0.88451,0.63111,0.0625,0.03736
5449,4,3,0.39368,0.90353,0.39062,0.18274
5450,0,2,0.62806,0.87126,0.29959,0.1481
5450,1,2,0.5625,0.97385,0.1712,0.04212
5450,2,2,0.89368,0.92459,0.20856,0.13655
5451,0,1,0.92552,0.81012,0.14025,0.04085
5451,1,3,0.48536,0.72501,0.12731,0.09532
5451,2,3,0.54017,0.85301,0.07081,0.04221
5451,3,3,0.1698,0.71923,0.06672,0.03472
5452,0,2,0.50136,0.49864,0.98175,0.98107
5453,0,2,0.37337,0.39856,0.35812,0.22535
5453,1,2,0.50919,0.14903,0.29208,0.19063
5454,0,2,0.41422,0.50613,0.81699,0.97835
5455,0,3,0.56692,0.69803,0.20992,0.17255
5455,1,3,0.5788,0.49728,0.24321,0.20312
5455,2,3,0.08356,0.6002,0.14946,0.21332
5455,3,3,0.29314,0.34443,0.07948,0.08899
5455,4,3,0.54076,0.3142,0.09375,0.14538
5455,5,3,0.56386,0.1284,0.07065,0.1678
5456,0,0,0.38859,0.86753,0.13723,0.24796
5456,1,3,0.82065,0.93546,0.12772,0.11889
5456,2,3,0.59817,0.90149,0.15421,0.17052
5457,0,0,0.55038,0.7308,0.21923,0.29616
5457,1,1,0.32843,0.89556,0.64815,0.04425
5457,2,1,0.83395,0.76008,0.31522,0.08783
5457,3,1,0.92926,0.69438,0.11914,0.02042
5457,4,0,0.80195,0.63174,0.25123,0.08715
5457,5,0,0.63514,0.56264,0.06468,0.032
5457,6,0,0.55413,0.52894,0.05651,0.02179
5458,0,0,0.53983,0.5817,0.3125,0.80678
5458,1,0,0.84348,0.30903,0.25667,0.3268
5458,2,0,0.7502,0.05406,0.08783,0.10417
5458,3,1,0.6011,0.12282,0.78499,0.03336
5458,4,4,0.16027,0.26409,0.24782,0.21106
5458,5,4,0.28384,0.0527,0.10417,0.09872
5458,6,1,0.17102,0.76162,0.34205,0.10044
5458,7,1,0.28452,0.39549,0.17633,0.04357
5459,0,1,0.31822,0.79037,0.61275,0.09395
5459,1,1,0.8462,0.72638,0.28935,0.06808
5459,2,0,0.83599,0.86833,0.30297,0.19131
5459,3,0,0.54868,0.64502,0.22808,0.17089
5459,4,1,0.32809,0.62868,0.18314,0.05106
5459,5,1,0.14767,0.64127,0.03472,0.02996
5460,0,3,0.29643,0.27907,0.17838,0.08578
5460,1,1,0.22733,0.41217,0.13004,0.05515
5460,2,0,0.11125,0.68689,0.18519,0.24374
5462,0,4,0.78459,0.86016,0.21923,0.19812
5462,1,3,0.9582,0.88603,0.07217,0.08919
5462,2,0,0.42205,0.52111,0.06332,0.03881
5464,0,3,0.06733,0.19703,0.12868,0.06604
5464,1,3,0.22154,0.40571,0.11846,0.10621
5464,2,4,0.66102,0.52723,0.63657,0.88167
5465,0,2,0.21235,0.28077,0.16816,0.06604
5466,0,1,0.11363,0.35498,0.22127,0.07693
5467,0,4,0.61676,0.64638,0.48407,0.25123
5467,1,3,0.86731,0.25899,0.13412,0.09191
5468,0,3,0.39164,0.85258,0.13247,0.04416
5468,1,3,0.72792,0.85496,0.11753,0.07201
5468,2,3,0.8288,0.89096,0.05707,0.03533
5468,3,3,0.86821,0.96264,0.22147,0.06861
5468,4,0,0.53091,0.97622,0.05774,0.04144
5468,5,0,0.55129,0.93376,0.04008,0.03261
5468,6,3,0.47418,0.73777,0.05163,0.03057
5468,7,3,0.30842,0.96365,0.15353,0.05978
5469,0,0,0.13371,0.94526,0.08851,0.10281
5470,0,2,0.28214,0.43022,0.15659,0.27642
5470,1,0,0.10444,0.8622,0.14434,0.2594
5471,0,2,0.42188,0.62126,0.19973,0.14266
5471,1,3,0.77242,0.58356,0.31793,0.20992
5472,0,3,0.12589,0.89284,0.05787,0.02519
5472,1,3,0.1572,0.83871,0.04834,0.02042
5472,2,3,0.14427,0.58919,0.03608,0.02111
5473,0,3,0.44905,0.95245,0.05842,0.08084
5474,0,3,0.6087,0.7928,0.04484,0.02514
5474,1,3,0.96016,0.7675,0.07656,0.05742
5475,0,3,0.92109,0.94186,0.13412,0.09191
5475,1,3,0.80944,0.83054,0.13412,0.10757
5475,2,3,0.71106,0.72331,0.06944,0.06196
5475,3,3,0.09082,0.76757,0.03949,0.04017
5475,4,3,0.03874,0.7931,0.04289,0.01906
5475,5,3,0.17729,0.75395,0.02315,0.01974
5475,6,3,0.36894,0.82918,0.11778,0.07898
5475,7,3,0.21848,0.97011,0.04017,0.03132
5475,8,3,0.08129,0.92211,0.0463,0.02655
5475,9,3,0.12963,0.94424,0.03132,0.01362
5475,10,3,0.16435,0.96637,0.02859,0.0143
5475,11,3,0.62391,0.90816,0.04493,0.03813
5475,12,3,0.77608,0.89318,0.03336,0.01225
5476,0,3,0.64059,0.59838,0.11642,0.05583
5476,1,0,0.79616,0.69131,0.12527,0.07557
5476,2,0,0.93845,0.77063,0.11983,0.07353
5477,0,3,0.34341,0.80707,0.07948,0.05367
5477,1,3,0.25068,0.93376,0.06793,0.06114
5477,2,3,0.2466,0.69124,0.05027,0.01902
5477,3,3,0.49219,0.90319,0.04688,0.01766
5478,0,2,0.34647,0.45075,0.45245,0.37772
5479,0,3,0.46841,0.54382,0.09986,0.03261
5480,0,2,0.40639,0.93505,0.27574,0.11914
5480,1,1,0.20656,0.596,0.09668,0.01838
5480,2,4,0.55106,0.74374,0.26008,0.21855
5481,0,3,0.36417,0.36009,0.33156,0.66721
5481,1,3,0.85233,0.07721,0.20629,0.06468
5482,0,3,0.36821,0.8998,0.32201,0.18886
5482,1,3,0.73132,0.68376,0.22079,0.13315
5482,2,3,0.89096,0.82405,0.20856,0.11073
5482,3,3,0.50849,0.73913,0.13791,0.09171
5483,0,0,0.66644,0.15727,0.09783,0.11005
5483,1,0,0.84239,0.12364,0.09783,0.09443
5483,2,3,0.58865,0.48166,0.09035,0.09443
5483,3,3,0.72452,0.03431,0.04959,0.02446
5483,4,3,0.64572,0.07507,0.05774,0.03261
5484,0,0,0.6002,0.59273,0.09307,0.10326
5484,1,0,0.82473,0.76325,0.31114,0.17935
5485,0,3,0.25116,0.80263,0.49496,0.39216
5486,0,0,0.14903,0.66885,0.29071,0.65019
5487,0,2,0.50238,0.59191,0.97835,0.79861
5487,1,2,0.51362,0.09559,0.29412,0.18042
5488,0,3,0.46535,0.73641,0.15625,0.05503
5490,0,0,0.3305,0.83526,0.41916,0.29348
5490,1,0,0.88791,0.7337,0.20652,0.14878
5491,0,3,0.38664,0.33796,0.15999,0.10144
5491,1,3,0.52111,0.07857,0.17429,0.1137
5491,2,3,0.36077,0.15993,0.1314,0.14842
5491,3,3,0.37745,0.05372,0.09395,0.05583
5491,4,3,0.86833,0.18954,0.08578,0.04698
5491,5,3,0.69336,0.06631,0.08034,0.05651
5491,6,4,0.64229,0.56672,0.34041,0.79861
5492,0,2,0.38222,0.14971,0.26008,0.29276
5492,1,0,0.2035,0.54391,0.14774,0.43981
5492,2,2,0.59702,0.65387,0.53445,0.67879
5493,0,3,0.31012,0.85598,0.14742,0.09715
5493,1,3,0.50917,0.84579,0.21671,0.07948
5494,0,4,0.85743,0.2515,0.27369,0.45411
5495,0,3,0.27955,0.9426,0.43546,0.1087
5495,1,3,0.52649,0.82099,0.06793,0.04891
5495,2,3,0.643,0.84137,0.07677,0.0394
5495,3,3,0.55299,0.90048,0.0788,0.03397
5495,4,3,0.54823,0.94395,0.06114,0.02989
5495,5,1,0.76461,0.9769,0.20856,0.02785
5495,6,1,0.94317,0.9728,0.11053,0.03051
5495,7,3,0.25679,0.78125,0.08288,0.0428
5496,0,2,0.33388,0.78833,0.63181,0.41394
5496,1,2,0.40468,0.47923,0.5719,0.17702
5496,2,2,0.85914,0.49217,0.25531,0.29548
5496,3,2,0.44043,0.31175,0.28527,0.14434
5497,0,1,0.5851,0.4857,0.81699,0.15046
5497,1,1,0.61166,0.31822,0.76117,0.09464
5497,2,1,0.76178,0.03976,0.47045,0.06332
5497,3,1,0.55072,0.85846,0.8844,0.13889
5498,0,3,0.89352,0.26205,0.19744,0.12527
5498,1,3,0.55038,0.21439,0.15387,0.13753
5498,2,3,0.73012,0.08674,0.50654,0.11234
5498,3,3,0.91905,0.17218,0.15182,0.04493
5498,4,3,0.67565,0.16469,0.07217,0.02451
5499,0,3,0.64434,0.13269,0.07761,0.03404
5499,1,1,0.47345,0.12044,0.11574,0.03268
5500,0,0,0.5194,0.14393,0.12323,0.28391
5500,1,0,0.63242,0.69029,0.13548,0.61138
5500,2,3,0.70391,0.09355,0.19676,0.15182
5500,3,3,0.66204,0.28894,0.09804,0.08374
5500,4,3,0.87986,0.5215,0.2382,0.17848
5500,5,3,0.39651,0.09729,0.04902,0.03132
5501,0,1,0.57319,0.83667,0.82721,0.08578
5501,1,1,0.60008,0.72297,0.79112,0.05991
5501,2,3,0.532,0.57421,0.07898,0.04698
5501,3,4,0.22903,0.62766,0.08306,0.07489
5501,4,4,0.07584,0.89658,0.14706,0.14842
5501,5,4,0.13712,0.71957,0.11029,0.10076
5502,0,3,0.18342,0.71208,0.09668,0.09123
5502,1,3,0.36928,0.6811,0.13208,0.05923
5502,2,3,0.37303,0.612,0.04289,0.02179
5502,3,3,0.02546,0.91496,0.04766,0.05991
5503,0,3,0.31413,0.9582,0.10621,0.06604
5504,0,2,0.64604,0.54562,0.70193,0.89529
5505,0,4,0.49966,0.37915,0.93614,0.24782
5505,1,4,0.3172,0.61744,0.6107,0.17429
5505,2,4,0.59157,0.18307,0.8027,0.12936
5506,0,3,0.81148,0.83628,0.18139,0.16372
5506,1,4,0.42969,0.59273,0.28736,0.49728
5507,0,0,0.30324,0.68587,0.08306,0.18995
5507,1,3,0.38971,0.62595,0.06127,0.03336
5507,2,3,0.46494,0.63004,0.02928,0.02383
5507,3,0,0.28724,0.83871,0.09327,0.09259
5507,4,3,0.29473,0.94594,0.10144,0.08919
5507,5,1,0.52213,0.95922,0.34382,0.03268
5507,6,1,0.08469,0.93437,0.15659,0.03745
5507,7,1,0.8605,0.93641,0.27437,0.04289
5508,0,1,0.18512,0.80025,0.3479,0.06876
5509,0,2,0.3155,0.49455,0.29412,0.51675
5509,1,3,0.56366,0.37643,0.14774,0.17565
5509,2,4,0.14563,0.16708,0.2485,0.06876
5509,3,1,0.52689,0.14801,0.30025,0.04153
5510,0,3,0.72603,0.30971,0.27914,0.23284
5510,1,3,0.93471,0.46324,0.12051,0.39148
5510,2,3,0.612,0.89862,0.16136,0.08306
5510,3,3,0.93879,0.88058,0.11642,0.15455
5510,4,0,0.76995,0.08946,0.11506,0.17225
5510,5,1,0.93539,0.01014,0.09327,0.01634
5510,6,0,0.66408,0.14869,0.07761,0.06876
5510,7,0,0.95684,0.07857,0.07081,0.05923
5510,8,3,0.96875,0.12895,0.05242,0.02655
5510,9,3,0.50102,0.46187,0.14229,0.24169
5511,0,3,0.24639,0.03976,0.1777,0.07693
5512,0,0,0.26001,0.3155,0.07966,0.11097
5512,1,3,0.39345,0.19227,0.05379,0.02928
5512,2,2,0.65114,0.58783,0.40169,0.31931
5512,3,0,0.77812,0.27362,0.13821,0.07081
5513,0,3,0.26087,0.93105,0.08152,0.05707
5513,1,3,0.51461,0.80605,0.06318,0.03804
5513,2,3,0.51087,0.75747,0.07201,0.03872
5514,0,3,0.4803,0.88995,0.24049,0.20448
5514,1,3,0.7483,0.86141,0.21535,0.25747
5515,0,2,0.65489,0.31046,0.66576,0.39606
5515,1,3,0.7697,0.67255,0.38043,0.21535
5516,0,3,0.23958,0.73284,0.04425,0.02791
5516,1,3,0.16401,0.88773,0.01702,0.02451
5516,2,3,0.18716,0.89182,0.0143,0.01634
5516,3,3,0.10648,0.94628,0.03676,0.03404
5516,4,3,0.10784,0.98849,0.02859,0.01906
5517,0,1,0.43056,0.71616,0.56917,0.04766
5517,1,0,0.57081,0.59872,0.23557,0.17225
5517,2,0,0.28962,0.59566,0.14706,0.15931
5517,3,0,0.06904,0.81624,0.12663,0.13344
5517,4,0,0.79242,0.77301,0.09872,0.05923
5518,0,3,0.6634,0.57251,0.15931,0.10757
5518,1,0,0.74714,0.32911,0.13753,0.26757
5518,2,0,0.46868,0.42919,0.15931,0.38739
5518,3,0,0.38868,0.84416,0.14229,0.22467
5518,4,0,0.92313,0.0578,0.09872,0.11438
5518,5,2,0.80433,0.04997,0.12391,0.096
5519,0,3,0.44451,0.35737,0.15182,0.10349
5519,1,0,0.45983,0.26614,0.09668,0.06127
5519,2,0,0.68927,0.75089,0.20153,0.47386
5519,3,1,0.45541,0.16673,0.13821,0.02723
5519,4,3,0.38971,0.13337,0.064,0.02179
5519,5,0,0.72706,0.32809,0.32339,0.32135
5519,6,3,0.63072,0.14903,0.05855,0.02315
5519,7,3,0.6668,0.07993,0.21786,0.06604
5519,8,3,0.42953,0.02342,0.1491,0.03064
5519,9,0,0.47141,0.08197,0.12527,0.06876
5519,10,0,0.94901,0.3812,0.09055,0.16068
5519,11,0,0.94696,0.85233,0.09464,0.12936
5520,0,0,0.14767,0.41898,0.06604,0.15455
5520,1,0,0.15414,0.31447,0.0354,0.04085
5521,0,3,0.40149,0.94395,0.13859,0.1019
5521,1,3,0.52649,0.86311,0.08967,0.0462
5521,2,3,0.91338,0.94803,0.1678,0.09647
5522,0,3,0.41524,0.60383,0.31931,0.07761
5522,1,0,0.8816,0.81897,0.16816,0.09395
5522,2,1,0.90233,0.91575,0.19327,0.06285
5522,3,3,0.72297,0.87037,0.14093,0.08374
5522,4,3,0.08061,0.85233,0.13208,0.14842
5523,0,3,0.55242,0.18376,0.07217,0.05038
5524,0,2,0.25034,0.81114,0.48302,0.37296
5524,1,3,0.6413,0.97724,0.07201,0.04076
5524,2,3,0.65761,0.81454,0.07065,0.05231
5524,3,3,0.55842,0.6875,0.12228,0.09035
5525,0,3,0.73641,0.88451,0.17391,0.12432
5525,1,3,0.37126,0.77955,0.13655,0.09783
5525,2,3,0.83696,0.31726,0.16712,0.07677
5526,0,3,0.20146,0.28622,0.29208,0.09191
5526,1,3,0.12929,0.15244,0.25123,0.06944
5527,0,0,0.84307,0.81827,0.30707,0.34918
5527,1,3,0.5462,0.71705,0.04212,0.03804
5527,2,3,0.61923,0.68444,0.09171,0.06386
5528,0,0,0.3829,0.77608,0.25871,0.4262
5528,1,1,0.82407,0.65625,0.08987,0.07081
5528,2,1,0.72501,0.67293,0.0674,0.03745
5528,3,1,0.62834,0.68791,0.05106,0.03336
5528,4,1,0.548,0.69574,0.03608,0.02451
5528,5,3,0.83156,0.72706,0.05583,0.03949
5528,6,0,0.64638,0.57421,0.24646,0.08374
5528,7,0,0.40434,0.50443,0.0783,0.04085
5528,8,0,0.93641,0.65999,0.11029,0.08102
5528,9,0,0.27941,0.52655,0.03949,0.06059
5529,0,2,0.35464,0.23992,0.51266,0.20765
5529,1,2,0.27975,0.65625,0.54807,0.58007
5529,2,1,0.50408,0.97862,0.97631,0.03472
5529,3,1,0.78356,0.58408,0.42143,0.064
5529,4,1,0.7148,0.40605,0.26893,0.05106
5529,5,2,0.52042,0.11737,0.05991,0.02519
5530,0,3,0.8502,0.90727,0.07133,0.05707
5530,1,3,0.76664,0.7483,0.03601,0.0462
5530,2,3,0.82643,0.75747,0.04552,0.04823
5530,3,3,0.90387,0.72283,0.07405,0.04688
5530,4,3,0.93716,0.81216,0.06454,0.08016
5531,0,1,0.56808,0.33252,0.85648,0.07421
5531,1,0,0.5817,0.69608,0.20289,0.57938
5531,2,3,0.85131,0.64944,0.12255,0.10757
5531,3,0,0.88024,0.48162,0.21718,0.20629
5531,4,0,0.81556,0.18137,0.15319,0.21446
5531,5,1,0.85505,0.06087,0.27846,0.02655
5532,0,1,0.36213,0.80025,0.70874,0.05923
5532,1,3,0.94867,0.61949,0.04766,0.03404
5532,2,3,0.28214,0.55923,0.08306,0.04289
5532,3,3,0.38086,0.91667,0.04221,0.03472
5533,0,3,0.3029,0.15039,0.20221,0.0463
5533,1,3,0.17933,0.23209,0.11438,0.05038
5533,2,3,0.40605,0.19975,0.06672,0.032
5534,0,0,0.73046,0.24741,0.30297,0.17361
5534,1,3,0.61949,0.40468,0.0674,0.04425
5534,2,3,0.2212,0.388,0.06876,0.02587
5535,0,2,0.87466,0.9358,0.23845,0.12228
5536,0,0,0.08708,0.44315,0.14229,0.19744
5536,1,2,0.71821,0.29745,0.1668,0.08306
5537,0,0,0.19907,0.64638,0.10212,0.21718
5537,1,1,0.09252,0.77505,0.15999,0.03064
5537,2,0,0.11397,0.89862,0.14706,0.18382
5537,3,3,0.36656,0.68961,0.0463,0.03268
5537,4,3,0.41319,0.6668,0.02383,0.02111
5537,5,3,0.36383,0.65319,0.03404,0.02928
5537,6,1,0.85301,0.72672,0.19404,0.08102
5538,0,2,0.20656,0.516,0.3908,0.29548
5538,1,0,0.34579,0.85301,0.15727,0.27778
5538,2,3,0.38903,0.16027,0.09532,0.03472
5538,3,0,0.07108,0.31686,0.10757,0.08374
5538,4,3,0.65353,0.09627,0.04017,0.02791
5538,5,0,0.71889,0.28111,0.12187,0.08034
5539,0,1,0.15993,0.54664,0.30025,0.0463
5539,1,1,0.1572,0.64944,0.30433,0.0354
5539,2,1,0.12078,0.79037,0.23284,0.08578
5539,3,0,0.3155,0.3863,0.128,0.25123
5539,4,3,0.79378,0.25082,0.07285,0.06059
5539,5,3,0.93096,0.24537,0.10212,0.06604
5539,6,3,0.92382,0.34239,0.14365,0.11846
5539,7,3,0.26069,0.19635,0.0783,0.04698
5540,0,0,0.21678,0.58442,0.34995,0.33973
5540,1,0,0.43668,0.24197,0.29548,0.33701
5541,0,0,0.06121,0.66306,0.11506,0.25735
5542,0,3,0.71752,0.18342,0.08374,0.04425
5542,1,3,0.58578,0.73489,0.05447,0.02928
5542,2,3,0.6457,0.4377,0.0463,0.03676
5542,3,3,0.20963,0.04214,0.0851,0.03132
5542,4,1,0.56502,0.07482,0.07421,0.03676
5542,5,0,0.45915,0.03397,0.11166,0.06127
5542,6,0,0.59225,0.12316,0.12323,0.05038
5543,0,1,0.47141,0.81012,0.47249,0.10893
5543,1,1,0.05644,0.75157,0.09872,0.05855
5543,2,0,0.52621,0.68995,0.15046,0.12051
5543,3,0,0.82748,0.93437,0.21106,0.11914
5543,4,0,0.86663,0.71208,0.25667,0.11438
5544,0,3,0.71071,0.76667,0.28934,0.46458
5544,1,3,0.46255,0.26137,0.15251,0.07898
5544,2,3,0.47992,0.37371,0.24442,0.10076
5544,3,3,0.73931,0.28588,0.23625,0.13208
5544,4,3,0.43566,0.08231,0.12187,0.06672
5544,5,0,0.61846,0.05133,0.17293,0.096
5544,6,3,0.26716,0.05372,0.10757,0.10076
5545,0,0,0.27975,0.15925,0.07693,0.04902
5545,1,3,0.27397,0.21439,0.06264,0.04357
5546,0,3,0.18139,0.94769,0.07337,0.04959
5546,1,0,0.02751,0.8536,0.04416,0.05299
5547,0,3,0.94497,0.70686,0.08152,0.04891
5548,0,2,0.29201,0.48366,0.57121,0.79861
5548,1,2,0.87854,0.19363,0.22331,0.23216
5548,2,2,0.86492,0.03431,0.24646,0.0674
5548,3,3,0.25252,0.04827,0.15591,0.06536
5548,4,3,0.55583,0.04282,0.34178,0.06808
5548,5,1,0.66987,0.17082,0.16136,0.04221
5548,6,1,0.6777,0.24911,0.17157,0.05991
5549,0,0,0.50272,0.52859,0.98039,0.92661
5549,1,1,0.46017,0.02206,0.47998,0.03608
5550,0,3,0.34477,0.43873,0.3908,0.15046
5550,1,3,0.14188,0.20112,0.06944,0.0674
5550,2,0,0.05576,0.51974,0.10281,0.11234
5550,3,3,0.06972,0.41864,0.10076,0.07625
5551,0,0,0.69404,0.63106,0.2165,0.10212
5551,1,3,0.89794,0.56332,0.0783,0.04017
5551,2,1,0.46698,0.7948,0.61751,0.08374
5551,3,0,0.52587,0.54834,0.08851,0.04562
5552,0,2,0.48573,0.87738,0.90761,0.23234
5552,1,3,0.36753,0.6627,0.05571,0.04891
5552,2,3,0.30231,0.68139,0.05842,0.05367
5552,3,3,0.26936,0.72181,0.12568,0.02853
5552,4,3,0.97452,0.78906,0.03736,0.0462
5552,5,3,0.97452,0.97894,0.03329,0.03193
5553,0,0,0.46528,0.86629,0.13753,0.25803
5553,1,1,0.76654,0.9599,0.45411,0.05719
5554,0,3,0.38553,0.82677,0.07677,0.07677
5554,1,3,0.63587,0.9212,0.07337,0.05774
5554,2,3,0.49558,0.64878,0.07812,0.09035
5554,3,3,0.07779,0.95143,0.13655,0.09239
5554,4,3,0.43818,0.97656,0.05435,0.03668
5555,0,2,0.43898,0.83839,0.3615,0.31065
5555,1,0,0.1949,0.89109,0.10447,0.16642
5556,0,3,0.40845,0.98277,0.01803,0.01282
5556,1,3,0.47115,0.99199,0.01763,0.00962
5556,2,3,0.42909,0.96014,0.01843,0.01242
5556,3,3,0.44712,0.91506,0.03045,0.01522
5556,4,3,0.48137,0.91607,0.02925,0.01643
5556,5,3,0.52825,0.91947,0.03245,0.01522
5556,6,3,0.51082,0.9371,0.03446,0.01282
5556,7,3,0.50701,0.95733,0.02925,0.01482
5556,8,3,0.46154,0.89343,0.04167,0.01843
5556,9,3,0.5004,0.88442,0.03686,0.01242
5556,10,3,0.47596,0.84916,0.03526,0.02204
5556,11,3,0.4375,0.82572,0.03926,0.02003
5556,12,3,0.76017,0.87277,0.01637,0.01339
5556,13,3,0.66939,0.83755,0.02034,0.01637
5556,14,3,0.80407,0.90551,0.01488,0.0124
5556,15,3,0.46857,0.73101,0.02327,0.01625
5556,16,3,0.41334,0.70312,0.01404,0.01145
5556,17,3,0.40208,0.79769,0.01958,0.00997
5556,18,3,0.37788,0.79436,0.01847,0.01071
5556,19,3,0.34722,0.81265,0.01921,0.01034
5556,20,3,0.32728,0.86732,0.02438,0.01625
5556,21,3,0.39709,0.94396,0.02733,0.01884
5556,22,3,0.28886,0.88874,0.02586,0.01478
5556,23,3,0.28129,0.94009,0.02549,0.02069
5556,24,3,0.27796,0.99032,0.02179,0.01551
5556,25,3,0.14502,0.96788,0.01532,0.01685
5556,26,3,0.16646,0.90865,0.01736,0.01583
5556,27,0,0.12208,0.84096,0.11242,0.19944
5556,28,3,0.79699,0.9913,0.02919,0.01488
5556,29,3,0.97384,0.99284,0.02002,0.01224
5556,30,3,0.98168,0.83376,0.03456,0.02833
5558,0,2,0.50053,0.50213,0.96407,0.98852
5559,0,2,0.90539,0.94175,0.17785,0.07921
5559,1,2,0.29587,0.94787,0.08209,0.09433
5561,0,3,0.52126,0.45642,0.21471,0.0744
5561,1,3,0.71418,0.61267,0.44537,0.22321
5561,2,2,0.71949,0.60045,0.4156,0.18601
5561,3,0,0.45483,0.69452,0.18601,0.59311
5561,4,2,0.82579,0.86139,0.33482,0.2551
5562,0,2,0.45908,0.09715,0.11161,0.1148
5562,1,2,0.87118,0.37196,0.25555,0.14995
5563,0,0,0.38946,0.59407,0.15731,0.78975
5564,0,2,0.22874,0.24417,0.45748,0.4726
5564,1,3,0.75616,0.36873,0.08503,0.08822
5564,2,3,0.72587,0.65519,0.2179,0.11905
5564,3,3,0.73703,0.51329,0.12117,0.06909
5564,4,3,0.63712,0.7854,0.304,0.11373
5564,5,0,0.90232,0.5085,0.16475,0.43793
5564,6,3,0.70833,0.14977,0.19133,0.12861
5564,7,0,0.40221,0.73384,0.18282,0.51871
5564,8,4,0.07992,0.72959,0.15983,0.52211
5566,0,1,0.53565,0.24298,0.40975,0.07556
5566,1,1,0.87672,0.19188,0.24471,0.0649
5566,2,4,0.49864,0.47449,0.99728,0.94026
5567,0,0,0.64288,0.59972,0.34326,0.80056
5567,1,0,0.8188,0.16473,0.23135,0.06177
5567,2,4,0.43391,0.10451,0.04001,0.02139
5567,3,4,0.40392,0.16534,0.07867,0.04584
5567,4,4,0.34931,0.38889,0.07917,0.13056
5567,5,4,0.25108,0.68103,0.12356,0.29454
5568,0,0,0.50213,0.73491,0.40391,0.51446
5569,0,3,0.14224,0.95986,0.17457,0.06843
5569,1,3,0.12877,0.84079,0.25647,0.11369
5569,2,4,0.94046,0.95389,0.11595,0.03972
5570,0,3,0.55948,0.09112,0.13545,0.09848
5570,1,0,0.54123,0.18744,0.05344,0.06541
5571,0,4,0.52941,0.48203,0.93355,0.95316
5574,0,4,0.32516,0.27451,0.64924,0.52941
5575,0,0,0.79502,0.48411,0.24047,0.29661
5576,0,1,0.91489,0.73852,0.15033,0.06155
5577,0,1,0.68525,0.82197,0.26989,0.07457
5577,1,0,0.55001,0.72195,0.27166,0.32434
5578,0,2,0.54756,0.04514,0.15997,0.0544
5578,1,2,0.41864,0.11198,0.25807,0.04996
5578,2,4,0.49592,0.53686,0.99183,0.87764
5579,0,0,0.32505,0.16471,0.15491,0.18875
5581,0,0,0.42553,0.78635,0.0843,0.16377
5581,1,1,0.60433,0.83548,0.14873,0.03651
5581,2,1,0.58795,0.67574,0.35546,0.04134
5583,0,1,0.69667,0.13171,0.5936,0.04522
5583,1,4,0.50272,0.48693,0.98911,0.96732
5584,0,1,0.62641,0.91462,0.73081,0.07628
5585,0,0,0.43166,0.17937,0.08994,0.19411
5585,1,1,0.31529,0.16946,0.13465,0.03303
5585,2,1,0.3346,0.21545,0.20681,0.03252
5585,3,1,0.32063,0.29624,0.27947,0.02744
5585,4,0,0.54735,0.02999,0.03725,0.05492
5585,5,2,0.73611,0.20928,0.41351,0.28346
5585,6,1,0.24891,0.57048,0.35603,0.04146
5585,7,1,0.23725,0.51969,0.17828,0.05079
5585,8,3,0.58854,0.53766,0.34455,0.14744
5585,9,0,0.82853,0.67628,0.09215,0.2484
5585,10,0,0.7504,0.82171,0.43429,0.34054
5586,0,2,0.84571,0.95116,0.26438,0.09268
5586,1,2,0.73907,0.81066,0.17942,0.07545
5586,2,0,0.89175,0.75184,0.08793,0.06238
5586,3,4,0.96334,0.87631,0.04575,0.04753
5586,4,4,0.43697,0.90512,0.37963,0.18358
5587,0,0,0.84014,0.69824,0.3125,0.20089
5588,0,0,0.44273,0.11018,0.26274,0.21334
5588,1,1,0.80427,0.11483,0.28422,0.03508
5589,0,0,0.47414,0.6875,0.04095,0.07759
5589,1,4,0.5431,0.71282,0.0431,0.08405
5589,2,4,0.3618,0.73141,0.03825,0.07597
5589,3,3,0.39574,0.70609,0.02963,0.01778
5589,4,2,0.85202,0.84926,0.29136,0.29779
5589,5,1,0.48458,0.93373,0.06579,0.02673
5589,6,4,0.34444,0.86931,0.02536,0.01302
5589,7,4,0.44723,0.83231,0.09389,0.09526
5589,8,4,0.42699,0.96249,0.06437,0.0719
5589,9,4,0.51773,0.98716,0.07178,0.02256
5589,10,4,0.21149,0.89947,0.09252,0.06099
5589,11,4,0.9314,0.64967,0.13295,0.08772
5590,0,1,0.50266,0.76679,0.98746,0.17432
5590,1,0,0.83429,0.79018,0.32844,0.21684
5591,0,1,0.08759,0.6807,0.16794,0.03614
5592,0,4,0.23459,0.83957,0.46918,0.31137
5592,1,4,0.80825,0.8311,0.37202,0.32419
5593,0,2,0.48108,0.05138,0.17615,0.10275
5593,1,2,0.89407,0.3411,0.16525,0.14407
5594,0,2,0.71673,0.95507,0.10441,0.08569
5596,0,3,0.77534,0.0392,0.17934,0.05262
5596,1,1,0.91173,0.04027,0.08698,0.02255
5596,2,3,0.74178,0.08537,0.1047,0.03114
5596,3,3,0.6999,0.10605,0.10793,0.03383
5596,4,1,0.64379,0.04564,0.09772,0.02255
5596,5,1,0.63466,0.07061,0.1192,0.02094
5596,6,1,0.61211,0.0945,0.11705,0.0247
5596,7,1,0.53077,0.11329,0.26471,0.05369
5596,8,2,0.57743,0.52996,0.82135,0.68215
5597,0,0,0.50531,0.66156,0.21471,0.27849
5597,1,0,0.85661,0.4612,0.23491,0.03933
5598,0,1,0.64828,0.6706,0.22428,0.03508
5598,1,0,0.60629,0.78008,0.38903,0.43261
5599,0,0,0.73065,0.5845,0.51871,0.46025
5599,1,0,0.54836,0.20026,0.11798,0.304
5599,2,2,0.77636,0.14445,0.20408,0.27742
5599,3,4,0.22586,0.37125,0.45171,0.7386
5600,0,0,0.34534,0.78221,0.06696,0.42623
5600,1,4,0.48003,0.93777,0.09235,0.04564
5600,2,3,0.48591,0.59413,0.02217,0.01168
5600,3,3,0.52834,0.59902,0.02741,0.01192
5602,0,1,0.9153,0.84315,0.16733,0.04855
5603,0,0,0.35087,0.43091,0.17094,0.1656
5604,0,2,0.71137,0.8704,0.55203,0.24826
5608,0,2,0.92889,0.93686,0.13499,0.11692
5608,1,0,0.60151,0.61745,0.21152,0.20089
5609,0,2,0.36931,0.93347,0.11665,0.05256
5610,0,3,0.18202,0.21053,0.22917,0.16009
5610,1,3,0.07072,0.46382,0.14035,0.25
5610,2,3,0.26919,0.09978,0.09868,0.05702
5611,0,2,0.80369,0.09306,0.39054,0.17251
5611,1,0,0.76307,0.27785,0.05634,0.10204
5611,2,0,0.83588,0.21301,0.0574,0.05102
5611,3,0,0.69133,0.63074,0.11054,0.32313
5611,4,2,0.88212,0.71418,0.20514,0.52615
5611,5,2,0.47927,0.84492,0.25616,0.29656
5611,6,4,0.96047,0.26294,0.07698,0.08497
5611,7,4,0.44845,0.06845,0.12011,0.13605
5612,0,2,0.48973,0.10379,0.28974,0.20759
5613,0,0,0.5675,0.76679,0.23491,0.43155
5613,1,1,0.81303,0.90497,0.37096,0.0574
5613,2,1,0.31239,0.93899,0.61969,0.03614
5613,3,0,0.15295,0.62117,0.30081,0.15519
5613,4,0,0.85555,0.6132,0.26679,0.11161
5614,0,2,0.56048,0.1263,0.76973,0.2441
5615,0,3,0.24992,0.2034,0.26399,0.05248
5616,0,2,0.84023,0.24144,0.30398,0.3363
5617,0,0,0.55725,0.7962,0.38725,0.40315
5617,1,1,0.74451,0.72702,0.50732,0.05487
5617,2,0,0.85584,0.66858,0.2799,0.11291
5617,3,1,0.62603,0.6316,0.46915,0.02624
5617,4,0,0.28968,0.61808,0.05248,0.06441
5617,5,0,0.35448,0.55288,0.11689,0.06441
5618,0,0,0.95037,0.48523,0.09717,0.14266
5618,1,0,0.53986,0.75351,0.20302,0.47725
5618,2,0,0.16199,0.64615,0.31037,0.37734
5618,3,0,0.73969,0.22895,0.17538,0.44218
5618,4,2,0.57387,0.0541,0.2094,0.09885
5618,5,0,0.4713,0.26616,0.14668,0.30612
5618,6,3,0.61586,0.15721,0.12117,0.07547
5620,0,2,0.46173,0.90816,0.43367,0.17432
5621,0,3,0.4404,0.24936,0.22563,0.13091
5621,1,0,0.17805,0.46222,0.34802,0.42039
5621,2,2,0.39889,0.55428,0.66837,0.41294
5621,3,3,0.76471,0.08932,0.12092,0.05882
5622,0,3,0.87628,0.41975,0.19558,0.11798
5622,1,2,0.82419,0.46492,0.34226,0.29762
5622,2,0,0.80931,0.26297,0.23384,0.10629
5622,3,0,0.95706,0.3379,0.06803,0.03933
5622,4,2,0.53508,0.18272,0.32526,0.16688
5625,0,1,0.49362,0.59247,0.98427,0.08716
5625,1,0,0.78965,0.72162,0.12436,0.20089
5626,0,2,0.36984,0.88981,0.43308,0.21726
5626,1,2,0.82546,0.88558,0.33914,0.22465
5627,0,0,0.60098,0.80931,0.40604,0.37202
5627,1,1,0.82472,0.87202,0.33482,0.06803
5627,2,1,0.51063,0.79602,0.1892,0.04358
5628,0,0,0.885,0.06871,0.22791,0.13444
5628,1,0,0.67414,0.12786,0.19163,0.24014
5628,2,0,0.54016,0.16921,0.04612,0.09383
5628,3,3,0.38351,0.36482,0.24173,0.16539
5628,4,3,0.64631,0.14218,0.04851,0.03181
5628,5,3,0.7795,0.14098,0.07634,0.03419
5628,6,0,0.7624,0.37953,0.09781,0.17891
5628,7,0,0.5823,0.39424,0.12405,0.1479
5628,8,3,0.48529,0.61212,0.37214,0.2465
5628,9,3,0.68647,0.88009,0.5916,0.23219
5629,0,3,0.37821,0.69511,0.46875,0.10176
5629,1,3,0.28646,0.59095,0.31891,0.10016
5629,2,3,0.9367,0.54487,0.1242,0.10577
5629,3,3,0.72837,0.40505,0.17548,0.0601
5629,4,3,0.95801,0.46172,0.08189,0.04524
5629,5,3,0.60617,0.34696,0.18269,0.04327
5629,6,3,0.28726,0.42869,0.10737,0.04327
5629,7,3,0.27564,0.32652,0.09696,0.04567
5629,8,1,0.3763,0.27919,0.39171,0.03581
5630,0,0,0.24065,0.76467,0.12117,0.45281
5630,1,1,0.60789,0.81303,0.75787,0.10098
5631,0,0,0.72291,0.70655,0.5521,0.34719
5631,1,1,0.57653,0.6791,0.83759,0.0946
5632,0,3,0.44526,0.16943,0.16475,0.07866
5632,1,3,0.4729,0.01796,0.06271,0.03082
5633,0,0,0.62712,0.05826,0.07627,0.05508
5633,1,4,0.0715,0.24153,0.13242,0.19492
5633,2,4,0.16749,0.06038,0.09346,0.12076
5633,3,0,0.12129,0.56515,0.23199,0.45657
5634,0,2,0.45443,0.63968,0.71615,0.37169
5635,0,2,0.78416,0.34355,0.39591,0.33418
5635,1,0,0.57136,0.0969,0.046,0.09849
5635,2,0,0.63712,0.11017,0.04895,0.09554
5635,3,0,0.24885,0.68789,0.15896,0.16798
5636,0,2,0.74851,0.14825,0.48851,0.28416
5636,1,2,0.40581,0.55321,0.48638,0.47467
5636,2,2,0.83951,0.42923,0.31077,0.24585
5637,0,4,0.91583,0.73438,0.15553,0.08641
5638,0,4,0.34574,0.91508,0.58445,0.06838
5639,0,0,0.85555,0.07483,0.14137,0.14031
5639,1,0,0.7785,0.45182,0.44091,0.90365
5639,2,0,0.24011,0.728,0.34332,0.36458
5640,0,4,0.18431,0.86458,0.36139,0.25935
5642,0,4,0.35287,0.86802,0.47747,0.18163
5644,0,0,0.49628,0.43941,0.10523,0.39966
5644,1,1,0.75085,0.76733,0.46556,0.06484
5644,2,2,0.54199,0.81675,0.22428,0.34864
5644,3,0,0.88744,0.35597,0.21577,0.25404
5644,4,0,0.961,0.567,0.07591,0.12125
5644,5,1,0.64881,0.31558,0.30612,0.0287
5644,6,2,0.28051,0.42081,0.18601,0.40923
5644,7,4,0.08068,0.09821,0.13499,0.1892
5644,8,2,0.50531,0.09662,0.32526,0.17751
5644,9,1,0.33684,0.04879,0.152,0.03082
5644,10,1,0.23321,0.08386,0.29337,0.0202
5644,11,1,0.28104,0.13807,0.30187,0.0287
5644,12,2,0.83801,0.09715,0.321,0.1892
5645,0,2,0.16387,0.17962,0.27778,0.08448
5646,0,3,0.17957,0.85097,0.12294,0.02855
5646,1,4,0.9247,0.83452,0.14747,0.12574
5646,2,4,0.39494,0.91518,0.20774,0.16651
5647,0,3,0.92039,0.26935,0.12649,0.08078
5648,0,2,0.22669,0.60222,0.43644,0.7786
5650,0,2,0.80119,0.15464,0.22137,0.21179
5650,1,2,0.36517,0.42869,0.58329,0.84851
5650,2,0,0.20294,0.212,0.40588,0.40588
5651,0,3,0.88249,0.66113,0.02821,0.01845
5653,0,1,0.5202,0.88903,0.95026,0.08078
5654,0,2,0.90179,0.82632,0.18282,0.23384
5654,1,4,0.41603,0.67538,0.13818,0.08078
5655,0,4,0.87574,0.27997,0.152,0.06165
5655,1,4,0.92248,0.40521,0.15192,0.15906
5655,2,2,0.82844,0.65094,0.33801,0.3125
5655,3,2,0.56112,0.70249,0.26467,0.19664
5655,4,0,0.60151,0.53986,0.17963,0.11586
5655,5,2,0.25606,0.59194,0.50914,0.34758
5655,6,4,0.03656,0.22205,0.0659,0.13924
5655,7,4,0.16571,0.28954,0.19452,0.05102
5656,0,1,0.49947,0.63021,0.40072,0.06696
5656,1,0,0.28741,0.74182,0.23597,0.50489
5656,2,0,0.85395,0.73278,0.28699,0.15731
5656,3,2,0.65625,0.60098,0.15519,0.08078
5656,4,0,0.51648,0.53773,0.08822,0.07122
5656,5,1,0.23321,0.78593,0.45068,0.04889
5658,0,0,0.73119,0.87156,0.15225,0.25375
5658,1,0,0.44448,0.91323,0.07218,0.10866
5658,2,4,0.55949,0.80893,0.16735,0.22525
5659,0,3,0.20402,0.68283,0.05963,0.0352
5659,1,0,0.68858,0.72019,0.14511,0.08405
5659,2,1,0.89691,0.78161,0.19684,0.04598
5659,3,0,0.53197,0.62716,0.12787,0.11063
5659,4,4,0.31609,0.54023,0.06106,0.02155
5661,0,0,0.38255,0.07164,0.05421,0.09779
5661,1,3,0.32462,0.26297,0.22321,0.17432
5661,2,0,0.38202,0.67166,0.21046,0.62819
5662,0,1,0.59938,0.82526,0.78975,0.10417
5662,1,0,0.75533,0.67898,0.48727,0.19427
5662,2,0,0.27625,0.7652,0.18601,0.45174
5663,0,2,0.31766,0.61396,0.55556,0.54701
5663,1,2,0.70014,0.27422,0.57407,0.51709
5664,0,0,0.72959,0.76414,0.52721,0.37521
5664,1,1,0.49734,0.96078,0.97683,0.06484
5665,0,1,0.19653,0.95015,0.35821,0.09035
5666,0,2,0.73232,0.92583,0.31439,0.14521
5666,1,2,0.24516,0.87063,0.49032,0.24431
5666,2,3,0.09135,0.73738,0.17428,0.08881
5666,3,3,0.25194,0.706,0.0414,0.02604
5666,4,0,0.83877,0.79348,0.05797,0.08696
5666,5,0,0.92618,0.88519,0.03623,0.04665
5666,6,0,0.88428,0.85439,0.02672,0.02672
5667,0,3,0.46488,0.01948,0.09153,0.03512
5667,1,4,0.49954,0.4695,0.99907,0.939
5668,0,2,0.58195,0.08706,0.18093,0.16816
5668,1,2,0.31694,0.54151,0.57471,0.37888
5669,0,2,0.92993,0.05538,0.13828,0.10266
5669,1,4,0.61015,0.44838,0.14581,0.18199
5669,2,4,0.65563,0.50063,0.68489,0.9969
5670,0,2,0.32249,0.63659,0.34439,0.70897
5670,1,2,0.08652,0.71684,0.15306,0.54634
5670,2,2,0.47662,0.15242,0.31037,0.24872
5670,3,2,0.82153,0.17368,0.32632,0.24022
5670,4,2,0.7466,0.51063,0.48895,0.39966
5670,5,2,0.07961,0.31133,0.10736,0.14349
5670,6,2,0.21832,0.1774,0.15731,0.09035
5671,0,4,0.35329,0.82005,0.0986,0.34431
5671,1,0,0.56322,0.78268,0.34987,0.427
5672,0,4,0.16918,0.80684,0.10345,0.02101
5672,1,2,0.8471,0.93771,0.28824,0.11772
5672,2,3,0.86687,0.73844,0.04257,0.03725
5672,3,4,0.71304,0.60662,0.04644,0.05031
5672,4,4,0.74932,0.75658,0.11126,0.04644
5673,0,1,0.87787,0.76839,0.23916,0.06909
5673,1,0,0.86086,0.85555,0.25404,0.21365
5673,2,0,0.6233,0.62968,0.26573,0.20621
5673,3,1,0.25712,0.80028,0.46237,0.04145
5673,4,4,0.88956,0.58238,0.19664,0.06696
5673,5,4,0.33425,0.51439,0.03061,0.03114
5673,6,0,0.17039,0.66815,0.23735,0.19048
5674,0,2,0.89901,0.05716,0.19665,0.11128
5674,1,2,0.69322,0.11319,0.28811,0.14101
5674,2,0,0.59184,0.12233,0.04421,0.06936
5674,3,0,0.64329,0.28239,0.10442,0.19741
5674,4,0,0.91921,0.27896,0.15625,0.18598
5674,5,2,0.83613,0.43293,0.31631,0.27591
5674,6,0,0.72142,0.55755,0.10366,0.31784
5675,0,1,0.65731,0.76945,0.48044,0.03508
5676,0,2,0.67485,0.46811,0.44324,0.60587
5676,1,0,0.12891,0.1363,0.09233,0.12251
5677,0,0,0.75244,0.87309,0.19877,0.1977
5677,1,2,0.42241,0.89169,0.35714,0.2094
5677,2,2,0.04985,0.80931,0.09247,0.17007
5677,3,1,0.38627,0.60842,0.34439,0.07015
5678,0,2,0.93302,0.97951,0.12832,0.0379
5680,0,1,0.30081,0.69004,0.06838,0.02226
5680,1,1,0.50517,0.67931,0.13677,0.03101
5680,2,1,0.7966,0.70515,0.38725,0.0493
5680,3,0,0.51193,0.59224,0.11371,0.14313
5680,4,0,0.27815,0.56878,0.12166,0.05805
5680,5,0,0.85584,0.59462,0.27036,0.06679
5680,6,0,0.66221,0.55407,0.11053,0.0493
5681,0,2,0.39743,0.15508,0.22003,0.06484
5681,1,4,0.13648,0.58982,0.26786,0.44111
5682,0,2,0.45961,0.49841,0.77168,0.99171
5683,0,0,0.13914,0.39318,0.10736,0.23703
5684,0,2,0.64349,0.69558,0.6824,0.321
5684,1,2,0.58716,0.94855,0.40816,0.09566
5684,2,2,0.77211,0.46811,0.40816,0.1318
5685,0,1,0.45642,0.59832,0.10417,0.03508
5686,0,1,0.50372,0.82844,0.98746,0.25723
5686,1,2,0.3852,0.25446,0.56548,0.25723
5686,2,2,0.41762,0.09024,0.27317,0.06909
5686,3,2,0.48193,0.0355,0.11692,0.02551
5687,0,4,0.82726,0.76066,0.23329,0.08569
5687,1,4,0.31819,0.8683,0.33986,0.25634
5688,0,1,0.2069,0.0607,0.12141,0.03664
5689,0,2,0.87521,0.88106,0.2381,0.22853
5689,1,3,0.53522,0.96697,0.02545,0.01776
5689,2,3,0.72076,0.91252,0.02486,0.01776
5689,3,3,0.74355,0.96342,0.02427,0.02012
5689,4,3,0.37275,0.78527,0.02367,0.01657
5689,5,3,0.58316,0.78883,0.01716,0.01539
5689,6,2,0.39376,0.90246,0.2397,0.18466
5689,7,1,0.29019,0.91075,0.14737,0.03314
5689,8,0,0.19564,0.79134,0.17578,0.39822
5689,9,1,0.28752,0.50769,0.14205,0.0142
5689,10,0,0.25201,0.5364,0.06747,0.02545
5690,0,2,0.44727,0.6237,0.28451,0.05339
5691,0,3,0.67708,0.80888,0.06069,0.03714
5691,1,4,0.86041,0.87017,0.23826,0.15539
5692,0,2,0.88527,0.24723,0.21711,0.13942
5692,1,3,0.33419,0.27383,0.17585,0.09259
5692,2,2,0.42751,0.50029,0.21605,0.23399
5692,3,0,0.29974,0.39621,0.11556,0.14499
5692,4,0,0.16085,0.45004,0.09762,0.12202
5692,5,1,0.14829,0.57458,0.28639,0.10838
5692,6,0,0.34245,0.17155,0.10336,0.089
5692,7,0,0.40202,0.09044,0.04737,0.0646
5693,0,4,0.91986,0.43189,0.15432,0.17241
5693,1,2,0.83844,0.14879,0.31503,0.29587
5693,2,0,0.74532,0.29991,0.14155,0.23414
5693,3,1,0.76341,0.42071,0.28629,0.03725
5693,4,1,0.43774,0.44093,0.33525,0.03725
5693,5,1,0.63836,0.07269,0.16603,0.03086
5693,6,0,0.53086,0.02427,0.09791,0.04257
5693,7,4,0.62944,0.48379,0.73927,0.96105
5694,0,4,0.24915,0.47768,0.16794,0.06803
5695,0,2,0.85121,0.40155,0.27671,0.30758
5695,1,3,0.58755,0.03748,0.07372,0.02677
5695,2,2,0.57394,0.03506,0.22117,0.04652
5695,3,2,0.79889,0.17313,0.17857,0.14092
5695,4,4,0.32589,0.14506,0.1559,0.08468
5695,5,3,0.20697,0.27451,0.13399,0.10458
5696,0,0,0.07802,0.85502,0.13393,0.28486
5696,1,0,0.2449,0.47821,0.10629,0.19452
5696,2,0,0.13279,0.64688,0.07703,0.11204
5696,3,2,0.08596,0.56591,0.15144,0.27398
5697,0,2,0.08371,0.5388,0.1631,0.92032
5698,0,3,0.708,0.74574,0.04735,0.03314
5698,1,3,0.7665,0.79343,0.04667,0.03382
5698,2,3,0.92715,0.90199,0.09876,0.05885
5698,3,3,0.85444,0.95881,0.05344,0.03585
5698,4,1,0.80979,0.70177,0.07508,0.02097
5698,5,3,0.3424,0.86884,0.07779,0.04532
5698,6,3,0.51556,0.83063,0.05749,0.0487
5698,7,3,0.30959,0.90875,0.05411,0.02638
5698,8,3,0.43439,0.83942,0.05073,0.0487
5698,9,3,0.43067,0.76028,0.06088,0.04058
5698,10,3,0.87135,0.78125,0.05749,0.03923
5698,11,3,0.98571,0.81382,0.02649,0.03672
5699,0,1,0.26156,0.71729,0.47282,0.04313
5699,1,1,0.77791,0.66683,0.4362,0.07406
5699,2,0,0.76344,0.8567,0.42353,0.28452
5699,3,0,0.50977,0.63753,0.16683,0.13102
5700,0,3,0.8866,0.57441,0.22472,0.25085
5700,1,3,0.67963,0.15189,0.07866,0.03295
5700,2,3,0.71631,0.11841,0.05421,0.02551
5700,3,3,0.74796,0.14739,0.03973,0.02201
5700,4,0,0.53403,0.55002,0.07529,0.28362
5700,5,0,0.51547,0.25144,0.10417,0.30116
5700,6,1,0.67842,0.44431,0.17636,0.07219
5700,7,0,0.78311,0.19111,0.07013,0.04435
5700,8,2,0.89913,0.40305,0.1908,0.27021
5700,9,2,0.78826,0.83467,0.40842,0.25268
5700,10,1,0.7104,0.05394,0.57446,0.02372
5700,11,0,0.69957,0.04775,0.04744,0.08148
5700,12,3,0.24577,0.09623,0.15677,0.18667
5700,13,3,0.06616,0.40606,0.13232,0.22054
5700,14,1,0.31951,0.23546,0.08767,0.02372
5701,0,3,0.69664,0.1976,0.13393,0.08822
5701,1,3,0.83535,0.27838,0.09885,0.07759
5701,2,0,0.12532,0.31186,0.24341,0.29549
5702,0,4,0.31696,0.60119,0.06176,0.03571
5703,0,3,0.45855,0.62861,0.10417,0.0744
5703,1,0,0.06399,0.57303,0.12798,0.12692
5703,2,4,0.25659,0.18059,0.13818,0.06059
5704,0,3,0.8125,0.09587,0.05508,0.0286
5704,1,0,0.79502,0.3411,0.16631,0.18432
5705,0,3,0.91667,0.8986,0.11905,0.19558
5705,1,3,0.95174,0.60682,0.09354,0.12649
5705,2,3,0.78327,0.14711,0.11373,0.07653
5705,3,3,0.88478,0.29964,0.22321,0.19877
5705,4,0,0.90657,0.10353,0.15625,0.20408
5705,5,0,0.73211,0.02307,0.05023,0.04613
5705,6,0,0.56324,0.78114,0.15838,0.41773
5705,7,2,0.30708,0.45961,0.60693,0.90561
5706,0,2,0.4442,0.81409,0.18814,0.17751
5706,1,1,0.24915,0.71418,0.13605,0.05846
5706,2,1,0.05389,0.64349,0.10778,0.05313
5707,0,1,0.33259,0.71312,0.17751,0.04358
5707,1,1,0.53348,0.72693,0.08397,0.0372
5708,0,1,0.93048,0.96928,0.12968,0.05421
5708,1,2,0.49203,0.9273,0.2094,0.12543
5709,0,4,0.52285,0.94271,0.20302,0.10948
5710,0,0,0.90019,0.84226,0.17538,0.21259
5711,0,1,0.45164,0.08569,0.12621,0.04423
5711,1,0,0.50324,0.25761,0.05839,0.20878
5711,2,1,0.65658,0.38028,0.07726,0.03185
5711,3,2,0.86248,0.14434,0.2732,0.24291
5713,0,2,0.50213,0.49947,0.98852,0.98533
5714,0,4,0.4677,0.68169,0.07146,0.02463
5714,1,4,0.09744,0.95636,0.05003,0.02848
5715,0,1,0.23462,0.37227,0.19841,0.04216
5716,0,3,0.08537,0.63916,0.0293,0.01709
5716,1,3,0.11141,0.63509,0.02441,0.01383
5716,2,3,0.49919,0.82145,0.05941,0.03011
5716,3,3,0.38159,0.81494,0.03906,0.02848
5716,4,3,0.35433,0.8361,0.02523,0.0236
5716,5,3,0.23185,0.8479,0.02767,0.01953
5716,6,3,0.25057,0.83407,0.02604,0.01465
5716,7,3,0.18669,0.90853,0.03174,0.02197
5716,8,3,0.17244,0.92887,0.02279,0.01221
5716,9,3,0.2758,0.8654,0.01953,0.01872
5716,10,3,0.34456,0.93172,0.03011,0.02116
5716,11,3,0.33561,0.9716,0.03011,0.0179
5716,12,3,0.25464,0.9834,0.02116,0.01709
5716,13,3,0.43815,0.97648,0.02686,0.01465
5716,14,3,0.46948,0.9716,0.0293,0.01953
5716,15,3,0.51912,0.88411,0.03092,0.02197
5716,16,3,0.52686,0.84424,0.02035,0.01546
5716,17,3,0.52726,0.91056,0.02767,0.02441
5716,18,3,0.50773,0.94637,0.0293,0.01628
5716,19,3,0.49268,0.92114,0.0236,0.01628
5716,20,3,0.65055,0.96875,0.03337,0.02035
5716,21,3,0.59888,0.94556,0.02767,0.02116
5716,22,3,0.95044,0.83732,0.03255,0.0179
5717,0,0,0.88425,0.63127,0.2094,0.28168
5717,1,0,0.5744,0.45695,0.09354,0.12011
5717,2,0,0.70196,0.48246,0.14031,0.13712
5717,3,0,0.70196,0.35491,0.09991,0.13712
5718,0,4,0.52923,0.76414,0.10523,0.07122
5719,0,4,0.57948,0.1026,0.06503,0.06101
5719,1,2,0.58269,0.25153,0.30588,0.13728
5719,2,0,0.49438,0.23828,0.05539,0.0562
5719,3,0,0.80427,0.63648,0.10678,0.10116
5720,0,0,0.32517,0.86713,0.30376,0.26224
5721,0,2,0.49522,0.51116,0.98108,0.96832
5722,0,2,0.88726,0.68254,0.21421,0.42423
5722,1,0,0.69909,0.6439,0.10501,0.70649
5722,2,2,0.87718,0.36332,0.22093,0.19405
5722,3,0,0.93389,0.2411,0.10585,0.07224
5722,4,2,0.63861,0.2474,0.11509,0.08149
5722,5,1,0.49706,0.79385,0.25538,0.03528
5722,6,1,0.26689,0.75773,0.16633,0.0504
5722,7,2,0.47942,0.43053,0.12097,0.14533
5722,8,2,0.35803,0.9459,0.43263,0.09577
5722,9,1,0.52184,0.15961,0.08653,0.0252
5722,10,2,0.43154,0.26378,0.10921,0.16297
5722,11,2,0.20388,0.60316,0.16465,0.14953
5722,12,2,0.31561,0.43683,0.11425,0.13273
5722,13,3,0.93576,0.16922,0.12639,0.05618
5722,14,0,0.64953,0.14785,0.05964,0.10081
5722,15,2,0.80494,0.13945,0.18229,0.12097
5722,16,3,0.65499,0.042,0.28226,0.06048
5723,0,0,0.43888,0.75457,0.07122,0.48363
5723,1,1,0.39052,0.69717,0.07653,0.03295
5723,2,0,0.16784,0.87681,0.08397,0.23491
5723,3,1,0.7737,0.745,0.43899,0.07759
5723,4,0,0.77742,0.59726,0.43367,0.16475
5724,0,1,0.30602,0.17049,0.13924,0.05102
5724,1,0,0.33206,0.62117,0.12543,0.75043
5724,2,0,0.45536,0.89541,0.09991,0.1892
5725,0,2,0.10278,0.84741,0.20557,0.2824
5725,1,2,0.88388,0.85811,0.2086,0.09676
5725,2,2,0.83471,0.72525,0.32598,0.14515
5725,3,2,0.6967,0.55869,0.33233,0.17211
5725,4,2,0.58249,0.38341,0.39419,0.13563
5725,5,4,0.46034,0.28704,0.20384,0.05393
5726,0,3,0.44898,0.14233,0.65476,0.20514
5726,1,2,0.37032,0.63712,0.73554,0.72279
5727,0,0,0.27542,0.70939,0.04261,0.11413
5727,1,4,0.55822,0.70463,0.11719,0.06611
5727,2,2,0.11494,0.72111,0.22201,0.1821
5728,0,1,0.49787,0.83429,0.9949,0.18814
5728,1,4,0.11538,0.15124,0.22135,0.29247
5728,2,0,0.51657,0.50189,0.08793,0.35444
5728,3,2,0.48737,0.10038,0.32639,0.19192
5729,0,0,0.61773,0.3763,0.48286,0.74436
5730,0,1,0.40418,0.70595,0.54866,0.05725
5730,1,0,0.72065,0.69816,0.55661,0.32317
5730,2,0,0.10202,0.77791,0.20356,0.37452
5731,0,3,0.76246,0.92663,0.13825,0.06768
5731,1,3,0.71961,0.78802,0.21241,0.19513
5732,0,3,0.55355,0.97934,0.0414,0.03027
5733,0,2,0.07429,0.0365,0.14474,0.07131
5733,1,2,0.11739,0.12431,0.20966,0.0894
5733,2,2,0.31322,0.13761,0.29906,0.14155
5733,3,2,0.65166,0.17114,0.35653,0.20009
5733,4,3,0.03076,0.19397,0.06152,0.03076
5733,5,3,0.06418,0.28235,0.12026,0.15432
5733,6,2,0.24564,0.41539,0.46828,0.16071
5733,7,1,0.202,0.43295,0.28736,0.0596
5733,8,4,0.18083,0.63453,0.34749,0.24074
5734,0,1,0.26087,0.68089,0.14751,0.03574
5735,0,0,0.13595,0.50425,0.22853,0.43793
5735,1,1,0.10704,0.52957,0.21407,0.05702
5735,2,2,0.90072,0.81728,0.19133,0.35821
5737,0,0,0.88372,0.53827,0.21259,0.26998
5737,1,1,0.55368,0.36554,0.87691,0.09885
5737,2,1,0.59247,0.16305,0.66752,0.05952
5738,0,3,0.89116,0.83319,0.20832,0.25623
5738,1,0,0.16358,0.52498,0.26679,0.37734
5738,2,3,0.07621,0.84554,0.15242,0.1745
5738,3,2,0.2922,0.81888,0.56441,0.35077
5739,0,1,0.42051,0.18379,0.3066,0.09871
5740,0,2,0.74461,0.88957,0.51078,0.22086
5741,0,0,0.7571,0.63889,0.16433,0.25657
5743,0,4,0.20703,0.7535,0.05482,0.02673
5744,0,2,0.34137,0.81091,0.1277,0.15942
5744,1,4,0.64158,0.93742,0.30298,0.11739
5744,2,4,0.64832,0.7542,0.22287,0.16022
5744,3,0,0.70851,0.6743,0.19181,0.09106
5745,0,3,0.60729,0.94895,0.08425,0.04752
5746,0,3,0.6317,0.01095,0.03715,0.01924
5746,1,3,0.58692,0.01161,0.04047,0.02189
5746,2,3,0.72094,0.07829,0.07895,0.05042
5746,3,3,0.43469,0.19494,0.04216,0.04134
5746,4,3,0.61396,0.37985,0.53424,0.35788
5746,5,2,0.64748,0.76764,0.43833,0.40738
5748,0,3,0.52279,0.78863,0.47526,0.24306
5748,1,0,0.87489,0.80599,0.1747,0.35373
5748,2,3,0.54845,0.14939,0.16554,0.0759
5748,3,3,0.50525,0.06621,0.11951,0.05814
5748,4,2,0.15614,0.87746,0.30018,0.22177
5748,5,3,0.47002,0.33273,0.11016,0.08543
5748,6,3,0.19583,0.16979,0.38438,0.33542
5749,0,4,0.77234,0.63558,0.04453,0.02465
5750,0,2,0.35898,0.54523,0.45019,0.7865
5751,0,2,0.12744,0.26137,0.24979,0.30931
5752,0,2,0.69273,0.92116,0.44178,0.15308
5754,0,0,0.76201,0.5101,0.46662,0.69409
5754,1,1,0.4139,0.70886,0.79082,0.11586
5755,0,0,0.63129,0.21571,0.15082,0.09983
5755,1,0,0.28147,0.54308,0.19857,0.91254
5755,2,1,0.14301,0.44575,0.27669,0.03906
5756,0,1,0.4528,0.92318,0.90061,0.04123
5756,1,0,0.77228,0.78448,0.45232,0.42791
5757,0,4,0.34321,0.12728,0.08464,0.06619
5757,1,4,0.87652,0.1696,0.2398,0.03364
5757,2,4,0.20812,0.16146,0.10091,0.03472
5758,0,4,0.50163,0.43682,0.98911,0.86492
5760,0,3,0.44629,0.15332,0.06944,0.01628
5760,1,3,0.44249,0.18262,0.05968,0.01411
5760,2,0,0.23036,0.6709,0.31901,0.6543
5762,0,3,0.94884,0.93832,0.10023,0.10811
5763,0,3,0.90799,0.71238,0.15972,0.11921
5764,0,0,0.80537,0.14583,0.14693,0.27851
5764,1,0,0.4068,0.50164,0.46162,0.99013
5766,0,0,0.58518,0.50109,0.81163,0.99392
5767,0,0,0.75987,0.71322,0.17144,0.17904
5767,1,3,0.22114,0.18262,0.16819,0.04449
5767,2,0,0.52441,0.32693,0.25608,0.26584
5767,3,0,0.78266,0.33778,0.0803,0.0293
5767,4,3,0.95139,0.39692,0.08789,0.06727
5768,0,3,0.6161,0.72515,0.04015,0.02279
5770,0,0,0.27376,0.68446,0.523,0.42535
5770,1,4,0.29926,0.95139,0.44813,0.09332
5772,0,4,0.45009,0.5038,0.88433,0.98633
5773,0,4,0.49943,0.83494,0.99398,0.327
5774,0,0,0.50654,0.46351,0.16013,0.63072
5774,1,1,0.77887,0.06046,0.4281,0.07516
5775,0,4,0.31608,0.08659,0.06076,0.02821
5776,0,0,0.95833,0.20504,0.07785,0.0614
5778,0,2,0.74826,0.86343,0.1412,0.12731
5780,0,3,0.72975,0.71412,0.1412,0.04398
5781,0,3,0.63419,0.85319,0.72954,0.27886
5782,0,2,0.49837,0.49946,0.98741,0.99284
5783,0,3,0.48257,0.0158,0.05773,0.02505
5784,0,4,0.50545,0.53649,0.97495,0.52179
5784,1,4,0.54139,0.13235,0.90959,0.25817
5785,0,0,0.86838,0.8163,0.16927,0.12695
5785,1,3,0.60688,0.63292,0.04123,0.01845
5785,2,3,0.52116,0.57107,0.01519,0.01845
5786,0,4,0.77025,0.54861,0.45139,0.88194
5786,1,2,0.5081,0.13079,0.22569,0.13889
5786,2,3,0.30903,0.05903,0.07523,0.03704
5787,0,0,0.4919,0.30093,0.1956,0.59028
5788,0,4,0.84415,0.54908,0.30961,0.76656
5788,1,4,0.57921,0.10395,0.57617,0.11936
5788,2,0,0.6378,0.23362,0.15734,0.30924
5788,3,2,0.54503,0.48752,0.25608,0.33529
5789,0,3,0.17719,0.62912,0.09332,0.03255
5789,1,0,0.70074,0.80536,0.45898,0.3872
5789,2,3,0.60254,0.69748,0.0217,0.01953
5790,0,1,0.6237,0.40994,0.74544,0.04123
5790,1,0,0.85916,0.1186,0.26584,0.14865
5790,2,0,0.47106,0.9485,0.90394,0.08449
5790,3,2,0.57118,0.05903,0.18287,0.05093
5791,0,2,0.51562,0.72569,0.94444,0.28704
5791,1,2,0.20544,0.08333,0.38657,0.15046
5792,0,0,0.32928,0.76273,0.62037,0.08796
5792,1,0,0.4485,0.44502,0.13889,0.43866
5792,2,0,0.91354,0.19549,0.17083,0.08542
5793,0,0,0.41862,0.77127,0.06185,0.44271
5794,0,3,0.77724,0.21517,0.0651,0.01411
5794,1,4,0.45931,0.398,0.19097,0.09983
5794,2,0,0.17773,0.64703,0.15734,0.66081
5794,3,2,0.41374,0.71647,0.20616,0.53277
5796,0,0,0.57135,0.05065,0.05882,0.09695
5796,1,0,0.39542,0.30174,0.16013,0.50327
5796,2,0,0.55447,0.63834,0.02723,0.55991
5796,3,4,0.19553,0.45915,0.37255,0.54793
5797,0,0,0.52387,0.75391,0.1378,0.4796
5797,1,1,0.73003,0.7105,0.47635,0.03038
5798,0,4,0.50054,0.67795,0.99392,0.62717
5798,1,3,0.10883,0.72569,0.12804,0.06076
5798,2,3,0.11697,0.62912,0.12261,0.03472
5798,3,3,0.89768,0.23416,0.06076,0.01953
5798,4,3,0.56293,0.22982,0.051,0.01085
5798,5,3,0.48155,0.11806,0.06402,0.01085
5798,6,3,0.81684,0.97255,0.07704,0.04449
5799,0,4,0.60869,0.49654,0.78053,0.98918
5800,0,2,0.70026,0.49577,0.54892,0.99154
5800,1,3,0.72352,0.71105,0.05751,0.05751
5800,2,3,0.65137,0.53526,0.0434,0.04015
5800,3,3,0.5217,0.1696,0.10091,0.06619
5800,4,3,0.48047,0.04698,0.05968,0.03364
5800,5,3,0.6237,0.23741,0.05751,0.02821
5801,0,1,0.57994,0.83257,0.83804,0.10091
5802,0,2,0.54467,0.59377,0.90857,0.81037
5802,1,0,0.51465,0.10558,0.07595,0.13997
5802,2,0,0.68555,0.111,0.14865,0.13129
5802,3,4,0.59028,0.01968,0.45718,0.03009
5803,0,3,0.34809,0.3622,0.051,0.0434
5803,1,3,0.37196,0.21517,0.06185,0.01194
5803,2,4,0.1913,0.3253,0.26693,0.10417
5803,3,2,0.89213,0.31597,0.21366,0.19444
5803,4,2,0.56366,0.44097,0.19792,0.2963
5804,0,2,0.76096,0.58084,0.47526,0.78234
5804,1,2,0.1603,0.37095,0.17824,0.41551
5806,0,4,0.89714,0.39638,0.14865,0.06185
5806,1,4,0.28787,0.2998,0.19531,0.09657
5806,2,4,0.33073,0.15495,0.05317,0.0217
5806,3,2,0.08681,0.38079,0.08681,0.26852
5807,0,2,0.49891,0.37576,0.16168,0.03581
5809,0,0,0.36871,0.78592,0.11176,0.41775
5809,1,3,0.58355,0.70888,0.07704,0.02062
5809,2,0,0.83691,0.86079,0.30382,0.16385
5809,3,3,0.74468,0.74089,0.07595,0.02387
5812,0,4,0.47721,0.50488,0.94944,0.98416
5812,1,0,0.53201,0.53526,0.28212,0.76714
5814,0,1,0.72515,0.82715,0.22569,0.05317
5814,1,0,0.14931,0.90509,0.26505,0.06019
5814,2,0,0.26215,0.68519,0.25,0.06481
5815,0,4,0.49796,0.53355,0.99258,0.93082
5815,1,3,0.45714,0.69857,0.15408,0.14757
5815,2,3,0.58518,0.54232,0.09549,0.10851
5818,0,0,0.89117,0.30794,0.20833,0.15625
5819,0,4,0.49783,0.59711,0.9885,0.79319
5820,0,4,0.58247,0.53798,0.16602,0.0803
5820,1,4,0.28678,0.81359,0.40148,0.34505
5821,0,3,0.79956,0.37636,0.32353,0.14052
5822,0,1,0.49767,0.91814,0.99533,0.07889
5822,1,0,0.78556,0.75779,0.4268,0.25951
5823,0,0,0.52604,0.82335,0.24631,0.34071
5825,0,0,0.32802,0.79351,0.09549,0.38303
5825,1,4,0.94676,0.49074,0.10301,0.06481
5826,0,2,0.85127,0.62326,0.28704,0.39236
5828,0,0,0.45009,0.56185,0.07704,0.8724
5828,1,0,0.79297,0.43707,0.40256,0.48394
5828,2,4,0.66435,0.5434,0.65856,0.91088
5829,0,4,0.71213,0.50434,0.57075,0.98741
5829,1,2,0.78863,0.44358,0.37869,0.46224
5830,0,0,0.69248,0.73427,0.61296,0.33892
5831,0,4,0.721,0.5022,0.55592,0.98531
5831,1,2,0.59874,0.11155,0.17904,0.14757
5833,0,2,0.23291,0.50018,0.46582,0.97909
5833,1,2,0.75174,0.5689,0.48286,0.84961
5834,0,0,0.78266,0.76801,0.42318,0.23655
5834,1,1,0.75662,0.64811,0.3559,0.01411
5835,0,4,0.61176,0.92535,0.65647,0.13021
5836,0,0,0.15386,0.76204,0.30273,0.43294
5836,1,0,0.42459,0.65462,0.0434,0.07487
5836,2,2,0.3559,0.56944,0.05324,0.06944
5836,3,2,0.36053,0.69965,0.10648,0.08218
5839,0,2,0.50063,0.50154,0.99375,0.99484
5840,0,0,0.37793,0.62695,0.16059,0.74002
5841,0,4,0.82675,0.49781,0.33224,0.9693
5842,0,2,0.49401,0.08932,0.09586,0.13508
5843,0,0,0.61787,0.31195,0.06798,0.19189
5843,1,0,0.27467,0.30373,0.08333,0.12281
5844,0,4,0.25354,0.35421,0.50708,0.70842
5845,0,0,0.79514,0.49512,0.10091,0.4286
5845,1,0,0.38661,0.66656,0.1671,0.64128
5845,2,2,0.83149,0.10178,0.09549,0.18012
5845,3,0,0.95953,0.05078,0.07378,0.09983
5845,4,0,0.55534,0.06272,0.03798,0.04991
5845,5,0,0.88194,0.85807,0.06402,0.1888
5845,6,1,0.63346,0.4566,0.24197,0.03472
5846,0,0,0.76313,0.55263,0.14757,0.13129
5847,0,0,0.55035,0.93924,0.04861,0.10995
5849,0,4,0.38281,0.5076,0.76063,0.97005
5849,1,1,0.72461,0.72407,0.53277,0.051
5849,2,1,0.84885,0.4707,0.28646,0.02821
5849,3,1,0.8342,0.37576,0.31141,0.01628
5849,4,1,0.81793,0.27159,0.23546,0.0293
5849,5,4,0.91178,0.9145,0.16927,0.15625
5850,0,3,0.33181,0.5689,0.06836,0.05968
5850,1,0,0.17068,0.736,0.14323,0.51324
5850,2,2,0.78537,0.49729,0.42426,0.98416
5850,3,0,0.29112,0.23958,0.21267,0.41233
5851,0,2,0.6441,0.72222,0.17593,0.15509
5852,0,2,0.47338,0.636,0.5544,0.35301
5853,0,3,0.20812,0.38553,0.10742,0.08138
5853,1,3,0.55914,0.3839,0.30165,0.06293
5853,2,0,0.14301,0.5293,0.10959,0.18446
5853,3,3,0.20812,0.26508,0.07921,0.02496
5853,4,4,0.06977,0.41102,0.10634,0.04557
5854,0,4,0.09144,0.9184,0.12847,0.13773
5855,0,0,0.15378,0.15864,0.30757,0.31728
5855,1,2,0.65406,0.18914,0.09649,0.23136
5855,2,2,0.86748,0.12963,0.1713,0.07407
5856,0,0,0.45285,0.46053,0.06689,0.86842
5857,0,4,0.31608,0.87055,0.07595,0.09874
5857,1,0,0.38878,0.67361,0.01953,0.08898
5858,0,0,0.45877,0.80002,0.11393,0.39388
5859,0,1,0.58497,0.21242,0.82026,0.1024
5859,1,4,0.51234,0.45044,0.97347,0.89651
5861,0,0,0.38878,0.75987,0.08898,0.47418
5861,1,1,0.12511,0.81467,0.24523,0.04774
5861,2,1,0.71105,0.81955,0.56641,0.04015
5862,0,2,0.71376,0.49891,0.56532,0.99609
5863,0,0,0.65031,0.83385,0.1194,0.32917
5864,0,3,0.23145,0.64377,0.24306,0.1964
5864,1,3,0.29004,0.85536,0.07595,0.05968
5865,0,4,0.62364,0.44608,0.7451,0.88344
5867,0,0,0.40397,0.264,0.57943,0.51975
5867,1,0,0.07178,0.75762,0.14355,0.38069
5868,0,0,0.27268,0.85862,0.21701,0.27018
5869,0,3,0.5217,0.90473,0.0944,0.04774
5869,1,4,0.84397,0.88574,0.3049,0.22244
5870,0,4,0.62533,0.7832,0.07812,0.14757
5871,0,3,0.4439,0.41885,0.09368,0.07734
5871,1,0,0.3559,0.40509,0.1088,0.1088
5871,2,0,0.70718,0.06597,0.58218,0.04398
5871,3,3,0.43866,0.01968,0.0706,0.03472
5872,0,0,0.46528,0.07986,0.23264,0.03704
5872,1,2,0.9761,0.06338,0.04595,0.1013
5874,0,0,0.22477,0.40884,0.44954,0.79859
5874,1,0,0.81033,0.21625,0.35916,0.41124
5874,2,4,0.75608,0.71267,0.48069,0.57075
5874,3,4,0.24718,0.88845,0.20291,0.20833
5875,0,4,0.48575,0.32675,0.95066,0.65132
5876,0,4,0.7037,0.33061,0.58932,0.65468
5876,1,3,0.54303,0.7707,0.10893,0.04248
5877,0,2,0.4982,0.60082,0.98992,0.79627
5877,1,4,0.61936,0.10124,0.56315,0.19857
5879,0,1,0.28353,0.69151,0.31684,0.02496
5879,1,0,0.25477,0.838,0.06185,0.28537
5879,2,3,0.55642,0.81413,0.08138,0.02279
5879,3,0,0.82245,0.66735,0.35302,0.11551
5879,4,0,0.38484,0.6088,0.11343,0.13426
5879,5,0,0.5434,0.85301,0.22917,0.26852
5879,6,0,0.75845,0.85939,0.48102,0.07295
5879,7,0,0.5081,0.61285,0.29282,0.02894
5880,0,4,0.51302,0.57053,0.96897,0.34288
5880,1,2,0.48969,0.36762,0.30816,0.31684
5880,2,3,0.64214,0.15495,0.15082,0.05208
5880,3,4,0.73926,0.07737,0.44054,0.14648
5880,4,2,0.22168,0.31771,0.23003,0.15842
5880,5,0,0.74089,0.30577,0.1161,0.29514
5880,6,0,0.27919,0.44195,0.1888,0.29622
5880,7,4,0.30414,0.8304,0.59245,0.33312
5880,8,0,0.78356,0.73206,0.20718,0.52662
5880,9,3,0.9537,0.23032,0.06134,0.05324
5880,10,2,0.34201,0.16204,0.13889,0.04861
5882,0,4,0.49945,0.17928,0.35746,0.32566
5882,1,4,0.91338,0.25439,0.11513,0.0636
5883,0,4,0.49918,0.3721,0.99837,0.74201
5884,0,4,0.50488,0.83637,0.98307,0.31684
5886,0,4,0.56529,0.51908,0.86734,0.95613
5887,0,0,0.1812,0.19867,0.36239,0.39077
5888,0,2,0.61547,0.28922,0.76362,0.561
5888,1,3,0.24673,0.77342,0.34641,0.17211
5888,2,2,0.05816,0.50093,0.11632,0.08751
5889,0,4,0.35992,0.3791,0.71985,0.74505
5889,1,2,0.19965,0.10706,0.1875,0.15856
5890,0,2,0.46745,0.54612,0.92122,0.89518
5891,0,2,0.49821,0.61322,0.99642,0.76681
5891,1,4,0.67198,0.11534,0.64887,0.22461
5892,0,3,0.66721,0.10458,0.06972,0.02179
5892,1,4,0.2342,0.39107,0.44553,0.76688
5893,0,0,0.59923,0.77281,0.42525,0.4523
5893,1,1,0.81738,0.79785,0.36241,0.06402
5893,2,1,0.6964,0.66602,0.43945,0.02604
5895,0,0,0.53472,0.86947,0.06836,0.10091
5896,0,0,0.28193,0.73212,0.15945,0.53368
5897,0,1,0.2857,0.7653,0.56858,0.05317
5897,1,0,0.5982,0.7577,0.40582,0.47418
5899,0,0,0.75735,0.71233,0.48322,0.29662
5900,0,4,0.50163,0.47331,0.99129,0.94009
5901,0,0,0.20384,0.79288,0.28959,0.41215
5901,1,0,0.77289,0.62044,0.45139,0.20182
5901,2,1,0.83963,0.82878,0.30707,0.0803
5901,3,1,0.40234,0.89605,0.19206,0.01953
5902,0,3,0.62533,0.56944,0.11285,0.06293
5902,1,4,0.82878,0.75391,0.30056,0.26693
5902,2,4,0.55588,0.08279,0.31684,0.09657
5902,3,4,0.27268,0.73437,0.53602,0.41884
5902,4,0,0.12847,0.23553,0.05208,0.03356
5904,0,4,0.5,0.47603,0.99455,0.94118
5905,0,0,0.65679,0.72461,0.13021,0.54036
5905,1,0,0.27648,0.77669,0.23546,0.43186
5905,2,0,0.61285,0.49946,0.45898,0.99284
5905,3,3,0.34592,0.44683,0.36784,0.2322
5905,4,4,0.38336,0.24989,0.55556,0.35916
5905,5,3,0.7398,0.20703,0.13129,0.1454
5905,6,3,0.61882,0.28678,0.0803,0.03364
5905,7,3,0.60471,0.35352,0.09115,0.04557
5905,8,3,0.97546,0.29854,0.04699,0.1179
5905,9,3,0.989,0.09549,0.01852,0.04514
5905,10,2,0.06684,0.71295,0.13368,0.47219
5905,11,2,0.69387,0.02836,0.23611,0.04514
5906,0,4,0.37247,0.88322,0.33428,0.23043
5907,0,3,0.79785,0.18424,0.0434,0.02387
5907,1,3,0.87326,0.19021,0.04232,0.01845
5907,2,3,0.93023,0.35731,0.03689,0.01628
5910,0,0,0.55914,0.83637,0.02821,0.16059
5912,0,0,0.74848,0.87381,0.1378,0.24631
5913,0,2,0.26331,0.85764,0.16898,0.22222
5914,0,3,0.54774,0.0969,0.04015,0.01628
5914,1,3,0.74468,0.2309,0.2105,0.04123
5914,2,0,0.83746,0.15169,0.05968,0.07812
5914,3,0,0.91721,0.75174,0.16059,0.20182
5914,4,2,0.38426,0.15162,0.1794,0.17824
5915,0,2,0.91248,0.91415,0.15482,0.16858
5916,0,0,0.53762,0.73958,0.1088,0.51157
5918,0,2,0.50011,0.49902,0.9948,0.99805
5919,0,4,0.40033,0.53922,0.61874,0.15468
5919,1,4,0.55991,0.33987,0.85512,0.42484
5919,2,3,0.06345,0.26616,0.12691,0.08569
5920,0,4,0.13867,0.68717,0.27669,0.04015
5920,1,1,0.26617,0.56673,0.32769,0.00977
5922,0,3,0.56131,0.65245,0.0803,0.02279
5922,1,3,0.63129,0.74957,0.12261,0.03689
5922,2,3,0.62912,0.84993,0.18338,0.08138
5922,3,4,0.74577,0.96224,0.48177,0.06727
5922,4,3,0.73817,0.7615,0.09983,0.04991
5922,5,3,0.7398,0.838,0.06402,0.04449
5922,6,3,0.83746,0.91721,0.31793,0.07053
5922,7,3,0.90961,0.86838,0.06293,0.0293
5922,8,3,0.85211,0.84505,0.0434,0.01302
5925,0,3,0.79398,0.72396,0.07523,0.10532
5925,1,4,0.89294,0.93634,0.16204,0.12269
5928,0,0,0.2564,0.79405,0.08898,0.16276
5929,0,0,0.16688,0.60905,0.32227,0.54796
5929,1,3,0.37576,0.22439,0.08898,0.01736
5930,0,0,0.17448,0.59657,0.34831,0.56207
5930,1,3,0.37522,0.22439,0.08572,0.01736
5931,0,1,0.36654,0.57216,0.18121,0.01628
5932,0,3,0.08279,0.50488,0.06944,0.0293
5933,0,0,0.58192,0.53689,0.45139,0.45356
5934,0,1,0.21788,0.56293,0.28537,0.11068
5934,1,3,0.42911,0.81567,0.84454,0.36658
5935,0,0,0.73438,0.3329,0.42426,0.65538
5935,1,4,0.50271,0.67795,0.99175,0.09332
5935,2,0,0.19672,0.88194,0.06727,0.22135
5935,3,4,0.26237,0.31662,0.5089,0.62934
5935,4,2,0.37731,0.15394,0.24421,0.29167
5936,0,4,0.47396,0.83691,0.90603,0.31359
5937,0,3,0.29492,0.46636,0.04666,0.0434
5938,0,3,0.72461,0.6161,0.14865,0.09115
5938,1,3,0.56402,0.17936,0.08572,0.04015
5938,2,4,0.36871,0.38227,0.36133,0.75629
5938,3,0,0.76693,0.59115,0.4503,0.80946
5939,0,4,0.72876,0.11547,0.5305,0.21786
5939,1,4,0.51688,0.57898,0.95861,0.68301
5940,0,0,0.84415,0.56987,0.30961,0.84115
5940,1,4,0.2812,0.65724,0.56239,0.66642
5940,2,3,0.54449,0.39204,0.10308,0.07053
5940,3,3,0.63726,0.31554,0.04557,0.04557
5940,4,4,0.71539,0.18099,0.55556,0.3342
5942,0,4,0.49891,0.50054,0.99501,0.99501
5943,0,0,0.20595,0.59657,0.21593,0.79861
5943,1,4,0.75662,0.17231,0.19097,0.0803
5944,0,0,0.50109,0.9286,0.15082,0.13672
5944,1,0,0.47721,0.61176,0.12261,0.2322
5944,2,0,0.24447,0.42567,0.23872,0.19206
5944,3,3,0.20052,0.45768,0.07487,0.03038
5944,4,0,0.06055,0.59983,0.11827,0.09115
5944,5,3,0.39855,0.26074,0.0434,0.01628
5946,0,1,0.58898,0.68717,0.62174,0.01845
5947,0,0,0.32812,0.8015,0.16435,0.02431
5948,0,0,0.54937,0.61013,0.20616,0.2832
5948,1,0,0.81521,0.64214,0.24523,0.32118
5948,2,0,0.49349,0.08225,0.24197,0.16059
5948,3,2,0.28646,0.0816,0.13657,0.13079
5949,0,4,0.76204,0.50208,0.46658,0.99375
5949,1,2,0.34484,0.56185,0.66081,0.82031
5950,0,0,0.84586,0.15686,0.30501,0.29412
5951,0,0,0.12493,0.788,0.24341,0.42192
5951,1,0,0.76584,0.70779,0.46115,0.25716
5952,0,0,0.48257,0.2342,0.95534,0.44662
5952,1,4,0.16531,0.50185,0.33061,0.39804
5952,2,4,0.40359,0.63453,0.66013,0.35621
5953,0,4,0.45768,0.50705,0.91037,0.97765
5956,0,3,0.55935,0.83915,0.09205,0.05935
5956,1,3,0.85671,0.70107,0.09084,0.03513
5957,0,3,0.7695,0.49697,0.44937,0.98353
5957,1,2,0.99597,0.49758,0.00598,0.24832
5957,2,2,0.27895,0.71318,0.43968,0.35974
5957,3,2,0.28985,0.35405,0.39123,0.31492
5958,0,2,0.78161,0.52544,0.39365,0.71827
5958,1,3,0.86458,0.96512,0.22771,0.06177
5958,2,0,0.28319,0.75436,0.1187,0.29918
5958,3,0,0.2202,0.44973,0.16473,0.2689
5958,4,0,0.13602,0.66412,0.21439,0.63953
5958,5,0,0.22747,0.2087,0.17684,0.17442
5959,0,0,0.1978,0.62234,0.22166,0.12234
5960,0,3,0.7327,0.30933,0.06092,0.05604
5960,1,3,0.22892,0.47076,0.06213,0.0402
5960,2,1,0.39096,0.14059,0.24976,0.02558
5960,3,3,0.39705,0.63158,0.0402,0.04995
5961,0,3,0.89789,0.65988,0.14656,0.19016
5961,1,3,0.24261,0.43035,0.2265,0.12112
5961,2,2,0.49576,0.75254,0.19259,0.46512
5961,3,0,0.1445,0.51756,0.18532,0.03634
5961,4,2,0.20688,0.76829,0.39729,0.43605
5961,5,0,0.75678,0.29651,0.13566,0.13445
5961,6,0,0.74225,0.4679,0.17442,0.12597
5961,7,3,0.57267,0.49758,0.08721,0.05935
5961,8,2,0.44973,0.43641,0.10538,0.12112
5961,9,3,0.24746,0.12754,0.15383,0.06056
5961,10,0,0.29167,0.21415,0.10417,0.07389
5961,11,2,0.51211,0.18932,0.15504,0.12355
5961,12,0,0.15601,0.31044,0.06298,0.11143
5961,13,2,0.46306,0.32498,0.14414,0.07025
5961,14,0,0.9354,0.86611,0.12711,0.20291
5961,15,3,0.75678,0.64898,0.05814,0.04966
5961,16,3,0.82219,0.83733,0.09205,0.12112
5961,17,2,0.80523,0.19113,0.25678,0.06904
5963,0,1,0.5212,0.8228,0.93629,0.07267
5963,1,0,0.40916,0.75194,0.11143,0.48086
5964,0,2,0.29106,0.60417,0.24588,0.35974
5964,1,0,0.29833,0.26865,0.10053,0.16109
5964,2,3,0.71197,0.5642,0.0751,0.05693
5964,3,1,0.83491,0.75739,0.13203,0.10417
5964,4,2,0.71621,0.27168,0.48328,0.29797
5964,5,0,0.12815,0.24625,0.04603,0.04603
5965,0,2,0.39644,0.71923,0.32825,0.2798
5965,1,0,0.29712,0.17357,0.1296,0.25678
5965,2,0,0.20203,0.41521,0.12839,0.24104
5965,3,0,0.12088,0.7586,0.23498,0.46027
5965,4,0,0.57994,0.9306,0.172,0.08721
5965,5,0,0.42854,0.93362,0.08721,0.12234
5965,6,0,0.27471,0.95664,0.13081,0.07146
5966,0,3,0.7265,0.15722,0.06783,0.05693
5966,1,3,0.74285,0.74346,0.20954,0.15383
5966,2,0,0.82098,0.52059,0.06298,0.10053
5966,3,0,0.95902,0.84727,0.07987,0.22094
5966,4,3,0.18266,0.7047,0.20591,0.17805
5966,5,3,0.41279,0.64232,0.14777,0.11143
5966,6,3,0.89059,0.35324,0.21674,0.16312
5966,7,3,0.83249,0.20385,0.04966,0.03391
5966,8,0,0.44792,0.87851,0.11143,0.13324
5966,9,0,0.72105,0.89789,0.11022,0.10659
5966,10,0,0.60841,0.89608,0.09569,0.16109
5966,11,1,0.92817,0.66231,0.07389,0.05935
5966,12,2,0.96023,0.53775,0.07745,0.09124
5966,13,0,0.59811,0.5975,0.08721,0.11386
5966,14,3,0.74649,0.24019,0.06904,0.0436
5967,0,0,0.44301,0.07843,0.08211,0.14828
5967,1,0,0.75551,0.12316,0.15809,0.18382
5967,2,0,0.95863,0.04148,0.08148,0.03761
5967,3,2,0.9329,0.20789,0.13295,0.19887
5967,4,2,0.22426,0.53186,0.13971,0.09926
5967,5,3,0.25735,0.68321,0.07353,0.05637
5967,6,0,0.97089,0.47716,0.05697,0.08055
5967,7,2,0.22917,0.28676,0.18382,0.21446
5967,8,1,0.82051,0.01256,0.10163,0.02512
5968,0,0,0.48599,0.29471,0.22783,0.23148
5968,1,0,0.82468,0.27035,0.28631,0.22417
5968,2,3,0.62975,0.13268,0.05482,0.04142
5968,3,0,0.28253,0.27522,0.08406,0.09503
5969,0,2,0.75981,0.90334,0.22166,0.1829
5969,1,2,0.88851,0.79482,0.21985,0.1863
5969,2,2,0.63021,0.7586,0.1078,0.09932
5969,3,3,0.11785,0.80947,0.12476,0.08479
5970,0,0,0.90758,0.79312,0.14898,0.15867
5970,1,1,0.0665,0.83691,0.13299,0.07108
5970,2,1,0.22808,0.64353,0.05693,0.04845
5971,0,2,0.53937,0.69138,0.56565,0.31371
5971,1,2,0.53573,0.91667,0.80547,0.13929
5972,0,1,0.76838,0.20404,0.18627,0.1299
5972,1,3,0.78002,0.33272,0.17279,0.11275
5973,0,1,0.86879,0.2552,0.26034,0.06394
5973,1,1,0.50908,0.70773,0.78609,0.13324
5973,2,0,0.5757,0.7907,0.16352,0.20954
5973,3,0,0.81008,0.56117,0.34157,0.20833
5973,4,0,0.93298,0.83356,0.13195,0.25409
5973,5,2,0.3165,0.38069,0.18047,0.0436
5973,6,0,0.47396,0.14087,0.12234,0.08721
5973,7,1,0.43823,0.14147,0.08236,0.02786
5973,8,1,0.5,0.27168,0.39244,0.04603
5973,9,0,0.60598,0.35162,0.11749,0.07752
5973,10,0,0.71439,0.36858,0.06783,0.10174
5973,11,1,0.4461,0.41219,0.25073,0.04845
5973,12,1,0.69864,0.05124,0.453,0.03149
5973,13,1,0.63505,0.95967,0.45422,0.0751
5974,0,0,0.85368,0.18689,0.28585,0.34641
5974,1,0,0.73438,0.35889,0.35732,0.48207
5974,2,3,0.8767,0.77192,0.2156,0.30523
5974,3,0,0.06698,0.85671,0.11022,0.20591
5975,0,0,0.56541,0.80887,0.10174,0.18532
5976,0,1,0.5824,0.63359,0.83243,0.10271
5976,1,1,0.06299,0.63906,0.12597,0.04474
5976,2,0,0.048,0.72722,0.08285,0.2924
5978,0,2,0.31044,0.72045,0.12476,0.47359
5978,1,2,0.13917,0.72342,0.27834,0.5064
5978,2,2,0.53513,0.5866,0.14777,0.74612
5978,3,2,0.87605,0.84448,0.24581,0.27834
5978,4,2,0.68108,0.80402,0.17805,0.3767
5978,5,2,0.37585,0.25654,0.15141,0.40819
5978,6,2,0.88941,0.26684,0.19016,0.21318
5978,7,2,0.40734,0.74709,0.15867,0.47117
5978,8,2,0.04094,0.40189,0.0751,0.11507
5978,9,2,0.27955,0.42914,0.12112,0.07994
5978,10,1,0.96205,0.52907,0.07381,0.04724
5978,11,2,0.87185,0.62234,0.23014,0.13445
5980,0,2,0.79191,0.48304,0.40213,0.91691
5980,1,2,0.34496,0.5109,0.47723,0.92418
5982,0,0,0.49818,0.37585,0.16836,0.62742
5982,1,2,0.12088,0.22384,0.22287,0.41788
5983,0,0,0.18137,0.06373,0.05637,0.09681
5984,0,0,0.3008,0.69493,0.26438,0.24488
5984,1,0,0.31116,0.22222,0.15351,0.3521
5985,0,3,0.46366,0.66776,0.0751,0.10417
5985,1,3,0.57812,0.65504,0.05693,0.05208
5985,2,3,0.54845,0.54239,0.04845,0.03755
5985,3,3,0.45458,0.56904,0.06662,0.0327
5986,0,0,0.43116,0.07359,0.05726,0.12061
5986,1,0,0.74306,0.10039,0.2327,0.14985
5987,0,0,0.9136,0.34779,0.17071,0.17644
5988,0,1,0.56722,0.69198,0.47602,0.07752
5988,1,1,0.21051,0.72166,0.3876,0.11991
5988,2,0,0.43217,0.78949,0.33915,0.37185
5988,3,1,0.08031,0.95361,0.14656,0.0751
5988,4,1,0.78949,0.96512,0.3876,0.04239
5989,0,1,0.33478,0.37963,0.66956,0.04398
5989,1,1,0.42225,0.1481,0.56639,0.05565
5989,2,2,0.50303,0.04639,0.23861,0.08479
5989,3,2,0.25957,0.04457,0.19259,0.07631
5989,4,0,0.86176,0.20246,0.25911,0.17147
5989,5,0,0.43823,0.80766,0.625,0.35247
5989,6,1,0.39947,0.92938,0.14535,0.07994
5989,7,1,0.03985,0.69593,0.0797,0.09142
5990,0,0,0.24625,0.81795,0.11749,0.16473
5990,1,2,0.7156,0.03973,0.10901,0.0642
5991,0,0,0.89002,0.84944,0.21076,0.16473
5991,1,1,0.69077,0.74346,0.11022,0.06177
5992,0,3,0.24746,0.08091,0.05451,0.04482
5993,0,3,0.5109,0.81795,0.20591,0.13081
5993,1,3,0.58963,0.25654,0.1187,0.10538
5993,2,3,0.5751,0.45155,0.15746,0.07146
5993,3,3,0.77435,0.49879,0.10538,0.09569
5993,4,0,0.85429,0.17902,0.26768,0.21681
5993,5,0,0.70288,0.20082,0.16352,0.29191
5993,6,3,0.22565,0.04578,0.07873,0.05693
5993,7,0,0.07304,0.63626,0.06177,0.38517
5993,8,0,0.18871,0.30015,0.29312,0.49055
5993,9,1,0.83188,0.79554,0.31734,0.10053
5993,10,3,0.55935,0.61567,0.28828,0.16957
5993,11,3,0.94876,0.31589,0.05693,0.03997
5993,12,3,0.44125,0.05487,0.10296,0.10417
5993,13,3,0.75194,0.03246,0.06541,0.03997
5993,14,3,0.63445,0.02641,0.10417,0.03513
5994,0,3,0.51514,0.42006,0.19985,0.14172
5994,1,1,0.46245,0.67745,0.28101,0.06298
5994,2,0,0.93907,0.81008,0.11507,0.17563
5995,0,1,0.76042,0.86156,0.43605,0.15019
5995,1,1,0.38554,0.55875,0.15383,0.05572
5996,0,0,0.77435,0.21415,0.3234,0.30644
5996,1,1,0.87848,0.63194,0.24096,0.1367
5996,2,0,0.5642,0.70107,0.56686,0.27495
5996,3,1,0.39947,0.51756,0.69283,0.3125
5996,4,0,0.42854,0.92393,0.36337,0.12476
5996,5,1,0.95906,0.05608,0.06056,0.0436
5997,0,3,0.46669,0.08031,0.14414,0.06298
5998,0,3,0.58115,0.63081,0.04603,0.05693
5998,1,0,0.31529,0.58903,0.0642,0.07752
5999,0,0,0.62779,0.78282,0.26042,0.38033
6000,0,0,0.52254,0.46223,0.17422,0.90765
6000,1,1,0.17105,0.32639,0.22173,0.11209
6000,2,1,0.45066,0.29898,0.279,0.05239
6000,3,1,0.70346,0.19359,0.09747,0.04386
6000,4,1,0.68701,0.14059,0.10843,0.03777
6000,5,3,0.66265,0.48782,0.03046,0.03533
6000,6,1,0.41776,0.11745,0.07919,0.02802
6001,0,0,0.43823,0.60296,0.37791,0.73765
6001,1,0,0.26562,0.58781,0.16594,0.24709
6001,2,2,0.78343,0.59327,0.3561,0.3985
6001,3,0,0.73498,0.24867,0.1405,0.10659
6001,4,2,0.26684,0.09908,0.23377,0.16352
6001,5,1,0.09666,0.70954,0.15019,0.08842
6001,6,1,0.35283,0.77556,0.28706,0.11628
6001,7,0,0.46427,0.08878,0.15867,0.1405
6001,8,1,0.53937,0.13966,0.09084,0.05329
6002,0,3,0.45821,0.21172,0.14898,0.06904
6002,1,3,0.57449,0.47578,0.26526,0.2047
6002,2,0,0.1657,0.64717,0.22045,0.50145
6002,3,0,0.8561,0.53634,0.2156,0.25315
6002,4,0,0.66473,0.67926,0.15019,0.10538
6002,5,3,0.74285,0.86156,0.37912,0.22045
6002,6,3,0.48789,0.9203,0.14777,0.1296
6002,7,0,0.30984,0.79312,0.11386,0.15141
6003,0,0,0.46245,0.42611,0.15988,0.35489
6003,1,2,0.5642,0.13663,0.15504,0.18774
6003,2,0,0.25775,0.78949,0.20833,0.34763
6003,3,0,0.91182,0.38978,0.16715,0.26284
6003,4,2,0.72045,0.42793,0.21318,0.2907
6003,5,0,0.81913,0.76512,0.35967,0.39094
6003,6,1,0.80523,0.86579,0.18411,0.07146
6003,7,1,0.09969,0.91485,0.13929,0.12597
6003,8,1,0.12028,0.68653,0.19985,0.11022
6003,9,0,0.3171,0.35707,0.0969,0.19016
6003,10,1,0.39159,0.02156,0.08842,0.02301
6003,11,0,0.74104,0.16691,0.15019,0.13929
6004,0,0,0.69992,0.55371,0.56188,0.74167
6004,1,0,0.54933,0.10185,0.29253,0.2037
6006,0,0,0.75739,0.68229,0.39365,0.2156
6006,1,1,0.20627,0.80039,0.1078,0.04724
6006,2,3,0.13178,0.59266,0.07025,0.03634
6006,3,1,0.27229,0.96027,0.05814,0.05935
6006,4,1,0.32074,0.79675,0.07267,0.03513
6006,5,3,0.34617,0.71984,0.02665,0.03634
6007,0,0,0.79251,0.80463,0.1078,0.17684
6007,1,0,0.43156,0.95845,0.07631,0.05329
6007,2,3,0.48728,0.7259,0.08115,0.04845
6010,0,0,0.8393,0.14851,0.22783,0.16326
6010,1,0,0.73331,0.23501,0.16447,0.14864
6010,2,3,0.86306,0.36111,0.18275,0.06213
6010,3,3,0.96031,0.30978,0.07753,0.11054
6010,4,0,0.7991,0.45249,0.12061,0.08406
6010,5,3,0.96457,0.43272,0.06901,0.04696
6010,6,1,0.61818,0.08151,0.11452,0.0463
6010,7,1,0.87768,0.0346,0.08041,0.01827
6011,0,0,0.84823,0.2093,0.07873,0.0327
6012,0,2,0.56844,0.79009,0.17078,0.30281
6012,1,2,0.82582,0.86519,0.24709,0.20833
6012,2,3,0.3171,0.95422,0.23983,0.08115
6013,0,3,0.32013,0.23171,0.08842,0.03634
6013,1,1,0.47759,0.63505,0.89753,0.08479
6013,2,3,0.81977,0.37403,0.06783,0.02544
6014,0,2,0.92454,0.52786,0.10296,0.91206
6014,1,2,0.37343,0.66412,0.43968,0.66618
6014,2,2,0.09484,0.80463,0.15383,0.33188
6014,3,2,0.62779,0.20446,0.11991,0.11265
6015,0,0,0.61022,0.49213,0.35126,0.75339
6015,1,2,0.75678,0.4352,0.17684,0.29554
6015,2,0,0.8664,0.77737,0.14172,0.26768
6015,3,0,0.9021,0.26116,0.19373,0.21393
6015,4,3,0.69985,0.03852,0.1938,0.07146
6015,5,0,0.46851,0.06698,0.1187,0.13081
6016,0,3,0.5327,0.39099,0.08963,0.05451
6016,1,3,0.31589,0.37766,0.04845,0.03028
6016,2,3,0.36858,0.3922,0.05208,0.04239
6016,3,3,0.4031,0.28682,0.14535,0.08358
6016,4,3,0.26017,0.28622,0.0969,0.10174
6016,5,3,0.02713,0.44009,0.05426,0.07017
6016,6,3,0.81008,0.26139,0.04845,0.05451
6017,0,1,0.7907,0.85368,0.15746,0.07631
6017,1,0,0.14813,0.4782,0.13687,0.09569
6017,2,0,0.13784,0.68047,0.23256,0.29918
6017,3,1,0.29772,0.74891,0.22771,0.0969
6017,4,1,0.25048,0.82582,0.43362,0.12476
6018,0,0,0.81068,0.36313,0.18532,0.29675
6018,1,0,0.93419,0.25958,0.12953,0.22532
6018,2,0,0.52846,0.4564,0.09569,0.20228
6018,3,2,0.89789,0.629,0.15141,0.17926
6018,4,0,0.93847,0.85792,0.10417,0.25194
6019,0,0,0.65686,0.8016,0.12234,0.16836
6020,0,3,0.50848,0.75133,0.09448,0.05572
6020,1,3,0.74043,0.95179,0.10053,0.08842
6020,2,3,0.95845,0.92454,0.05451,0.07267
6021,0,1,0.1118,0.24443,0.16594,0.07631
6021,1,3,0.49213,0.1772,0.06662,0.02422
6022,0,0,0.72347,0.59327,0.53173,0.79336
6022,1,0,0.4025,0.63929,0.33794,0.70615
6022,2,0,0.45518,0.76708,0.10901,0.14293
6022,3,0,0.38069,0.24867,0.07146,0.12597
6022,4,3,0.31407,0.24503,0.0642,0.04118
6023,0,2,0.84036,0.8343,0.2689,0.17805
6023,1,3,0.49576,0.65019,0.07873,0.05451
6023,2,3,0.49576,0.75375,0.16836,0.09448
6023,3,3,0.34072,0.72287,0.07389,0.06662
6024,0,0,0.10029,0.32074,0.172,0.14172
6024,1,0,0.47578,0.40613,0.13808,0.13566
6024,2,1,0.40007,0.31044,0.26284,0.11143
6024,3,0,0.69077,0.09181,0.20954,0.11991
6024,4,0,0.19719,0.90819,0.13566,0.086
6024,5,1,0.09726,0.83491,0.15383,0.09205
6024,6,0,0.23595,0.78404,0.16231,0.13808
6024,7,1,0.28743,0.44489,0.21439,0.09932
6024,8,0,0.72287,0.2626,0.11143,0.10053
6024,9,1,0.55087,0.0694,0.23014,0.06298
6024,10,1,0.77192,0.37948,0.36458,0.09932
6024,11,1,0.68047,0.58358,0.46996,0.22408
6024,12,1,0.64111,0.71257,0.53416,0.05572
6024,13,0,0.21657,0.59932,0.22529,0.11991
6024,14,1,0.23958,0.16994,0.14293,0.07267
6024,15,1,0.21899,0.22868,0.30523,0.03028
6024,16,0,0.50242,0.20688,0.11628,0.05208
6024,17,1,0.87306,0.07001,0.07267,0.03028
6024,18,1,0.84884,0.11422,0.1405,0.0436
6025,0,3,0.82885,0.82461,0.04239,0.04482
6026,0,3,0.05184,0.47578,0.04118,0.0327
6026,1,3,0.22384,0.35162,0.00969,0.04845
6026,2,1,0.715,0.13844,0.20712,0.02665
6027,0,0,0.41461,0.89486,0.10296,0.11022
6028,0,0,0.71197,0.30015,0.13808,0.23861
6028,1,0,0.72226,0.60235,0.13929,0.36579
6028,2,1,0.54357,0.83438,0.91078,0.09827
6028,3,0,0.88877,0.57979,0.22037,0.357
6028,4,0,0.91546,0.23413,0.16473,0.16957
6028,5,1,0.80762,0.1213,0.38268,0.05534
6028,6,0,0.88941,0.07849,0.11265,0.086
6028,7,3,0.83006,0.01369,0.10053,0.02422
6028,8,0,0.4782,0.59084,0.11143,0.20712
6029,0,3,0.2735,0.56783,0.172,0.23619
6029,1,0,0.08576,0.69016,0.16715,0.15625
6031,0,1,0.43627,0.08395,0.28676,0.05392
6031,1,0,0.56556,0.13848,0.10662,0.13603
6031,2,1,0.41238,0.16728,0.30515,0.07843
6031,3,0,0.29044,0.17463,0.06618,0.18873
6031,4,3,0.91054,0.5962,0.15196,0.12745
6031,5,2,0.94209,0.18649,0.11457,0.21243
6033,0,2,0.65443,0.41097,0.25799,0.23498
6033,1,3,0.82158,0.74709,0.34278,0.3985
6033,2,2,0.27955,0.74406,0.24225,0.27132
6033,3,0,0.12997,0.8446,0.14172,0.30523
6033,4,2,0.29591,0.41158,0.14898,0.3985
6033,5,2,0.26502,0.62173,0.41667,0.70736
6033,6,0,0.55148,0.84944,0.12476,0.28101
6033,7,2,0.88998,0.31564,0.21795,0.30109
6033,8,2,0.66352,0.17175,0.24467,0.24588
6033,9,2,0.61507,0.63081,0.09448,0.15867
6033,10,0,0.07304,0.12815,0.06904,0.20712
6034,0,0,0.90573,0.57505,0.18646,0.21673
6034,1,1,0.79433,0.25836,0.18411,0.03149
6035,0,2,0.6797,0.07602,0.10356,0.12305
6035,1,3,0.28801,0.16801,0.04386,0.0463
6036,0,3,0.35405,0.4673,0.33551,0.3985
6036,1,2,0.15419,0.80705,0.23377,0.28585
6037,0,1,0.20688,0.89365,0.34157,0.14898
6037,1,0,0.46972,0.74588,0.31008,0.2265
6038,0,3,0.31407,0.84884,0.38154,0.14172
6038,1,2,0.76587,0.88336,0.4203,0.19864
6038,2,3,0.38069,0.67321,0.1296,0.11991
6038,3,1,0.75194,0.64232,0.25436,0.0218
6038,4,3,0.55148,0.66594,0.14656,0.0642
6038,5,3,0.52059,0.58903,0.08479,0.04845
6039,0,3,0.56965,0.71984,0.19501,0.10417
6039,1,3,0.78828,0.71136,0.07752,0.05087
6039,2,3,0.31529,0.78585,0.06662,0.02301
6039,3,3,0.39038,0.69562,0.09569,0.06783
6039,4,2,0.29288,0.59932,0.07025,0.05208
6039,5,2,0.85792,0.94816,0.23135,0.07146
6040,0,2,0.38251,0.40795,0.47481,0.55354
6040,1,1,0.90547,0.61731,0.18594,0.03719
6040,2,3,0.97814,0.39548,0.04059,0.04896
6040,3,3,0.41764,0.80463,0.06783,0.07025
6040,4,3,0.54179,0.25048,0.0642,0.09084
6040,5,3,0.43944,0.24564,0.13566,0.06904
6041,0,0,0.95418,0.51424,0.08956,0.16293
6042,0,0,0.269,0.40196,0.38848,0.69975
6043,0,1,0.57432,0.38731,0.76023,0.06823
6043,1,0,0.90022,0.47502,0.05726,0.1925
6043,2,3,0.66569,0.14851,0.09503,0.12427
6043,3,3,0.47259,0.03399,0.07432,0.03168
6044,0,2,0.68774,0.34193,0.23983,0.31977
6045,0,0,0.08636,0.88578,0.11507,0.14777
6045,1,1,0.0688,0.79978,0.11143,0.06541
6046,0,2,0.88275,0.78282,0.19138,0.22771
6046,1,3,0.36858,0.92757,0.03997,0.03997
6046,2,2,0.71197,0.75436,0.09448,0.086
6046,3,0,0.59323,0.95543,0.09198,0.08601
6046,4,0,0.49152,0.93241,0.05814,0.10053
6046,5,2,0.78525,0.64717,0.12476,0.06541
6047,0,0,0.52558,0.66752,0.19006,0.2193
6047,1,0,0.47198,0.31603,0.1462,0.26681
6047,2,0,0.38426,0.11318,0.12427,0.17788
6047,3,2,0.56518,0.08699,0.17422,0.16935
6049,0,0,0.20325,0.11725,0.11386,0.16352
6049,1,1,0.27955,0.11906,0.11628,0.07267
6049,2,0,0.85853,0.21112,0.12355,0.12112
6049,3,0,0.72529,0.19537,0.17442,0.13566
6049,4,2,0.54966,0.62839,0.89632,0.69162
6050,0,1,0.86337,0.71802,0.25436,0.07146
6050,1,0,0.74225,0.79675,0.4312,0.31129
6050,2,0,0.49939,0.56298,0.19016,0.10053
6050,3,1,0.56783,0.62657,0.18411,0.03634
6051,0,1,0.56904,0.0579,0.05814,0.04482
6051,1,3,0.74406,0.53089,0.37427,0.78973
6051,2,1,0.92878,0.09666,0.10417,0.04239
6052,0,3,0.45216,0.42611,0.3016,0.18774
6052,1,2,0.2844,0.46063,0.48934,0.89874
6054,0,0,0.61931,0.7907,0.19985,0.40334
6054,1,3,0.48183,0.60053,0.07994,0.05451
6055,0,2,0.31286,0.90455,0.28949,0.14898
6055,1,3,0.22626,0.8022,0.07025,0.02422
6056,0,1,0.4679,0.69622,0.17321,0.06904
6056,1,0,0.414,0.76768,0.30039,0.45906
6056,2,3,0.1657,0.54663,0.05329,0.05572
6057,0,1,0.59872,0.69985,0.16352,0.05693
6057,1,3,0.67926,0.58358,0.08236,0.08115
6057,2,0,0.89608,0.75739,0.12597,0.12597
6057,3,1,0.83491,0.85489,0.23861,0.05935
6057,4,1,0.42188,0.83249,0.23377,0.06783
6057,5,3,0.84641,0.95906,0.30039,0.06177
6057,6,3,0.59448,0.94513,0.17442,0.07267
6057,7,3,0.84581,0.62415,0.10538,0.06298
6057,8,1,0.58418,0.629,0.086,0.02665
6057,9,3,0.98178,0.64814,0.03332,0.04312
6057,10,3,0.64293,0.83309,0.06056,0.08358
6057,11,3,0.77435,0.74406,0.05693,0.06783
6057,12,1,0.75921,0.6726,0.08236,0.03149
6057,13,3,0.3492,0.69925,0.0327,0.04603
6057,14,3,0.57691,0.56965,0.03028,0.04118
6058,0,2,0.56005,0.16728,0.1152,0.19363
6058,1,3,0.68934,0.08333,0.11397,0.04289
6058,2,2,0.76042,0.24387,0.22917,0.23407
6058,3,2,0.35233,0.55576,0.22917,0.16176
6058,4,0,0.56618,0.0337,0.05147,0.04902
6058,5,0,0.73346,0.71385,0.06495,0.09559
6060,0,3,0.91061,0.73861,0.15988,0.12234
6060,1,0,0.11906,0.94634,0.086,0.06783
6061,0,1,0.48183,0.89971,0.8406,0.10053
6061,1,0,0.84823,0.74285,0.27253,0.22529
6063,0,1,0.34738,0.72832,0.22045,0.07025
6063,1,1,0.44549,0.83794,0.31008,0.09811
6063,2,1,0.34072,0.6399,0.14898,0.02665
6063,3,0,0.28379,0.80099,0.11507,0.10901
6063,4,0,0.36555,0.93605,0.13808,0.0642
6063,5,0,0.48365,0.76042,0.43241,0.46633
6063,6,3,0.29046,0.75981,0.09205,0.06056
6063,7,3,0.36071,0.5969,0.01938,0.02544
6063,8,3,0.40552,0.63929,0.03634,0.03028
6065,0,1,0.68627,0.04105,0.34069,0.03922
6065,1,1,0.73529,0.16605,0.39706,0.04167
6065,2,0,0.82475,0.1299,0.1152,0.15809
6065,3,0,0.39522,0.09007,0.0723,0.12255
6065,4,1,0.33395,0.01287,0.13848,0.01716
6065,5,2,0.81464,0.32946,0.36947,0.27534
6065,6,0,0.76777,0.73162,0.24142,0.4375
6065,7,3,0.26777,0.10662,0.02819,0.04534
6065,8,3,0.14583,0.29412,0.06863,0.0723
6067,0,2,0.49225,0.55003,0.9845,0.88953
6067,1,0,0.18871,0.75194,0.16231,0.16594
6067,2,0,0.85126,0.42188,0.04603,0.10901
6067,3,0,0.93665,0.42914,0.04966,0.11143
6068,0,3,0.88725,0.09375,0.11029,0.08333
6068,1,0,0.29355,0.03952,0.10163,0.07904
6069,0,0,0.87548,0.77253,0.2374,0.23619
6070,0,3,0.49213,0.88881,0.15141,0.06904
6070,1,3,0.30499,0.87064,0.0969,0.04724
6070,2,1,0.2414,0.97602,0.1296,0.02786
6070,3,3,0.92696,0.95422,0.11749,0.04239
6070,4,3,0.95876,0.89724,0.07935,0.07622
6070,5,3,0.77737,0.60659,0.08236,0.07631
6070,6,3,0.4031,0.94089,0.06298,0.03755
6071,0,1,0.1772,0.90455,0.11991,0.07389
6071,1,3,0.94755,0.57267,0.04724,0.04239
6072,0,2,0.36071,0.5218,0.37064,0.49782
6072,1,2,0.30681,0.16691,0.21681,0.20712
6072,2,0,0.38251,0.9094,0.06541,0.15141
6072,3,0,0.28319,0.89608,0.07752,0.19259
6072,4,2,0.10768,0.88172,0.21536,0.21887
6072,5,2,0.07849,0.45761,0.11628,0.56565
6072,6,2,0.81613,0.63869,0.32703,0.69525
6072,7,0,0.85247,0.91061,0.07267,0.11265
6073,0,3,0.66776,0.61386,0.14414,0.1078
6073,1,3,0.67078,0.74709,0.05814,0.05693
6074,0,2,0.84681,0.11029,0.21814,0.08946
6074,1,2,0.58762,0.09375,0.12623,0.04902
6074,2,0,0.61642,0.17708,0.19118,0.10294
6074,3,2,0.06005,0.14767,0.1201,0.2402
6074,4,2,0.21201,0.14706,0.06127,0.14093
6075,0,0,0.89941,0.84314,0.19805,0.19089
6075,1,1,0.47578,0.71318,0.15504,0.05208
6075,2,3,0.73983,0.71923,0.06541,0.02301
6075,3,0,0.96451,0.6726,0.03997,0.05572
6075,4,1,0.83067,0.66109,0.15988,0.04482
6076,0,3,0.35041,0.10514,0.1078,0.04482
6076,1,3,0.29469,0.18871,0.11507,0.08842
6076,2,1,0.18266,0.19658,0.13081,0.04845
6076,3,3,0.31831,0.05911,0.08721,0.03028
6076,4,3,0.26865,0.1009,0.05329,0.02907
6077,0,3,0.27653,0.16085,0.14898,0.04966
6077,1,3,0.48244,0.26684,0.22408,0.07025
6077,2,3,0.56662,0.30923,0.0969,0.04603
6077,3,3,0.64474,0.30499,0.11022,0.05208
6077,4,3,0.67684,0.34981,0.15746,0.07146
6077,5,3,0.81189,0.46245,0.13687,0.09084
6077,6,3,0.25472,0.51332,0.21923,0.1078
6077,7,3,0.24201,0.34072,0.1405,0.08963
6077,8,2,0.25957,0.25896,0.24104,0.07146
6077,9,2,0.87488,0.40734,0.23135,0.20349
6079,0,0,0.44671,0.69683,0.07025,0.07994
6079,1,1,0.50606,0.64595,0.172,0.05572
6079,2,1,0.52301,0.69925,0.18653,0.02907
6079,3,0,0.25775,0.60053,0.17442,0.18774
6079,4,0,0.12452,0.7368,0.20833,0.20591
6079,5,3,0.41279,0.55996,0.10174,0.04845
6080,0,2,0.53107,0.13694,0.19128,0.17178
6080,1,0,0.72173,0.30872,0.21199,0.36672
6080,2,0,0.46162,0.35502,0.24488,0.19615
6080,3,1,0.19603,0.47807,0.21808,0.09625
6080,4,0,0.16618,0.40497,0.32164,0.34479
6080,5,2,0.36233,0.18506,0.10721,0.08772
6081,0,1,0.50969,0.2953,0.88663,0.10538
6082,0,3,0.79362,0.03947,0.07797,0.04995
6082,1,0,0.81128,0.10404,0.14254,0.10599
6082,2,3,0.21918,0.13328,0.07188,0.0597
6082,3,3,0.18385,0.20699,0.04995,0.04873
6083,0,1,0.50305,0.4202,0.22539,0.10234
6083,1,3,0.51645,0.28862,0.02802,0.02437
6084,0,2,0.76925,0.08455,0.21442,0.1328
6084,1,2,0.85941,0.38121,0.2461,0.32895
6084,2,3,0.86854,0.41594,0.03777,0.04995
6084,3,2,0.94995,0.09285,0.09825,0.13721
6084,4,3,0.66021,0.34466,0.03777,0.02437
6085,0,0,0.81977,0.26623,0.10174,0.38639
6085,1,0,0.79009,0.71015,0.12234,0.56928
6085,2,2,0.31722,0.59326,0.63445,0.73523
6085,3,0,0.19477,0.12209,0.05814,0.10538
6085,4,1,0.25533,0.16267,0.09448,0.04603
6085,5,1,0.22868,0.19234,0.13566,0.06662
6085,6,2,0.40855,0.05547,0.19985,0.09327
6085,7,2,0.60962,0.09969,0.1296,0.19138
6085,8,0,0.69985,0.12936,0.09205,0.22166
6085,9,0,0.44973,0.19537,0.12476,0.11628
6085,10,0,0.30741,0.17478,0.08721,0.06056
6085,11,1,0.89062,0.08152,0.21439,0.08236
6085,12,0,0.95418,0.58217,0.08956,0.61855
6086,0,1,0.76587,0.96209,0.18532,0.04603
6086,1,1,0.44247,0.93544,0.22166,0.04118
6086,2,3,0.08394,0.9633,0.0642,0.05572
6086,3,0,0.08697,0.79736,0.14777,0.08963
6086,4,0,0.81977,0.80644,0.28585,0.19743
6086,5,1,0.60841,0.60356,0.1078,0.03876
6087,0,2,0.42672,0.6405,0.27253,0.41788
6087,1,1,0.60296,0.34557,0.26405,0.12839
6087,2,1,0.30196,0.37766,0.35974,0.08842
6087,3,3,0.05547,0.50969,0.07752,0.26284
6087,4,3,0.79675,0.47396,0.11628,0.08479
6088,0,2,0.5757,0.54482,0.77641,0.87815
6088,1,0,0.05002,0.7156,0.05208,0.1829
6088,2,2,0.10574,0.91909,0.18047,0.1296
6088,3,0,0.1227,0.32013,0.14414,0.16231
6088,4,0,0.55693,0.05366,0.1938,0.05814
6089,0,3,0.92393,0.89062,0.05572,0.03876
6089,1,3,0.47638,0.68229,0.02544,0.02665
6089,2,3,0.29288,0.81795,0.02665,0.01938
6090,0,3,0.68714,0.27168,0.07873,0.0436
6090,1,3,0.50424,0.2311,0.13929,0.06904
6090,2,3,0.09726,0.46609,0.1078,0.08358
6091,0,2,0.68593,0.5321,0.41788,0.83091
6091,1,3,0.78706,0.3062,0.07994,0.05451
6091,2,3,0.69138,0.13723,0.05087,0.03149
6091,3,0,0.2844,0.21475,0.07752,0.25194
6091,4,0,0.16328,0.40492,0.28343,0.42878
6091,5,1,0.15601,0.89123,0.2907,0.20954
6091,6,0,0.43278,0.53149,0.06662,0.84666
6092,0,0,0.64353,0.60174,0.40819,0.72311
6092,1,0,0.56965,0.12633,0.21197,0.21802
6092,2,0,0.76223,0.12694,0.21439,0.19501
6092,3,1,0.92999,0.41885,0.07267,0.16109
6092,4,1,0.77677,0.32013,0.14172,0.19622
6092,5,3,0.77737,0.28258,0.06541,0.08963
6092,6,3,0.15782,0.6938,0.11022,0.07389
6092,7,0,0.14935,0.31589,0.27737,0.43726
6092,8,0,0.30681,0.06093,0.13929,0.11628
6093,0,3,0.09072,0.57991,0.18144,0.44702
6093,1,0,0.39583,0.40128,0.18895,0.2156
6093,2,0,0.41703,0.85792,0.52447,0.23498
6093,3,0,0.83127,0.79433,0.33067,0.31856
6093,4,1,0.74346,0.53694,0.12597,0.11628
6093,5,0,0.40189,0.36919,0.15019,0.24588
6093,6,0,0.53028,0.1118,0.22287,0.08721
6093,7,1,0.52362,0.18992,0.38396,0.086
6093,8,0,0.85974,0.12936,0.25678,0.18774
6093,9,2,0.85122,0.34064,0.29547,0.20575
6093,10,0,0.75557,0.5642,0.15262,0.10296
6093,11,1,0.38493,0.0258,0.08963,0.04845
6093,12,3,0.5757,0.02762,0.09327,0.03513
6093,13,0,0.30075,0.63445,0.11749,0.14898
6093,14,0,0.95422,0.5321,0.01453,0.11143
6096,0,3,0.53149,0.73256,0.08963,0.05693
6096,1,3,0.08757,0.48062,0.07389,0.04239
6096,2,2,0.23292,0.66412,0.07873,0.13808
6096,3,0,0.38069,0.65928,0.13929,0.17684
6096,4,3,0.62779,0.42006,0.04482,0.02301
6096,5,3,0.05426,0.26623,0.08721,0.09811
6096,6,3,0.84399,0.53331,0.15988,0.19138
6096,7,2,0.26986,0.3601,0.16231,0.18895
6096,8,2,0.61204,0.26744,0.29191,0.12476
6097,0,2,0.75315,0.08515,0.25921,0.16231
6097,1,2,0.83854,0.59084,0.2047,0.25799
6097,2,0,0.7374,0.34314,0.21802,0.16231
6097,3,0,0.84339,0.86579,0.27253,0.23861
6097,4,3,0.42248,0.4358,0.0751,0.03997
6097,5,3,0.50969,0.18992,0.11386,0.09084
6097,6,3,0.38735,0.22323,0.09205,0.05814
6097,7,3,0.86519,0.84702,0.17321,0.1938
6098,0,1,0.42081,0.13389,0.09016,0.04873
6098,1,3,0.26547,0.22161,0.08163,0.05117
6098,2,2,0.7857,0.42325,0.39108,0.2595
6098,3,2,0.76964,0.26634,0.45887,0.43546
6099,0,3,0.85187,0.78525,0.03997,0.03634
6099,1,3,0.92757,0.77677,0.0436,0.04845
6099,2,0,0.25109,0.91969,0.14172,0.10659
6099,3,0,0.55935,0.66897,0.06783,0.07267
6099,4,0,0.74709,0.90698,0.15504,0.11749
6099,5,0,0.72469,0.8125,0.086,0.05451
6099,6,3,0.94816,0.86398,0.06056,0.03876
6100,0,0,0.29045,0.47442,0.13402,0.22783
6100,1,0,0.87662,0.35183,0.24398,0.19952
6101,0,0,0.71136,0.5539,0.19743,0.43362
6101,1,2,0.69077,0.50545,0.59714,0.96657
6101,2,2,0.2087,0.7586,0.36701,0.45543
6101,3,0,0.29409,0.08636,0.12597,0.09932
6101,4,0,0.87306,0.2087,0.08963,0.10174
6101,5,0,0.78404,0.85489,0.11749,0.14172
6102,0,0,0.27422,0.43256,0.54845,0.71991
6103,0,0,0.21718,0.69319,0.17078,0.59593
6103,1,3,0.54118,0.62234,0.06298,0.07873
6103,2,0,0.12815,0.88699,0.19138,0.21802
6104,0,0,0.68169,0.7477,0.60804,0.47965
6104,1,3,0.62718,0.73983,0.05814,0.04966
6104,2,3,0.95119,0.57449,0.05208,0.04603
6104,3,1,0.71863,0.54179,0.18532,0.03876
6104,4,0,0.8767,0.56117,0.11628,0.04845
6104,5,0,0.57207,0.52786,0.15625,0.06177
6105,0,2,0.6405,0.61022,0.70979,0.74491
6105,1,2,0.18447,0.04942,0.27737,0.09327
6105,2,0,0.18084,0.93362,0.12234,0.11022
6105,3,2,0.37827,0.04942,0.10053,0.0642
6105,4,2,0.55935,0.16146,0.24709,0.14293
6105,5,2,0.20143,0.45276,0.12476,0.20954
6106,0,3,0.68047,0.83794,0.29312,0.08842
6106,1,3,0.68895,0.72832,0.16231,0.05572
6106,2,3,0.87125,0.74709,0.13445,0.05208
6106,3,3,0.90395,0.83067,0.1829,0.09327
6107,0,1,0.47032,0.82401,0.74734,0.16473
6107,1,1,0.91845,0.76454,0.16102,0.07729
6107,2,0,0.70833,0.74225,0.57655,0.42272
6108,0,0,0.33164,0.11664,0.08721,0.06783
6108,1,2,0.23668,0.66095,0.47335,0.64831
6108,2,2,0.52483,0.36495,0.54385,0.57413
6108,3,0,0.91905,0.32323,0.15981,0.54641
6108,4,3,0.71742,0.03064,0.06662,0.03876
6108,5,0,0.13844,0.24201,0.14656,0.13203
6108,6,0,0.90876,0.84831,0.1804,0.25209
6109,0,0,0.5975,0.71802,0.49055,0.53658
6109,1,0,0.14208,0.61022,0.25799,0.3452
6109,2,1,0.76583,0.75112,0.46625,0.1522
6111,0,0,0.69501,0.73135,0.22045,0.17563
6111,1,0,0.22747,0.7483,0.24709,0.31371
6111,2,1,0.10756,0.93726,0.13808,0.09811
6111,3,0,0.50545,0.56541,0.11265,0.10296
6111,4,2,0.87246,0.89426,0.19501,0.08963
6111,5,3,0.91364,0.9742,0.08842,0.03149
6111,6,1,0.80826,0.97844,0.07873,0.02786
6111,7,0,0.59993,0.62234,0.07873,0.02059
6111,8,1,0.6078,0.59993,0.07752,0.01938
6111,9,0,0.73195,0.59872,0.07389,0.0218
6111,10,1,0.69501,0.62779,0.09205,0.02907
6112,0,2,0.49939,0.39947,0.85877,0.14414
6112,1,1,0.54482,0.7907,0.46996,0.09569
6112,2,2,0.52483,0.1548,0.83454,0.29675
6112,3,0,0.20627,0.86761,0.11991,0.13808
6112,4,2,0.90452,0.84964,0.18888,0.19661
6112,5,2,0.08031,0.80584,0.12718,0.10659
6112,6,3,0.62657,0.97965,0.1078,0.0327
6113,0,3,0.5539,0.65928,0.38154,0.11628
6113,1,3,0.42309,0.78222,0.21439,0.08358
6113,2,0,0.81613,0.85429,0.12355,0.12355
6113,3,0,0.34375,0.50666,0.07267,0.05087
6114,0,0,0.30257,0.61143,0.28828,0.6892
6114,1,3,0.23292,0.22505,0.09569,0.0327
6114,2,1,0.38614,0.20264,0.24467,0.07267
6114,3,0,0.53149,0.59145,0.16473,0.13808
6115,0,3,0.85187,0.68229,0.05693,0.03876
6115,1,3,0.91788,0.74709,0.13808,0.05693
6117,0,0,0.66897,0.83915,0.22166,0.31613
6118,0,3,0.74891,0.83006,0.34278,0.31977
6118,1,3,0.31407,0.64656,0.06904,0.04239
6118,2,3,0.38735,0.69501,0.07025,0.09327
6118,3,3,0.47578,0.672,0.11143,0.08358
6119,0,1,0.35889,0.9415,0.45179,0.05814
6119,1,3,0.67926,0.9203,0.1187,0.03755
6120,0,2,0.83305,0.56807,0.33181,0.70422
6120,1,2,0.16388,0.30499,0.32582,0.4954
6120,2,0,0.32074,0.87488,0.18895,0.23498
6120,3,0,0.1548,0.81129,0.21802,0.31129
6120,4,2,0.19658,0.59448,0.14898,0.08842
6120,5,2,0.50424,0.44004,0.31613,0.61047
6120,6,2,0.58903,0.89184,0.13929,0.15262
6121,0,0,0.71439,0.45579,0.19864,0.69041
6121,1,0,0.96391,0.60719,0.04603,0.13566
6121,2,0,0.53997,0.38614,0.08721,0.21923
6122,0,1,0.11664,0.59993,0.16836,0.07025
6122,1,0,0.49092,0.69138,0.22892,0.35005
6122,2,0,0.68593,0.91485,0.31129,0.14777
6123,0,0,0.14826,0.6464,0.29651,0.63138
6123,1,3,0.78101,0.14268,0.28343,0.086
6123,2,2,0.89486,0.40128,0.19864,0.18169
6124,0,1,0.72283,0.89482,0.55225,0.13211
6124,1,0,0.46366,0.72953,0.25921,0.53295
6126,0,0,0.45579,0.7483,0.24104,0.48571
6126,1,0,0.15964,0.60598,0.26647,0.26405
6126,2,1,0.22081,0.66957,0.10538,0.03997
6126,3,3,0.89547,0.68774,0.14414,0.08358
6126,4,3,0.60417,0.54179,0.06783,0.04603
6126,5,3,0.73438,0.61204,0.17321,0.09205
6127,0,0,0.70894,0.64414,0.17805,0.6892
6127,1,0,0.66957,0.20264,0.11386,0.09448
6127,2,0,0.77435,0.29046,0.19259,0.09569
6127,3,2,0.85489,0.69743,0.26405,0.56807
6127,4,0,0.94267,0.29806,0.11257,0.17387
6127,5,2,0.75557,0.06335,0.25436,0.07267
6127,6,0,0.42248,0.71136,0.20833,0.38275
6127,7,1,0.65197,0.43566,0.69397,0.07845
6130,0,0,0.53937,0.68714,0.3016,0.36579
6130,1,1,0.3601,0.89789,0.70373,0.09932
6130,2,0,0.78706,0.89184,0.3125,0.20107
6130,3,3,0.37827,0.53694,0.13929,0.04118
6131,0,0,0.13009,0.40105,0.26017,0.3057
6132,0,3,0.58479,0.96269,0.08721,0.04966
6132,1,3,0.50424,0.88457,0.08358,0.06056
6132,2,3,0.30317,0.82946,0.14656,0.11991
6132,3,2,0.4673,0.68108,0.16715,0.16957
6132,4,2,0.5,0.81734,0.13566,0.07873
6133,0,2,0.20022,0.50787,0.21923,0.24225
6133,1,2,0.79494,0.58297,0.36943,0.2374
6133,2,1,0.49758,0.29651,0.93992,0.12234
6133,3,2,0.56904,0.4891,0.17926,0.23135
6133,4,2,0.08939,0.62839,0.13324,0.31129
6134,0,2,0.71984,0.85187,0.13203,0.14535
6134,1,0,0.17781,0.5648,0.18169,0.77762
6134,2,0,0.63445,0.28924,0.31977,0.29433
6134,3,0,0.51635,0.71863,0.23861,0.39729
6134,4,0,0.8591,0.6797,0.27972,0.35818
6134,5,2,0.48668,0.04336,0.08236,0.07873
6134,6,0,0.17781,0.04155,0.08963,0.07752
6134,7,3,0.93847,0.2087,0.10174,0.22529
6135,0,2,0.39099,0.73135,0.43362,0.5172
6135,1,2,0.83127,0.73498,0.30887,0.51478
6135,2,2,0.58721,0.28379,0.19864,0.14293
6135,3,2,0.16037,0.79969,0.32074,0.35872
6136,0,3,0.20143,0.6617,0.1296,0.10417
6136,1,3,0.28016,0.56117,0.07389,0.04603
6137,0,3,0.49516,0.79373,0.07994,0.07267
6137,1,3,0.54663,0.96814,0.12234,0.04845
6137,2,2,0.19961,0.90092,0.09448,0.11991
6139,0,0,0.4277,0.26532,0.19363,0.25245
6139,1,0,0.81495,0.45588,0.27206,0.78309
6140,0,3,0.70041,0.17532,0.16204,0.11209
6140,1,3,0.75463,0.27461,0.14864,0.08406
6140,2,3,0.8521,0.35076,0.10234,0.06579
6140,3,3,0.9057,0.44883,0.173,0.13767
6140,4,0,0.15156,0.39279,0.23635,0.54946
6140,5,0,0.83748,0.21552,0.29727,0.28752
6141,0,2,0.38009,0.5642,0.39971,0.48813
6141,1,3,0.65443,0.56965,0.09327,0.08963
6141,2,2,0.83188,0.59266,0.31492,0.28343
6141,3,0,0.95058,0.68108,0.07994,0.06783
6141,4,1,0.83794,0.71621,0.22045,0.04845
6141,5,1,0.49334,0.29591,0.10053,0.05814
6142,0,3,0.16388,0.85671,0.10053,0.04603
6142,1,3,0.11846,0.94755,0.07994,0.05572
6142,2,3,0.61143,0.6405,0.10901,0.05451
6143,0,3,0.66935,0.34588,0.0999,0.07066
6143,1,3,0.17593,0.71138,0.1462,0.13402
6143,2,3,0.53168,0.63402,0.06092,0.04264
6143,3,1,0.14973,0.13755,0.17666,0.07554
6143,4,1,0.25207,0.05897,0.19615,0.05482
6143,5,1,0.91645,0.22062,0.16525,0.12959
6144,0,0,0.86731,0.66841,0.26225,0.17815
6144,1,3,0.90819,0.70712,0.12839,0.0642
6144,2,3,0.371,0.63081,0.09084,0.09327
6145,0,3,0.63505,0.78404,0.04239,0.02907
6145,1,3,0.5757,0.76163,0.04724,0.05208
6145,2,3,0.69864,0.72226,0.0751,0.03876
6145,3,0,0.86337,0.80099,0.19864,0.13324
6145,4,1,0.69562,0.96148,0.42515,0.04724
6145,5,1,0.2523,0.953,0.45422,0.07631
6145,6,0,0.1548,0.79433,0.07267,0.10538
6145,7,3,0.50908,0.6835,0.0642,0.03876
6145,8,3,0.672,0.65928,0.10901,0.06783
6146,0,0,0.36538,0.32334,0.13036,0.19128
6146,1,1,0.40132,0.14181,0.21442,0.18153
6146,2,0,0.59503,0.21918,0.19493,0.09503
6147,0,0,0.74225,0.79978,0.40455,0.32703
6147,1,2,0.22868,0.15782,0.41667,0.23983
6147,2,3,0.1233,0.07122,0.12839,0.05208
6147,3,3,0.71197,0.21657,0.20591,0.1296
6147,4,2,0.53573,0.05184,0.25073,0.07631
6147,5,0,0.37221,0.43459,0.17078,0.11507
6147,6,1,0.45094,0.5327,0.27495,0.05208
6147,7,0,0.42914,0.65988,0.22166,0.19743
6147,8,1,0.3056,0.79797,0.38154,0.12234
6149,0,3,0.40071,0.11014,0.25219,0.06944
6149,1,1,0.62792,0.2277,0.26316,0.02924
6149,2,0,0.62061,0.154,0.09747,0.14498
6149,3,0,0.79188,0.03527,0.10581,0.07054
6149,4,0,0.82651,0.37817,0.17544,0.2595
6150,0,3,0.64717,0.92757,0.19259,0.12476
6150,1,2,0.69501,0.49152,0.33672,0.70373
6150,2,3,0.69319,0.09363,0.12234,0.07752
6150,3,0,0.19901,0.38857,0.15141,0.16109
6150,4,2,0.11119,0.56298,0.12839,0.12476
6150,5,2,0.40673,0.24685,0.20349,0.27495
6150,6,0,0.25048,0.81856,0.08721,0.12476
6150,7,0,0.34981,0.86761,0.0969,0.23256
6150,8,0,0.35041,0.64959,0.05693,0.17926
6150,9,3,0.1548,0.94816,0.17926,0.07146
6150,10,2,0.96387,0.66798,0.07018,0.24995
6150,11,2,0.88817,0.15996,0.22158,0.2659
6150,12,2,0.44792,0.06153,0.10901,0.04482
6150,13,2,0.07304,0.39583,0.09327,0.14898
6150,14,2,0.23716,0.22444,0.1187,0.13324
6150,15,2,0.41097,0.71197,0.25315,0.52689
6150,16,0,0.07001,0.72892,0.07025,0.05693
6150,17,2,0.23474,0.61022,0.09205,0.21197
6150,18,2,0.93843,0.41384,0.12105,0.12928
6150,19,3,0.55814,0.01914,0.03876,0.02786
6150,20,2,0.70652,0.02822,0.08115,0.04845
6151,0,1,0.52422,0.62839,0.87936,0.19743
6151,1,2,0.52968,0.20991,0.23619,0.25678
6151,2,2,0.18629,0.20567,0.32703,0.28464
6151,3,3,0.42793,0.04518,0.07146,0.06541
6151,4,2,0.53876,0.03549,0.13808,0.06783
6151,5,0,0.90694,0.4327,0.18404,0.18638
6151,6,1,0.75981,0.36737,0.17078,0.05572
6151,7,1,0.41037,0.371,0.76793,0.07752
6152,0,1,0.15661,0.92757,0.17563,0.10296
6152,1,0,0.52483,0.71197,0.57534,0.13687
6152,2,1,0.89426,0.77313,0.11022,0.1405
6152,3,0,0.97965,0.59145,0.03391,0.06056
6152,4,3,0.47335,0.56662,0.04603,0.03997
6152,5,3,0.50303,0.61022,0.11265,0.03028
6153,0,3,0.57267,0.69138,0.12355,0.21439
6153,1,3,0.8343,0.85913,0.22287,0.26647
6153,2,3,0.26744,0.72892,0.49661,0.49055
6153,3,3,0.40613,0.28924,0.17321,0.36458
6153,4,3,0.13723,0.27653,0.22166,0.34157
6153,5,1,0.45276,0.05305,0.64438,0.06177
6153,6,0,0.62355,0.91969,0.08236,0.10901
6154,0,3,0.9664,0.14642,0.06535,0.07866
6154,1,3,0.91301,0.04435,0.13158,0.07919
6155,0,2,0.49035,0.82407,0.32022,0.18133
6158,0,3,0.1358,0.40741,0.16821,0.0625
6159,0,2,0.79591,0.33873,0.39738,0.61651
6159,1,2,0.05748,0.89352,0.10108,0.20139
6159,2,2,0.27623,0.34028,0.27315,0.66435
6160,0,0,0.30633,0.76119,0.26698,0.46451
6160,1,1,0.63773,0.8966,0.46836,0.04707
6160,2,1,0.64853,0.9456,0.46528,0.0679
6160,3,3,0.55517,0.61227,0.10725,0.03395
6162,0,2,0.91281,0.54167,0.13889,0.12269
6163,0,3,0.35455,0.22454,0.1304,0.10725
6163,1,3,0.89198,0.85648,0.21142,0.22917
6163,2,3,0.54205,0.0517,0.17515,0.04861
6163,3,2,0.57909,0.21759,0.26003,0.25849
6163,4,2,0.84144,0.5463,0.2446,0.47608
6163,5,0,0.54823,0.58063,0.12269,0.46914
6163,6,2,0.8966,0.23688,0.16049,0.11188
6163,7,0,0.5672,0.91415,0.09745,0.15961
6163,8,0,0.41263,0.12114,0.10753,0.15625
6164,0,0,0.30478,0.66204,0.18056,0.66744
6164,1,0,0.6061,0.41088,0.16744,0.15123
6164,2,0,0.52623,0.24614,0.18673,0.14429
6165,0,3,0.27585,0.3669,0.5409,0.31636
6165,1,3,0.29668,0.69676,0.24614,0.28164
6166,0,2,0.57677,0.39313,0.81713,0.75463
6167,0,0,0.09684,0.5081,0.15818,0.24846
6167,1,1,0.51389,0.18171,0.14043,0.03241
6167,2,1,0.77546,0.16242,0.10031,0.03549
6168,0,3,0.20293,0.49074,0.35802,0.16435
6168,1,3,0.37423,0.62269,0.2392,0.09336
6168,2,3,0.73688,0.73804,0.40432,0.1034
6168,3,3,0.34606,0.29784,0.15664,0.10262
6168,4,2,0.5841,0.2581,0.23611,0.20216
6168,5,3,0.32443,0.18078,0.14617,0.06384
6169,0,3,0.33297,0.72937,0.08621,0.03925
6170,0,2,0.76362,0.58736,0.45643,0.32328
6171,0,2,0.53111,0.56467,0.93569,0.76745
6171,1,1,0.40471,0.1659,0.80324,0.04861
6171,2,3,0.71505,0.05393,0.11761,0.05544
6172,0,3,0.62854,0.80249,0.20936,0.06081
6173,0,2,0.54209,0.44529,0.88215,0.88047
6174,0,2,0.51389,0.50154,0.94753,0.97299
6175,0,1,0.50965,0.77392,0.54861,0.1088
6175,1,1,0.92348,0.71028,0.15096,0.07403
6175,2,0,0.76144,0.68216,0.47504,0.29874
6175,3,0,0.19946,0.7419,0.39275,0.42438
6175,4,1,0.91079,0.95447,0.13945,0.08233
6176,0,3,0.54514,0.35417,0.08565,0.04244
6176,1,3,0.66551,0.3885,0.06404,0.04475
6176,2,3,0.83873,0.40394,0.0787,0.05401
6176,3,3,0.39622,0.15972,0.14275,0.04244
6177,0,2,0.52623,0.424,0.68519,0.62191
6178,0,3,0.50066,0.71919,0.99515,0.55953
6178,1,2,0.53612,0.2211,0.91566,0.40659
6179,0,0,0.93403,0.56366,0.0733,0.76543
6179,1,3,0.86753,0.10421,0.26285,0.14729
6179,2,0,0.51273,0.89853,0.13349,0.20062
6180,0,0,0.78343,0.82026,0.43106,0.345
6181,0,0,0.1659,0.72106,0.29938,0.3534
6181,1,1,0.41127,0.61728,0.35494,0.04861
6183,0,2,0.49614,0.5054,0.94599,0.96528
6184,0,1,0.24653,0.6304,0.18904,0.01929
6184,1,0,0.51505,0.66319,0.21065,0.25
6184,2,0,0.6902,0.89892,0.1412,0.19367
6184,3,1,0.11139,0.86675,0.22278,0.23618
6185,0,2,0.3588,0.51813,0.19753,0.21451
6187,0,0,0.40497,0.78285,0.16333,0.43221
6188,0,2,0.43611,0.76324,0.37562,0.2948
6189,0,2,0.60802,0.31752,0.13735,0.10957
6189,1,0,0.155,0.33758,0.2282,0.27469
6189,2,0,0.42019,0.25638,0.06888,0.15121
6190,0,3,0.09992,0.35532,0.1767,0.06019
6190,1,3,0.34491,0.18789,0.22994,0.11574
6190,2,0,0.48656,0.21186,0.03024,0.06888
6190,3,1,0.11442,0.70161,0.20665,0.04704
6191,0,0,0.49923,0.52546,0.18364,0.89583
6191,1,0,0.75347,0.28974,0.32485,0.33333
6191,2,2,0.79738,0.73942,0.35282,0.47547
6193,0,2,0.48727,0.56096,0.93133,0.6983
6194,0,2,0.64468,0.55208,0.59799,0.81019
6194,1,3,0.95936,0.21356,0.07921,0.22419
6195,0,3,0.20255,0.23495,0.10108,0.06481
6196,0,0,0.16782,0.39043,0.29552,0.56713
6197,0,1,0.91245,0.9693,0.17302,0.05823
6198,0,0,0.62392,0.81789,0.19089,0.35483
6199,0,3,0.41127,0.25193,0.28858,0.20679
6199,1,3,0.81121,0.55045,0.3755,0.85321
6199,2,2,0.27319,0.67809,0.51411,0.60484
6200,0,3,0.52348,0.19212,0.32251,0.18704
6200,1,2,0.50986,0.64624,0.97716,0.26922
6201,0,2,0.49074,0.53627,0.91512,0.90664
6203,0,3,0.78395,0.44252,0.2284,0.08642
6204,0,2,0.41358,0.48187,0.38117,0.25
6204,1,2,0.25039,0.81211,0.26003,0.28549
6204,2,2,0.72955,0.16474,0.3804,0.19753
6204,3,0,0.72681,0.73942,0.35282,0.3545
6205,0,0,0.66229,0.16966,0.31077,0.23788
6206,0,2,0.51968,0.41049,0.95448,0.75231
6207,0,2,0.51235,0.44753,0.30247,0.88194
6207,1,3,0.82137,0.09144,0.27701,0.12191
6207,2,3,0.92502,0.59657,0.14788,0.33589
6207,3,2,0.79205,0.28974,0.21065,0.21914
6209,0,2,0.46498,0.8429,0.45336,0.29249
6210,0,3,0.9065,0.45608,0.18492,0.24472
6210,1,2,0.74074,0.16512,0.33796,0.32022
6210,2,0,0.29552,0.47608,0.27006,0.52238
6210,3,0,0.16049,0.36111,0.2608,0.50849
6210,4,0,0.674,0.68789,0.25386,0.61265
6210,5,0,0.90911,0.80074,0.17305,0.3797
6211,0,2,0.87679,0.4593,0.24433,0.32832
6212,0,2,0.43188,0.84252,0.57189,0.30557
6213,0,0,0.13696,0.30324,0.25694,0.41744
6214,0,0,0.68364,0.76775,0.61574,0.4483
6214,1,1,0.75449,0.66072,0.48893,0.09291
6214,2,1,0.93081,0.91184,0.1363,0.09375
6215,0,2,0.35031,0.49923,0.65278,0.98071
6216,0,2,0.54823,0.48225,0.65509,0.91281
6217,0,2,0.54037,0.48977,0.91717,0.95253
6218,0,0,0.4348,0.75733,0.14738,0.46605
6218,1,1,0.72106,0.69985,0.51466,0.03318
6219,0,3,0.07292,0.22625,0.14583,0.09679
6220,0,0,0.55401,0.73997,0.44444,0.5054
6220,1,0,0.75463,0.6142,0.46914,0.1875
6220,2,1,0.95897,0.68226,0.07998,0.03903
6221,0,0,0.2527,0.58835,0.17207,0.41204
6221,1,1,0.125,0.57964,0.25,0.05357
6222,0,2,0.5273,0.12693,0.25714,0.24383
6223,0,0,0.78459,0.7572,0.42874,0.31147
6223,1,1,0.49267,0.90046,0.93287,0.10571
6223,2,3,0.83218,0.66705,0.04861,0.05247
6224,0,0,0.46065,0.74769,0.25309,0.45139
6224,1,0,0.78536,0.65806,0.4272,0.19653
6225,0,2,0.83136,0.88331,0.32558,0.21475
6226,0,3,0.25849,0.42207,0.30556,0.17515
6226,1,2,0.53742,0.60918,0.23997,0.50154
6227,0,2,0.6686,0.41011,0.65201,0.81019
6228,0,2,0.6947,0.49077,0.60853,0.94991
6228,1,3,0.95357,0.3832,0.09078,0.06501
6229,0,2,0.10455,0.69142,0.2091,0.37127
6229,1,2,0.44876,0.76966,0.27386,0.44187
6229,2,0,0.68649,0.09509,0.14785,0.0672
6230,0,3,0.78086,0.10185,0.21914,0.04244
6231,0,3,0.45216,0.36806,0.25926,0.34336
6231,1,2,0.63272,0.10571,0.2963,0.12423
6232,0,0,0.70602,0.73804,0.5787,0.37346
6232,1,0,0.12924,0.66937,0.23688,0.31636
6232,2,3,0.49961,0.53781,0.0517,0.03009
6232,3,3,0.97363,0.67437,0.05066,0.03784
6233,0,3,0.6347,0.92911,0.14778,0.06773
6233,1,3,0.31604,0.94335,0.2694,0.06696
6233,2,3,0.61661,0.71244,0.13624,0.06696
6233,3,3,0.82943,0.70705,0.10622,0.04233
6233,4,3,0.36761,0.74361,0.08313,0.03387
6233,5,3,0.5077,0.66703,0.11238,0.05003
6233,6,3,0.749,0.58929,0.11315,0.06081
6233,7,3,0.57043,0.60737,0.03156,0.02155
6233,8,3,0.88755,0.77748,0.08236,0.07851
6233,9,3,0.58228,0.5507,0.09142,0.04488
6235,0,0,0.66498,0.13805,0.06061,0.26263
6237,0,2,0.47994,0.50926,0.90278,0.95448
6238,0,2,0.17284,0.14545,0.34568,0.18674
6238,1,2,0.73727,0.45409,0.39583,0.1713
6240,0,0,0.70164,0.7386,0.59464,0.41625
6241,0,2,0.60353,0.881,0.44566,0.22706
6242,0,3,0.34529,0.25154,0.25077,0.09182
6244,0,2,0.24884,0.21335,0.36497,0.34568
6244,1,2,0.50231,0.5679,0.28086,0.1767
6244,2,0,0.57224,0.30847,0.19489,0.30242
6244,3,1,0.87297,0.4059,0.25198,0.06381
6244,4,0,0.17574,0.73017,0.28898,0.46035
6246,0,3,0.9663,0.29249,0.06532,0.07474
6246,1,2,0.63503,0.19174,0.40741,0.18673
6246,2,2,0.64352,0.69097,0.53241,0.59722
6246,3,3,0.15759,0.74809,0.31519,0.48274
6246,4,3,0.21354,0.32359,0.38138,0.28562
6246,5,0,0.94187,0.17154,0.05376,0.12937
6248,0,2,0.75347,0.77122,0.48688,0.41975
6248,1,2,0.59182,0.21065,0.70988,0.38657
6248,2,2,0.23032,0.72819,0.46065,0.53358
6249,0,1,0.6284,0.06339,0.74136,0.10085
6250,0,3,0.71065,0.30594,0.51235,0.19907
6250,1,2,0.59761,0.10301,0.44367,0.19599
6250,2,3,0.76427,0.76968,0.29552,0.19753
6250,3,3,0.62616,0.46451,0.17515,0.09954
6251,0,0,0.14313,0.3152,0.28472,0.44753
6252,0,0,0.19136,0.77431,0.32562,0.44753
6252,1,1,0.50772,0.93171,0.82716,0.06944
6252,2,1,0.06404,0.87112,0.12809,0.03786
6253,0,3,0.2515,0.17753,0.10472,0.07314
6254,0,0,0.87216,0.72167,0.25359,0.1617
6254,1,0,0.3642,0.52469,0.09722,0.04707
6254,2,1,0.50586,0.84873,0.98619,0.12286
6255,0,0,0.70206,0.82561,0.26096,0.34565
6255,1,1,0.60057,0.79671,0.09807,0.03823
6256,0,0,0.26775,0.70563,0.1142,0.29167
6257,0,0,0.16474,0.77083,0.20756,0.45293
6257,1,3,0.13966,0.68866,0.13735,0.23302
6257,2,1,0.55581,0.9099,0.8863,0.14002
6258,0,0,0.58748,0.57405,0.48496,0.45427
6259,0,2,0.67896,0.74323,0.63347,0.50877
6260,0,2,0.49614,0.10185,0.42438,0.19059
6260,1,0,0.73495,0.3777,0.29552,0.32716
6260,2,0,0.84821,0.78208,0.22574,0.43376
6261,0,2,0.28025,0.93142,0.16703,0.12315
6262,0,3,0.22637,0.35029,0.12084,0.05234
6262,1,2,0.39878,0.50693,0.27325,0.23322
6262,2,3,0.19166,0.07862,0.1014,0.05485
6263,0,0,0.65471,0.80942,0.25862,0.37331
6264,0,1,0.13491,0.49239,0.26983,0.03855
6265,0,1,0.50295,0.82034,0.99201,0.13323
6265,1,0,0.49923,0.75039,0.26543,0.45062
6266,0,0,0.47299,0.84259,0.1142,0.26312
6266,1,1,0.50039,0.95139,0.9838,0.09491
6269,0,1,0.57091,0.50069,0.85633,0.19692
6269,1,2,0.65085,0.20679,0.69059,0.38503
6270,0,3,0.35027,0.06424,0.52307,0.12847
6270,1,1,0.81358,0.06637,0.37099,0.0656
6272,0,2,0.38002,0.26659,0.51466,0.43364
6272,1,3,0.76505,0.02508,0.07485,0.03395
6272,2,3,0.88735,0.47878,0.1034,0.06327
6272,3,2,0.77122,0.32523,0.15509,0.15432
6273,0,3,0.49423,0.76285,0.08236,0.05234
6273,1,3,0.37866,0.68368,0.11303,0.07148
6274,0,0,0.50579,0.75077,0.20756,0.32176
6275,0,0,0.60957,0.78241,0.28549,0.42207
6275,1,1,0.5252,0.85282,0.3125,0.07056
6275,2,1,0.05595,0.89573,0.1119,0.03541
6276,0,2,0.78501,0.84033,0.42685,0.3161
6277,0,0,0.86326,0.25519,0.27071,0.168
6278,0,1,0.47685,0.86227,0.5706,0.05093
6278,1,0,0.94857,0.84489,0.09973,0.08094
6279,0,2,0.51852,0.54282,0.95679,0.91049
6280,0,3,0.44381,0.7236,0.1678,0.19243
6280,1,3,0.56196,0.54849,0.07928,0.0331
6281,0,3,0.1983,0.28665,0.3534,0.37963
6282,0,0,0.46451,0.65008,0.21759,0.58951
6282,1,0,0.44406,0.22415,0.20448,0.21451
6282,2,0,0.79861,0.65278,0.13117,0.62886
6282,3,1,0.54116,0.03293,0.15961,0.02688
6282,4,1,0.67473,0.26478,0.22513,0.0336
6282,5,0,0.63777,0.05225,0.04032,0.04872
6283,0,0,0.7064,0.79475,0.48688,0.40818
6283,1,0,0.92463,0.64941,0.14865,0.0681
6283,2,0,0.68866,0.59221,0.11806,0.04938
6284,0,3,0.8669,0.66242,0.13966,0.06944
6284,1,3,0.78704,0.59414,0.03858,0.03318
6284,2,3,0.68866,0.59915,0.06404,0.04012
6284,3,3,0.8777,0.60687,0.03935,0.02623
6284,4,3,0.98559,0.63315,0.02674,0.02478
6285,0,0,0.2635,0.69252,0.19213,0.59877
6285,1,0,0.35378,0.28511,0.06404,0.07099
6287,0,3,0.95434,0.51766,0.08924,0.14566
6287,1,2,0.47261,0.43981,0.60262,0.55787
6287,2,0,0.87214,0.30511,0.17641,0.25874
6287,3,0,0.93765,0.12915,0.12261,0.24956
6287,4,0,0.65961,0.09173,0.25874,0.12433
6288,0,1,0.15642,0.26563,0.13273,0.03192
6288,1,1,0.34459,0.31939,0.17977,0.042
6289,0,2,0.44715,0.2635,0.26003,0.52623
6289,1,0,0.15474,0.26647,0.04872,0.08737
6290,0,3,0.46065,0.68403,0.11111,0.03241
6290,1,0,0.57215,0.78009,0.28472,0.41744
6290,2,0,0.8521,0.79098,0.29371,0.21853
6290,3,0,0.70023,0.63696,0.2446,0.12346
6291,0,2,0.43056,0.69097,0.59414,0.2716
6291,1,2,0.27276,0.3885,0.15046,0.08333
6291,2,2,0.83951,0.35918,0.10031,0.06636
6291,3,0,0.04301,0.41599,0.07392,0.13105
6292,0,0,0.77841,0.68315,0.44109,0.22665
6292,1,0,0.80928,0.57605,0.37936,0.09114
6292,2,3,0.49412,0.56468,0.042,0.03528
6293,0,2,0.47845,0.63162,0.58498,0.35791
6295,0,3,0.2527,0.87384,0.04244,0.03704
6296,0,3,0.25309,0.09182,0.24228,0.03781
6297,0,3,0.63816,0.65163,0.1778,0.10545
6298,0,3,0.31636,0.13889,0.08025,0.03935
6299,0,3,0.50116,0.51543,0.99306,0.96065
6300,0,3,0.1686,0.70795,0.28627,0.32407
6301,0,0,0.3018,0.82405,0.27478,0.34252
6302,0,0,0.77546,0.03858,0.10494,0.0733
6302,1,3,0.91905,0.03597,0.16064,0.05228
6303,0,2,0.73053,0.86869,0.51339,0.25169
6304,0,1,0.50179,0.90109,0.99433,0.16251
6304,1,0,0.68596,0.73881,0.07407,0.10031
6304,2,0,0.7392,0.90201,0.07562,0.18904
6306,0,3,0.20177,0.6875,0.30787,0.20139
6306,1,0,0.63966,0.31559,0.07716,0.61651
6306,2,2,0.87294,0.32915,0.25204,0.34272
6306,3,2,0.92425,0.63231,0.14942,0.18977
6306,4,1,0.4483,0.60725,0.39198,0.1196
6306,5,1,0.2963,0.45023,0.26698,0.07407
6306,6,0,0.44059,0.18596,0.1821,0.21528
6306,7,0,0.8167,0.06989,0.17641,0.12097
6306,8,0,0.71169,0.81838,0.10081,0.35114
6306,9,1,0.49244,0.84946,0.25034,0.09745
6308,0,3,0.35029,0.70744,0.13624,0.07543
6308,1,3,0.68204,0.55927,0.09621,0.05311
6308,2,3,0.73399,0.80249,0.04156,0.03925
6308,3,2,0.3172,0.84367,0.1347,0.15548
6308,4,2,0.76632,0.66318,0.17241,0.09621
6309,0,2,0.59375,0.49113,0.79861,0.96451
6309,1,0,0.10181,0.36307,0.14449,0.26714
6311,0,3,0.60417,0.84896,0.08912,0.06134
6311,1,3,0.83592,0.8136,0.1892,0.08091
6312,0,2,0.22868,0.8252,0.21321,0.16933
6313,0,0,0.38387,0.50579,0.45602,0.96451
6313,1,0,0.701,0.83333,0.1196,0.30787
6313,2,2,0.89145,0.79563,0.21501,0.36827
6314,0,0,0.6821,0.64043,0.32562,0.67978
6314,1,2,0.28819,0.68364,0.28164,0.61188
6314,2,2,0.92978,0.45563,0.1358,0.56481
6314,3,2,0.7284,0.13117,0.4537,0.21991
6315,0,3,0.63194,0.56289,0.17747,0.0463
6316,0,3,0.7064,0.23148,0.09645,0.09954
6316,1,0,0.6713,0.09684,0.12037,0.1034
6316,2,0,0.86535,0.20949,0.13349,0.18519
6316,3,0,0.92207,0.54282,0.11111,0.16975
6316,4,3,0.91383,0.83514,0.17025,0.26209
6316,5,0,0.27971,0.63966,0.16744,0.29552
6316,6,0,0.875,0.38773,0.10957,0.10802
6316,7,0,0.77508,0.37731,0.07485,0.13966
6316,8,0,0.61257,0.69489,0.08401,0.20161
6316,9,0,0.39163,0.18582,0.10921,0.11761
6316,10,0,0.28999,0.39247,0.13105,0.11425
6316,11,0,0.27907,0.92339,0.12601,0.13777
6317,0,1,0.49846,0.8594,0.99691,0.14395
6317,1,0,0.87525,0.85699,0.24742,0.26259
6317,2,0,0.14429,0.70255,0.28086,0.24383
6317,3,0,0.67207,0.67747,0.32253,0.27855
6318,0,0,0.63889,0.13735,0.10648,0.15818
6318,1,0,0.84722,0.10571,0.17747,0.14275
6318,2,0,0.59722,0.02546,0.0571,0.0409
6318,3,1,0.88233,0.34799,0.20602,0.05941
6318,4,1,0.18866,0.71914,0.26929,0.06096
6318,5,1,0.23843,0.90085,0.46142,0.05247
6318,6,0,0.46258,0.71489,0.18904,0.54012
6318,7,0,0.69483,0.53164,0.1196,0.22917
6318,8,1,0.86265,0.66551,0.26543,0.04012
6318,9,0,0.81674,0.8561,0.18441,0.28241
6318,10,0,0.46556,0.10517,0.07897,0.15793
6318,11,0,0.64785,0.29671,0.07728,0.12769
6318,12,0,0.23286,0.36559,0.33938,0.6082
6319,0,3,0.3152,0.59336,0.52701,0.59336
6319,1,2,0.69367,0.13966,0.31636,0.12577
6319,2,2,0.80941,0.44329,0.3179,0.3858
6319,3,2,0.46335,0.77392,0.30941,0.30478
6320,0,2,0.54437,0.1331,0.16127,0.20679
6322,0,2,0.64043,0.06289,0.39043,0.09568
6323,0,3,0.51732,0.66164,0.18858,0.14855
6324,0,0,0.79514,0.21875,0.27546,0.41821
6324,1,0,0.38735,0.77585,0.17438,0.39969
6324,2,0,0.91581,0.63102,0.1663,0.27212
6324,3,0,0.87214,0.82258,0.09577,0.16129
6325,0,3,0.40818,0.63117,0.7716,0.67207
6325,1,3,0.77623,0.09452,0.28549,0.09722
6326,0,3,0.97859,0.85821,0.03969,0.03062
6327,0,0,0.18827,0.76273,0.28549,0.44599
6327,1,0,0.77816,0.69792,0.42361,0.24537
6328,0,2,0.73264,0.30517,0.52238,0.49537
6328,1,2,0.70718,0.7635,0.4159,0.40586
6328,2,2,0.36343,0.34066,0.21605,0.2608
6330,0,2,0.5081,0.549,0.95448,0.88889
6331,0,2,0.53395,0.54784,0.91821,0.87886
6332,0,1,0.44676,0.87384,0.25926,0.11883
6333,0,3,0.35801,0.64348,0.15005,0.08326
6333,1,2,0.41938,0.81167,0.73305,0.2244
6334,0,1,0.10976,0.73591,0.19397,0.02771
6334,1,0,0.66318,0.66895,0.22475,0.20936
6335,0,3,0.25772,0.48573,0.50926,0.92901
6335,1,3,0.4946,0.15162,0.09105,0.0571
6335,2,3,0.61265,0.15509,0.13426,0.05324
6335,3,3,0.61381,0.29437,0.13966,0.07716
6335,4,2,0.8885,0.46181,0.21991,0.2392
6337,0,0,0.26659,0.81057,0.09336,0.37346
6339,0,3,0.73843,0.44444,0.14198,0.1412
6339,1,3,0.8098,0.29167,0.10725,0.09799
6339,2,3,0.94971,0.10819,0.0985,0.04895
6339,3,3,0.85982,0.54368,0.27828,0.47085
6340,0,3,0.92356,0.76773,0.14976,0.11597
6341,0,3,0.53194,0.7236,0.09313,0.0431
6342,0,0,0.14892,0.39545,0.27623,0.25154
6345,0,2,0.25023,0.52502,0.10545,0.13239
6345,1,2,0.46075,0.33682,0.14163,0.08082
6346,0,0,0.73071,0.30247,0.16204,0.31559
6346,1,0,0.23495,0.10571,0.08565,0.09182
6347,0,2,0.4946,0.50231,0.96605,0.97917
6349,0,0,0.80336,0.87151,0.21443,0.14794
6350,0,2,0.49074,0.56674,0.24074,0.83796
6350,1,2,0.42091,0.05826,0.0625,0.11574
6350,2,0,0.79784,0.23727,0.3642,0.44136
6350,3,2,0.94894,0.59047,0.10004,0.24036
6350,4,1,0.29503,0.1455,0.08401,0.06384
6352,0,3,0.55093,0.14236,0.18673,0.07716
6354,0,0,0.29552,0.66512,0.29012,0.65972
6354,1,0,0.78897,0.82562,0.09491,0.34491
6354,2,0,0.6713,0.2419,0.16049,0.3966
6354,3,3,0.80787,0.3966,0.25309,0.13657
6354,4,3,0.89506,0.70833,0.16358,0.14429
6354,5,0,0.49496,0.06653,0.0672,0.09409
6355,0,1,0.27826,0.90614,0.45381,0.14131
6356,0,0,0.22356,0.49199,0.26099,0.087
6357,0,3,0.71749,0.20467,0.24611,0.07326
6357,1,3,0.91288,0.20364,0.17215,0.11927
6358,0,2,0.46685,0.24794,0.21605,0.41952
6358,1,3,0.44627,0.0759,0.20233,0.09602
6358,2,3,0.7332,0.02846,0.12689,0.0423
6359,0,0,0.75813,0.61848,0.32509,0.75664
6359,1,3,0.84341,0.52347,0.29418,0.68338
6359,2,3,0.77473,0.13027,0.15224,0.16255
6360,0,2,0.68029,0.51202,0.59753,0.96497
6361,0,1,0.49713,0.60101,0.98714,0.08494
6362,0,3,0.02839,0.88633,0.05609,0.07212
6364,0,3,0.61275,0.1274,0.22665,0.14995
6364,1,3,0.42903,0.55208,0.20719,0.12935
6364,2,3,0.38095,0.19837,0.09272,0.07212
6364,3,3,0.4027,0.30941,0.16369,0.12706
6364,4,3,0.55266,0.2682,0.14538,0.08127
6364,5,3,0.5641,0.02209,0.07212,0.02862
6364,6,0,0.83218,0.20638,0.33355,0.38574
6364,7,0,0.63221,0.63908,0.17857,0.6353
6365,0,0,0.79819,0.43075,0.33654,0.24153
6367,0,2,0.17544,0.69589,0.33088,0.20795
6369,0,3,0.64938,0.33631,0.18544,0.13507
6369,1,3,0.8663,0.62134,0.25069,0.35256
6369,2,1,0.50057,0.25618,0.97299,0.09158
6369,3,3,0.13027,0.3323,0.2484,0.13622
6370,0,3,0.87095,0.23727,0.06944,0.09722
6370,1,3,0.91435,0.04167,0.06366,0.0463
6371,0,3,0.52518,0.12626,0.17514,0.07669
6371,1,3,0.22871,0.66598,0.43384,0.42353
6371,2,3,0.69574,0.29567,0.14538,0.15224
6372,0,3,0.6614,0.6511,0.34684,0.29991
6372,1,2,0.67457,0.15888,0.52427,0.30449
6372,2,2,0.78961,0.86573,0.38576,0.2484
6373,0,1,0.34339,0.46456,0.29378,0.12346
6374,0,1,0.41358,0.84856,0.82189,0.17743
6374,1,0,0.65511,0.75355,0.38004,0.48191
6374,2,0,0.16346,0.64251,0.3125,0.19803
6375,0,3,0.66312,0.91209,0.29075,0.16484
6375,1,3,0.25561,0.53205,0.20375,0.17857
6377,0,0,0.7384,0.78722,0.34007,0.40441
6380,0,2,0.65396,0.48798,0.59295,0.96268
6382,0,3,0.29052,0.24187,0.14995,0.07212
6382,1,0,0.31971,0.36435,0.10531,0.33539
6382,2,0,0.19322,0.80506,0.2255,0.38576
6382,3,0,0.33059,0.13713,0.07898,0.09844
6383,0,3,0.24437,0.46898,0.13787,0.08272
6383,1,3,0.7562,0.3989,0.46071,0.23438
6384,0,0,0.40785,0.14629,0.06639,0.13965
6384,1,0,0.28652,0.05815,0.07555,0.087
6385,0,3,0.83368,0.47367,0.16484,0.08929
6385,1,0,0.86401,0.11023,0.21635,0.20719
6385,2,3,0.34776,0.50057,0.60096,0.96268
6385,3,3,0.71978,0.24187,0.22092,0.12706
6385,4,3,0.78503,0.81937,0.40865,0.33196
6386,0,2,0.53949,0.5,0.89057,0.97299
6387,0,0,0.46967,0.76099,0.2152,0.43727
6388,0,3,0.27836,0.3235,0.12963,0.12384
6389,0,1,0.5897,0.56944,0.3588,0.68981
6389,1,0,0.74248,0.3015,0.30324,0.08218
6389,2,3,0.89292,0.53098,0.21292,0.34669
6390,0,3,0.64518,0.02446,0.14518,0.04572
6391,0,1,0.38496,0.65339,0.37088,0.05037
6391,1,2,0.26248,0.78732,0.10531,0.0435
6391,2,3,0.78388,0.82967,0.12706,0.09844
6393,0,0,0.41529,0.6511,0.20032,0.31136
6393,1,2,0.79476,0.36092,0.37775,0.33539
6394,0,3,0.61087,0.37764,0.09191,0.07238
6394,1,3,0.45749,0.36271,0.09995,0.06089
6394,2,3,0.79182,0.44485,0.0563,0.05974
6394,3,3,0.76999,0.48966,0.08847,0.04136
6394,4,3,0.44773,0.62063,0.21829,0.1034
6394,5,0,0.57008,0.50977,0.24242,0.21944
6394,6,3,0.78263,0.27367,0.08387,0.05285
6395,0,3,0.74691,0.07819,0.17947,0.05716
6395,1,1,0.34568,0.21594,0.17947,0.06973
6396,0,3,0.2145,0.90786,0.32169,0.13557
6396,1,3,0.41728,0.7114,0.34352,0.14936
6396,2,2,0.45117,0.84237,0.21369,0.108
6397,0,3,0.32167,0.49428,0.57042,0.41152
6397,1,1,0.76578,0.2348,0.43896,0.16918
6398,0,1,0.53377,0.70547,0.91804,0.1408
6398,1,0,0.54922,0.62305,0.23008,0.1614
6398,2,0,0.83539,0.8228,0.31708,0.1946
6399,0,0,0.58642,0.77587,0.20147,0.17857
6399,1,3,0.82395,0.65911,0.06067,0.04808
6399,2,3,0.67972,0.60016,0.04693,0.01259
6399,3,3,0.56983,0.59272,0.04006,0.02289
6399,4,0,0.43647,0.60359,0.11676,0.18429
6399,5,3,0.79819,0.96646,0.11447,0.04464
6400,0,3,0.69059,0.81708,0.45788,0.36172
6400,1,3,0.43361,0.24073,0.16827,0.10417
6400,2,0,0.2041,0.66255,0.35485,0.65247
6401,0,1,0.50572,0.58929,0.96268,0.09615
6403,0,3,0.35806,0.60531,0.28961,0.39606
6403,1,3,0.85943,0.81937,0.27587,0.20375
6403,2,3,0.678,0.85714,0.14194,0.26786
6403,3,3,0.63221,0.04098,0.26328,0.07784
6403,4,0,0.80334,0.12798,0.15224,0.20147
6403,5,3,0.87717,0.42445,0.23123,0.44185
6404,0,3,0.23748,0.83663,0.22978,0.09881
6404,1,3,0.22943,0.94807,0.39062,0.09651
6404,2,3,0.54825,0.90441,0.14361,0.08732
6405,0,1,0.26305,0.66712,0.4842,0.10531
6405,1,0,0.7215,0.83826,0.28388,0.30792
6405,2,1,0.95101,0.81422,0.09501,0.06754
6406,0,0,0.76328,0.20639,0.1179,0.11103
6407,0,1,0.81708,0.63107,0.34226,0.0538
6407,1,1,0.85027,0.94185,0.2919,0.11218
6407,2,0,0.88061,0.74611,0.22894,0.16484
6407,3,0,0.58929,0.591,0.0973,0.06754
6408,0,2,0.84341,0.7856,0.29418,0.40408
6408,1,3,0.46909,0.50172,0.89171,0.89629
6409,0,0,0.75391,0.68899,0.17348,0.09766
6410,0,0,0.90046,0.58507,0.17708,0.57523
6410,1,2,0.2581,0.55093,0.41088,0.60417
6412,0,2,0.86325,0.84657,0.27038,0.27264
6413,0,3,0.27826,0.83433,0.33203,0.16314
6414,0,2,0.33803,0.53148,0.61584,0.89629
6414,1,2,0.78846,0.52576,0.39721,0.9169
6415,0,3,0.4497,0.29938,0.44696,0.38066
6415,1,3,0.80235,0.17078,0.10745,0.08459
6415,2,3,0.88637,0.1805,0.2069,0.3075
6417,0,0,0.46108,0.78789,0.13393,0.36973
6418,0,2,0.63252,0.11516,0.11111,0.09838
6418,1,3,0.92882,0.04514,0.13194,0.0787
6419,0,2,0.45936,0.49714,0.89286,0.96726
6420,0,3,0.20982,0.37752,0.17399,0.06181
6420,1,3,0.10737,0.51774,0.17285,0.23695
6421,0,2,0.82112,0.27826,0.20221,0.1011
6422,0,2,0.53935,0.05556,0.17708,0.08796
6424,0,3,0.7292,0.80503,0.25046,0.14591
6424,1,0,0.52872,0.80273,0.09766,0.17808
6424,2,3,0.59708,0.50632,0.16314,0.12753
6424,3,0,0.38741,0.7832,0.12063,0.19416
6425,0,2,0.50057,0.62248,0.97527,0.73947
6425,1,3,0.86401,0.14572,0.25984,0.12935
6426,0,1,0.80963,0.84697,0.32399,0.05744
6427,0,1,0.84306,0.7265,0.3118,0.03175
6427,1,0,0.84913,0.82738,0.28045,0.15797
6427,2,1,0.68258,0.84913,0.34799,0.06639
6428,0,2,0.50515,0.50114,0.96154,0.98214
6429,0,2,0.4897,0.50458,0.93521,0.97299
6430,0,0,0.89809,0.73265,0.19301,0.26769
6431,0,2,0.58528,0.49141,0.74176,0.96039
6433,0,0,0.28194,0.13198,0.1076,0.12706
6433,1,0,0.17891,0.61218,0.34341,0.7326
6434,0,0,0.7654,0.74529,0.18497,0.14591
6435,0,3,0.37466,0.72035,0.26557,0.31708
6435,1,0,0.79991,0.45707,0.36287,0.66964
6435,2,0,0.38152,0.33745,0.19002,0.41896
6435,3,3,0.39794,0.95323,0.27092,0.09145
6435,4,0,0.10794,0.40385,0.1717,0.24496
6435,5,1,0.11424,0.77759,0.21177,0.05609
6436,0,3,0.856,0.02266,0.09272,0.03205
6436,1,2,0.51108,0.60868,0.95883,0.78055
6437,0,3,0.60475,0.12616,0.15972,0.12963
6437,1,0,0.92995,0.1215,0.13884,0.17587
6437,2,3,0.0735,0.0625,0.12731,0.04398
6438,0,3,0.87946,0.16003,0.22894,0.24038
6438,1,2,0.4628,0.15659,0.42582,0.27473
6438,2,2,0.83425,0.36836,0.22779,0.16484
6438,3,3,0.84283,0.50859,0.30678,0.16827
6438,4,0,0.41358,0.78732,0.36401,0.41667
6438,5,2,0.86573,0.79075,0.24496,0.39835
6439,0,0,0.61619,0.63679,0.10073,0.06983
6439,1,0,0.78846,0.67056,0.08814,0.04579
6439,2,0,0.94471,0.63393,0.09386,0.0435
6441,0,0,0.59478,0.82399,0.12868,0.34697
6442,0,1,0.27766,0.50972,0.24691,0.16347
6442,1,2,0.53429,0.04504,0.16118,0.08916
6443,0,1,0.9146,0.56238,0.16872,0.06524
6443,1,1,0.11653,0.52747,0.21406,0.07097
6444,0,1,0.43394,0.73782,0.86627,0.25965
6444,1,2,0.91762,0.79182,0.12408,0.08502
6445,0,3,0.81019,0.69329,0.10532,0.03935
6445,1,0,0.2338,0.62731,0.15394,0.18981
6445,2,0,0.10706,0.83507,0.1875,0.22338
6446,0,0,0.80214,0.81585,0.34348,0.36517
6447,0,3,0.52919,0.21039,0.27015,0.11218
6447,1,3,0.47367,0.34432,0.19574,0.1076
6447,2,3,0.07343,0.38588,0.14686,0.18385
6447,3,3,0.82624,0.22356,0.27129,0.14995
6447,4,0,0.27736,0.25389,0.14881,0.37088
6447,5,0,0.60817,0.08276,0.16026,0.10875
6447,6,3,0.77129,0.44219,0.10188,0.07212
6447,7,3,0.47882,0.4937,0.13049,0.05151
6447,8,3,0.92067,0.41529,0.13736,0.22207
6447,9,3,0.04957,0.81307,0.09158,0.09959
6453,0,2,0.54121,0.03354,0.10646,0.04464
6455,0,2,0.56434,0.88833,0.27229,0.2091
6456,0,2,0.34776,0.31513,0.16369,0.1614
6456,1,3,0.37237,0.19036,0.18086,0.06983
6457,0,0,0.72222,0.13484,0.19097,0.23495
6457,1,2,0.71817,0.39352,0.15509,0.14583
6458,0,0,0.63442,0.13637,0.19876,0.08157
6459,0,2,0.92525,0.56696,0.13736,0.12706
6459,1,2,0.89263,0.64709,0.21177,0.21177
6460,0,2,0.85886,0.83082,0.26557,0.26328
6461,0,0,0.93601,0.90039,0.11949,0.06778
6462,0,1,0.48455,0.13599,0.68223,0.06181
6462,1,1,0.60474,0.04899,0.77839,0.04808
6462,2,1,0.53262,0.37637,0.92949,0.35714
6462,3,1,0.51889,0.76671,0.95238,0.11676
6462,4,0,0.44734,0.84799,0.09272,0.25183
6462,5,0,0.49027,0.06445,0.06868,0.12706
6463,0,2,0.61733,0.50916,0.68681,0.95238
6464,0,2,0.5046,0.62408,0.08157,0.05285
6465,0,3,0.38839,0.01694,0.08471,0.02747
6466,0,3,0.09028,0.05093,0.17245,0.08565
6466,1,2,0.07755,0.14757,0.15394,0.06829
6467,0,3,0.2371,0.02083,0.15428,0.04167
6468,0,1,0.46566,0.27507,0.87569,0.1179
6468,1,0,0.81021,0.20124,0.36058,0.25183
6469,0,3,0.54401,0.07476,0.19433,0.08916
6469,1,3,0.21651,0.18679,0.31893,0.20805
6469,2,3,0.76406,0.13706,0.11774,0.09488
6469,3,3,0.26052,0.32282,0.44353,0.33608
6469,4,2,0.29995,0.57373,0.45382,0.49954
6469,5,2,0.91095,0.0599,0.1326,0.10517
6470,0,0,0.69284,0.18607,0.59114,0.33861
6471,0,3,0.20428,0.02951,0.09491,0.02199
6471,1,0,0.21123,0.12384,0.24074,0.23148
6472,0,2,0.32257,0.5807,0.5918,0.82532
6473,0,0,0.49886,0.74725,0.99245,0.21749
6474,0,0,0.55208,0.49771,0.28388,0.98901
6474,1,3,0.7793,0.60016,0.3995,0.50252
6474,2,3,0.55208,0.04556,0.29533,0.06181
6474,3,3,0.61905,0.13885,0.23008,0.17743
6474,4,0,0.81193,0.21955,0.31364,0.3663
6474,5,0,0.15087,0.35749,0.28274,0.68109
6475,0,1,0.63442,0.7631,0.13672,0.02757
6475,1,3,0.49901,0.98244,0.12261,0.03199
6476,0,1,0.33425,0.64175,0.65043,0.17833
6477,0,2,0.6034,0.80848,0.18727,0.1574
6477,1,2,0.90843,0.79412,0.12638,0.08732
6478,0,1,0.08906,0.41587,0.15682,0.06525
6479,0,3,0.58013,0.21326,0.17514,0.07898
6479,1,2,0.34776,0.41472,0.66735,0.60554
6480,0,0,0.84341,0.68258,0.28732,0.18201
6480,1,0,0.59787,0.55723,0.07097,0.04808
6482,0,1,0.43256,0.65032,0.15661,0.35551
6483,0,3,0.36035,0.61504,0.67651,0.72688
6483,1,0,0.95295,0.22451,0.09202,0.35332
6483,2,3,0.76957,0.03239,0.11676,0.04922
6483,3,0,0.24073,0.22699,0.15568,0.09043
6483,4,0,0.43418,0.18807,0.14652,0.10417
6484,0,2,0.18178,0.52576,0.20032,0.18887
6484,1,1,0.43017,0.41987,0.84135,0.06181
6485,0,3,0.77835,0.17535,0.21491,0.09602
6485,1,0,0.2971,0.3674,0.56927,0.32236
6485,2,3,0.89723,0.04561,0.15318,0.07888
6486,0,2,0.37132,0.68784,0.08847,0.0563
6487,0,2,0.91898,0.04225,0.13542,0.0544
6487,1,0,0.05035,0.05035,0.09259,0.08449
6488,0,0,0.2628,0.66175,0.50526,0.1086
6489,0,3,0.24702,0.60932,0.04006,0.02862
6489,1,0,0.15316,0.77988,0.29418,0.42468
6489,2,0,0.77587,0.69002,0.39034,0.21062
6490,0,3,0.73123,0.12111,0.13164,0.04121
6490,1,2,0.09249,0.87489,0.14538,0.15224
6491,0,3,0.28967,0.05647,0.14746,0.04801
6491,1,0,0.23994,0.11877,0.17375,0.09488
6491,2,0,0.16792,0.24108,0.25149,0.16575
6492,0,3,0.0599,0.43484,0.09031,0.07773
6492,1,3,0.30681,0.45142,0.37151,0.18404
6492,2,3,0.8898,0.26738,0.21376,0.09945
6492,3,0,0.75034,0.50514,0.08345,0.14746
6492,4,2,0.93158,0.16682,0.13499,0.06525
6492,5,1,0.64861,0.33996,0.15203,0.04115
6493,0,3,0.37592,0.80044,0.06778,0.08617
6493,1,0,0.46381,0.72289,0.06893,0.29642
6493,2,3,0.29779,0.90211,0.12753,0.08502
6494,0,0,0.25962,0.42502,0.24153,0.51625
6495,0,3,0.8619,0.87167,0.12293,0.11144
6495,1,3,0.74242,0.74874,0.03102,0.02872
6497,0,1,0.42284,0.41369,0.63557,0.13146
6498,0,0,0.72231,0.87454,0.53768,0.24586
6499,0,3,0.53549,0.15373,0.26671,0.12248
6499,1,3,0.77358,0.40213,0.2484,0.25755
6499,2,0,0.4256,0.60531,0.44528,0.70513
6499,3,3,0.09077,0.30311,0.17399,0.12134
6500,0,3,0.35532,0.13137,0.27662,0.08912
6500,1,0,0.72685,0.49942,0.29051,0.98727
6501,0,3,0.91781,0.19307,0.14632,0.16804
6502,0,3,0.86592,0.63385,0.18153,0.11604
6502,1,0,0.08008,0.6258,0.14706,0.22863
6502,2,3,0.78435,0.70106,0.4182,0.4182
6502,3,3,0.27884,0.78378,0.2045,0.08502
6504,0,3,0.89609,0.16792,0.17147,0.11088
6504,1,3,0.81779,0.27366,0.18176,0.11888
6504,2,3,0.68233,0.1685,0.09374,0.08459
6504,3,3,0.53429,0.10162,0.17261,0.09717
6504,4,3,0.54401,0.4217,0.21719,0.26177
6504,5,2,0.52743,0.74863,0.22062,0.3578
6505,0,2,0.69288,0.72321,0.48764,0.47161
6507,0,2,0.67399,0.59444,0.6147,0.78411
6508,0,2,0.62408,0.72231,0.23323,0.10455
6508,1,3,0.8889,0.67923,0.12408,0.08732
6509,0,1,0.32453,0.26395,0.18519,0.04687
6510,0,1,0.71234,0.33059,0.28388,0.05495
6511,0,3,0.32715,0.24073,0.11103,0.08814
6511,1,0,0.66255,0.29281,0.25755,0.2587
6512,0,2,0.72289,0.89694,0.38258,0.18267
6513,0,2,0.50401,0.53663,0.95009,0.90888
6514,0,0,0.44543,0.82686,0.15395,0.32284
6515,0,2,0.71978,0.23272,0.4636,0.44757
6516,0,2,0.29682,0.68487,0.43269,0.58265
6517,0,2,0.26992,0.6179,0.50252,0.70284
6517,1,0,0.80849,0.22699,0.11218,0.0973
6517,2,0,0.90236,0.32372,0.08471,0.06868
6518,0,2,0.91288,0.91827,0.17215,0.14515
6518,1,0,0.42445,0.56582,0.09272,0.11332
6518,2,0,0.55151,0.69345,0.13622,0.15797
6518,3,0,0.72894,0.81193,0.17514,0.13393
6518,4,0,0.8663,0.94414,0.18658,0.10531
6518,5,1,0.36836,0.70604,0.42239,0.03434
6518,6,1,0.73352,0.678,0.40179,0.05151
6519,0,1,0.76523,0.93664,0.45741,0.12465
6519,1,1,0.14457,0.87946,0.28846,0.08814
6519,2,0,0.25217,0.78903,0.10989,0.32395
6519,3,0,0.45994,0.54407,0.14309,0.07669
6519,4,0,0.591,0.60016,0.21291,0.05151
6519,5,0,0.75469,0.65625,0.24496,0.07898
6519,6,0,0.90865,0.72722,0.17972,0.0744
6520,0,3,0.68124,0.10432,0.63568,0.19173
6523,0,3,0.25579,0.32002,0.36458,0.17477
6523,1,3,0.13484,0.14525,0.18056,0.06829
6523,2,3,0.21181,0.02025,0.05208,0.03819
6523,3,0,0.74248,0.49074,0.26852,0.87269
6525,0,3,0.78617,0.2888,0.36287,0.05838
6525,1,1,0.29739,0.33516,0.31021,0.03205
6526,0,2,0.63155,0.72863,0.14017,0.06664
6527,0,1,0.76728,0.65625,0.22436,0.06525
6527,1,0,0.13828,0.79533,0.2484,0.40522
6528,0,0,0.25103,0.56582,0.05952,0.11561
6528,1,0,0.22642,0.69231,0.09959,0.11905
6528,2,0,0.18235,0.81994,0.14423,0.13393
6528,3,0,0.14057,0.94471,0.08814,0.10646
6528,4,0,0.49657,0.59501,0.08585,0.03892
6528,5,0,0.59787,0.6448,0.13278,0.05838
6528,6,0,0.70375,0.70318,0.1179,0.06296
6528,7,0,0.83082,0.77015,0.15224,0.08929
6528,8,0,0.94036,0.83849,0.1172,0.04282
6528,9,1,0.91438,0.97104,0.1614,0.05151
6529,0,0,0.2041,0.41701,0.39377,0.66277
6530,0,2,0.50572,0.52576,0.88484,0.92605
6531,0,3,0.88393,0.92717,0.22902,0.13512
6531,1,0,0.91418,0.75333,0.16314,0.12063
6531,2,3,0.77344,0.76769,0.11144,0.09191
6531,3,2,0.09386,0.90441,0.14936,0.09881
6532,0,3,0.72264,0.73981,0.09844,0.07669
6532,1,3,0.46394,0.17147,0.08471,0.05266
6533,0,2,0.69517,0.70776,0.45559,0.54602
6533,1,3,0.28978,0.72118,0.57956,0.54995
6533,2,2,0.81765,0.12225,0.33196,0.23352
6533,3,3,0.49828,0.25332,0.60897,0.25984
6534,0,3,0.71484,0.60283,0.17119,0.08617
6534,1,3,0.89407,0.73093,0.12293,0.12408
6534,2,0,0.18578,0.84984,0.08502,0.14821
6534,3,3,0.83203,0.54251,0.17119,0.09191
6534,4,3,0.35581,0.54596,0.1057,0.03676
6535,0,0,0.88194,0.27431,0.23032,0.2963
6537,0,3,0.51436,0.73035,0.14246,0.14591
6538,0,3,0.88805,0.69288,0.08585,0.04693
6540,0,0,0.87384,0.10648,0.12384,0.19213
6541,0,0,0.70145,0.205,0.16988,0.1079
6542,0,2,0.49542,0.50973,0.93979,0.9375
6544,0,0,0.70547,0.69689,0.57921,0.35943
6544,1,0,0.78331,0.70375,0.31822,0.18773
6545,0,3,0.05787,0.125,0.11458,0.23611
6546,0,1,0.43451,0.96473,0.4722,0.04021
6547,0,3,0.86351,0.47085,0.17261,0.14746
6548,0,1,0.08831,0.67881,0.17663,0.04169
6548,1,3,0.50973,0.16976,0.05952,0.05151
6549,0,3,0.27711,0.74989,0.22403,0.19876
6549,1,3,0.90633,0.82037,0.18421,0.14441
6549,2,3,0.61317,0.57468,0.06664,0.05515
6549,3,2,0.58215,0.47875,0.21599,0.16199
6549,4,2,0.84869,0.64476,0.22289,0.22518
6549,5,2,0.5833,0.7315,0.46875,0.24931
6549,6,2,0.27769,0.446,0.24127,0.19761
6550,0,3,0.11579,0.49406,0.23157,0.1873
6550,1,3,0.36951,0.11882,0.08814,0.03663
6552,0,3,0.90211,0.78435,0.16659,0.09076
6552,1,2,0.80848,0.85616,0.27344,0.27344
6553,0,2,0.50401,0.5475,0.95696,0.87569
6554,0,3,0.74611,0.8062,0.36745,0.35371
6554,1,3,0.48741,0.39183,0.3125,0.17056
6554,2,3,0.16575,0.11996,0.33082,0.22665
6554,3,3,0.21039,0.6614,0.41552,0.32967
6554,4,3,0.33745,0.94528,0.23695,0.10302
6554,5,0,0.65854,0.26819,0.19231,0.28045
6554,6,0,0.84341,0.54636,0.19116,0.14538
6555,0,2,0.35372,0.52383,0.625,0.89428
6555,1,0,0.83633,0.51773,0.05652,0.1086
6555,2,3,0.24512,0.22906,0.34131,0.24712
6555,3,0,0.61857,0.69504,0.082,0.16179
6555,4,3,0.55319,0.94437,0.07314,0.10417
6555,5,3,0.43739,0.04289,0.10971,0.07868
6555,6,4,0.86514,0.23293,0.06538,0.21055
6556,0,4,0.43794,0.84353,0.11968,0.14849
6557,0,3,0.52826,0.88121,0.19836,0.14184
6557,1,3,0.5072,0.77704,0.07203,0.04654
6558,0,3,0.48892,0.74213,0.15514,0.11414
6558,1,0,0.71,0.94603,0.06316,0.08976
6558,2,3,0.68451,0.67066,0.13187,0.02881
6559,0,0,0.6762,0.3975,0.36126,0.30918
6559,1,3,0.08056,0.29444,0.14074,0.10749
6560,0,2,0.45623,0.85683,0.30696,0.24601
6561,0,3,0.55541,0.57535,0.14628,0.07092
6562,0,0,0.7449,0.75765,0.3391,0.32469
6562,1,0,0.64628,0.53491,0.19504,0.07868
6562,2,1,0.92664,0.582,0.09973,0.06427
6563,0,3,0.16146,0.41855,0.26928,0.10749
6563,1,3,0.06671,0.59586,0.13076,0.12522
6563,2,3,0.33045,0.09054,0.10638,0.15403
6564,0,2,0.50055,0.59198,0.37566,0.69149
6564,1,2,0.66733,0.26175,0.36126,0.46321
6564,2,3,0.459,0.18528,0.082,0.05541
6565,0,1,0.1947,0.28723,0.30253,0.05541
6565,1,0,0.42575,0.20191,0.08644,0.11082
6566,0,0,0.83189,0.59142,0.09419,0.0543
6566,1,3,0.13542,0.56316,0.05984,0.05098
6567,0,3,0.89506,0.96044,0.14074,0.07425
6567,1,3,0.4191,0.58754,0.15957,0.10417
6567,2,3,0.80197,0.85572,0.08533,0.07314
6567,3,3,0.75709,0.59142,0.08865,0.0543
6567,4,3,0.93938,0.63797,0.0809,0.04765
6568,0,0,0.59696,0.45844,0.32691,0.80563
6568,1,0,0.83577,0.33433,0.25488,0.64827
6568,2,2,0.18085,0.43351,0.3258,0.63608
6568,3,3,0.30109,0.39583,0.23382,0.17952
6568,4,3,0.10162,0.55707,0.18728,0.21609
6569,0,0,0.15924,0.70667,0.10971,0.33799
6569,1,1,0.62799,0.51662,0.26707,0.11303
6570,0,3,0.26685,0.22111,0.35029,0.27666
6570,1,1,0.88989,0.4894,0.11044,0.06136
6570,2,1,0.31247,0.52369,0.62494,0.13557
6571,0,3,0.17199,0.32159,0.20168,0.10195
6571,1,1,0.59641,0.17088,0.30142,0.09309
6571,2,1,0.64351,0.33766,0.22939,0.06981
6572,0,3,0.14594,0.40858,0.06538,0.0543
6572,1,1,0.45623,0.22906,0.17398,0.07646
6573,0,2,0.74767,0.81804,0.18063,0.14849
6573,1,3,0.81416,0.65182,0.09198,0.05762
6574,0,2,0.43641,0.49331,0.20527,0.65149
6575,0,0,0.54156,0.57868,0.1629,0.70922
6575,1,3,0.74379,0.45124,0.38342,0.2992
6576,0,0,0.77538,0.7316,0.37788,0.27261
6576,1,3,0.89173,0.81305,0.09419,0.08754
6576,2,2,0.58034,0.90337,0.42221,0.18395
6576,3,0,0.15647,0.88952,0.05762,0.14295
6576,4,2,0.1127,0.792,0.17841,0.0676
6576,5,3,0.48005,0.73216,0.10195,0.06316
6577,0,3,0.30053,0.83355,0.07535,0.11303
6577,1,3,0.73659,0.8402,0.08976,0.07314
6577,2,1,0.86569,0.82801,0.17066,0.15736
6578,0,2,0.78313,0.70224,0.18506,0.54854
6578,1,0,0.44404,0.63963,0.14738,0.42332
6578,2,3,0.70556,0.24457,0.37123,0.3402
6578,3,1,0.91888,0.23072,0.13076,0.23271
6578,4,2,0.74989,0.34486,0.26928,0.10638
6579,0,4,0.15361,0.1129,0.17291,0.14279
6580,0,3,0.33987,0.49668,0.62611,0.63165
6580,1,2,0.22462,0.27726,0.41556,0.15957
6580,2,0,0.93661,0.43628,0.08644,0.63719
6581,0,2,0.33932,0.42409,0.49867,0.83001
6582,0,3,0.40581,0.53047,0.17509,0.10971
6582,1,2,0.59807,0.21742,0.51086,0.18395
6583,0,1,0.67398,0.91002,0.3125,0.07314
6583,1,0,0.29887,0.75986,0.20944,0.14738
6583,2,1,0.36813,0.63963,0.32137,0.05541
6583,3,3,0.7859,0.66401,0.09309,0.06649
6584,0,0,0.45512,0.91279,0.24934,0.11414
6585,0,3,0.18916,0.67786,0.30696,0.50199
6585,1,3,0.77859,0.47939,0.42244,0.95878
6585,2,2,0.81472,0.18473,0.30142,0.33134
6585,3,3,0.37699,0.08278,0.19282,0.07646
6586,0,2,0.86015,0.48947,0.26152,0.94082
6586,1,2,0.31261,0.70455,0.62522,0.56828
6587,0,4,0.88121,0.33211,0.13963,0.05873
6587,1,2,0.19526,0.87566,0.26817,0.23271
6588,0,2,0.41412,0.87844,0.29809,0.22717
6589,0,1,0.73936,0.91113,0.18617,0.12633
6590,0,3,0.3371,0.70778,0.10195,0.08754
6590,1,3,0.49113,0.76762,0.10417,0.08754
6590,2,2,0.66013,0.90281,0.42442,0.18506
6591,0,3,0.87068,0.95878,0.08311,0.05541
6591,1,3,0.42908,0.78812,0.09752,0.14184
6592,0,1,0.50776,0.74656,0.21277,0.04765
6592,1,4,0.66622,0.88508,0.22606,0.13187
6592,2,4,0.3432,0.60306,0.19171,0.07757
6593,0,2,0.55652,0.55375,0.74246,0.86104
6593,1,0,0.8125,0.46177,0.22163,0.5973
6593,2,0,0.68949,0.0717,0.10638,0.12744
6594,0,0,0.16645,0.86846,0.13076,0.15847
6594,1,3,0.85461,0.55042,0.14628,0.01884
6595,0,0,0.70833,0.93163,0.16844,0.09863
6595,1,3,0.34486,0.95268,0.10195,0.06095
6595,2,3,0.33211,0.8125,0.24712,0.11303
6596,0,0,0.74051,0.38951,0.31138,0.5558
6596,1,4,0.20257,0.04353,0.0904,0.0625
6596,2,0,0.42299,0.89509,0.10045,0.16071
6596,3,0,0.851,0.82924,0.17076,0.25446
6597,0,2,0.73216,0.5338,0.49313,0.8566
6597,1,3,0.64794,0.43019,0.2449,0.45656
6597,2,3,0.84796,0.83078,0.15736,0.15182
6597,3,3,0.21133,0.45734,0.15847,0.19171
6598,0,1,0.29056,0.39916,0.23936,0.09973
6599,0,3,0.88655,0.12182,0.08367,0.05801
6600,0,2,0.80696,0.52604,0.31028,0.64162
6600,1,2,0.28003,0.70667,0.26928,0.56627
6601,0,1,0.66899,0.48559,0.46432,0.15514
6601,1,3,0.05729,0.26507,0.09198,0.09752
6602,0,1,0.8945,0.91944,0.14628,0.05652
6602,1,4,0.62301,0.77538,0.21941,0.15182
6603,0,0,0.65847,0.7039,0.23936,0.17952
6603,1,3,0.8053,0.56095,0.18063,0.03103
6604,0,3,0.90448,0.60417,0.16622,0.41667
6604,1,3,0.15703,0.32768,0.26707,0.24047
6604,2,3,0.68728,0.40747,0.16622,0.20723
6604,3,0,0.62079,0.62633,0.16844,0.18839
6604,4,1,0.61414,0.13431,0.16179,0.15736
6604,5,1,0.84187,0.10882,0.25377,0.10638
6605,0,3,0.07779,0.8125,0.09752,0.11082
6605,1,3,0.25288,0.79255,0.18174,0.12633
6606,0,0,0.56805,0.3678,0.40384,0.20861
6607,0,4,0.45457,0.81582,0.05541,0.14406
6607,1,0,0.62356,0.82857,0.1363,0.16512
6608,0,3,0.61525,0.89229,0.12633,0.13076
6608,1,1,0.68451,0.73659,0.11857,0.04543
6608,2,0,0.47008,0.92442,0.05984,0.08644
6609,0,3,0.26119,0.19526,0.44437,0.16179
6610,0,0,0.56582,0.51283,0.26551,0.14837
6611,0,3,0.40636,0.80086,0.09198,0.15847
6611,1,3,0.72662,0.66789,0.12079,0.06981
6611,2,2,0.69504,0.84519,0.47207,0.26928
6611,3,2,0.57037,0.81416,0.27371,0.31139
6612,0,1,0.66345,0.60749,0.30253,0.11525
6612,1,0,0.71332,0.78036,0.16733,0.18174
6612,2,0,0.18307,0.28114,0.16622,0.31582
6613,0,3,0.72828,0.80197,0.1906,0.07425
6613,1,4,0.25233,0.77316,0.06316,0.11414
6614,0,0,0.09877,0.31138,0.10156,0.25893
6614,1,0,0.46094,0.18917,0.1317,0.31362
6615,0,3,0.24346,0.91611,0.12522,0.12079
6616,0,2,0.52826,0.77482,0.19614,0.2992
6616,1,2,0.8258,0.85738,0.11746,0.1363
6617,0,3,0.29111,0.16755,0.08533,0.05762
6618,0,1,0.70833,0.60084,0.10195,0.16622
6618,1,3,0.8801,0.05618,0.23715,0.10527
6618,2,3,0.92165,0.22961,0.13187,0.18395
6619,0,2,0.50166,0.72385,0.96299,0.49867
6620,0,0,0.86423,0.29139,0.20415,0.29228
6620,1,3,0.52956,0.03927,0.16176,0.04462
6621,0,3,0.26285,0.68672,0.08422,0.06095
6621,1,1,0.1066,0.67564,0.10638,0.03214
6621,2,1,0.78535,0.7377,0.21387,0.07425
6621,3,2,0.50609,0.74047,0.1762,0.26596
6621,4,3,0.96266,0.90226,0.04322,0.07535
6621,5,0,0.90946,0.61137,0.11636,0.0809
6622,0,1,0.11492,0.72828,0.18285,0.04211
6622,1,3,0.95656,0.28502,0.07092,0.04654
6623,0,0,0.64738,0.65902,0.10417,0.08754
6623,1,1,0.34763,0.81195,0.65935,0.07646
6623,2,3,0.72717,0.87345,0.08422,0.04211
6624,0,3,0.30441,0.59918,0.09641,0.07203
6624,1,4,0.61026,0.79366,0.24269,0.17509
6624,2,3,0.44071,0.63741,0.0543,0.04433
6624,3,4,0.80585,0.69171,0.11968,0.08865
6625,0,2,0.56261,0.06228,0.5441,0.11303
6625,1,2,0.70723,0.582,0.58067,0.76463
6625,2,3,0.57037,0.25953,0.15847,0.08865
6625,3,0,0.05341,0.37699,0.10417,0.13963
6626,0,2,0.28446,0.70279,0.46875,0.53413
6626,1,2,0.76042,0.55153,0.40337,0.79233
6627,0,3,0.38058,0.60212,0.16741,0.16629
6627,1,0,0.57087,0.32868,0.4721,0.10826
6627,2,0,0.77623,0.74275,0.44308,0.48103
6627,3,3,0.524,0.0731,0.89621,0.13504
6627,4,3,0.14676,0.40513,0.25781,0.23661
6628,0,0,0.55042,0.85073,0.10527,0.2316
6628,1,1,0.78369,0.71277,0.20833,0.06649
6629,0,4,0.23792,0.83799,0.06316,0.10638
6630,0,3,0.74823,0.75211,0.16401,0.14074
6630,1,2,0.49058,0.81361,0.18506,0.21277
6630,2,4,0.51662,0.7449,0.13963,0.06649
6630,3,0,0.86126,0.91999,0.1086,0.1219
6630,4,2,0.54543,0.97041,0.0953,0.04987
6631,0,2,0.60694,0.44293,0.53746,0.8832
6631,1,3,0.72329,0.8873,0.11857,0.10527
6632,0,1,0.42132,0.71,0.22606,0.04987
6632,1,0,0.29555,0.77648,0.06095,0.06316
6632,2,0,0.28668,0.9139,0.07203,0.13187
6632,3,1,0.29665,0.64295,0.07425,0.04211
6632,4,0,0.61857,0.874,0.09752,0.19614
6632,5,4,0.10882,0.81915,0.08422,0.14628
6633,0,2,0.36111,0.32597,0.39826,0.54663
6633,1,4,0.09784,0.5463,0.11044,0.09036
6633,2,1,0.77499,0.08389,0.3938,0.03793
6633,3,0,0.65339,0.39235,0.11044,0.27555
6634,0,3,0.6762,0.39805,0.06427,0.05541
6635,0,1,0.87304,0.29066,0.25184,0.04231
6636,0,3,0.5338,0.68229,0.11414,0.15182
6637,0,1,0.42188,0.88508,0.10749,0.05652
6638,0,3,0.80961,0.85149,0.37765,0.23535
6638,1,3,0.80308,0.26673,0.36902,0.1762
6638,2,2,0.40304,0.63132,0.43772,0.40448
6639,0,3,0.79751,0.28449,0.40313,0.50606
6639,1,3,0.31035,0.4788,0.49308,0.46185
6639,2,3,0.5145,0.12405,0.22311,0.19634
6640,0,0,0.76786,0.19866,0.12054,0.28795
6640,1,3,0.8923,0.63616,0.20424,0.33036
6641,0,2,0.24457,0.96986,0.1363,0.05098
6642,0,3,0.96143,0.94538,0.07401,0.05965
6643,0,2,0.9218,0.64468,0.15432,0.18519
6644,0,3,0.73427,0.24788,0.1651,0.09371
6644,1,0,0.16979,0.46486,0.21642,0.18853
6645,0,2,0.52846,0.41685,0.13728,0.33817
6645,1,0,0.60882,0.09152,0.07924,0.14509
6646,0,1,0.59309,0.78978,0.31693,0.0809
6646,1,0,0.35483,0.69836,0.08644,0.21055
6647,0,3,0.63945,0.2925,0.07586,0.0647
6647,1,2,0.87002,0.11904,0.25811,0.13054
6648,0,0,0.3709,0.77427,0.06981,0.29366
6649,0,3,0.35649,0.79034,0.0543,0.08865
6649,1,3,0.65237,0.70833,0.0809,0.05098
6649,2,3,0.77759,0.78036,0.14517,0.06871
6650,0,0,0.32374,0.64112,0.1004,0.28893
6650,1,0,0.59315,0.20158,0.14837,0.34917
6650,2,1,0.26238,0.40852,0.34583,0.13387
6651,0,1,0.76651,0.90281,0.27815,0.11857
6651,1,2,0.45623,0.95656,0.31582,0.07314
6651,2,1,0.26563,0.67066,0.19393,0.06427
6651,3,0,0.7654,0.66013,0.07425,0.11636
6651,4,0,0.87234,0.63187,0.19725,0.08644
6651,5,3,0.33987,0.55319,0.04987,0.03768
6651,6,3,0.15703,0.59142,0.06095,0.041
6652,0,0,0.87692,0.70142,0.24408,0.17899
6652,1,4,0.55762,0.69448,0.26152,0.20501
6652,2,3,0.08333,0.73825,0.04654,0.05319
6652,3,0,0.72717,0.5615,0.27482,0.12301
6653,0,3,0.34098,0.79588,0.66822,0.33466
6654,0,2,0.67343,0.31328,0.51751,0.5973
6654,1,0,0.874,0.80751,0.13409,0.24269
6654,2,1,0.4723,0.80474,0.43883,0.12633
6654,3,3,0.96502,0.21292,0.06789,0.05971
6655,0,4,0.12988,0.22185,0.10638,0.36569
6655,1,3,0.5205,0.46066,0.18728,0.13409
6655,2,3,0.79366,0.1199,0.28812,0.15071
6655,3,3,0.5482,0.12434,0.32691,0.08865
6655,4,0,0.50499,0.72163,0.18063,0.29699
6655,5,3,0.55596,0.26507,0.15625,0.09087
6655,6,1,0.82691,0.7244,0.13298,0.19393
6655,7,3,0.94215,0.91777,0.1086,0.13076
6655,8,3,0.4385,0.02903,0.12965,0.04433
6655,9,1,0.74656,0.5676,0.10749,0.05984
6656,0,0,0.09497,0.68617,0.12744,0.25709
6656,1,3,0.49778,0.15536,0.24823,0.0953
6656,2,3,0.96391,0.28089,0.0701,0.07819
6657,0,2,0.78258,0.72551,0.35018,0.20723
6657,1,3,0.9078,0.76263,0.07757,0.09087
6657,2,3,0.97694,0.7129,0.04299,0.10001
6658,0,2,0.49335,0.32159,0.5297,0.3391
6658,1,1,0.12932,0.86348,0.20723,0.14184
6659,0,0,0.59929,0.41354,0.11602,0.15506
6659,1,1,0.59036,0.27689,0.35252,0.08255
6660,0,2,0.40082,0.83743,0.32469,0.14295
6661,0,0,0.2027,0.4788,0.26216,0.15172
6661,1,3,0.45984,0.13967,0.09371,0.09148
6661,2,0,0.1631,0.24286,0.1718,0.09036
6662,0,3,0.33101,0.915,0.05652,0.05873
6663,0,3,0.21999,0.55243,0.32352,0.26774
6664,0,0,0.9211,0.8607,0.09087,0.10527
6665,0,3,0.76707,0.90226,0.07535,0.06871
6665,1,1,0.09829,0.57425,0.09419,0.05762
6665,2,1,0.60583,0.57535,0.10084,0.05541
6665,3,0,0.79532,0.40913,0.13187,0.16844
6666,0,0,0.47728,0.72717,0.23382,0.26596
6667,0,4,0.89882,0.15863,0.1216,0.12494
6668,0,1,0.07502,0.59419,0.10749,0.07314
6668,1,3,0.37699,0.54931,0.03324,0.02992
6668,2,0,0.8535,0.85849,0.20833,0.16068
6668,3,4,0.34652,0.92442,0.40448,0.05984
6668,4,0,0.51108,0.64351,0.09973,0.10527
6669,0,4,0.10273,0.32048,0.04322,0.09973
6669,1,1,0.4662,0.52438,0.20058,0.03989
6670,0,1,0.58699,0.82968,0.27593,0.06981
6671,0,3,0.24457,0.89617,0.11857,0.08754
6671,1,1,0.61802,0.94382,0.22274,0.05208
6672,0,0,0.64517,0.73659,0.24158,0.27815
6672,1,0,0.9423,0.95052,0.11332,0.08766
6673,0,0,0.74203,0.38379,0.10507,0.24631
6673,1,1,0.32657,0.3033,0.16068,0.11192
6673,2,2,0.54876,0.24125,0.2039,0.19171
6673,3,1,0.1598,0.89284,0.27039,0.09863
6673,4,1,0.40248,0.92941,0.15957,0.12079
6673,5,1,0.90655,0.59773,0.18481,0.17029
6674,0,0,0.4213,0.88947,0.13773,0.21412
6675,0,3,0.45949,0.84259,0.10532,0.05324
6676,0,0,0.855,0.31389,0.14556,0.13444
6676,1,1,0.43866,0.17708,0.50579,0.03704
6677,0,0,0.29116,0.33763,0.18736,0.32242
6677,1,1,0.09346,0.49306,0.18692,0.02315
6678,0,3,0.28169,0.68063,0.05762,0.07092
6678,1,3,0.37644,0.67952,0.06981,0.04211
6678,2,2,0.73659,0.6158,0.13409,0.09863
6678,3,3,0.97152,0.77704,0.04543,0.04211
6678,4,1,0.57535,0.69116,0.1086,0.04765
6679,0,3,0.8667,0.06011,0.24924,0.09969
6680,0,2,0.73105,0.67675,0.0809,0.10749
6681,0,2,0.5953,0.89173,0.54521,0.20058
6682,0,1,0.51884,0.73881,0.13076,0.02105
6683,0,3,0.39306,0.75709,0.05873,0.06206
6684,0,4,0.41633,0.75432,0.09641,0.19393
6685,0,2,0.45789,0.85904,0.25931,0.24158
6685,1,2,0.80086,0.87954,0.37123,0.20723
6685,2,4,0.46011,0.82137,0.14628,0.07092
6685,3,0,0.7715,0.67786,0.15071,0.1363
6686,0,2,0.58817,0.20313,0.10045,0.24554
6686,1,2,0.79576,0.55301,0.26562,0.46987
6686,2,0,0.83594,0.16853,0.20312,0.21429
6687,0,2,0.79477,0.86015,0.16844,0.12411
6688,0,4,0.67509,0.85627,0.10195,0.09198
6689,0,1,0.40414,0.78424,0.35572,0.07203
6689,1,0,0.68285,0.89284,0.0953,0.1496
6689,2,2,0.42686,0.94326,0.27261,0.0953
6689,3,1,0.31494,0.5482,0.16179,0.04765
6690,0,0,0.20191,0.74435,0.16622,0.30474
6691,0,3,0.2695,0.93717,0.0953,0.06316
6692,0,0,0.3418,0.83759,0.11386,0.30861
6692,1,3,0.1332,0.66678,0.07979,0.06538
6692,2,1,0.76651,0.55762,0.20501,0.03103
6692,3,0,0.51385,0.54931,0.09863,0.05873
6692,4,0,0.8125,0.62633,0.26152,0.09752
6693,0,3,0.16811,0.96099,0.30031,0.05319
6694,0,3,0.16725,0.14525,0.10185,0.04977
6694,1,0,0.41523,0.19803,0.26042,0.14517
6695,0,0,0.85185,0.16592,0.17245,0.31399
6695,1,3,0.89931,0.04225,0.04282,0.01736
6695,2,3,0.11956,0.21997,0.22499,0.12951
6696,0,3,0.67066,0.74712,0.17952,0.17952
6696,1,3,0.11053,0.56481,0.21065,0.13194
6697,0,0,0.27726,0.91445,0.07314,0.10417
6697,1,3,0.11602,0.27948,0.10971,0.06427
6698,0,1,0.49953,0.85631,0.19192,0.06284
6698,1,3,0.39417,0.86791,0.10749,0.19504
6698,2,1,0.31494,0.67343,0.08644,0.02992
6698,3,0,0.40691,0.91223,0.06206,0.13741
6698,4,4,0.36037,0.54543,0.06427,0.08865
6699,0,1,0.53889,0.545,0.37778,0.28333
6699,1,0,0.73667,0.51722,0.27333,0.20556
6700,0,3,0.07225,0.30773,0.09309,0.05208
6700,1,1,0.10771,0.33378,0.15293,0.02438
6701,0,3,0.58145,0.3709,0.41777,0.13852
6701,1,3,0.53047,0.15148,0.77682,0.18506
6701,2,3,0.37145,0.6158,0.22606,0.14738
6701,3,3,0.77039,0.85406,0.36791,0.26707
6701,4,3,0.27117,0.7787,0.53302,0.36015
6701,5,3,0.15703,0.31106,0.29366,0.35793
6701,6,1,0.88065,0.35705,0.16512,0.1773
6702,0,0,0.31605,0.63021,0.22385,0.29588
6702,1,0,0.37145,0.33987,0.07092,0.2316
6703,0,3,0.65126,0.30053,0.53746,0.26152
6703,1,2,0.29887,0.22241,0.17398,0.12301
6703,2,3,0.30607,0.23404,0.06427,0.05098
6703,3,3,0.41523,0.15148,0.1496,0.02992
6704,0,2,0.76817,0.64184,0.44326,0.24158
6704,1,2,0.83134,0.89395,0.30363,0.14517
6704,2,4,0.69559,0.27892,0.08533,0.06981
6704,3,1,0.78092,0.36536,0.15847,0.04543
6705,0,0,0.90569,0.30357,0.14397,0.21652
6705,1,0,0.93862,0.05915,0.08259,0.09821
6706,0,2,0.5072,0.36647,0.90536,0.21609
6706,1,0,0.25122,0.8053,0.14074,0.33577
6706,2,1,0.61857,0.79089,0.24823,0.0809
6706,3,2,0.53561,0.72898,0.92671,0.42915
6706,4,2,0.80474,0.20191,0.38342,0.1219
6707,0,3,0.34707,0.21964,0.22606,0.10638
6707,1,3,0.96446,0.30253,0.06899,0.06606
6707,2,0,0.32214,0.32657,0.12965,0.09419
6708,0,0,0.45401,0.49224,0.26928,0.86215
6708,1,0,0.18528,0.4723,0.19504,0.87766
6708,2,4,0.76817,0.33544,0.10638,0.20501
6708,3,3,0.50055,0.08777,0.0543,0.05319
6708,4,3,0.04277,0.17343,0.08555,0.06139
6709,0,1,0.7244,0.92609,0.3668,0.0543
6710,0,0,0.42354,0.81361,0.10638,0.14184
6710,1,3,0.57148,0.6158,0.08533,0.041
6710,2,3,0.4734,0.64129,0.08865,0.0676
6711,0,3,0.50055,0.65071,0.04543,0.10638
6711,1,1,0.32325,0.90725,0.06316,0.10306
6711,2,4,0.66179,0.85793,0.21277,0.06427
6711,3,1,0.36591,0.72385,0.07535,0.09973
6712,0,3,0.78646,0.72385,0.0543,0.05762
6712,1,3,0.53047,0.70556,0.08311,0.04765
6713,0,0,0.23438,0.07478,0.11161,0.14286
6713,1,0,0.62301,0.05022,0.04415,0.10045
6714,0,1,0.18307,0.62855,0.27482,0.04211
6714,1,0,0.3443,0.31882,0.07868,0.10971
6715,0,4,0.6981,0.17578,0.20424,0.28237
6716,0,0,0.23737,0.45844,0.16179,0.36458
6716,1,0,0.07835,0.73271,0.13409,0.42332
6717,0,3,0.32372,0.06529,0.27444,0.13058
6717,1,3,0.18694,0.20033,0.12165,0.04576
6717,2,3,0.88449,0.69643,0.20647,0.20536
6718,0,3,0.792,0.21354,0.08976,0.0676
6719,0,0,0.44958,0.76485,0.07646,0.13963
6720,0,1,0.09386,0.80973,0.08311,0.21166
6720,1,2,0.54488,0.13265,0.34242,0.24934
6720,2,0,0.34375,0.54156,0.17066,0.17841
6720,3,0,0.67176,0.62134,0.13076,0.29809
6720,4,0,0.43019,0.89617,0.15293,0.19614
6720,5,0,0.53103,0.65847,0.09309,0.33023
6720,6,0,0.04333,0.45139,0.08666,0.25901
6720,7,3,0.39805,0.15481,0.18395,0.1363
6721,0,3,0.88121,0.82691,0.18395,0.17952
6721,1,3,0.81028,0.37533,0.18174,0.1363
6721,2,3,0.91888,0.48005,0.14406,0.06649
6722,0,3,0.38087,0.66733,0.72584,0.6383
6722,1,0,0.4518,0.26064,0.15847,0.05984
6722,2,3,0.66899,0.18418,0.19171,0.09309
6722,3,1,0.91334,0.19858,0.10417,0.04211
6722,4,3,0.82524,0.11159,0.1762,0.06316
6723,0,3,0.35483,0.71513,0.65602,0.56766
6723,1,2,0.78771,0.53197,0.4225,0.68451
6723,2,2,0.38143,0.39694,0.6117,0.09309
6724,0,3,0.5881,0.8934,0.10527,0.09309
6724,1,3,0.5746,0.97805,0.06942,0.04077
6725,0,4,0.58754,0.89838,0.11082,0.03435
6725,1,1,0.40027,0.77094,0.11525,0.02549
6726,0,2,0.2384,0.62439,0.4295,0.40049
6726,1,3,0.17983,0.64726,0.16287,0.12048
6726,2,2,0.87727,0.16903,0.24361,0.31307
6726,3,0,0.28023,0.17481,0.07809,0.14614
6726,4,1,0.6071,0.31983,0.22088,0.09482
6726,5,2,0.50112,0.10564,0.31236,0.20638
6727,0,3,0.16922,0.62799,0.13409,0.10749
6728,0,0,0.15703,0.64572,0.19171,0.36237
6729,0,3,0.14594,0.76319,0.20279,0.08976
6729,1,3,0.6834,0.8535,0.12744,0.13076
6729,2,3,0.32768,0.72662,0.08311,0.0676
6729,3,3,0.22518,0.61636,0.05984,0.04876
6729,4,4,0.54987,0.71,0.07092,0.0676
6729,5,4,0.44902,0.86902,0.1219,0.05762
6730,0,3,0.68506,0.86625,0.58732,0.26263
6731,0,0,0.46842,0.80031,0.06316,0.13741
6732,0,1,0.8402,0.76928,0.19725,0.05098
6732,1,0,0.85738,0.64406,0.20279,0.10195
6732,2,3,0.52438,0.7449,0.17952,0.16844
6733,0,3,0.4529,0.61248,0.79012,0.6926
6733,1,3,0.86307,0.12175,0.27179,0.14332
6733,2,3,0.27781,0.18196,0.1762,0.11968
6733,3,1,0.90004,0.83411,0.13741,0.14517
6734,0,2,0.66678,0.40359,0.40448,0.71365
6734,1,0,0.27227,0.48282,0.13409,0.15847
6734,2,1,0.24845,0.9621,0.18174,0.06206
6734,3,0,0.73493,0.88952,0.19947,0.18285
6734,4,0,0.38697,0.83023,0.09087,0.16844
6735,0,1,0.30219,0.87899,0.43551,0.14628
6735,1,1,0.47063,0.24457,0.53302,0.09641
6736,0,2,0.70279,0.74823,0.25709,0.1219
6737,0,4,0.3227,0.80973,0.08644,0.15403
6737,1,3,0.04676,0.85793,0.05319,0.03989
6738,0,2,0.63397,0.74985,0.72893,0.26033
6738,1,0,0.15038,0.76152,0.09198,0.14628
6738,2,3,0.43684,0.72385,0.13298,0.15071
6739,0,3,0.53823,0.7305,0.33355,0.2039
6739,1,3,0.5881,0.43129,0.35129,0.21498
6739,2,3,0.8952,0.40477,0.20751,0.21292
6739,3,0,0.19249,0.3166,0.15403,0.18506
6739,4,1,0.16478,0.59253,0.23604,0.19393
6739,5,3,0.68285,0.03845,0.18839,0.06316
6739,6,1,0.63963,0.18418,0.31915,0.15293
6740,0,3,0.49331,0.09003,0.09148,0.07028
6740,1,0,0.60933,0.3137,0.10933,0.20303
6741,0,2,0.18196,0.69337,0.08644,0.11636
6741,1,1,0.84741,0.71775,0.21609,0.09198
6741,2,0,0.49058,0.60915,0.16733,0.10749
6742,0,2,0.20357,0.62688,0.33799,0.46432
6742,1,2,0.82871,0.55454,0.34049,0.66537
6742,2,0,0.39085,0.26729,0.09863,0.30142
6742,3,0,0.40248,0.69005,0.10195,0.42664
6742,4,3,0.20911,0.2961,0.10084,0.05541
6743,0,0,0.04732,0.80474,0.07868,0.1086
6744,0,2,0.68118,0.62134,0.07425,0.04543
6744,1,1,0.9304,0.73056,0.13607,0.0378
6744,2,2,0.86735,0.87345,0.23382,0.20612
6744,3,2,0.53712,0.88398,0.22274,0.22052
6745,0,3,0.50111,0.60915,0.22385,0.11414
6745,1,3,0.57702,0.75432,0.30031,0.12965
6745,2,1,0.22684,0.46676,0.32912,0.06871
6746,0,3,0.33876,0.1875,0.55962,0.30363
6746,1,2,0.31494,0.61414,0.53856,0.68484
6746,2,3,0.38531,0.36591,0.10749,0.09087
6746,3,3,0.12655,0.48227,0.1086,0.07757
6746,4,3,0.34984,0.53934,0.03435,0.06538
6746,5,1,0.71609,0.2828,0.1773,0.15071
6746,6,0,0.91223,0.4734,0.15293,0.24379
6747,0,3,0.08777,0.78036,0.07535,0.04654
6747,1,3,0.1803,0.81582,0.03435,0.03546
6748,0,2,0.64118,0.476,0.69978,0.92299
6748,1,3,0.93049,0.14871,0.13777,0.29073
6749,0,3,0.61082,0.44404,0.24601,0.24047
6749,1,2,0.52785,0.51734,0.94222,0.93007
6749,2,0,0.87234,0.14705,0.13298,0.18728
6750,0,3,0.20634,0.84685,0.05762,0.06649
6750,1,3,0.67066,0.93218,0.1086,0.1086
6750,2,3,0.29333,0.89062,0.11192,0.10306
6750,3,0,0.3299,0.73604,0.09863,0.1086
6751,0,1,0.37921,0.86292,0.42553,0.09198
6751,1,1,0.08433,0.73489,0.16866,0.0577
6752,0,3,0.43418,0.47323,0.35029,0.68496
6753,0,3,0.94895,0.22032,0.10002,0.0856
6754,0,3,0.84367,0.91818,0.31057,0.11163
6754,1,3,0.86514,0.69836,0.1629,0.06649
6754,2,3,0.51607,0.69781,0.10084,0.1496
6754,3,4,0.5809,0.7582,0.10195,0.1086
6755,0,2,0.42303,0.59201,0.32176,0.41319
6755,1,2,0.15104,0.57176,0.22685,0.26157
6756,0,0,0.35937,0.74421,0.17824,0.50463
6756,1,1,0.62789,0.72222,0.59491,0.07176
6756,2,1,0.20197,0.90046,0.39815,0.09722
6757,0,2,0.50266,0.76855,0.99259,0.45609
6758,0,0,0.74167,0.60504,0.51458,0.36055
6759,0,1,0.59144,0.59606,0.13773,0.27546
6759,1,3,0.95718,0.55787,0.08218,0.07639
6759,2,4,0.86343,0.45428,0.26968,0.10995
6760,0,0,0.63947,0.64178,0.19676,0.44792
6760,1,2,0.8287,0.78704,0.33681,0.4213
6760,2,2,0.27141,0.81597,0.52546,0.36343
6761,0,0,0.73762,0.645,0.52269,0.58398
6761,1,2,0.44097,0.7419,0.5544,0.48611
6761,2,3,0.23264,0.55556,0.08218,0.05324
6761,3,3,0.09028,0.73032,0.05671,0.05556
6761,4,3,0.03935,0.78935,0.06366,0.05093
6761,5,3,0.1331,0.68287,0.04051,0.03935
6762,0,3,0.72743,0.81424,0.04167,0.03356
6763,0,3,0.14525,0.78877,0.27546,0.27199
6763,1,3,0.24132,0.50347,0.03241,0.02315
6763,2,3,0.32292,0.38252,0.08681,0.05671
6763,3,3,0.81597,0.47454,0.1169,0.08565
6764,0,3,0.14988,0.82176,0.16204,0.15509
6764,1,3,0.18113,0.69039,0.07639,0.06366
6764,2,3,0.66493,0.62326,0.08565,0.08912
6764,3,3,0.06771,0.62731,0.0463,0.03472
6764,4,3,0.19502,0.60417,0.10185,0.04398
6765,0,3,0.49623,0.91126,0.19501,0.17436
6765,1,3,0.8912,0.62731,0.21181,0.13426
6765,2,0,0.29977,0.54919,0.14236,0.21412
6766,0,2,0.22801,0.73843,0.43403,0.51389
6766,1,2,0.75347,0.82639,0.1331,0.16898
6767,0,3,0.87847,0.49306,0.07755,0.06713
6767,1,3,0.97578,0.58757,0.04531,0.0432
6767,2,3,0.2338,0.61285,0.04745,0.04051
6767,3,3,0.61285,0.5162,0.04861,0.03009
6767,4,3,0.5735,0.46875,0.02778,0.03241
6767,5,0,0.51505,0.63657,0.05671,0.125
6768,0,3,0.10127,0.70891,0.19676,0.24653
6768,1,1,0.65856,0.49306,0.5544,0.11111
6769,0,3,0.11053,0.8235,0.06713,0.03588
6769,1,3,0.19155,0.80035,0.04398,0.01968
6769,2,3,0.20544,0.75521,0.10185,0.04745
6770,0,3,0.78356,0.48843,0.18866,0.09722
6770,1,3,0.70428,0.386,0.14352,0.07292
6770,2,3,0.52836,0.46354,0.18981,0.0544
6770,3,3,0.5515,0.40394,0.11343,0.04398
6770,4,3,0.69329,0.83102,0.16551,0.10648
6770,5,3,0.52315,0.31597,0.08449,0.02546
6770,6,2,0.31771,0.6169,0.20602,0.26852
6770,7,3,0.56655,0.56655,0.23148,0.15856
6771,0,3,0.87211,0.63715,0.0463,0.03588
6771,1,3,0.78762,0.78646,0.10648,0.05208
6772,0,0,0.71933,0.636,0.52315,0.6794
6772,1,1,0.71933,0.4375,0.31944,0.03935
6772,2,1,0.27836,0.48958,0.55556,0.08333
6773,0,1,0.79954,0.6568,0.39884,0.04277
6773,1,0,0.86377,0.53314,0.27037,0.18434
6774,0,3,0.61632,0.46817,0.05324,0.03819
6774,1,3,0.66262,0.52315,0.05324,0.03935
6774,2,3,0.71238,0.57292,0.10417,0.05093
6774,3,3,0.80961,0.67188,0.04398,0.02662
6775,0,0,0.74225,0.69834,0.51343,0.53787
6775,1,1,0.66782,0.3588,0.42014,0.03704
6776,0,3,0.95139,0.71875,0.09375,0.13657
6776,1,1,0.82986,0.77431,0.14468,0.07176
6776,2,1,0.28935,0.50868,0.56134,0.08449
6776,3,1,0.3478,0.35706,0.50694,0.07292
6776,4,0,0.78125,0.49248,0.32755,0.3044
6776,5,1,0.81829,0.43519,0.21412,0.06713
6777,0,3,0.79572,0.43171,0.03704,0.02778
6777,1,3,0.88484,0.47627,0.05324,0.04051
6777,2,3,0.97951,0.62968,0.03889,0.02094
6778,0,1,0.49132,0.61632,0.77778,0.03125
6778,1,0,0.60706,0.7228,0.47685,0.54977
6778,2,3,0.54109,0.67014,0.06944,0.07176
6778,3,3,0.38831,0.58507,0.03935,0.01736
6778,4,1,0.57812,0.57639,0.33565,0.02778
6778,5,1,0.93437,0.73939,0.12917,0.03202
6778,6,3,0.14468,0.92593,0.03356,0.03009
6778,7,3,0.48727,0.5787,0.03588,0.02083
6778,8,3,0.37593,0.677,0.01101,0.02625
6778,9,1,0.26372,0.677,0.1355,0.02456
6778,10,3,0.7096,0.58003,0.02964,0.01694
6779,0,3,0.54745,0.34433,0.06134,0.03125
6779,1,3,0.94132,0.91928,0.11528,0.11635
6780,0,3,0.51794,0.48785,0.08565,0.03356
6780,1,3,0.614,0.55035,0.06944,0.03125
6780,2,3,0.67535,0.56481,0.05556,0.02315
6780,3,3,0.69676,0.59086,0.07292,0.03125
6780,4,4,0.86725,0.60998,0.26343,0.16903
6781,0,1,0.46238,0.73438,0.23611,0.04745
6781,1,1,0.61782,0.95773,0.76227,0.08213
6781,2,0,0.79086,0.59488,0.4162,0.24994
6782,0,3,0.60185,0.40799,0.0544,0.02431
6783,0,0,0.63484,0.80903,0.08796,0.37963
6783,1,0,0.84468,0.60174,0.30856,0.29839
6783,2,0,0.54572,0.65104,0.04398,0.11921
6784,0,0,0.74595,0.71933,0.50463,0.55671
6784,1,1,0.84005,0.68149,0.31782,0.04354
6785,0,3,0.86574,0.59896,0.09144,0.05903
6786,0,1,0.50868,0.92477,0.94907,0.09954
6786,1,0,0.70579,0.59677,0.58634,0.42271
6787,0,3,0.14525,0.56887,0.09259,0.06134
6787,1,3,0.28819,0.55903,0.04977,0.03704
6787,2,3,0.36979,0.48669,0.11111,0.0544
6787,3,2,0.24479,0.46238,0.13657,0.12153
6787,4,4,0.75116,0.51447,0.24421,0.19329
6788,0,0,0.06655,0.86285,0.11111,0.22338
6788,1,0,0.07755,0.87095,0.10532,0.20255
6788,2,0,0.07581,0.87269,0.11111,0.21991
6789,0,1,0.79167,0.77315,0.12384,0.03241
6789,1,0,0.8985,0.6357,0.20093,0.16029
6789,2,0,0.85301,0.52488,0.05671,0.04282
6789,3,3,0.53588,0.95602,0.05208,0.04861
6790,0,2,0.4213,0.66609,0.83681,0.59375
6791,0,4,0.25231,0.52431,0.29977,0.08796
6791,1,0,0.64213,0.69725,0.71366,0.53802
6792,0,1,0.60046,0.8999,0.79699,0.09609
6792,1,1,0.57407,0.63368,0.40394,0.06366
6792,2,0,0.80764,0.63435,0.38264,0.26175
6792,3,1,0.95347,0.61592,0.09097,0.03507
6793,0,2,0.50067,0.732,0.99554,0.52881
6794,0,2,0.95347,0.52008,0.09097,0.06794
6794,1,3,0.81887,0.49132,0.10648,0.05903
6794,2,2,0.4265,0.67708,0.28009,0.25
6795,0,0,0.66493,0.71065,0.38889,0.5625
6795,1,1,0.69907,0.64583,0.10069,0.04861
6796,0,3,0.39525,0.36458,0.1713,0.11343
6796,1,3,0.27315,0.51273,0.12384,0.08102
6796,2,3,0.959,0.47219,0.07888,0.04161
6796,3,3,0.96363,0.55024,0.06962,0.0565
6796,4,3,0.67998,0.35359,0.09491,0.04514
6796,5,3,0.05035,0.55498,0.08796,0.07292
6796,6,3,0.71875,0.44907,0.06366,0.03704
6796,7,3,0.86405,0.40362,0.17994,0.0365
6796,8,3,0.83619,0.42892,0.09093,0.01409
6796,9,3,0.82275,0.45453,0.02818,0.02433
6796,10,3,0.88486,0.46414,0.06148,0.02946
6797,0,4,0.0787,0.72049,0.15625,0.19792
6797,1,4,0.26215,0.45544,0.09491,0.08681
6798,0,3,0.93056,0.65683,0.08449,0.05671
6798,1,3,0.97141,0.57503,0.05509,0.04821
6799,0,3,0.61566,0.48966,0.08119,0.02374
6799,1,3,0.67004,0.52719,0.05055,0.03447
6800,0,2,0.49884,0.70718,0.99653,0.58333
6800,1,3,0.761,0.74942,0.0463,0.03819
6800,2,3,0.8831,0.42824,0.02662,0.01852
6801,0,2,0.79259,0.74381,0.41273,0.5015
6801,1,2,0.17477,0.77662,0.33681,0.40972
6802,0,2,0.59931,0.84598,0.79931,0.29844
6803,0,4,0.34433,0.53472,0.07639,0.10417
6803,1,0,0.625,0.47569,0.27431,0.44213
6804,0,4,0.69502,0.82755,0.11806,0.34028
6805,0,3,0.17882,0.82292,0.32639,0.31481
6805,1,3,0.28762,0.51505,0.11111,0.05787
6805,2,3,0.36921,0.55613,0.04282,0.09606
6805,3,3,0.34664,0.4375,0.03704,0.03009
6805,4,3,0.07812,0.56076,0.09491,0.05903
6806,0,0,0.73785,0.77431,0.42593,0.43981
6807,0,2,0.82897,0.90341,0.32577,0.19109
6807,1,3,0.51852,0.65162,0.07523,0.03704
6807,2,3,0.51157,0.76794,0.09606,0.05903
6807,3,3,0.29109,0.56481,0.0625,0.04167
6807,4,3,0.46644,0.42072,0.04745,0.02894
6807,5,3,0.67245,0.58333,0.05208,0.02546
6808,0,0,0.87303,0.7752,0.25185,0.27031
6809,0,2,0.40683,0.875,0.80556,0.24306
6809,1,2,0.81481,0.68345,0.17477,0.14005
6809,2,3,0.56713,0.43113,0.02894,0.02199
6810,0,0,0.89792,0.73758,0.20208,0.23673
6810,1,3,0.12789,0.52141,0.19676,0.16551
6811,0,3,0.94618,0.32292,0.05324,0.0463
6812,0,1,0.45486,0.58275,0.90162,0.18866
6813,0,3,0.08714,0.57634,0.02737,0.02433
6814,0,4,0.78877,0.8397,0.41435,0.31366
6814,1,4,0.16435,0.88542,0.31829,0.22454
6814,2,3,0.13972,0.30971,0.01685,0.01246
6814,3,3,0.31986,0.25212,0.01846,0.01223
6815,0,3,0.87905,0.76852,0.0625,0.04398
6815,1,3,0.9375,0.65856,0.04977,0.04167
6815,2,3,0.69907,0.59838,0.04282,0.03241
6815,3,3,0.62153,0.48669,0.03356,0.02894
6815,4,4,0.42708,0.84317,0.54051,0.30208
6815,5,3,0.75579,0.79745,0.04977,0.03472
6815,6,3,0.33062,0.47278,0.02754,0.02369
6816,0,4,0.16481,0.68616,0.08663,0.08767
6817,0,2,0.49977,0.64515,0.99838,0.40141
6817,1,0,0.66956,0.49595,0.20602,0.18403
6818,0,3,0.71771,0.4191,0.02708,0.01875
6818,1,3,0.5316,0.42118,0.04375,0.03819
6820,0,1,0.55556,0.68866,0.20486,0.04167
6820,1,1,0.86053,0.68808,0.25926,0.03819
6821,0,1,0.57292,0.62847,0.50347,0.05093
6821,1,0,0.77986,0.59793,0.43819,0.27687
6821,2,0,0.61863,0.81539,0.17593,0.35301
6822,0,2,0.16725,0.69039,0.3287,0.35764
6822,1,2,0.79225,0.75463,0.41204,0.4838
6823,0,1,0.26678,0.65741,0.13426,0.03704
6823,1,1,0.6713,0.66493,0.17477,0.05208
6823,2,4,0.20627,0.73133,0.15015,0.05537
6823,3,2,0.89541,0.63888,0.2071,0.16515
6824,0,0,0.84005,0.70193,0.31782,0.24182
6825,0,3,0.94826,0.66008,0.10139,0.0771
6825,1,4,0.43403,0.83391,0.7581,0.32755
6826,0,0,0.75556,0.67319,0.48681,0.39036
6827,0,4,0.67177,0.76889,0.24053,0.45909
6828,0,1,0.56192,0.62558,0.58333,0.09838
6828,1,3,0.77488,0.31944,0.04861,0.02546
6829,0,0,0.82963,0.73658,0.33866,0.28797
6829,1,1,0.33102,0.79861,0.22106,0.04398
6829,2,1,0.46528,0.61632,0.24421,0.04282
6830,0,0,0.84144,0.56481,0.12153,0.31944
6832,0,0,0.79433,0.69882,0.40926,0.29347
6833,0,1,0.6294,0.82971,0.73912,0.05526
6833,1,1,0.42303,0.59259,0.30324,0.03704
6833,2,1,0.81169,0.60606,0.37454,0.05009
6833,3,0,0.75266,0.70176,0.49259,0.45444
6834,0,1,0.3478,0.63368,0.23843,0.07986
6834,1,0,0.74363,0.636,0.49306,0.64699
6835,0,1,0.75961,0.5789,0.4787,0.07215
6835,1,1,0.3316,0.53472,0.36343,0.09491
6835,2,3,0.43441,0.3932,0.04922,0.03205
6835,3,1,0.43641,0.34799,0.05552,0.0206
6835,4,1,0.25813,0.3746,0.05952,0.01774
6838,0,0,0.74803,0.60088,0.50185,0.34992
6838,1,0,0.81308,0.65683,0.36111,0.21875
6839,0,0,0.80532,0.59405,0.38727,0.2992
6839,1,1,0.92766,0.61921,0.13889,0.05787
6839,2,1,0.35069,0.68171,0.19329,0.04861
6839,3,1,0.69387,0.65856,0.25926,0.04861
6840,0,0,0.45544,0.42188,0.16435,0.1956
6840,1,1,0.45428,0.3478,0.11111,0.03588
6840,2,2,0.75324,0.6362,0.49144,0.52703
6840,3,1,0.30903,0.81424,0.60764,0.25116
6841,0,2,0.36748,0.77199,0.33796,0.31481
6842,0,3,0.62326,0.51273,0.07176,0.04167
6842,1,3,0.42072,0.5272,0.05324,0.03819
6842,2,3,0.34664,0.44792,0.06481,0.03241
6842,3,3,0.41146,0.44155,0.05093,0.02894
6843,0,1,0.13947,0.67708,0.26852,0.05556
6843,1,0,0.19676,0.86227,0.16088,0.27083
6843,2,1,0.58738,0.88657,0.81944,0.11343
6843,3,1,0.08333,0.89005,0.15394,0.08796
6844,0,3,0.42766,0.61748,0.43981,0.35764
6844,1,3,0.6794,0.71933,0.0544,0.05208
6844,2,3,0.7228,0.63137,0.08102,0.08449
6844,3,3,0.11574,0.95139,0.19097,0.09491
6846,0,1,0.61863,0.39699,0.31713,0.0463
6847,0,0,0.23785,0.58623,0.24537,0.51968
6849,0,3,0.82292,0.61458,0.08449,0.04398
6849,1,3,0.85012,0.55556,0.11574,0.06713
6849,2,3,0.85532,0.4919,0.09375,0.05556
6849,3,3,0.55729,0.33391,0.04167,0.04282
6849,4,3,0.86748,0.35648,0.08565,0.05556
6849,5,4,0.86782,0.6594,0.26227,0.49936
6849,6,4,0.51042,0.38542,0.2581,0.25
6850,0,3,0.56308,0.38773,0.08565,0.02778
6850,1,3,0.60301,0.36343,0.05903,0.02315
6850,2,4,0.50324,0.66983,0.99144,0.64984
6851,0,0,0.82581,0.87153,0.30787,0.25231
6851,1,1,0.52778,0.78877,0.91088,0.06829
6852,0,0,0.77292,0.64831,0.45208,0.35449
6853,0,0,0.77234,0.66985,0.45324,0.31887
6853,1,1,0.81655,0.6088,0.18519,0.03935
6853,2,1,0.59028,0.67419,0.14699,0.03125
6853,3,1,0.97315,0.60421,0.05162,0.0325
6853,4,1,0.36343,0.69271,0.11227,0.04051
6854,0,0,0.76273,0.71875,0.46875,0.55787
6854,1,1,0.81921,0.59592,0.35949,0.06452
6855,0,0,0.78414,0.73785,0.42824,0.51968
6856,0,4,0.50067,0.6996,0.99554,0.58439
6858,0,0,0.75868,0.73322,0.47685,0.35532
6859,0,3,0.75405,0.55961,0.07176,0.04282
6859,1,3,0.41898,0.52025,0.03125,0.02431
6859,2,3,0.24479,0.69907,0.26157,0.3125
6860,0,4,0.49892,0.8013,0.97816,0.39427
6861,0,2,0.62564,0.73012,0.74664,0.52969
6862,0,2,0.84896,0.59954,0.20949,0.06713
6862,1,4,0.46875,0.33218,0.40046,0.12269
6865,0,2,0.75874,0.75818,0.48044,0.47469
6866,0,1,0.53562,0.56817,0.27191,0.01991
6866,1,0,0.78816,0.58439,0.4216,0.31125
6866,2,1,0.6051,0.89782,0.78771,0.10324
6866,3,3,0.54213,0.59689,0.04289,0.02987
6866,4,3,0.3269,0.90365,0.11029,0.0674
6866,5,3,0.65778,0.89752,0.02757,0.02298
6866,6,3,0.68191,0.89675,0.01455,0.01991
6866,7,3,0.71638,0.9002,0.04519,0.04672
6866,8,3,0.91896,0.89024,0.04902,0.036
6866,9,3,0.98062,0.87722,0.02987,0.02374
6867,0,2,0.50058,0.54919,0.99537,0.54977
6868,0,0,0.79693,0.60924,0.40405,0.30644
6868,1,1,0.49948,0.91644,0.99896,0.12687
6869,0,3,0.4647,0.29745,0.14815,0.10185
6869,1,3,0.95058,0.43505,0.09676,0.1363
6870,0,1,0.53414,0.41782,0.70602,0.07407
6870,1,1,0.44734,0.31424,0.11111,0.02894
6870,2,3,0.96933,0.40509,0.05324,0.02315
6871,0,0,0.68958,0.68066,0.61875,0.51179
6872,0,0,0.67106,0.49266,0.65579,0.47375
6872,1,1,0.50208,0.6013,0.99375,0.0614
6873,0,3,0.24306,0.48495,0.10301,0.0787
6873,1,3,0.59433,0.4375,0.12037,0.05324
6874,0,3,0.21644,0.89468,0.39468,0.2037
6874,1,3,0.90509,0.5816,0.18634,0.16088
6874,2,3,0.15509,0.56308,0.12384,0.09375
6875,0,0,0.23298,0.82066,0.16157,0.3566
6876,0,4,0.79375,0.41891,0.41042,0.16189
6876,1,0,0.49479,0.58333,0.14815,0.5463
6877,0,0,0.7434,0.63841,0.51111,0.38794
6877,1,1,0.63426,0.78067,0.65625,0.07292
6878,0,2,0.18113,0.75579,0.35417,0.35417
6878,1,3,0.64062,0.49711,0.06481,0.03819
6878,2,3,0.60706,0.58623,0.02546,0.02662
6878,3,3,0.27482,0.50311,0.12904,0.09432
6878,4,3,0.70393,0.56038,0.01814,0.01917
6878,5,3,0.72932,0.54068,0.0171,0.0171
6878,6,3,0.76404,0.56219,0.01503,0.01555
6878,7,3,0.63936,0.61835,0.0418,0.03097
6878,8,3,0.71732,0.61716,0.03573,0.03378
6878,9,3,0.91915,0.62819,0.03047,0.0333
6878,10,3,0.75298,0.73519,0.02551,0.02764
6878,11,3,0.84793,0.73873,0.02834,0.02622
6878,12,3,0.34092,0.74582,0.03614,0.03472
6878,13,3,0.39229,0.69692,0.03543,0.03756
6879,0,0,0.62269,0.56424,0.15394,0.14236
6880,0,0,0.49595,0.49826,0.08565,0.59144
6880,1,1,0.7434,0.63239,0.51111,0.08422
6880,2,1,0.74919,0.51423,0.49954,0.06087
6880,3,1,0.24769,0.55382,0.48727,0.06134
6881,0,4,0.9147,0.39583,0.16852,0.08102
6882,0,0,0.60938,0.76505,0.39815,0.46296
6882,1,0,0.73877,0.62671,0.52037,0.38999
6882,2,1,0.56829,0.59086,0.26042,0.03819
6882,3,1,0.59931,0.86077,0.79931,0.07339
6883,0,3,0.64873,0.74537,0.08102,0.04861
6883,1,2,0.89271,0.64176,0.2125,0.26962
6883,2,3,0.86053,0.40567,0.03009,0.02199
6883,3,3,0.81424,0.40451,0.03241,0.01736
6883,4,3,0.85475,0.36053,0.03241,0.02199
6883,5,3,0.88831,0.36053,0.02315,0.02431
6884,0,0,0.7706,0.69365,0.45671,0.44749
6884,1,1,0.78183,0.62674,0.12269,0.04514
6884,2,1,0.26042,0.63194,0.07292,0.03009
6884,3,1,0.54398,0.63079,0.13542,0.03704
6885,0,2,0.49913,0.74884,0.99826,0.42361
6885,1,3,0.84664,0.6088,0.06481,0.06713
6885,2,3,0.97315,0.71005,0.05162,0.07519
6885,3,0,0.85336,0.53817,0.2912,0.2592
6886,0,2,0.27951,0.86343,0.55324,0.25
6886,1,2,0.95081,0.82176,0.09259,0.16204
6886,2,4,0.4647,0.57465,0.39583,0.22569
6887,0,3,0.3397,0.58391,0.67361,0.81597
6887,1,2,0.56192,0.46007,0.18056,0.20255
6888,0,2,0.7906,0.82669,0.41568,0.33393
6888,1,3,0.31655,0.52257,0.04398,0.03588
6888,2,3,0.29167,0.4728,0.03356,0.02662
6889,0,1,0.6959,0.645,0.11127,0.03906
6889,1,0,0.66692,0.75131,0.66409,0.46238
6890,0,1,0.47801,0.87558,0.91782,0.07986
6890,1,0,0.70174,0.70012,0.59444,0.50672
6891,0,1,0.50093,0.74643,0.99606,0.11555
6892,0,4,0.79491,0.67147,0.4081,0.27581
6892,1,3,0.56829,0.92245,0.08218,0.03472
6892,2,3,0.79977,0.94965,0.04282,0.04282
6892,3,3,0.53183,0.97569,0.03935,0.03241
6893,0,4,0.64468,0.49826,0.22338,0.29514
6893,1,0,0.35359,0.45833,0.18287,0.56481
6894,0,3,0.56424,0.4838,0.15046,0.05787
6894,1,3,0.35127,0.45486,0.08796,0.04167
6894,2,3,0.6088,0.42245,0.06597,0.02546
6894,3,3,0.8588,0.53472,0.14005,0.09028
6894,4,0,0.18403,0.5544,0.08912,0.09954
6895,0,3,0.20949,0.77083,0.27431,0.11111
6896,0,0,0.39233,0.67193,0.76961,0.65405
6897,0,1,0.86319,0.73613,0.27153,0.06021
6897,1,1,0.42882,0.63715,0.34028,0.0544
6897,2,2,0.92627,0.61277,0.14537,0.08896
6897,3,3,0.74248,0.49769,0.05787,0.05093
6897,4,1,0.92188,0.5081,0.0787,0.03241
6897,5,1,0.16725,0.82697,0.13426,0.04977
6898,0,2,0.81771,0.81655,0.36111,0.36458
6898,1,2,0.31134,0.80787,0.46644,0.37731
6899,0,1,0.80845,0.56597,0.21528,0.06019
6899,1,2,0.81574,0.84215,0.36644,0.29773
6900,0,3,0.06192,0.41782,0.04398,0.04398
6900,1,3,0.02882,0.44444,0.01875,0.01806
6900,2,3,0.19931,0.39722,0.025,0.01944
6900,3,2,0.68333,0.47222,0.31944,0.12361
6901,0,2,0.68113,0.63947,0.38889,0.4919
6902,0,2,0.7625,0.69747,0.47292,0.60095
6902,1,3,0.48206,0.45486,0.04167,0.03241
6902,2,3,0.41551,0.52199,0.04051,0.03009
6902,3,3,0.41262,0.56944,0.03935,0.04398
6902,4,0,0.35475,0.48264,0.0625,0.22454
6903,0,3,0.22975,0.49306,0.11343,0.05556
6904,0,1,0.79109,0.66667,0.10648,0.03935
6904,1,0,0.77523,0.61681,0.44745,0.34472
6905,0,1,0.11574,0.52141,0.22801,0.08218
6906,0,3,0.20023,0.58738,0.22338,0.15856
6906,1,3,0.33391,0.70775,0.08796,0.0706
6906,2,3,0.69329,0.60995,0.12384,0.07407
6906,3,3,0.58102,0.37789,0.12616,0.06829
6906,4,3,0.59144,0.45312,0.0544,0.04514
6906,5,3,0.51678,0.62326,0.05093,0.04282
6906,6,3,0.46065,0.31944,0.05208,0.06019
6906,7,3,0.54109,0.30787,0.07176,0.03241
6906,8,3,0.52894,0.27546,0.04051,0.02778
6906,9,3,0.78935,0.4294,0.13773,0.06019
6906,10,3,0.61863,0.33102,0.03704,0.02315
6907,0,1,0.51331,0.69676,0.63194,0.0625
6907,1,0,0.78507,0.67343,0.42778,0.42325
6907,2,1,0.57891,0.45297,0.04672,0.01452
6908,0,3,0.70544,0.59838,0.37269,0.0625
6908,1,3,0.20245,0.57909,0.13214,0.04919
6908,2,3,0.1658,0.54147,0.05112,0.02218
6909,0,0,0.72778,0.7,0.54236,0.49028
6909,1,1,0.75868,0.57118,0.34259,0.0544
6910,0,4,0.10127,0.59664,0.20139,0.19097
6911,0,2,0.16109,0.77321,0.31871,0.4515
6911,1,4,0.66181,0.74412,0.67431,0.49518
6911,2,3,0.92245,0.9184,0.05903,0.08218
6911,3,3,0.97662,0.85038,0.04468,0.04567
6911,4,3,0.87326,0.76273,0.05556,0.05556
6911,5,3,0.90856,0.82002,0.03356,0.03588
6911,6,3,0.94502,0.81076,0.01852,0.02431
6911,7,3,0.8912,0.86458,0.02662,0.02315
6912,0,4,0.58021,0.6203,0.8375,0.73829
6913,0,4,0.81143,0.81931,0.37402,0.31454
6914,0,0,0.511,0.78414,0.25463,0.4294
6915,0,1,0.51273,0.35243,0.29282,0.04745
6915,1,3,0.41204,0.29745,0.05208,0.03935
6916,0,4,0.70949,0.92245,0.33218,0.14815
6917,0,0,0.69248,0.6125,0.61296,0.49583
6917,1,1,0.50405,0.57928,0.9838,0.21181
6918,0,3,0.45197,0.89988,0.1875,0.07755
6918,1,0,0.71389,0.6329,0.57014,0.50654
6919,0,0,0.58854,0.49016,0.36111,0.51968
6919,1,0,0.24711,0.5272,0.1412,0.60301
6920,0,3,0.14757,0.67014,0.13194,0.0625
6920,1,3,0.28993,0.65104,0.05556,0.04745
6921,0,3,0.25058,0.39815,0.11806,0.04167
6921,1,3,0.26794,0.53183,0.09954,0.08912
6921,2,3,0.0735,0.59896,0.09028,0.05903
6921,3,3,0.94074,0.72993,0.11644,0.08948
6921,4,3,0.95579,0.65069,0.08634,0.0537
6922,0,3,0.27141,0.40683,0.05787,0.05208
6922,1,3,0.35532,0.29456,0.03819,0.02431
6922,2,1,0.58044,0.38484,0.72454,0.09838
6922,3,1,0.58368,0.5009,0.83056,0.10828
6922,4,4,0.10359,0.52141,0.2037,0.11921
6922,5,1,0.53009,0.25984,0.33912,0.04282
6922,6,3,0.58361,0.49095,0.0455,0.03344
6922,7,3,0.42949,0.67188,0.04006,0.02804
6923,0,3,0.29803,0.5353,0.13889,0.06366
6924,0,0,0.33507,0.61285,0.07639,0.36458
6924,1,1,0.66759,0.60138,0.66273,0.09164
6925,0,0,0.80301,0.41333,0.3919,0.16925
6926,0,3,0.3397,0.4809,0.19676,0.06597
6926,1,4,0.20486,0.76447,0.40856,0.46875
6926,2,3,0.45259,0.4156,0.03954,0.02083
6926,3,3,0.45961,0.39456,0.02806,0.01361
6926,4,4,0.79408,0.50146,0.18928,0.08194
6927,0,4,0.8412,0.79669,0.31551,0.29014
6927,1,4,0.96505,0.54462,0.06782,0.07536
6928,0,0,0.69988,0.70897,0.39397,0.57998
6929,0,4,0.15683,0.69271,0.11806,0.10532
6930,0,4,0.50926,0.68981,0.97569,0.60417
6931,0,3,0.46181,0.71007,0.07986,0.07292
6931,1,2,0.73611,0.59144,0.17014,0.08565
6932,0,3,0.56019,0.3478,0.04282,0.02431
6932,1,3,0.55671,0.37616,0.03356,0.01852
6932,2,1,0.46759,0.57234,0.92708,0.04977
6932,3,1,0.68692,0.38484,0.21296,0.02431
6932,4,0,0.58333,0.53414,0.1169,0.60069
6933,0,3,0.33102,0.25405,0.05671,0.03125
6933,1,3,0.49306,0.21933,0.03125,0.02894
6934,0,0,0.43287,0.761,0.6169,0.47569
6934,1,1,0.19618,0.74653,0.18056,0.04167
6934,2,1,0.79745,0.71875,0.09606,0.03704
6935,0,3,0.15451,0.7338,0.03704,0.02778
6935,1,3,0.2419,0.60243,0.03588,0.02431
6935,2,0,0.65093,0.7761,0.59006,0.44572
6936,0,1,0.17998,0.5191,0.35417,0.11921
6936,1,1,0.63484,0.44676,0.62731,0.125
6936,2,3,0.34201,0.41725,0.03472,0.03125
6936,3,3,0.33044,0.54225,0.0463,0.03819
6936,4,3,0.26042,0.77199,0.06597,0.05787
6937,0,4,0.75926,0.5191,0.2581,0.1956
6937,1,3,0.84086,0.79167,0.05324,0.04398
6937,2,3,0.49306,0.25289,0.09838,0.10069
6938,0,0,0.4537,0.64525,0.06597,0.56366
6939,0,0,0.69631,0.72402,0.47711,0.54988
6939,1,3,0.88252,0.70428,0.04861,0.03125
6940,0,0,0.75208,0.64831,0.49375,0.43089
6941,0,3,0.69444,0.52894,0.03819,0.02546
6941,1,3,0.24884,0.77373,0.04745,0.03819
6941,2,2,0.87303,0.75847,0.25185,0.22759
6942,0,4,0.22222,0.47743,0.44329,0.3206
6943,0,0,0.82928,0.57812,0.33102,0.22106
6943,1,3,0.60938,0.45023,0.04861,0.02083
6944,0,1,0.44965,0.67998,0.34028,0.04745
6944,1,0,0.59317,0.49711,0.21528,0.17708
6944,2,3,0.78299,0.89236,0.03704,0.03009
6945,0,1,0.57905,0.91273,0.83981,0.10555
6945,1,0,0.88229,0.67483,0.23333,0.20615
6945,2,1,0.91725,0.67708,0.0787,0.03472
6946,0,1,0.69769,0.71485,0.60255,0.09405
6946,1,1,0.30903,0.65104,0.1331,0.05671
6946,2,0,0.39699,0.66088,0.10764,0.6088
6947,0,0,0.75498,0.59973,0.48796,0.3615
6948,0,1,0.11285,0.68519,0.14352,0.03009
6948,1,1,0.08449,0.71644,0.14931,0.01852
6948,2,0,0.62326,0.77662,0.60648,0.43981
6948,3,1,0.87153,0.70949,0.10069,0.04398
6949,0,0,0.74456,0.68262,0.5088,0.3907
6949,1,1,0.89213,0.68877,0.21366,0.05114
6949,2,1,0.87477,0.95461,0.24838,0.06431
6950,0,1,0.49977,0.84438,0.99838,0.12857
6950,1,0,0.8088,0.53498,0.38032,0.24358
6951,0,3,0.08854,0.78183,0.07407,0.0706
6951,1,2,0.24479,0.44618,0.23843,0.18866
6951,2,0,0.33449,0.70428,0.07986,0.22106
6952,0,3,0.64352,0.39873,0.14931,0.06829
6952,1,3,0.44097,0.489,0.05903,0.03356
6952,2,4,0.61979,0.54688,0.2338,0.15394
6952,3,4,0.85069,0.72975,0.28125,0.17014
6952,4,3,0.94884,0.9361,0.10023,0.10599
6953,0,1,0.52755,0.92354,0.94282,0.09246
6953,1,0,0.73993,0.67397,0.51806,0.39886
6953,2,1,0.84988,0.61899,0.29815,0.04816
6954,0,3,0.97894,0.85921,0.04005,0.05406
6956,0,2,0.29745,0.5463,0.25116,0.3588
6957,0,0,0.73935,0.72841,0.51921,0.39664
6958,0,2,0.32812,0.52662,0.25926,0.2662
6958,1,0,0.20023,0.53935,0.29051,0.89352
6958,2,3,0.63484,0.82118,0.16435,0.13542
6959,0,3,0.54167,0.92477,0.16088,0.09028
6959,1,3,0.28646,0.92882,0.13426,0.0544
6959,2,3,0.16493,0.8559,0.14815,0.26736
6960,0,2,0.75289,0.67882,0.46991,0.61458
6962,0,0,0.5434,0.6088,0.37731,0.24537
6962,1,0,0.78183,0.58391,0.38889,0.1169
6962,2,1,0.90914,0.59491,0.17593,0.03472
6963,0,0,0.16233,0.74287,0.32465,0.4001
6964,0,0,0.12355,0.88289,0.24711,0.17782
6967,0,2,0.79803,0.53183,0.40046,0.93403
6967,1,2,0.24913,0.61843,0.49826,0.62805
6968,0,2,0.16493,0.93056,0.25463,0.13194
6969,0,0,0.69734,0.31308,0.40741,0.55208
6969,1,1,0.77836,0.19792,0.4375,0.33796
6969,2,1,0.48553,0.54456,0.9213,0.13542
6970,0,3,0.30208,0.51389,0.11458,0.12731
6970,1,3,0.75231,0.45602,0.12847,0.0463
6970,2,3,0.08565,0.31192,0.07755,0.05671
6970,3,3,0.18403,0.26968,0.05671,0.03704
6970,4,0,0.08015,0.33209,0.1603,0.229
6970,5,0,0.96447,0.32825,0.06898,0.06622
6971,0,3,0.50058,0.60475,0.99306,0.77894
6972,0,3,0.50405,0.30498,0.98843,0.60301
6972,1,0,0.76192,0.28015,0.47407,0.54409
6973,0,3,0.88831,0.72338,0.06019,0.03009
6973,1,3,0.59838,0.73669,0.04282,0.05671
6973,2,3,0.72743,0.64294,0.06713,0.04514
6974,0,1,0.11834,0.67505,0.23669,0.04917
6975,0,1,0.55266,0.84144,0.87269,0.30324
6977,0,3,0.52315,0.59549,0.94329,0.78819
6979,0,1,0.2662,0.73438,0.52662,0.02431
6980,0,3,0.79919,0.0816,0.39815,0.15625
6980,1,3,0.66725,0.22222,0.21528,0.11806
6980,2,3,0.49711,0.48206,0.9838,0.64236
6980,3,0,0.88079,0.80093,0.15394,0.31019
6981,0,3,0.74132,0.12731,0.21528,0.08333
6982,0,3,0.37095,0.04572,0.10185,0.04977
6982,1,0,0.79919,0.24074,0.39352,0.26389
6982,2,0,0.53819,0.28993,0.32523,0.27662
6983,0,2,0.2309,0.85012,0.3588,0.29051
6984,0,3,0.73958,0.36111,0.12153,0.04398
6986,0,0,0.69039,0.36516,0.12269,0.71181
6986,1,0,0.88021,0.14236,0.23611,0.28472
6986,2,2,0.79803,0.35822,0.22917,0.26968
6988,0,0,0.26562,0.15162,0.15972,0.15741
6989,0,3,0.68866,0.47512,0.14468,0.07292
6989,1,2,0.53993,0.41319,0.36806,0.11574
6989,2,2,0.78391,0.88414,0.43009,0.22661
6989,3,2,0.27865,0.84972,0.55729,0.27121
6990,0,0,0.60612,0.44734,0.34215,0.89468
6990,1,0,0.75266,0.21266,0.49259,0.42532
6990,2,3,0.87384,0.32928,0.19329,0.14468
6990,3,2,0.68229,0.18692,0.20139,0.10532
6990,4,2,0.86146,0.7931,0.275,0.31304
6990,5,0,0.26331,0.46933,0.23611,0.93634
6992,0,1,0.27083,0.34028,0.27894,0.06944
6992,1,0,0.8669,0.10243,0.21644,0.18866
6993,0,0,0.66551,0.84259,0.16551,0.24769
6993,1,2,0.06973,0.84232,0.13947,0.12909
6994,0,0,0.48669,0.13947,0.0787,0.25347
6994,1,0,0.14815,0.03356,0.04051,0.0625
6994,2,0,0.21123,0.06308,0.09722,0.09144
6994,3,2,0.47396,0.03356,0.33565,0.06713
6995,0,3,0.74537,0.40683,0.1169,0.12847
6995,1,0,0.52604,0.74884,0.16667,0.49769
6996,0,2,0.5191,0.2228,0.12037,0.10764
6996,1,2,0.58565,0.29803,0.1331,0.10301
6996,2,3,0.68171,0.39294,0.11921,0.04282
6996,3,2,0.79282,0.54861,0.3831,0.29167
6996,4,0,0.59549,0.48553,0.60185,0.87616
6999,0,0,0.62558,0.65336,0.21991,0.09606
7000,0,3,0.51273,0.25058,0.08681,0.06366
7000,1,2,0.37355,0.55406,0.74711,0.88589
7001,0,2,0.80498,0.79572,0.35648,0.37153
7002,0,1,0.62269,0.60532,0.07755,0.01157
7002,1,1,0.34375,0.67361,0.3669,0.02778
7002,2,1,0.83831,0.85371,0.3213,0.06853
7003,0,0,0.61169,0.50116,0.13426,0.98843
7003,1,0,0.48669,0.54225,0.13657,0.56597
7003,2,2,0.53993,0.14815,0.22917,0.09722
7003,3,0,0.82928,0.53646,0.28704,0.66088
7003,4,3,0.75058,0.14352,0.11343,0.09954
7003,5,3,0.77025,0.31192,0.1088,0.11227
7003,6,0,0.89444,0.12994,0.20903,0.25987
7003,7,0,0.21904,0.39828,0.43808,0.65998
7004,0,1,0.375,0.77431,0.61227,0.08333
7005,0,0,0.48958,0.78356,0.27894,0.41667
7005,1,1,0.35301,0.78183,0.31597,0.07755
7005,2,0,0.83449,0.97454,0.0544,0.03241
7008,0,3,0.73958,0.22164,0.05671,0.04977
7008,1,0,0.84257,0.24302,0.31361,0.48604
7009,0,3,0.58449,0.92361,0.07523,0.04167
7010,0,0,0.33218,0.46412,0.17477,0.69213
7010,1,1,0.21875,0.43461,0.39468,0.03356
7011,0,0,0.69329,0.75694,0.48495,0.4838
7011,1,1,0.32755,0.71701,0.6169,0.07292
7011,2,1,0.77488,0.65741,0.43981,0.09954
7011,3,1,0.86146,0.87048,0.275,0.06504
7012,0,2,0.51855,0.03993,0.08442,0.07986
7012,1,0,0.15278,0.12442,0.13773,0.12847
7012,2,0,0.67766,0.27257,0.18519,0.44329
7013,0,3,0.62789,0.42766,0.09028,0.06366
7015,0,3,0.7066,0.91146,0.19676,0.10764
7015,1,2,0.4456,0.94676,0.14931,0.10185
7015,2,3,0.94048,0.97505,0.11591,0.04502
7016,0,2,0.50116,0.63715,0.9919,0.71875
7016,1,3,0.74421,0.44213,0.15625,0.09954
7016,2,0,0.62048,0.10706,0.17268,0.21412
7016,3,0,0.3478,0.10301,0.1412,0.13426
7016,4,3,0.91898,0.11574,0.09838,0.06019
7019,0,3,0.56308,0.60764,0.19444,0.07176
7019,1,3,0.3831,0.59549,0.09144,0.04745
7019,2,0,0.22512,0.76968,0.15046,0.25694
7019,3,3,0.27025,0.58623,0.15741,0.04745
7019,4,3,0.02459,0.80882,0.04919,0.08292
7019,5,3,0.03559,0.68297,0.07118,0.03723
7020,0,3,0.74479,0.14178,0.03704,0.02894
7022,0,0,0.12066,0.62413,0.24132,0.72511
7022,1,0,0.37674,0.12384,0.14815,0.23843
7022,2,0,0.08952,0.10243,0.14156,0.20486
7022,3,2,0.65799,0.61632,0.67593,0.75116
7022,4,0,0.58391,0.11863,0.16667,0.23032
7023,0,2,0.75405,0.46991,0.48843,0.81944
7023,1,2,0.3941,0.51968,0.54167,0.87731
7023,2,3,0.52662,0.02836,0.09144,0.03356
7023,3,3,0.46701,0.32523,0.09491,0.08102
7024,0,0,0.59086,0.47627,0.11343,0.25347
7025,0,3,0.42072,0.17361,0.2037,0.15046
7026,0,0,0.55208,0.614,0.12847,0.21181
7028,0,0,0.36285,0.66956,0.21065,0.65162
7030,0,0,0.47049,0.49826,0.15278,0.9919
7030,1,0,0.13571,0.20328,0.27141,0.3973
7033,0,1,0.14005,0.36979,0.27894,0.05208
7035,0,2,0.71007,0.03414,0.05093,0.06134
7037,0,3,0.31829,0.38947,0.17014,0.10069
7038,0,3,0.5515,0.35012,0.13426,0.08218
7038,1,3,0.44907,0.114,0.12616,0.05671
7038,2,3,0.56019,0.86343,0.16782,0.22685
7038,3,3,0.84491,0.2581,0.05903,0.05787
7038,4,0,0.65972,0.35359,0.64931,0.68634
7038,5,0,0.13657,0.27951,0.26505,0.54745
7039,0,3,0.28067,0.88194,0.04861,0.08565
7040,0,0,0.41898,0.52083,0.17477,0.9537
7040,1,0,0.83484,0.62443,0.32824,0.45256
7041,0,3,0.58854,0.86227,0.05324,0.04398
7041,1,2,0.55498,0.86921,0.22222,0.15972
7042,0,0,0.85425,0.76929,0.28837,0.28164
7043,0,1,0.50694,0.75289,0.67477,0.04745
7043,1,0,0.85194,0.80265,0.293,0.23724
7043,2,0,0.59375,0.59375,0.19329,0.09722
7044,0,0,0.66667,0.82407,0.14699,0.34722
7046,0,0,0.30035,0.70081,0.2662,0.21875
7047,0,3,0.78356,0.77025,0.40625,0.2419
7047,1,3,0.44097,0.32928,0.09838,0.07292
7047,2,3,0.62963,0.42419,0.60069,0.17245
7047,3,3,0.80324,0.13426,0.10532,0.0625
7047,4,3,0.93032,0.06346,0.13727,0.09914
7047,5,3,0.66146,0.03009,0.38426,0.06019
7047,6,0,0.16464,0.24891,0.32928,0.46078
7047,7,3,0.89907,0.54268,0.19977,0.12009
7047,8,3,0.72396,0.52257,0.17593,0.10995
7049,0,1,0.58218,0.72917,0.5081,0.05556
7050,0,3,0.74942,0.84491,0.17361,0.12037
7050,1,3,0.54803,0.35938,0.07639,0.09838
7050,2,3,0.68171,0.23322,0.07986,0.07986
7050,3,0,0.13223,0.31676,0.26447,0.56639
7050,4,0,0.73646,0.49617,0.525,0.98308
7051,0,2,0.59201,0.2228,0.21528,0.16319
7051,1,2,0.22049,0.56192,0.43519,0.72801
7052,0,3,0.93808,0.8478,0.07176,0.04514
7053,0,3,0.7853,0.65856,0.11111,0.05324
7055,0,3,0.81366,0.21933,0.31134,0.26273
7055,1,3,0.55845,0.26678,0.24537,0.27431
7055,2,3,0.78588,0.50463,0.13773,0.09491
7055,3,3,0.5434,0.64931,0.25463,0.28241
7055,4,3,0.3287,0.51852,0.10301,0.13889
7055,5,3,0.16667,0.53819,0.10764,0.11574
7055,6,3,0.72627,0.34664,0.16898,0.20255
7055,7,3,0.56887,0.06597,0.09259,0.03009
7055,8,3,0.44271,0.06829,0.18056,0.125
7055,9,3,0.35532,0.17477,0.06134,0.05324
7055,10,3,0.91782,0.36863,0.08449,0.06134
7059,0,3,0.84664,0.79977,0.09491,0.04167
7060,0,1,0.52373,0.65856,0.23843,0.03935
7060,1,1,0.33796,0.60764,0.05671,0.0162
7060,2,1,0.04659,0.70587,0.09317,0.05294
7062,0,0,0.71042,0.42194,0.57708,0.661
7062,1,1,0.34028,0.71817,0.66782,0.53356
7062,2,1,0.43692,0.19039,0.62269,0.14931
7063,0,0,0.1765,0.79109,0.08565,0.26736
7066,0,2,0.87798,0.88032,0.24091,0.23518
7066,1,0,0.21991,0.89352,0.22338,0.2037
7067,0,3,0.41782,0.31192,0.13773,0.04514
7067,1,0,0.33044,0.67882,0.12963,0.63773
7067,2,3,0.51678,0.36169,0.24306,0.06366
7068,0,0,0.19444,0.62789,0.28356,0.7419
7068,1,3,0.16551,0.32697,0.07523,0.05903
7070,0,3,0.2338,0.49942,0.46181,0.99884
7070,1,3,0.45023,0.19676,0.14005,0.09722
7070,2,3,0.88079,0.10995,0.09838,0.06944
7070,3,0,0.78912,0.28863,0.41968,0.568
7072,0,3,0.89592,0.76038,0.20503,0.11798
7072,1,3,0.4485,0.81076,0.05093,0.03356
7072,2,3,0.69907,0.83507,0.04977,0.02662
7073,0,2,0.88987,0.0627,0.2184,0.1092
7074,0,2,0.41725,0.40567,0.43056,0.29051
7074,1,1,0.40394,0.20891,0.40856,0.12616
7074,2,2,0.09491,0.5081,0.17245,0.28472
7074,3,1,0.78588,0.40741,0.42477,0.09722
7074,4,2,0.80613,0.26447,0.29861,0.16319
7074,5,0,0.76736,0.09838,0.16319,0.15741
7074,6,0,0.43461,0.77257,0.13194,0.18866
7075,0,1,0.37674,0.74595,0.70139,0.10764
7075,1,1,0.85764,0.92303,0.27662,0.15162
7075,2,0,0.4375,0.8831,0.2419,0.13194
7075,3,3,0.37326,0.66262,0.05787,0.03356
7075,4,3,0.3397,0.56887,0.01852,0.01736
7076,0,2,0.79109,0.39583,0.19213,0.09954
7076,1,3,0.95023,0.39062,0.06134,0.05208
7076,2,2,0.07436,0.7205,0.14873,0.20952
7076,3,2,0.64757,0.56713,0.22685,0.17824
7077,0,0,0.56771,0.80671,0.46296,0.375
7077,1,2,0.79225,0.85764,0.38657,0.27546
7081,0,0,0.614,0.46412,0.23611,0.67824
7081,1,2,0.45312,0.12269,0.21296,0.08333
7081,2,3,0.47743,0.25174,0.04398,0.04051
7083,0,2,0.62451,0.28439,0.74786,0.45766
7083,1,3,0.97405,0.58362,0.04878,0.04687
7083,2,2,0.8612,0.65834,0.27448,0.22178
7083,3,2,0.24016,0.74363,0.47222,0.24884
7084,0,3,0.95833,0.92303,0.04977,0.02199
7085,0,3,0.24711,0.7662,0.13194,0.09028
7085,1,3,0.40741,0.78299,0.12384,0.04051
7087,0,2,0.92865,0.12579,0.14086,0.1775
7088,0,0,0.65451,0.66319,0.30787,0.20602
7089,0,0,0.375,0.61001,0.33912,0.77789
7089,1,0,0.84757,0.53835,0.30278,0.65772
7089,2,3,0.0761,0.70059,0.1522,0.07016
7089,3,2,0.62847,0.15451,0.33449,0.09375
7089,4,2,0.6331,0.33218,0.1169,0.19676
7090,0,0,0.59954,0.32639,0.19329,0.64583
7090,1,3,0.91146,0.11516,0.06481,0.04282
7090,2,0,0.85631,0.12847,0.18205,0.25694
7090,3,0,0.33912,0.13368,0.17477,0.26042
7091,0,3,0.47627,0.02546,0.05324,0.02546
7091,1,2,0.78588,0.761,0.40856,0.28356
7091,2,0,0.33218,0.65509,0.08681,0.4537
7093,0,2,0.84144,0.886,0.30903,0.21181
7093,1,2,0.28356,0.87674,0.53125,0.23958
7094,0,2,0.68403,0.49826,0.61227,0.99421
7094,1,2,0.18403,0.59896,0.33218,0.79282
7095,0,3,0.78009,0.90162,0.04282,0.02315
7095,1,3,0.69676,0.83449,0.04051,0.03009
7095,2,3,0.97512,0.92245,0.02083,0.01157
7095,3,3,0.46586,0.98438,0.03935,0.01505
7095,4,3,0.18924,0.80845,0.02546,0.01968
7095,5,3,0.35822,0.79977,0.0162,0.02083
7095,6,3,0.74479,0.77604,0.02546,0.01736
7095,7,3,0.92998,0.88889,0.02546,0.01389
7095,8,3,0.5191,0.98611,0.02778,0.02083
7095,9,3,0.56887,0.96586,0.02083,0.0081
7095,10,3,0.71528,0.89468,0.01968,0.02083
7095,11,3,0.66493,0.89178,0.02083,0.01968
7095,12,3,0.04051,0.8478,0.02894,0.02199
7096,0,2,0.80648,0.66213,0.38495,0.4562
7096,1,1,0.11516,0.5897,0.22454,0.04282
7097,0,1,0.77951,0.55903,0.3125,0.06481
7097,1,2,0.33623,0.51562,0.14583,0.09606
7098,0,3,0.37326,0.94502,0.03241,0.02199
7098,1,3,0.49363,0.9647,0.03241,0.02431
7098,2,3,0.1713,0.91782,0.01736,0.01852
7098,3,3,0.20312,0.91088,0.01852,0.02315
7098,4,3,0.11574,0.79572,0.06134,0.03819
7098,5,3,0.07697,0.82928,0.05556,0.03819
7098,6,3,0.28646,0.7309,0.04398,0.01736
7098,7,3,0.3478,0.72627,0.03241,0.01736
7098,8,3,0.33333,0.74421,0.02431,0.00926
7098,9,3,0.21412,0.85185,0.03125,0.01157
7098,10,3,0.17708,0.75984,0.03356,0.02894
7098,11,3,0.05266,0.93345,0.02083,0.02199
7098,12,3,0.34375,0.89468,0.06597,0.03472
7098,13,3,0.4265,0.90046,0.02083,0.0162
7098,14,3,0.42361,0.87153,0.02199,0.01389
7098,15,3,0.54688,0.68808,0.03241,0.01505
7098,16,3,0.59375,0.82639,0.03356,0.01852
7098,17,3,0.73785,0.9103,0.02315,0.02199
7098,18,3,0.77778,0.89005,0.01968,0.01389
7098,19,3,0.26562,0.82928,0.04167,0.02662
7098,20,3,0.25058,0.74537,0.04398,0.03472
7099,0,3,0.40914,0.5,0.22917,0.14815
7099,1,3,0.79051,0.7309,0.08218,0.07292
7099,2,0,0.73322,0.63426,0.24306,0.29167
7099,3,0,0.14497,0.70347,0.28993,0.37454
7099,4,0,0.69502,0.28299,0.19444,0.12616
7100,0,2,0.63924,0.53061,0.71944,0.92928
7100,1,3,0.78472,0.33507,0.21412,0.17014
7100,2,3,0.52662,0.16667,0.06134,0.03009
7101,0,3,0.49942,0.90856,0.09722,0.07407
7102,0,2,0.49248,0.52894,0.96528,0.93981
7104,0,0,0.1441,0.21875,0.22685,0.23843
7105,0,0,0.84144,0.10417,0.13773,0.15509
7105,1,2,0.9369,0.1294,0.12495,0.13611
7105,2,3,0.61979,0.59259,0.02778,0.03009
7107,0,3,0.54745,0.20023,0.05903,0.02083
7107,1,3,0.33854,0.13368,0.12269,0.04051
7109,0,0,0.11661,0.34108,0.23322,0.26781
7109,1,0,0.70775,0.14873,0.19444,0.29282
7109,2,0,0.42882,0.13021,0.12731,0.23727
7109,3,1,0.49479,0.24595,0.98958,0.14699
7109,4,3,0.78704,0.56944,0.20949,0.04861
7109,5,0,0.87905,0.10069,0.23611,0.14583
7109,6,0,0.3287,0.61921,0.65162,0.74306
7110,0,0,0.20168,0.39778,0.40336,0.51546
7110,1,0,0.59259,0.24884,0.12153,0.48843
7111,0,1,0.35417,0.57407,0.64699,0.375
7111,1,0,0.92922,0.29255,0.1397,0.18927
7112,0,1,0.52894,0.33391,0.93634,0.09838
7112,1,0,0.21528,0.60822,0.42477,0.51505
7112,2,3,0.40683,0.10185,0.19676,0.05787
7112,3,0,0.80648,0.24404,0.38495,0.48577
7113,0,2,0.78241,0.4566,0.08912,0.0706
7113,1,3,0.90914,0.44676,0.03009,0.02546
7114,0,0,0.45312,0.78183,0.21065,0.42708
7114,1,3,0.90162,0.90394,0.04051,0.02083
7114,2,3,0.33449,0.73206,0.06597,0.03356
7116,0,3,0.4213,0.08218,0.06829,0.02315
7116,1,3,0.32118,0.16319,0.05324,0.02778
7117,0,0,0.42535,0.78646,0.21991,0.39931
7117,1,1,0.68113,0.79688,0.625,0.07986
7117,2,0,0.68345,0.59317,0.58796,0.21181
7118,0,2,0.66725,0.51736,0.51852,0.9375
7118,1,0,0.83681,0.40856,0.21644,0.74769
7118,2,0,0.38947,0.50984,0.50463,0.94097
7118,3,2,0.10475,0.28472,0.20602,0.17593
7118,4,1,0.48843,0.13021,0.96412,0.07523
7119,0,0,0.50231,0.53414,0.23264,0.16782
7119,1,0,0.86458,0.30556,0.26736,0.43056
7119,2,0,0.48727,0.19907,0.10301,0.1412
7120,0,2,0.86169,0.80729,0.24769,0.25579
7120,1,3,0.90336,0.75405,0.06019,0.04977
7121,0,0,0.50058,0.74537,0.46991,0.49769
7121,1,1,0.46586,0.6956,0.91667,0.11574
7122,0,1,0.40336,0.84549,0.7963,0.08218
7123,0,2,0.38252,0.79051,0.14352,0.1412
7123,1,2,0.70602,0.81366,0.37153,0.36574
7124,0,2,0.40799,0.5081,0.26157,0.14815
7124,1,0,0.06279,0.56491,0.12558,0.19001
7124,2,3,0.39873,0.07986,0.02083,0.01389
7126,0,0,0.54456,0.75289,0.19907,0.48727
7126,1,0,0.82674,0.58845,0.34444,0.14217
7130,0,0,0.33623,0.81134,0.1088,0.37037
7130,1,1,0.64005,0.87616,0.56829,0.09028
7130,2,1,0.50231,0.66782,0.41319,0.04861
7130,3,0,0.53819,0.58102,0.21875,0.09259
7132,0,0,0.90278,0.88079,0.19097,0.23611
7132,1,0,0.86088,0.17721,0.27616,0.3498
7132,2,0,0.82037,0.42912,0.35718,0.57583
7134,0,0,0.52431,0.66725,0.40856,0.66319
7134,1,0,0.70312,0.30093,0.22685,0.25
7134,2,1,0.58623,0.21701,0.42593,0.05671
7135,0,3,0.71123,0.82928,0.03472,0.02662
7135,1,3,0.6794,0.79051,0.02431,0.0162
7135,2,3,0.66493,0.76678,0.02315,0.01736
7135,3,3,0.65625,0.74884,0.04977,0.02083
7136,0,3,0.52488,0.06887,0.37731,0.13773
7136,1,2,0.81366,0.15509,0.17245,0.09491
7136,2,1,0.511,0.21701,0.89352,0.08449
7136,3,2,0.72396,0.57002,0.52083,0.57755
7137,0,3,0.81019,0.36863,0.05671,0.04282
7138,0,2,0.51505,0.55324,0.18171,0.19676
7138,1,3,0.5434,0.22801,0.11111,0.0463
7138,2,3,0.864,0.21875,0.11574,0.03935
7140,0,2,0.2441,0.73328,0.47592,0.53137
7140,1,2,0.7228,0.62037,0.21296,0.30093
7141,0,0,0.7581,0.35243,0.21644,0.24653
7141,1,3,0.9485,0.364,0.04398,0.04051
7142,0,0,0.45949,0.47801,0.21644,0.6713
7142,1,0,0.18258,0.40941,0.36516,0.60355
7142,2,1,0.10677,0.6653,0.21354,0.08755
7143,0,0,0.49595,0.89699,0.08102,0.19444
7143,1,1,0.78646,0.95833,0.42361,0.0787
7144,0,3,0.59954,0.60764,0.40394,0.1412
7144,1,3,0.58333,0.29398,0.10764,0.04861
7144,2,3,0.29919,0.19907,0.11343,0.04398
7144,3,0,0.4919,0.21875,0.08449,0.07176
7145,0,2,0.86574,0.61574,0.25579,0.61111
7146,0,0,0.59028,0.53067,0.23727,0.93171
7146,1,0,0.79259,0.32614,0.41273,0.50877
7146,2,2,0.43287,0.17824,0.14468,0.13657
7146,3,3,0.44387,0.75058,0.2037,0.1956
7146,4,3,0.93866,0.42361,0.07755,0.03704
7146,5,2,0.81655,0.21759,0.20139,0.14815
7146,6,3,0.74363,0.45833,0.1713,0.13889
7147,0,1,0.13137,0.95428,0.19907,0.06366
7148,0,0,0.1875,0.58275,0.37153,0.70023
7151,0,0,0.25984,0.62731,0.22685,0.72917
7151,1,2,0.8316,0.72049,0.31713,0.41782
7153,0,1,0.49711,0.46528,0.98843,0.10417
7153,1,3,0.34606,0.18113,0.18866,0.15394
7153,2,3,0.82037,0.12936,0.35718,0.24483
7153,3,2,0.20804,0.72197,0.41609,0.35599
7153,4,0,0.8015,0.63426,0.38426,0.70602
7153,5,3,0.43229,0.4213,0.14583,0.14815
7154,0,1,0.29919,0.77951,0.59722,0.07755
7154,1,0,0.50347,0.67303,0.27662,0.31134
7156,0,3,0.89553,0.19793,0.19525,0.15164
7157,0,4,0.29597,0.54668,0.59195,0.90202
7157,1,2,0.74753,0.62768,0.2631,0.28028
7157,2,3,0.64873,0.23572,0.07839,0.06765
7157,3,4,0.82915,0.29371,0.218,0.18149
7158,0,3,0.5774,0.94126,0.16204,0.08681
7159,0,0,0.75984,0.49306,0.45602,0.96296
7159,1,0,0.16371,0.72377,0.24691,0.54012
7160,0,3,0.21644,0.61053,0.14236,0.07986
7160,1,3,0.53241,0.64988,0.04514,0.03819
7160,2,1,0.45602,0.63773,0.90625,0.11343
7161,0,0,0.5515,0.61458,0.28935,0.32639
7161,1,2,0.51918,0.88109,0.95851,0.16033
7162,0,0,0.21759,0.32176,0.42014,0.52778
7163,0,1,0.73084,0.91409,0.50926,0.0463
7163,1,0,0.47042,0.75013,0.12731,0.46939
7164,0,0,0.31713,0.57697,0.09144,0.07755
7165,0,3,0.64236,0.37558,0.24653,0.23958
7165,1,4,0.15017,0.12608,0.30035,0.1784
7165,2,2,0.48244,0.73357,0.92901,0.46019
7165,3,0,0.89106,0.27214,0.1849,0.30295
7166,0,3,0.5272,0.79109,0.46528,0.17245
7166,1,3,0.16319,0.65336,0.18403,0.09606
7166,2,3,0.52141,0.53067,0.17361,0.17014
7167,0,2,0.72721,0.15625,0.54297,0.29557
7168,0,4,0.50289,0.49711,0.89554,0.91725
7170,0,2,0.51808,0.91667,0.9375,0.12442
7170,1,2,0.48958,0.59077,0.9747,0.38393
7172,0,0,0.67827,0.75077,0.54752,0.4784
7173,0,1,0.86382,0.97326,0.27028,0.05133
7173,1,2,0.25678,0.82773,0.48251,0.26631
7173,2,4,0.63502,0.61837,0.11744,0.05042
7174,0,2,0.50637,0.34259,0.94676,0.20833
7174,1,0,0.45949,0.46065,0.28125,0.58796
7175,0,3,0.80159,0.5806,0.39369,0.29778
7175,1,2,0.28472,0.62674,0.42245,0.28588
7176,0,0,0.76124,0.80058,0.24035,0.39572
7177,0,1,0.42535,0.27546,0.81481,0.1412
7177,1,1,0.50637,0.51968,0.96528,0.16667
7177,2,0,0.76776,0.29468,0.45797,0.36019
7178,0,1,0.13166,0.29299,0.26331,0.14087
7178,1,3,0.80208,0.36053,0.10301,0.07755
7178,2,3,0.12037,0.43113,0.06829,0.05903
7179,0,2,0.4865,0.63632,0.96451,0.67644
7179,1,2,0.54028,0.13958,0.31667,0.24722
7180,0,0,0.68133,0.85622,0.61085,0.25977
7181,0,1,0.50694,0.73322,0.97338,0.16782
7182,0,0,0.14815,0.30093,0.28588,0.27778
7182,1,2,0.50672,0.77726,0.92663,0.39712
7183,0,1,0.78084,0.96979,0.41652,0.05835
7183,1,1,0.87126,0.65959,0.17762,0.0601
7183,2,0,0.68029,0.77978,0.5008,0.42067
7184,0,2,0.52083,0.37905,0.9294,0.52662
7185,0,3,0.59298,0.8564,0.27505,0.25052
7186,0,3,0.88924,0.57647,0.21944,0.30341
7186,1,0,0.37847,0.40336,0.31829,0.77662
7186,2,4,0.14897,0.83267,0.29765,0.33258
7187,0,0,0.21138,0.64994,0.40248,0.69803
7187,1,0,0.83501,0.5,0.31121,0.96708
7188,0,0,0.88194,0.25174,0.15856,0.15162
7188,1,3,0.20081,0.08275,0.17361,0.10764
7189,0,1,0.50058,0.83102,0.99537,0.1412
7189,1,4,0.59747,0.19048,0.78274,0.37202
7190,0,2,0.2066,0.44155,0.39815,0.67245
7191,0,1,0.65052,0.91666,0.66989,0.1646
7193,0,3,0.41262,0.58218,0.25694,0.0625
7194,0,2,0.51505,0.53704,0.95255,0.89583
7195,0,3,0.44329,0.375,0.19329,0.49306
7195,1,3,0.21586,0.70718,0.35185,0.23148
7195,2,4,0.16377,0.28299,0.30324,0.47569
7196,0,4,0.41146,0.70428,0.66898,0.20949
7197,0,3,0.53193,0.20253,0.07876,0.07237
7197,1,3,0.8145,0.26745,0.10536,0.06386
7198,0,0,0.77059,0.43278,0.44127,0.73397
7198,1,0,0.43144,0.35863,0.13074,0.70047
7199,0,3,0.93924,0.68056,0.11806,0.09491
7200,0,3,0.40394,0.58275,0.09838,0.11458
7200,1,2,0.73611,0.25116,0.47569,0.48611
7201,0,0,0.22488,0.74876,0.10804,0.50041
7202,0,3,0.29659,0.76726,0.59317,0.19696
7202,1,3,0.7037,0.6684,0.11227,0.07523
7202,2,3,0.17419,0.66493,0.07639,0.04977
7202,3,0,0.49357,0.7572,0.30478,0.46553
7203,0,1,0.50752,0.34838,0.91898,0.05556
7203,1,2,0.62484,0.91224,0.33594,0.17344
7204,0,2,0.29803,0.5735,0.33333,0.43866
7204,1,3,0.87847,0.65914,0.21644,0.20023
7205,0,0,0.69097,0.70023,0.61227,0.38194
7206,0,1,0.59433,0.67419,0.14815,0.04282
7206,1,1,0.31713,0.86053,0.30903,0.07292
7206,2,0,0.19734,0.76157,0.1713,0.41204
7207,0,3,0.08612,0.18879,0.17224,0.36013
7207,1,3,0.78435,0.07049,0.20892,0.14099
7209,0,3,0.79803,0.1765,0.22454,0.11921
7209,1,2,0.81985,0.16908,0.35845,0.33584
7209,2,3,0.29051,0.32407,0.21181,0.34491
7209,3,2,0.58663,0.58456,0.82488,0.64366
7210,0,1,0.73438,0.65567,0.40509,0.01273
7210,1,1,0.8831,0.88831,0.21412,0.03819
7210,2,0,0.69088,0.78807,0.44772,0.41409
7210,3,4,0.09086,0.64135,0.18171,0.2137
7211,0,0,0.66262,0.49826,0.62963,0.95718
7211,1,3,0.12213,0.28741,0.09247,0.07547
7211,2,0,0.15827,0.55368,0.18389,0.47832
7212,0,0,0.21827,0.68173,0.05304,0.16895
7213,0,3,0.88239,0.14252,0.1992,0.12068
7213,1,3,0.93666,0.45009,0.12543,0.11734
7213,2,3,0.97162,0.6816,0.05552,0.22019
7214,0,2,0.1224,0.54075,0.24479,0.42545
7215,0,0,0.38828,0.76144,0.1167,0.47504
7216,0,3,0.05549,0.25901,0.11098,0.06788
7216,1,2,0.12256,0.20808,0.07716,0.04372
7217,0,4,0.43981,0.27141,0.46644,0.18403
7218,0,2,0.49948,0.40434,0.99896,0.74298
7219,0,3,0.43634,0.94292,0.60228,0.11104
7219,1,3,0.34892,0.65173,0.21307,0.21049
7222,0,1,0.77257,0.89988,0.44213,0.04977
7222,1,3,0.42708,0.82928,0.29977,0.34144
7223,0,3,0.38702,0.12946,0.18657,0.08396
7224,0,2,0.65162,0.54977,0.63079,0.89583
7224,1,0,0.22258,0.62011,0.20833,0.35821
7224,2,1,0.18304,0.77898,0.36607,0.13385
7225,0,3,0.36182,0.22258,0.07228,0.0372
7225,1,3,0.36235,0.1774,0.05846,0.02338
7225,2,3,0.97163,0.23313,0.05466,0.03279
7226,0,3,0.60772,0.47633,0.16217,0.22017
7226,1,3,0.75095,0.73082,0.16454,0.18939
7226,2,2,0.6527,0.50237,0.6901,0.97064
7227,0,3,0.40121,0.85834,0.23244,0.15625
7227,1,4,0.79861,0.86415,0.39965,0.26858
7228,0,0,0.13947,0.37442,0.26389,0.37384
7230,0,4,0.58681,0.43229,0.81829,0.65394
7231,0,3,0.6808,0.9426,0.20428,0.08482
7232,0,4,0.72049,0.54167,0.53472,0.86806
7233,0,1,0.38863,0.54508,0.56545,0.07651
7233,1,0,0.56705,0.13655,0.06599,0.10643
7233,2,0,0.44323,0.44607,0.0522,0.14908
7234,0,3,0.46817,0.09954,0.18519,0.08333
7234,1,0,0.34697,0.58038,0.19933,0.79861
7235,0,3,0.49362,0.09449,0.10842,0.05315
7236,0,3,0.22584,0.29167,0.27488,0.25463
7236,1,3,0.81277,0.22365,0.37237,0.41084
7236,2,3,0.28805,0.82046,0.33565,0.25608
7236,3,1,0.49197,0.89911,0.98394,0.0901
7236,4,0,0.73727,0.74667,0.16348,0.42969
7236,5,3,0.41898,0.05367,0.32552,0.09404
7237,0,0,0.43692,0.55556,0.15278,0.14583
7239,0,2,0.35822,0.14641,0.56944,0.22569
7239,1,2,0.81356,0.28741,0.2381,0.26679
7239,2,0,0.83079,0.56551,0.33633,0.53813
7239,3,0,0.47431,0.71042,0.18246,0.57708
7239,4,4,0.15593,0.72219,0.31186,0.53686
7240,0,3,0.18369,0.11285,0.31201,0.22569
7241,0,4,0.36247,0.86028,0.46229,0.20403
7242,0,3,0.41204,0.71296,0.20949,0.13657
7242,1,3,0.51085,0.94343,0.21412,0.05353
7243,0,0,0.26736,0.69329,0.16551,0.23148
7243,1,0,0.54074,0.78833,0.21541,0.42125
7244,0,1,0.51678,0.7662,0.73148,0.03009
7245,0,2,0.68433,0.89736,0.62822,0.18522
7245,1,0,0.203,0.80282,0.08135,0.18724
7247,0,4,0.52488,0.15972,0.26852,0.29398
7247,1,0,0.84086,0.6088,0.30787,0.73148
7247,2,3,0.06105,0.53292,0.12211,0.17028
7247,3,0,0.13831,0.80744,0.26476,0.36892
7247,4,0,0.51881,0.81684,0.12297,0.35301
7248,0,0,0.68374,0.73365,0.39497,0.50781
7248,1,0,0.13325,0.66204,0.21991,0.25752
7248,2,1,0.54123,0.57595,0.72627,0.11719
7250,0,2,0.5094,0.364,0.92303,0.59606
7250,1,3,0.31192,0.34881,0.18953,0.10561
7250,2,3,0.46166,0.44647,0.09838,0.1794
7250,3,3,0.59766,0.31698,0.1331,0.05353
7250,4,3,0.54413,0.2092,0.09838,0.05498
7251,0,0,0.30903,0.22859,0.60069,0.3206
7252,0,3,0.6603,0.16551,0.15972,0.11111
7252,1,3,0.32581,0.32581,0.15509,0.05208
7252,2,2,0.50651,0.55498,0.92593,0.8044
7253,0,3,0.12645,0.28104,0.25289,0.21338
7253,1,3,0.16898,0.52604,0.19329,0.08912
7254,0,0,0.25622,0.60127,0.19676,0.76389
7254,1,2,0.81684,0.5217,0.33709,0.39641
7255,0,3,0.40972,0.23843,0.12847,0.03935
7255,1,3,0.9456,0.2662,0.10532,0.03241
7255,2,3,0.15274,0.25748,0.30548,0.16654
7256,0,1,0.59722,0.16667,0.70718,0.09954
7256,1,2,0.55109,0.60976,0.87648,0.74498
7257,0,3,0.91493,0.68345,0.12963,0.10532
7258,0,2,0.2419,0.42593,0.41319,0.65972
7258,1,0,0.66816,0.15837,0.10217,0.31609
7259,0,4,0.47566,0.56826,0.91406,0.7538
7261,0,0,0.65191,0.74378,0.48756,0.49913
7261,1,0,0.08181,0.71211,0.16363,0.18342
7263,0,0,0.16822,0.44854,0.33644,0.70848
7263,1,0,0.64894,0.26608,0.17178,0.50804
7263,2,2,0.85179,0.17928,0.20833,0.2723
7263,3,0,0.64048,0.87923,0.42533,0.23946
7264,0,0,0.6286,0.77585,0.38452,0.44367
7264,1,1,0.49357,0.74113,0.97865,0.10674
7265,0,3,0.91088,0.48495,0.10764,0.08333
7266,0,4,0.81076,0.83565,0.3588,0.31944
7267,0,4,0.38495,0.07389,0.23222,0.14778
7268,0,3,0.22191,0.81826,0.44383,0.34467
7270,0,1,0.32697,0.79282,0.20833,0.02546
7271,0,0,0.06886,0.2432,0.13771,0.18661
7271,1,0,0.20551,0.04926,0.06356,0.06356
7272,0,0,0.62199,0.71707,0.20347,0.56377
7272,1,3,0.44154,0.57494,0.24022,0.16156
7272,2,3,0.26828,0.62915,0.14668,0.08291
7272,3,3,0.06399,0.62958,0.12798,0.06677
7272,4,3,0.12617,0.5154,0.25234,0.1424
7272,5,3,0.3294,0.40062,0.12649,0.07015
7272,6,3,0.24702,0.29486,0.26998,0.09035
7273,0,2,0.57494,0.53472,0.85012,0.92824
7274,0,0,0.28864,0.86458,0.15019,0.22771
7275,0,3,0.1522,0.39468,0.28704,0.23611
7275,1,3,0.36458,0.08218,0.06829,0.04167
7275,2,0,0.798,0.32067,0.37037,0.51724
7276,0,2,0.49355,0.50723,0.98132,0.97512
7277,0,3,0.90558,0.45539,0.03917,0.02651
7278,0,0,0.89547,0.09483,0.15445,0.12644
7278,1,0,0.08528,0.1446,0.1303,0.12924
7279,0,3,0.56771,0.28588,0.70833,0.4375
7279,1,2,0.2298,0.25789,0.45961,0.36931
7280,0,3,0.58981,0.85777,0.5111,0.20736
7280,1,3,0.57407,0.67766,0.13773,0.02199
7280,2,0,0.23536,0.70984,0.02349,0.07106
7281,0,0,0.1658,0.75792,0.3316,0.43945
7282,0,4,0.70209,0.79636,0.1343,0.07877
7282,1,4,0.37087,0.85511,0.29571,0.0749
7282,2,3,0.1639,0.79404,0.32781,0.40419
7284,0,2,0.48445,0.74769,0.91218,0.47685
7284,1,3,0.62734,0.18963,0.20961,0.1199
7285,0,0,0.86227,0.23032,0.15625,0.16204
7285,1,0,0.56366,0.22627,0.06829,0.18171
7285,2,3,0.69734,0.24884,0.08102,0.05787
7285,3,2,0.27315,0.22743,0.27894,0.29282
7285,4,0,0.93692,0.55961,0.08565,0.12847
7287,0,0,0.62612,0.82109,0.32873,0.35573
7287,1,3,0.17147,0.70646,0.09259,0.06321
7287,2,0,0.35659,0.80975,0.08888,0.37841
7287,3,0,0.11736,0.71458,0.19722,0.1875
7288,0,2,0.58507,0.40509,0.75231,0.65509
7289,0,0,0.22029,0.799,0.19547,0.38966
7289,1,3,0.64339,0.65882,0.09002,0.03987
7290,0,0,0.71759,0.72222,0.54051,0.46991
7290,1,0,0.08796,0.79745,0.17477,0.20833
7291,0,1,0.35706,0.70455,0.71412,0.12587
7291,1,0,0.70993,0.71712,0.57805,0.37509
7291,2,0,0.201,0.77006,0.07459,0.4321
7292,0,2,0.8225,0.9345,0.35187,0.12262
7293,0,3,0.32129,0.09166,0.64258,0.14741
7294,0,2,0.7147,0.29803,0.55324,0.49421
7295,0,0,0.6956,0.71007,0.59838,0.35532
7295,1,0,0.11632,0.86979,0.15741,0.16551
7296,0,0,0.13281,0.86184,0.26563,0.20348
7297,0,2,0.71213,0.89606,0.37651,0.20475
7298,0,0,0.14352,0.47106,0.28588,0.34722
7298,1,3,0.37095,0.63947,0.09028,0.06597
7298,2,2,0.51157,0.84664,0.93866,0.26273
7298,3,2,0.71412,0.3831,0.51736,0.625
7300,0,0,0.23402,0.75843,0.23411,0.48105
7301,0,2,0.76736,0.30324,0.36227,0.45602
7301,1,3,0.38831,0.06481,0.15046,0.1088
7302,0,4,0.29174,0.68432,0.54528,0.62095
7302,1,2,0.3886,0.21137,0.56279,0.26186
7303,0,2,0.62514,0.83999,0.73785,0.29803
7304,0,0,0.40017,0.71484,0.04774,0.23582
7304,1,2,0.8352,0.94216,0.32752,0.10596
7305,0,2,0.44423,0.65748,0.88845,0.67172
7306,0,0,0.34701,0.65055,0.2653,0.68848
7307,0,2,0.7791,0.86796,0.43535,0.23736
7309,0,0,0.44062,0.50625,0.03681,0.05833
7309,1,0,0.09306,0.69722,0.16944,0.175
7309,2,0,0.76319,0.56146,0.11111,0.06597
7309,3,0,0.59837,0.79533,0.29339,0.40725
7309,4,1,0.77519,0.69689,0.44754,0.08699
7310,0,2,0.43287,0.65104,0.19329,0.26736
7311,0,4,0.6441,0.71412,0.43981,0.24537
7311,1,0,0.76784,0.92598,0.141,0.14595
7311,2,0,0.4877,0.53255,0.10706,0.10272
7311,3,4,0.16291,0.64757,0.12587,0.08391
7312,0,2,0.49788,0.50879,0.99576,0.95978
7313,0,3,0.4267,0.74113,0.06301,0.12989
7313,1,3,0.46335,0.86651,0.09774,0.02829
7313,2,0,0.42605,0.94881,0.1003,0.1003
7313,3,3,0.51993,0.67683,0.21091,0.10674
7314,0,0,0.58789,0.62451,0.37598,0.7373
7315,0,4,0.51013,0.78139,0.70168,0.42679
7316,0,3,0.39236,0.81944,0.17245,0.19676
7317,0,0,0.55592,0.76312,0.4383,0.47168
7318,0,0,0.69907,0.74421,0.58449,0.39815
7318,1,0,0.10359,0.82407,0.17593,0.25694
7319,0,0,0.68634,0.40336,0.2581,0.53588
7320,0,0,0.37037,0.25231,0.38773,0.24537
7320,1,0,0.67188,0.61748,0.56713,0.3831
7321,0,0,0.33584,0.87771,0.3012,0.24146
7322,0,3,0.42477,0.50116,0.14931,0.12963
7324,0,1,0.28822,0.97391,0.39126,0.04906
7325,0,4,0.63021,0.51215,0.72222,0.76505
7325,1,3,0.07378,0.38218,0.14757,0.21017
7326,0,0,0.1345,0.68183,0.1992,0.27595
7326,1,2,0.71473,0.8326,0.45687,0.28874
7327,0,2,0.21701,0.64757,0.31019,0.33912
7328,0,0,0.85532,0.5463,0.27199,0.78935
7328,1,0,0.1603,0.67361,0.20833,0.49074
7328,2,3,0.67303,0.36169,0.23148,0.18403
7328,3,2,0.62674,0.19271,0.17593,0.12616
7328,4,4,0.49928,0.75246,0.22569,0.47309
7329,0,2,0.8397,0.29977,0.29167,0.13657
7330,0,2,0.59038,0.64936,0.74295,0.66636
7332,0,0,0.71875,0.37095,0.55903,0.59606
7332,1,3,0.29109,0.0787,0.07176,0.11111
7334,0,0,0.83102,0.82639,0.15162,0.21528
7334,1,1,0.1956,0.79282,0.1956,0.07639
7335,0,2,0.84815,0.52353,0.30162,0.25077
7335,1,0,0.59259,0.34838,0.19097,0.28472
7335,2,0,0.89178,0.80208,0.21296,0.29398
7335,3,0,0.7772,0.33623,0.15278,0.10532
7335,4,3,0.40741,0.23785,0.05671,0.25116
7336,0,1,0.43461,0.54282,0.38889,0.0787
7336,1,0,0.08333,0.74495,0.11556,0.20345
7336,2,3,0.72357,0.57518,0.14642,0.09532
7337,0,2,0.50877,0.38234,0.97934,0.17208
7337,1,2,0.50463,0.69792,0.98032,0.21065
7338,0,0,0.16377,0.49363,0.31944,0.17245
7339,0,0,0.73819,0.24465,0.52153,0.48236
7340,0,2,0.78333,0.30677,0.43125,0.22697
7340,1,0,0.27604,0.62384,0.34491,0.58333
7340,2,2,0.68808,0.7147,0.32639,0.47801
7342,0,0,0.7772,0.28241,0.20833,0.48843
7343,0,4,0.62924,0.7019,0.60185,0.58899
7344,0,1,0.19155,0.55556,0.28472,0.03935
7344,1,0,0.31694,0.32154,0.05362,0.40135
7345,0,3,0.73727,0.64583,0.31134,0.09954
7345,1,1,0.70139,0.68403,0.57523,0.37731
7347,0,2,0.36574,0.72685,0.64699,0.34259
7348,0,0,0.73611,0.71933,0.50347,0.30671
7348,1,0,0.19715,0.75206,0.2572,0.48868
7349,0,0,0.41705,0.7392,0.14403,0.50412
7349,1,1,0.5106,0.89819,0.97671,0.16813
7349,2,1,0.63931,0.61856,0.29387,0.03642
7350,0,4,0.39583,0.49769,0.74421,0.95602
7351,0,4,0.67014,0.48611,0.62847,0.93519
7352,0,1,0.58275,0.69039,0.5625,0.03819
7352,1,0,0.28733,0.74595,0.13166,0.48322
7354,0,2,0.25289,0.6522,0.25463,0.40625
7355,0,0,0.27307,0.576,0.44962,0.80145
7356,0,3,0.78752,0.35332,0.26254,0.2179
7356,1,3,0.61798,0.18591,0.1148,0.07653
7356,2,4,0.23214,0.17687,0.304,0.11798
7356,3,4,0.07037,0.42838,0.14073,0.11505
7356,4,0,0.89829,0.57082,0.20134,0.2086
7356,5,1,0.82472,0.1588,0.2838,0.05208
7356,6,1,0.47183,0.14126,0.16901,0.06165
7358,0,0,0.652,0.50106,0.59311,0.97258
7360,0,4,0.23799,0.20504,0.14562,0.10417
7360,1,3,0.96366,0.26797,0.0706,0.05359
7360,2,4,0.12457,0.63854,0.24915,0.38018
7360,3,3,0.68914,0.81193,0.49734,0.37406
7361,0,2,0.50075,0.49764,0.99641,0.99005
7362,0,3,0.88159,0.63924,0.12543,0.11161
7362,1,0,0.38892,0.78008,0.12861,0.42092
7363,0,0,0.57547,0.75032,0.34651,0.48682
7363,1,0,0.0879,0.70583,0.17581,0.12149
7364,0,4,0.36182,0.75935,0.71429,0.46875
7365,0,3,0.83695,0.46918,0.16156,0.12861
7365,1,2,0.30602,0.53242,0.5304,0.37202
7365,2,0,0.69983,0.19972,0.3125,0.39116
7365,3,0,0.61214,0.70142,0.06696,0.59311
7365,4,0,0.82898,0.76998,0.19026,0.44324
7367,0,0,0.59938,0.74128,0.51552,0.50914
7368,0,2,0.63094,0.05416,0.40643,0.10831
7368,1,4,0.95728,0.06831,0.08335,0.12252
7368,2,2,0.30817,0.55895,0.61325,0.88002
7368,3,0,0.74872,0.6318,0.23384,0.72598
7369,0,3,0.53189,0.03975,0.13393,0.07334
7369,1,0,0.69186,0.54889,0.34332,0.89605
7369,2,3,0.95197,0.17546,0.09398,0.10452
7369,3,4,0.13361,0.12789,0.26722,0.2475
7369,4,3,0.26828,0.62596,0.37202,0.23384
7369,5,4,0.16815,0.38727,0.33631,0.23291
7369,6,4,0.09428,0.87091,0.18856,0.24755
7370,0,4,0.19845,0.48443,0.3969,0.96057
7370,1,0,0.67538,0.5,0.31037,0.99384
7370,2,4,0.91795,0.49415,0.16201,0.74829
7371,0,3,0.5473,0.81091,0.10948,0.06378
7371,1,4,0.47449,0.89966,0.16794,0.0946
7372,0,3,0.53831,0.52235,0.07237,0.07769
7373,0,3,0.81781,0.03922,0.31037,0.07015
7373,1,3,0.78433,0.55315,0.42836,0.87691
7374,0,4,0.49841,0.49894,0.98835,0.98623
7375,0,4,0.23161,0.76892,0.45387,0.44749
7376,0,4,0.55417,0.73956,0.88853,0.50622
7377,0,4,0.80488,0.09902,0.38839,0.19315
7378,0,3,0.28369,0.64296,0.06696,0.10842
7378,1,3,0.40327,0.61161,0.05527,0.03933
7378,2,4,0.10938,0.63977,0.06909,0.04464
7378,3,0,0.18553,0.78907,0.1166,0.41977
7380,0,0,0.59779,0.7381,0.41879,0.51339
7381,0,4,0.69345,0.87468,0.07653,0.11905
7381,1,4,0.40753,0.92092,0.19133,0.14987
7382,0,0,0.25181,0.73863,0.10098,0.51233
7382,1,0,0.71812,0.66202,0.56167,0.27621
7382,2,1,0.65412,0.90497,0.68878,0.14349
7383,0,4,0.18622,0.33559,0.37245,0.66076
7383,1,4,0.75029,0.49846,0.49208,0.99692
7383,2,3,0.32462,0.8598,0.28699,0.27636
7384,0,4,0.56803,0.74554,0.84184,0.49851
7385,0,4,0.12107,0.77105,0.23703,0.26679
7385,1,0,0.87305,0.78674,0.25078,0.18551
7387,0,3,0.83814,0.23286,0.32247,0.46254
7388,0,0,0.59247,0.5372,0.44218,0.91305
7388,1,3,0.64562,0.02966,0.08078,0.04252
7389,0,3,0.20716,0.50372,0.17751,0.1148
7390,0,3,0.44951,0.72587,0.23491,0.20196
7390,1,2,0.24862,0.45004,0.49639,0.88329
7390,2,2,0.80422,0.40817,0.38948,0.72938
7391,0,0,0.35704,0.28901,0.70472,0.41879
7392,0,0,0.73941,0.45869,0.35593,0.62182
7392,1,4,0.42479,0.04714,0.27119,0.0911
7393,0,0,0.22949,0.7078,0.45812,0.40391
7393,1,0,0.75001,0.66405,0.4979,0.35681
7394,0,2,0.31186,0.52126,0.6165,0.94707
7395,0,2,0.37032,0.59566,0.47406,0.7855
7395,1,4,0.809,0.56495,0.37991,0.85163
7396,0,0,0.56803,0.7264,0.50808,0.53678
7397,0,4,0.50053,0.03444,0.69409,0.06484
7397,1,2,0.50106,0.53561,0.9949,0.92049
7398,0,4,0.20876,0.71524,0.40816,0.54634
7398,1,4,0.83216,0.81463,0.31144,0.3327
7399,0,3,0.42479,0.14142,0.11653,0.15254
7399,1,3,0.34587,0.51695,0.19809,0.21716
7401,0,0,0.83104,0.2839,0.29555,0.56462
7401,1,3,0.59693,0.4714,0.1303,0.19597
7401,2,3,0.32044,0.5286,0.10487,0.09216
7402,0,3,0.59088,0.07111,0.17963,0.07653
7402,1,2,0.50053,0.5659,0.99171,0.85353
7403,0,4,0.35438,0.7381,0.6994,0.51339
7404,0,1,0.51648,0.66901,0.50489,0.08822
7404,1,1,0.55952,0.77477,0.73767,0.06378
7404,2,4,0.10863,0.63977,0.21726,0.12117
7405,0,0,0.15221,0.75254,0.30442,0.40835
7406,0,4,0.42869,0.12963,0.61728,0.24585
7406,1,2,0.78306,0.35472,0.43202,0.42359
7407,0,0,0.75953,0.08739,0.14195,0.1589
7410,0,4,0.20445,0.17373,0.40042,0.33792
7410,1,1,0.6965,0.07362,0.46716,0.09322
7410,2,4,0.84185,0.24416,0.31505,0.23091
7410,3,4,0.26112,0.61901,0.52225,0.32806
7411,0,2,0.7059,0.49629,0.58612,0.99067
7412,0,4,0.32415,0.09481,0.38347,0.125
7412,1,4,0.0964,0.92605,0.1928,0.12646
7413,0,4,0.50159,0.76892,0.98533,0.45174
7414,0,4,0.49894,0.75776,0.99702,0.47832
7416,0,3,0.10863,0.71768,0.21726,0.14519
7416,1,3,0.17421,0.29486,0.19877,0.11373
7416,2,3,0.24224,0.04666,0.18814,0.06803
7416,3,3,0.44685,0.19122,0.29762,0.08929
7416,4,3,0.5845,0.28157,0.09673,0.06803
7416,5,3,0.70036,0.2635,0.12436,0.0659
7416,6,3,0.74819,0.35757,0.20089,0.09885
7417,0,4,0.13136,0.37083,0.26271,0.40162
7418,0,3,0.63446,0.56324,0.06696,0.03614
7418,1,4,0.85471,0.67332,0.2885,0.133
7419,0,0,0.07749,0.23533,0.12011,0.39009
7419,1,3,0.25925,0.73172,0.26042,0.23065
7419,2,3,0.62596,0.62543,0.18601,0.17538
7419,3,3,0.44685,0.32621,0.06803,0.0659
7420,0,3,0.25691,0.54747,0.51382,0.39718
7422,0,0,0.80581,0.63122,0.38629,0.72694
7422,1,1,0.30442,0.26828,0.60162,0.09673
7423,0,3,0.39902,0.90497,0.24872,0.17751
7424,0,0,0.12107,0.28954,0.23916,0.23491
7425,0,0,0.36023,0.82898,0.3327,0.32951
7426,0,3,0.4612,0.64456,0.06484,0.08185
7426,1,3,0.62861,0.70142,0.09141,0.05952
7426,2,0,0.84249,0.79324,0.31295,0.20063
7426,3,0,0.13542,0.64509,0.26786,0.24447
7427,0,3,0.40009,0.54943,0.13605,0.11692
7427,1,0,0.3395,0.80878,0.24235,0.37202
7427,2,3,0.79496,0.3868,0.09247,0.08078
7427,3,0,0.89913,0.64084,0.17538,0.38903
7427,4,4,0.36533,0.21272,0.73065,0.40768
7428,0,3,0.35066,0.74713,0.16688,0.07866
7429,0,4,0.5,0.49894,0.99153,0.98835
7430,0,3,0.34394,0.9525,0.10454,0.09187
7431,0,2,0.49947,0.50691,0.99171,0.97789
7433,0,0,0.64908,0.66684,0.15785,0.66424
7433,1,0,0.8784,0.64722,0.2381,0.70153
7434,0,4,0.39955,0.29964,0.30931,0.10204
7435,0,0,0.68145,0.66666,0.63501,0.35139
7436,0,2,0.50372,0.50159,0.98746,0.98852
7437,0,1,0.35332,0.75032,0.58673,0.16582
7437,1,0,0.58238,0.56431,0.17326,0.19345
7437,2,0,0.83504,0.46816,0.32783,0.12872
7437,3,0,0.82548,0.81529,0.34696,0.28725
7439,0,4,0.30708,0.79284,0.60693,0.40604
7439,1,4,0.80559,0.60842,0.37521,0.20727
7440,0,2,0.13839,0.64364,0.27679,0.64549
7441,0,3,0.31611,0.17156,0.08929,0.03933
7441,1,4,0.14902,0.33374,0.29804,0.24889
7442,0,0,0.09821,0.69239,0.12543,0.0861
7443,0,4,0.49894,0.44466,0.99191,0.88442
7444,0,0,0.54458,0.75081,0.51645,0.4963
7445,0,3,0.57972,0.64031,0.0659,0.04783
7445,1,4,0.23671,0.81279,0.47343,0.36091
7446,0,0,0.2635,0.69345,0.10523,0.12649
7447,0,4,0.32355,0.94962,0.1148,0.08822
7449,0,3,0.2146,0.53082,0.32419,0.31994
7450,0,0,0.77154,0.71541,0.45379,0.3426
7451,0,4,0.14636,0.77558,0.29273,0.23335
7452,0,3,0.0579,0.1367,0.11579,0.17273
7453,0,0,0.88181,0.69567,0.23429,0.11817
7454,0,0,0.15678,0.30718,0.31356,0.44169
7455,0,0,0.94984,0.89852,0.09824,0.08169
7458,0,1,0.13877,0.10778,0.27754,0.09482
7459,0,0,0.37139,0.73756,0.5506,0.51871
7460,0,3,0.50266,0.73172,0.06909,0.03508
7461,0,0,0.2619,0.94537,0.12755,0.10523
7461,1,3,0.89169,0.68867,0.08185,0.06378
7461,2,4,0.74341,0.71577,0.20833,0.14349
7462,0,2,0.19915,0.26165,0.31356,0.35064
7462,1,0,0.92395,0.24936,0.15086,0.18833
7462,2,0,0.6785,0.55508,0.23411,0.49258
7463,0,0,0.68836,0.75872,0.62119,0.47173
7463,1,3,0.16199,0.62755,0.0744,0.06484
7464,0,3,0.95441,0.14268,0.08933,0.09103
7465,0,0,0.85046,0.60797,0.297,0.521
7466,0,4,0.5,0.55687,0.99065,0.87798
7467,0,2,0.7904,0.37521,0.41711,0.74001
7467,1,4,0.20642,0.31935,0.41284,0.6219
7467,2,0,0.61666,0.87836,0.11002,0.2412
7468,0,3,0.75935,0.67751,0.28061,0.14349
7468,1,3,0.55368,0.59194,0.06271,0.04252
7468,2,3,0.48512,0.67166,0.09354,0.04677
7468,3,4,0.30655,0.67166,0.24872,0.09354
7468,4,0,0.25234,0.86139,0.22534,0.20727
7469,0,4,0.16943,0.37139,0.25723,0.15412
7469,1,4,0.20004,0.14243,0.40009,0.27869
7470,0,2,0.48724,0.02328,0.08078,0.04039
7470,1,4,0.2821,0.0541,0.18282,0.10417
7471,0,4,0.85183,0.67273,0.09141,0.07653
7472,0,4,0.2318,0.35366,0.45977,0.6854
7472,1,4,0.57184,0.04502,0.18199,0.08514
7473,0,0,0.86693,0.41225,0.26405,0.40592
7473,1,3,0.7365,0.02328,0.17963,0.04464
7473,2,3,0.53401,0.02168,0.07866,0.03082
7473,3,0,0.61373,0.02647,0.0574,0.05102
7473,4,3,0.59673,0.16837,0.54422,0.24128
7473,5,0,0.3852,0.58982,0.17857,0.55272
7474,0,3,0.79449,0.09587,0.37288,0.18008
7474,1,4,0.29714,0.50477,0.59428,0.98729
7474,2,4,0.80032,0.65466,0.39089,0.68326
7475,0,0,0.62011,0.5,0.72491,0.97895
7475,1,0,0.17687,0.12798,0.13605,0.2179
7476,0,2,0.37032,0.56537,0.34226,0.32313
7476,1,4,0.79014,0.70065,0.41659,0.57242
7477,0,2,0.6485,0.49746,0.70091,0.97601
7477,1,2,0.17262,0.19016,0.24447,0.19345
7477,2,2,0.15036,0.90227,0.28899,0.19337
7478,0,1,0.11926,0.52443,0.23852,0.07757
7479,0,1,0.91636,0.47672,0.1652,0.06931
7480,0,3,0.58131,0.61905,0.10523,0.07972
7480,1,3,0.47821,0.81888,0.13074,0.13924
7480,2,0,0.80316,0.79684,0.3916,0.25674
7480,3,0,0.45961,0.55474,0.13393,0.10842
7481,0,4,0.84967,0.87441,0.29754,0.24392
7482,0,0,0.79093,0.75527,0.41605,0.29689
7483,0,1,0.64084,0.77158,0.68771,0.12755
7483,1,0,0.255,0.86139,0.0861,0.26892
7484,0,3,0.67113,0.06898,0.34651,0.12117
7484,1,3,0.6233,0.20823,0.1233,0.08078
7484,2,3,0.33631,0.05038,0.14668,0.07972
7484,3,2,0.50372,0.6233,0.98533,0.74298
7486,0,4,0.85767,0.81516,0.27317,0.17645
7487,0,3,0.77013,0.25689,0.15678,0.20551
7489,0,4,0.53401,0.83854,0.69515,0.31675
7490,0,0,0.54783,0.77105,0.304,0.45387
7491,0,0,0.81166,0.19612,0.3746,0.38607
7491,1,0,0.45428,0.66684,0.30829,0.66424
7491,2,0,0.88106,0.79177,0.2179,0.40179
7491,3,4,0.14636,0.49838,0.29273,0.55054
7492,0,2,0.50213,0.49947,0.99065,0.98639
7493,0,0,0.43197,0.54411,0.35502,0.89923
7494,0,0,0.7078,0.75829,0.57929,0.47513
7495,0,0,0.73084,0.83505,0.24272,0.32678
7496,0,0,0.49575,0.57175,0.29762,0.25085
7497,0,4,0.49841,0.49947,0.99596,0.98214
7499,0,0,0.7494,0.77234,0.30323,0.4522
7500,0,0,0.67426,0.40625,0.2786,0.4322
7500,1,2,0.57574,0.0429,0.08581,0.07627
7500,2,0,0.69051,0.02622,0.09356,0.05244
7500,3,0,0.14989,0.51642,0.13453,0.23941
7500,4,4,0.11653,0.10813,0.23305,0.2152
7501,0,2,0.49575,0.50638,0.98639,0.98321
7503,0,4,0.5,0.67007,0.9949,0.65157
7504,0,4,0.70822,0.86215,0.3765,0.27257
7508,0,2,0.34747,0.50425,0.68984,0.97258
7509,0,4,0.49894,0.50159,0.99065,0.99277
7510,0,0,0.58606,0.58074,0.81837,0.83644
7511,0,4,0.13946,0.67401,0.27891,0.26831
7511,1,4,0.38308,0.90551,0.75893,0.1807
7512,0,4,0.33525,0.9156,0.37202,0.16263
7515,0,4,0.70568,0.50159,0.58355,0.99065
7515,1,4,0.1942,0.40372,0.38839,0.77364
7516,0,4,0.17028,0.35627,0.34056,0.3875
7516,1,4,0.72849,0.51355,0.53989,0.65529
7517,0,4,0.76357,0.70735,0.46974,0.25632
7518,0,0,0.79337,0.57547,0.30825,0.48576
7519,0,4,0.77977,0.60266,0.43837,0.15748
7520,0,4,0.50103,0.78196,0.99482,0.42468
7522,0,4,0.3969,0.8327,0.28486,0.30293
7523,0,2,0.49947,0.49894,0.99384,0.99384
7524,0,0,0.66847,0.86139,0.19664,0.26892
7525,0,4,0.16261,0.25128,0.32521,0.49303
7525,1,0,0.82596,0.3727,0.34683,0.74435
7526,0,3,0.21195,0.30123,0.14031,0.07122
7527,0,1,0.3808,0.02373,0.3576,0.04683
7527,1,3,0.11858,0.02464,0.15194,0.04928
7527,2,2,0.27767,0.45652,0.55534,0.80535
7527,3,4,0.77884,0.05194,0.41507,0.09472
7527,4,0,0.77827,0.29179,0.4416,0.28494
7528,0,4,0.50015,0.46843,0.99691,0.12028
7529,0,0,0.2214,0.3279,0.4428,0.57212
7530,0,3,0.69345,0.85077,0.11054,0.06696
7530,1,4,0.09906,0.82991,0.19813,0.17832
7530,2,4,0.85821,0.72853,0.14456,0.06059
7530,3,4,0.83695,0.83163,0.1318,0.09035
7530,4,4,0.45536,0.6605,0.23597,0.1031
7530,5,4,0.60417,0.54677,0.16794,0.08185
7530,6,4,0.94586,0.57863,0.10516,0.10943
7531,0,1,0.50315,0.89089,0.99057,0.12382
7532,0,0,0.46126,0.89883,0.10535,0.19922
7532,1,4,0.77795,0.89328,0.15625,0.13712
7532,2,4,0.20429,0.8335,0.40859,0.32581
7533,0,3,0.22949,0.26988,0.44962,0.17007
7534,0,0,0.68442,0.745,0.62819,0.50383
7535,0,4,0.73168,0.49799,0.53539,0.99069
7536,0,4,0.42985,0.87787,0.42942,0.24022
7536,1,4,0.85377,0.83186,0.28662,0.33315
7537,0,4,0.22435,0.13442,0.3576,0.24479
7537,1,4,0.80488,0.05243,0.38839,0.09358
7538,0,0,0.32348,0.74921,0.20847,0.49949
7538,1,0,0.74576,0.58429,0.5064,0.15901
7539,0,4,0.50198,0.83611,0.70183,0.32465
7540,0,4,0.31218,0.80736,0.62436,0.34792
7541,0,0,0.70324,0.78689,0.59143,0.36863
7542,0,3,0.20429,0.24846,0.40859,0.36108
7542,1,3,0.58025,0.0254,0.15412,0.04889
7542,2,2,0.82867,0.80349,0.34058,0.38909
7542,3,4,0.83132,0.29965,0.33527,0.59521
7543,0,2,0.82867,0.78261,0.34058,0.4281
7543,1,0,0.47821,0.53667,0.25616,0.91412
7543,2,0,0.80369,0.3802,0.39054,0.36308
7543,3,4,0.16497,0.46649,0.32993,0.85241
7545,0,1,0.71259,0.23214,0.21046,0.08185
7546,0,2,0.26616,0.06048,0.44643,0.1148
7546,1,0,0.26509,0.38148,0.43155,0.51658
7546,2,1,0.74204,0.16534,0.51384,0.08217
7546,3,1,0.74416,0.39517,0.50959,0.15918
7546,4,1,0.75426,0.66044,0.48939,0.15188
7546,5,0,0.31561,0.82309,0.19659,0.35174
7548,0,0,0.23884,0.46678,0.47768,0.8296
7549,0,0,0.40315,0.18444,0.12346,0.14261
7549,1,4,0.16805,0.25882,0.3361,0.49785
7550,0,4,0.20536,0.80353,0.41071,0.37214
7551,0,4,0.15115,0.6831,0.3023,0.35025
7552,0,3,0.62224,0.56962,0.05102,0.05952
7552,1,4,0.89085,0.6981,0.21622,0.11666
7553,0,0,0.22683,0.73225,0.35502,0.53146
7554,0,4,0.14477,0.46451,0.28954,0.30849
7554,1,3,0.68707,0.2736,0.15944,0.05421
7555,0,1,0.54836,0.74341,0.62819,0.07759
7555,1,2,0.44142,0.90918,0.29573,0.17955
7555,2,3,0.95227,0.93367,0.09247,0.12224
7555,3,0,0.28051,0.63233,0.1031,0.14031
7555,4,0,0.18697,0.87681,0.09035,0.2381
7555,5,2,0.0693,0.77964,0.13861,0.42216
7557,0,3,0.31771,0.63659,0.1605,0.10842
7557,1,4,0.68389,0.81888,0.62075,0.34545
7558,0,3,0.54736,0.07322,0.13304,0.09685
7558,1,3,0.75436,0.0381,0.23201,0.06492
7558,2,0,0.36643,0.48404,0.44593,0.71201
7559,0,3,0.51116,0.17368,0.14349,0.07334
7559,1,4,0.84036,0.26328,0.3172,0.23341
7559,2,0,0.55527,0.58663,0.25085,0.8142
7559,3,0,0.75457,0.34906,0.39435,0.39222
7559,4,3,0.93496,0.58419,0.128,0.0844
7559,5,3,0.4139,0.28688,0.06803,0.04039
7559,6,3,0.54783,0.23321,0.06803,0.06059
7559,7,4,0.19154,0.45907,0.38308,0.73341
7560,0,1,0.26775,0.59885,0.40497,0.08822
7560,1,0,0.64934,0.85289,0.30293,0.24766
7561,0,0,0.84886,0.41007,0.30019,0.81823
7561,1,0,0.34694,0.29273,0.38053,0.56229
7562,0,0,0.56537,0.8699,0.19877,0.23916
7562,1,0,0.76613,0.92221,0.12196,0.15246
7563,0,3,0.83157,0.27542,0.16737,0.14513
7563,1,3,0.81144,0.10911,0.17797,0.16843
7563,2,3,0.92501,0.84476,0.14874,0.29015
7563,3,3,0.92659,0.09026,0.14556,0.16675
7564,0,3,0.89988,0.41498,0.19815,0.1414
7564,1,3,0.95037,0.65534,0.09717,0.06727
7566,0,0,0.66635,0.27944,0.0946,0.55697
7566,1,0,0.90413,0.14783,0.18965,0.29375
7566,2,4,0.26509,0.32302,0.51446,0.63776
7567,0,0,0.652,0.41337,0.47832,0.80995
7567,1,3,0.80453,0.05198,0.12436,0.05527
7569,0,0,0.49311,0.39928,0.31277,0.65204
7569,1,0,0.68993,0.20256,0.61736,0.39642
7569,2,1,0.50121,0.72086,0.99479,0.08443
7570,0,3,0.21992,0.6977,0.08397,0.06696
7570,1,3,0.03263,0.715,0.06526,0.05905
7571,0,0,0.21663,0.17638,0.2786,0.34322
7571,1,3,0.40731,0.04873,0.19386,0.05614
7572,0,4,0.42719,0.804,0.84715,0.38159
7573,0,3,0.19154,0.73805,0.38308,0.45378
7574,0,0,0.85976,0.73897,0.27735,0.19414
7574,1,0,0.19579,0.77851,0.39158,0.30936
7574,2,1,0.25287,0.89062,0.34545,0.03614
7574,3,1,0.79071,0.85767,0.30719,0.0574
7578,0,2,0.61331,0.39178,0.77153,0.77867
7579,0,2,0.45748,0.35438,0.33588,0.09247
7579,1,3,0.95356,0.32386,0.0908,0.08884
7580,0,3,0.57547,0.46599,0.32526,0.18389
7580,1,3,0.95037,0.4384,0.09717,0.11383
7580,2,3,0.20801,0.54024,0.41603,0.19634
7580,3,3,0.74979,0.37032,0.21471,0.09035
7580,4,3,0.75032,0.2061,0.17751,0.08716
7580,5,3,0.38892,0.1774,0.20302,0.07228
7580,6,3,0.53348,0.12266,0.14137,0.0861
7580,7,3,0.2162,0.37032,0.32738,0.11798
7580,8,3,0.8598,0.52126,0.11373,0.11586
7580,9,3,0.90338,0.81835,0.18814,0.35714
7580,10,2,0.21939,0.06952,0.35714,0.13074
7580,11,2,0.68867,0.09556,0.15625,0.12755
7580,12,0,0.59088,0.2619,0.13074,0.17326
7581,0,3,0.54571,0.40115,0.3125,0.19239
7581,1,0,0.88022,0.49203,0.23748,0.81421
7581,2,0,0.30283,0.57706,0.43474,0.83546
7581,3,0,0.41709,0.77211,0.18495,0.44749
7581,4,1,0.49787,0.31983,0.9949,0.24872
7581,5,2,0.62011,0.20504,0.22959,0.15731
7583,0,1,0.43038,0.68761,0.32207,0.11692
7586,0,3,0.67667,0.61228,0.0894,0.12346
7586,1,0,0.65645,0.4569,0.06173,0.18519
7586,2,3,0.04672,0.71307,0.09344,0.16114
7586,3,4,0.48404,0.39836,0.26181,0.23627
7587,0,3,0.93259,0.3914,0.13296,0.16487
7587,1,3,0.39464,0.74106,0.22989,0.29587
7587,2,3,0.53033,0.3973,0.10536,0.28097
7587,3,3,0.63304,0.45477,0.07024,0.09791
7589,0,0,0.8773,0.80581,0.24227,0.25128
7590,0,3,0.57334,0.25074,0.0574,0.04252
7592,0,3,0.29237,0.07203,0.40042,0.11123
7593,0,4,0.63074,0.11841,0.22747,0.12649
7593,1,4,0.37085,0.05623,0.12649,0.09354
7594,0,3,0.10831,0.57706,0.13712,0.15306
7595,0,0,0.51277,0.49095,0.25117,0.8046
7595,1,0,0.50053,0.04502,0.06492,0.08514
7596,0,1,0.46492,0.78221,0.47619,0.05315
7596,1,0,0.78668,0.58818,0.42455,0.1349
7599,0,4,0.42231,0.25043,0.20009,0.42358
7599,1,4,0.92727,0.14368,0.1436,0.08238
7600,0,2,0.7819,0.33201,0.43412,0.65999
7600,1,0,0.28028,0.61475,0.41392,0.76841
7602,0,3,0.64952,0.07595,0.50525,0.15189
7602,1,2,0.80688,0.27812,0.38416,0.23545
7602,2,2,0.0879,0.41576,0.17581,0.32791
7602,3,2,0.5,0.79974,0.98214,0.38584
7603,0,3,0.31027,0.28051,0.06059,0.0574
7603,1,3,0.55527,0.26084,0.05527,0.04571
7605,0,2,0.31399,0.84651,0.30825,0.30293
7606,0,0,0.79109,0.85359,0.38079,0.28125
7606,1,0,0.52546,0.63773,0.17593,0.16667
7607,0,2,0.61441,0.47659,0.76522,0.90358
7608,0,4,0.48464,0.11388,0.09428,0.13983
7608,1,3,0.7447,0.84693,0.11229,0.10381
7608,2,3,0.59958,0.59587,0.09746,0.08051
7609,0,0,0.42506,0.53933,0.22003,0.91305
7610,0,4,0.45158,0.14666,0.46083,0.12665
7610,1,4,0.14347,0.17007,0.13197,0.12878
7610,2,3,0.83791,0.12112,0.04576,0.04151
7611,0,0,0.24042,0.38964,0.48084,0.73181
7612,0,0,0.21439,0.479,0.42878,0.67547
7613,0,1,0.66422,0.80081,0.61756,0.12011
7613,1,0,0.37413,0.76781,0.0668,0.46229
7614,0,4,0.27413,0.22364,0.54103,0.23916
7615,0,4,0.50213,0.46807,0.98765,0.92699
7617,0,3,0.60736,0.21514,0.10629,0.07334
7617,1,3,0.49469,0.16465,0.15944,0.06378
7617,2,2,0.49681,0.62649,0.99277,0.74086
7618,0,3,0.47871,0.12218,0.26394,0.17561
7618,1,0,0.39783,0.50479,0.31928,0.57046
7618,2,3,0.8874,0.02373,0.05747,0.03619
7620,0,3,0.34694,0.69717,0.16794,0.05315
7620,1,4,0.12192,0.7951,0.24384,0.19585
7621,0,0,0.38733,0.72321,0.1807,0.54315
7621,1,2,0.80453,0.54836,0.37946,0.89286
7622,0,0,0.91636,0.33029,0.1652,0.19098
7622,1,3,0.24065,0.47555,0.10842,0.07972
7624,0,4,0.63233,0.74766,0.58992,0.3986
7625,0,0,0.51382,0.89807,0.10629,0.19558
7627,0,0,0.32249,0.71684,0.1233,0.16263
7629,0,4,0.50744,0.82366,0.96939,0.34014
7630,0,3,0.55421,0.28104,0.16794,0.09673
7630,1,3,0.32887,0.37936,0.10629,0.1148
7630,2,3,0.09216,0.29312,0.18431,0.22505
7630,3,0,0.81751,0.24015,0.3629,0.46777
7631,0,2,0.50129,0.51731,0.99534,0.85079
7632,0,0,0.47449,0.53614,0.17857,0.50489
7632,1,0,0.68867,0.49894,0.23916,0.98958
7632,2,0,0.87039,0.10039,0.16908,0.20079
7632,3,0,0.20185,0.42241,0.40285,0.83865
7634,0,0,0.45429,0.21354,0.15094,0.42304
7634,1,0,0.12179,0.24655,0.16542,0.49309
7634,2,3,0.77105,0.36767,0.13393,0.17645
7634,3,0,0.80612,0.18325,0.35077,0.30506
7634,4,3,0.23958,0.53136,0.19133,0.10417
7634,5,3,0.8125,0.68654,0.32738,0.14243
7634,6,3,0.10225,0.75461,0.20451,0.3147
7634,7,0,0.57175,0.74872,0.29656,0.29018
7634,8,3,0.80719,0.52392,0.2381,0.15306
7634,9,3,0.93686,0.81941,0.08716,0.07653
7635,0,0,0.1976,0.75032,0.1605,0.43155
7635,1,0,0.69368,0.63825,0.61057,0.29032
7636,0,1,0.75085,0.67963,0.25723,0.0946
7636,1,0,0.76562,0.85764,0.25579,0.26852
7636,2,0,0.5816,0.64525,0.09838,0.1331
7637,0,0,0.29858,0.64987,0.14775,0.68771
7638,0,3,0.49628,0.50159,0.98321,0.99065
7639,0,0,0.37761,0.58287,0.22715,0.83219
7639,1,3,0.51116,0.0371,0.13712,0.06165
7639,2,0,0.73065,0.10619,0.11267,0.17432
7639,3,3,0.90497,0.26297,0.12543,0.09673
7639,4,3,0.95037,0.39679,0.09717,0.10077
7639,5,3,0.56218,0.14339,0.21365,0.08929
7639,6,0,0.90444,0.14126,0.10948,0.14668
7639,7,0,0.9509,0.53233,0.09611,0.15927
7639,8,3,0.64296,0.23746,0.21365,0.09247
7639,9,3,0.74607,0.40699,0.05421,0.04889
7639,10,3,0.60523,0.4256,0.21259,0.2264
7639,11,4,0.16146,0.44207,0.31781,0.321
7640,0,3,0.51384,0.10249,0.12771,0.13836
7640,1,4,0.707,0.08812,0.19264,0.14368
7641,0,3,0.38095,0.62277,0.0574,0.0744
7641,1,3,0.49469,0.6318,0.09566,0.05634
7642,0,0,0.54571,0.50638,0.1977,0.9747
7642,1,3,0.97269,0.22093,0.05253,0.07004
7642,2,0,0.82791,0.5202,0.33907,0.94281
7643,0,3,0.23639,0.65306,0.27423,0.19239
7643,1,3,0.87202,0.62649,0.22959,0.20514
7643,2,3,0.67591,0.82632,0.25616,0.27742
7643,3,0,0.55744,0.10199,0.26778,0.20398
7643,4,3,0.31611,0.19175,0.15519,0.10098
7643,5,0,0.06633,0.14286,0.1318,0.2838
7644,0,0,0.89142,0.33633,0.21081,0.66314
7644,1,4,0.21981,0.31174,0.43962,0.43175
7645,0,2,0.31239,0.30708,0.60693,0.60374
7645,1,3,0.77264,0.11416,0.14562,0.12011
7645,2,2,0.84173,0.69983,0.30719,0.58992
7645,3,4,0.34056,0.80453,0.67389,0.38053
7646,0,0,0.27413,0.3395,0.54528,0.65582
7646,1,2,0.64403,0.49841,0.69622,0.98427
7649,0,3,0.5946,0.74607,0.0659,0.04039
7650,0,3,0.42497,0.5745,0.14794,0.16496
7650,1,3,0.52235,0.36963,0.12771,0.09579
7650,2,3,0.78789,0.02001,0.15645,0.03725
7651,0,0,0.72685,0.864,0.40741,0.26736
7651,1,1,0.85075,0.81855,0.29641,0.10364
7651,2,0,0.42303,0.63947,0.19329,0.17708
7651,3,1,0.18634,0.68994,0.37269,0.05993
7651,4,0,0.78414,0.65799,0.42477,0.15394
7653,0,1,0.31162,0.34728,0.31928,0.06811
7654,0,1,0.77658,0.87662,0.44475,0.09316
7657,0,3,0.20929,0.7753,0.38159,0.30506
7657,1,2,0.44587,0.91317,0.52736,0.17053
7657,2,3,0.54624,0.6892,0.05846,0.07122
7658,0,2,0.35473,0.48989,0.68433,0.56407
7658,1,0,0.6176,0.10409,0.10536,0.18412
7658,2,3,0.34408,0.07003,0.21179,0.13942
7659,0,0,0.72511,0.35699,0.14089,0.27013
7660,0,2,0.80741,0.58715,0.3831,0.15197
7662,0,3,0.53352,0.44572,0.12239,0.12239
7662,1,3,0.80811,0.08599,0.06066,0.05002
7662,2,3,0.91826,0.07109,0.12346,0.07556
7663,0,4,0.26031,0.52923,0.32844,0.39328
7664,0,0,0.40699,0.51966,0.2264,0.73767
7664,1,0,0.8226,0.33259,0.34545,0.65901
7665,0,1,0.76042,0.84545,0.29337,0.07334
7665,1,3,0.64031,0.67326,0.05527,0.03295
7666,0,3,0.90072,0.70674,0.0744,0.05102
7666,1,3,0.52232,0.73438,0.10417,0.07866
7666,2,3,0.6791,0.74235,0.07122,0.04571
7666,3,3,0.78646,0.75085,0.09673,0.05846
7666,4,3,0.34322,0.54889,0.04145,0.03933
7667,0,0,0.81937,0.7033,0.35813,0.30137
7668,0,0,0.2784,0.60147,0.39218,0.79498
7670,0,3,0.35757,0.65253,0.08716,0.0744
7670,1,4,0.69026,0.75085,0.38265,0.27317
7670,2,4,0.55102,0.10565,0.27636,0.17113
7670,3,3,0.2821,0.11256,0.1233,0.0744
7671,0,0,0.62225,0.77366,0.42944,0.4506
7672,0,2,0.62755,0.10884,0.21471,0.20514
7672,1,3,0.64828,0.26669,0.11373,0.09354
7672,2,0,0.17719,0.59425,0.35438,0.73377
7672,3,0,0.48459,0.43941,0.17326,0.44324
7672,4,0,0.6584,0.60838,0.42938,0.78116
7673,0,0,0.8199,0.77772,0.35707,0.32904
7674,0,2,0.4426,0.61108,0.38903,0.52509
7675,0,0,0.42743,0.7524,0.25239,0.49311
7675,1,1,0.7144,0.80569,0.56911,0.07249
7676,0,4,0.79758,0.86669,0.40171,0.25612
7677,0,3,0.85334,0.08919,0.18306,0.12239
7677,1,4,0.50156,0.53043,0.99503,0.56213
7678,0,2,0.54912,0.5031,0.89968,0.98976
7679,0,3,0.27489,0.03708,0.17903,0.06462
7679,1,3,0.05508,0.31737,0.11017,0.17182
7679,2,3,0.80508,0.33739,0.08263,0.08898
7680,0,3,0.28971,0.03768,0.24413,0.07536
7680,1,3,0.38627,0.20132,0.37628,0.21577
7680,2,0,0.6977,0.54252,0.22534,0.46662
7680,3,0,0.21354,0.60789,0.26254,0.58673
7680,4,2,0.79253,0.37659,0.41286,0.6301
7680,5,3,0.78221,0.88797,0.40285,0.20302
7683,0,1,0.40847,0.25043,0.32354,0.07024
7686,0,2,0.50053,0.50106,0.98958,0.99171
7687,0,1,0.49947,0.38786,0.96195,0.11267
7690,0,0,0.77955,0.57068,0.33163,0.84184
7690,1,0,0.45004,0.57015,0.28912,0.8514
7690,2,2,0.5101,0.07536,0.7111,0.14243
7690,3,2,0.91902,0.29992,0.15989,0.25355
7690,4,2,0.15009,0.26157,0.30017,0.21936
7691,0,0,0.28901,0.75244,0.19026,0.48682
7691,1,0,0.74842,0.6717,0.50108,0.28706
7691,2,1,0.63681,0.78537,0.7243,0.12538
7692,0,0,0.20057,0.4306,0.40115,0.45325
7692,1,3,0.42772,0.11522,0.08291,0.05634
7693,0,4,0.71737,0.07536,0.54315,0.14243
7696,0,3,0.84917,0.66582,0.20089,0.2179
7696,1,3,0.70089,0.79124,0.20621,0.23491
7696,2,3,0.88159,0.87043,0.14881,0.17432
7696,3,3,0.63977,0.34694,0.11161,0.08397
7696,4,3,0.53508,0.09875,0.06803,0.04039
7696,5,0,0.42081,0.38574,0.10098,0.74405
7696,6,2,0.60257,0.21354,0.25404,0.17219
7696,7,2,0.71524,0.50478,0.40285,0.22321
7697,0,3,0.48994,0.50315,0.97888,0.99162
7699,0,0,0.88824,0.22458,0.19174,0.44174
7699,1,0,0.57309,0.62182,0.22669,0.72775
7699,2,2,0.22775,0.30879,0.44915,0.60593
7700,0,3,0.87729,0.2749,0.10536,0.07024
7700,1,4,0.38559,0.14879,0.09472,0.10111
7700,2,3,0.59791,0.09451,0.06811,0.06066
7700,3,4,0.14836,0.40352,0.29672,0.47434
7702,0,3,0.56537,0.80719,0.37096,0.21577
7702,1,3,0.17634,0.32462,0.14137,0.06696
7702,2,3,0.39955,0.05782,0.20514,0.11161
7702,3,1,0.75723,0.06048,0.46131,0.09779
7702,4,0,0.48352,0.41443,0.46875,0.56335
7702,5,0,0.19577,0.83956,0.13133,0.31879
7703,0,3,0.23746,0.73278,0.39541,0.52827
7703,1,3,0.58344,0.40593,0.22428,0.18282
7703,2,0,0.21514,0.14605,0.29549,0.29018
7703,3,0,0.39371,0.32887,0.11054,0.27105
7703,4,3,0.53986,0.07058,0.12011,0.06059
7705,0,3,0.73544,0.82685,0.24554,0.32951
7705,1,3,0.94749,0.92836,0.09991,0.13712
7705,2,0,0.42719,0.1588,0.11798,0.19877
7705,3,0,0.17772,0.3142,0.35544,0.62437
7705,4,0,0.54889,0.29698,0.11905,0.56016
7705,5,0,0.7179,0.38733,0.14456,0.53465
7706,0,4,0.16709,0.79121,0.33418,0.3539
7707,0,0,0.11501,0.3553,0.23002,0.39619
7708,0,3,0.67804,0.51276,0.14987,0.18389
7708,1,3,0.82207,0.48299,0.12755,0.16688
7708,2,3,0.6318,0.7567,0.14668,0.22321
7708,3,3,0.7854,0.89328,0.09885,0.12224
7708,4,0,0.60576,0.19653,0.3412,0.38478
7708,5,0,0.89381,0.79071,0.19452,0.40604
7711,0,3,0.69195,0.13969,0.61484,0.26985
7713,0,0,0.20026,0.77051,0.29974,0.45068
7714,0,2,0.4713,0.18112,0.19558,0.3497
7714,1,2,0.76361,0.65147,0.45706,0.6824
7715,0,2,0.23693,0.576,0.46662,0.84396
7717,0,0,0.50744,0.49947,0.29974,0.99065
7717,1,2,0.83558,0.37817,0.32676,0.65451
7718,0,3,0.36023,0.26137,0.05846,0.04889
7720,0,3,0.52129,0.26958,0.21711,0.21286
7721,0,0,0.64737,0.37065,0.33291,0.31489
7721,1,0,0.83253,0.31439,0.33216,0.23629
7721,2,0,0.39663,0.24396,0.04983,0.09118
7721,3,1,0.4965,0.54054,0.993,0.06729
7722,0,2,0.65053,0.49793,0.69434,0.99585
7723,0,3,0.81303,0.02328,0.0861,0.03614
7723,1,0,0.5271,0.1216,0.16688,0.24128
7723,2,3,0.47608,0.55102,0.24128,0.44962
7723,3,0,0.20132,0.255,0.22109,0.50383
7723,4,0,0.82366,0.10406,0.25191,0.20196
7723,5,3,0.3007,0.28688,0.09885,0.07653
7724,0,4,0.5357,0.313,0.92734,0.61435
7726,0,0,0.86674,0.45022,0.26526,0.71083
7726,1,4,0.50212,0.88453,0.37288,0.22775
7727,0,3,0.58473,0.53683,0.82847,0.92017
7728,0,0,0.75001,0.07883,0.4979,0.14937
7729,0,0,0.634,0.14354,0.10911,0.09746
7729,1,4,0.61788,0.01139,0.25152,0.02278
7729,2,4,0.907,0.07069,0.18476,0.13608
7730,0,2,0.49894,0.51913,0.98639,0.94919
7731,0,0,0.21925,0.83771,0.42756,0.32146
7734,0,0,0.26276,0.45717,0.52551,0.89543
7734,1,2,0.79146,0.48741,0.41499,0.96654
7735,0,0,0.62543,0.76095,0.55697,0.47406
7736,0,3,0.89538,0.12431,0.09685,0.06705
7736,1,3,0.48936,0.53778,0.25543,0.7152
7737,0,1,0.34885,0.54537,0.6977,0.42052
7737,1,0,0.29326,0.87202,0.12224,0.24554
7738,0,4,0.41762,0.65731,0.09885,0.05208
7738,1,4,0.82681,0.66952,0.34325,0.16577
7739,0,0,0.73035,0.14236,0.53722,0.2828
7739,1,0,0.76892,0.57068,0.43793,0.85034
7739,2,1,0.59004,0.59313,0.81784,0.14481
7740,0,2,0.50106,0.51701,0.98639,0.9577
7742,0,0,0.36713,0.3209,0.21684,0.62075
7742,1,0,0.53136,0.06792,0.07972,0.12968
7742,2,0,0.72215,0.2635,0.21471,0.51658
7742,3,0,0.74182,0.76307,0.23065,0.46131
7742,4,4,0.91795,0.48457,0.16201,0.7759
7743,0,3,0.77139,0.053,0.24479,0.09685
7743,1,0,0.9608,0.03677,0.07655,0.06439
7743,2,3,0.76554,0.14293,0.13516,0.0745
7743,3,3,0.90815,0.14879,0.10111,0.05854
7743,4,0,0.78097,0.28661,0.20647,0.18944
7744,0,3,0.06091,0.16054,0.12182,0.11875
7744,1,0,0.42752,0.0956,0.0581,0.19121
7744,2,3,0.15625,0.03125,0.12606,0.05932
7744,3,3,0.05773,0.5045,0.11547,0.1732
7745,0,0,0.67161,0.1393,0.25,0.27542
7746,0,3,0.55208,0.37723,0.18495,0.14243
7746,1,3,0.74128,0.54252,0.12543,0.09247
7746,2,3,0.71152,0.63924,0.14881,0.07547
7746,3,2,0.76626,0.83216,0.39435,0.321
7746,4,3,0.46439,0.14445,0.08397,0.07015
7746,5,3,0.49734,0.24437,0.12224,0.11054
7746,6,3,0.41178,0.04985,0.09354,0.09779
7746,7,0,0.5406,0.05894,0.12925,0.11788
7748,0,1,0.26169,0.89897,0.52338,0.07622
7748,1,0,0.49203,0.74819,0.16475,0.49957
7750,0,0,0.83642,0.8311,0.17751,0.27423
7750,1,4,0.16146,0.76254,0.30506,0.30931
7751,0,1,0.53849,0.84434,0.92094,0.13065
7751,1,0,0.1515,0.76197,0.28883,0.47398
7753,0,0,0.47236,0.76733,0.14456,0.45493
7753,1,3,0.81516,0.73384,0.14349,0.10736
7753,2,3,0.14126,0.60842,0.09885,0.04996
7755,0,3,0.08739,0.27342,0.17479,0.18986
7756,0,1,0.10206,0.31466,0.20413,0.11143
7756,1,3,0.06109,0.20469,0.12218,0.1086
7757,0,0,0.73517,0.13612,0.19703,0.26907
7758,0,0,0.0463,0.27451,0.09259,0.11846
7759,0,3,0.14036,0.54644,0.28072,0.57698
7759,1,0,0.40148,0.39989,0.23941,0.64195
7759,2,0,0.93242,0.81145,0.13391,0.25744
7761,0,0,0.80555,0.75833,0.38577,0.43269
7764,0,0,0.47138,0.7997,0.24037,0.39851
7765,0,3,0.46333,0.13223,0.12224,0.05634
7765,1,0,0.66156,0.15189,0.10629,0.09566
7765,2,4,0.34534,0.11097,0.07759,0.04358
7765,3,3,0.41071,0.07164,0.13605,0.03508
7765,4,4,0.90019,0.74926,0.10948,0.08929
7766,0,2,0.30655,0.59885,0.36777,0.32844
7769,0,3,0.71152,0.8497,0.12968,0.1031
7770,0,0,0.8579,0.81061,0.28212,0.2205
7774,0,3,0.67538,0.16518,0.09354,0.04358
7774,1,3,0.69877,0.10193,0.08291,0.05952
7774,2,1,0.32302,0.15083,0.10523,0.0574
7774,3,1,0.3108,0.19494,0.07866,0.02657
7774,4,0,0.15912,0.47897,0.31824,0.51172
7775,0,3,0.82998,0.21028,0.11335,0.07839
7777,0,0,0.61848,0.76091,0.45166,0.47611
7778,0,3,0.91986,0.04613,0.1318,0.05208
7778,1,3,0.78912,0.1216,0.08503,0.05421
7778,2,3,0.74022,0.17156,0.08929,0.03933
7778,3,0,0.89829,0.41321,0.20134,0.42271
7780,0,3,0.76945,0.42506,0.09673,0.07866
7783,0,3,0.31665,0.21301,0.04571,0.0287
7783,1,3,0.19972,0.17793,0.03295,0.02445
7783,2,3,0.16412,0.21088,0.05527,0.0372
7784,0,2,0.86693,0.4502,0.26405,0.22884
7784,1,4,0.91848,0.78571,0.16095,0.18345
7786,0,3,0.20557,0.3496,0.08291,0.0659
7786,1,3,0.20185,0.19866,0.07759,0.04677
7787,0,3,0.54943,0.2821,0.10523,0.08185
7787,1,3,0.44526,0.31452,0.05634,0.0659
7787,2,3,0.52392,0.34269,0.05846,0.03933
7787,3,3,0.45855,0.179,0.05952,0.04783
7787,4,3,0.41815,0.06101,0.0574,0.0287
7787,5,3,0.36382,0.0228,0.14693,0.0456
7787,6,3,0.46971,0.3868,0.04571,0.04252
7787,7,2,0.70036,0.68017,0.58992,0.63563
7788,0,3,0.33472,0.53773,0.6622,0.91412
7788,1,2,0.83535,0.63605,0.32207,0.71322
7789,0,3,0.74182,0.37776,0.37521,0.22003
7789,1,3,0.80772,0.74713,0.37946,0.49532
7789,2,3,0.2247,0.43676,0.11692,0.06165
7789,3,3,0.81994,0.16518,0.11905,0.04358
7789,4,3,0.48778,0.06952,0.11373,0.04358
7789,5,4,0.14817,0.31133,0.28912,0.17645
7790,0,3,0.34834,0.27331,0.04789,0.02874
7791,0,1,0.73006,0.95011,0.53264,0.0977
7793,0,1,0.09747,0.55092,0.19494,0.06039
7794,0,2,0.60998,0.52042,0.77692,0.66053
7795,0,0,0.40329,0.77153,0.17429,0.45485
7795,1,0,0.40451,0.33275,0.04282,0.25579
7796,0,0,0.58079,0.74762,0.45708,0.50268
7796,1,1,0.96632,0.64296,0.06528,0.03614
7797,0,3,0.21673,0.8784,0.04996,0.06696
7797,1,3,0.10087,0.6706,0.04571,0.02338
7797,2,1,0.58738,0.94962,0.82315,0.0691
7798,0,2,0.55321,0.07375,0.1192,0.14261
7798,1,3,0.442,0.08067,0.10324,0.12452
7799,0,0,0.91155,0.04767,0.10275,0.09216
7800,0,1,0.86853,0.76971,0.26086,0.10255
7804,0,3,0.89616,0.35438,0.20559,0.16262
7804,1,0,0.09162,0.68841,0.18325,0.38639
7804,2,3,0.08153,0.3394,0.16305,0.19006
7805,0,3,0.64084,0.24756,0.14562,0.14668
7805,1,2,0.28379,0.50155,0.56634,0.99481
7805,2,2,0.78221,0.49947,0.42411,0.99277
7806,0,3,0.27944,0.55315,0.05208,0.0372
7806,1,0,0.20982,0.75882,0.27211,0.47406
7806,2,0,0.76011,0.67414,0.4777,0.25794
7807,0,3,0.6892,0.85183,0.07866,0.06484
7807,1,4,0.59513,0.83482,0.19664,0.32207
7807,2,4,0.81091,0.83482,0.37521,0.32419
7807,3,0,0.3007,0.72321,0.24341,0.53465
7808,0,3,0.72056,0.56218,0.04996,0.05315
7808,1,3,0.86352,0.59991,0.05315,0.03933
7808,2,3,0.96131,0.63605,0.05952,0.05634
7808,3,3,0.79762,0.59247,0.04039,0.03295
7808,4,4,0.59566,0.50585,0.06803,0.04039
7809,0,1,0.77845,0.95493,0.43998,0.08183
7811,0,0,0.79337,0.56165,0.29124,0.26042
7813,0,1,0.50319,0.74872,0.77381,0.12224
7814,0,3,0.27041,0.03019,0.09141,0.04996
7814,1,3,0.29379,0.07642,0.07228,0.03401
7814,2,3,0.3092,0.15986,0.0861,0.04996
7814,3,3,0.32834,0.25393,0.11373,0.08291
7814,4,3,0.30442,0.36341,0.11054,0.08291
7814,5,3,0.74819,0.17687,0.16901,0.07122
7814,6,3,0.81675,0.23161,0.07866,0.03401
7814,7,3,0.71365,0.53455,0.22534,0.2381
7814,8,0,0.5372,0.5,0.48044,0.99171
7814,9,4,0.88234,0.82789,0.23323,0.26995
7814,10,3,0.6217,0.0828,0.04571,0.02976
7814,11,3,0.97695,0.36469,0.04403,0.04082
7814,12,0,0.71524,0.24011,0.56229,0.46344
7815,0,2,0.50053,0.50266,0.98958,0.99065
7817,0,3,0.8869,0.47077,0.17007,0.09779
7817,1,3,0.92805,0.15442,0.14182,0.07308
7817,2,3,0.95436,0.0414,0.08177,0.0828
7817,3,3,0.61426,0.02966,0.12011,0.03827
7817,4,3,0.58078,0.09715,0.52509,0.19239
7817,5,3,0.14923,0.21514,0.29762,0.42836
7819,0,3,0.2619,0.58875,0.1148,0.0744
7819,1,4,0.67324,0.75108,0.64197,0.49472
7820,0,0,0.65307,0.45445,0.2786,0.88453
7820,1,0,0.8339,0.20326,0.33094,0.39911
7821,0,3,0.87256,0.80559,0.11373,0.0744
7821,1,3,0.96632,0.90641,0.06528,0.06133
7821,2,3,0.71471,0.90391,0.04677,0.04571
7822,0,1,0.31133,0.59619,0.27955,0.07228
7822,1,0,0.57972,0.78168,0.22534,0.25191
7822,2,1,0.38414,0.91082,0.22959,0.05527
7823,0,3,0.53128,0.51378,0.04983,0.03711
7824,0,3,0.79177,0.58131,0.04145,0.03827
7824,1,0,0.71099,0.59885,0.06696,0.04783
7824,2,0,0.78008,0.70302,0.07547,0.05634
7824,3,4,0.88053,0.82738,0.21259,0.07759
7824,4,4,0.65049,0.84408,0.45192,0.30871
7824,5,4,0.22045,0.87468,0.17645,0.24235
7824,6,3,0.54783,0.46652,0.05102,0.03614
7825,0,3,0.77636,0.2146,0.21046,0.09566
7825,1,3,0.88447,0.04452,0.22898,0.07437
7825,2,3,0.5744,0.02594,0.09991,0.04783
7825,3,3,0.51276,0.69398,0.96726,0.60799
7825,4,3,0.71471,0.35066,0.18495,0.12755
7825,5,0,0.5202,0.3209,0.12755,0.24872
7825,6,3,0.34216,0.19388,0.29443,0.38584
7825,7,1,0.8276,0.20399,0.34271,0.05104
7826,0,0,0.44473,0.65094,0.12117,0.11586
7827,0,3,0.21886,0.42985,0.2094,0.29656
7827,1,0,0.15295,0.68814,0.15625,0.21577
7828,0,3,0.74022,0.85555,0.10842,0.07866
7828,1,3,0.87043,0.68601,0.07334,0.03508
7828,2,3,0.86884,0.95865,0.07866,0.04252
7828,3,3,0.49837,0.85019,0.21571,0.29753
7829,0,3,0.32143,0.52498,0.10842,0.05102
7829,1,3,0.30761,0.45855,0.07866,0.05208
7829,2,3,0.96074,0.44777,0.07539,0.04542
7829,3,3,0.97084,0.50337,0.0552,0.04819
7829,4,2,0.23002,0.576,0.41241,0.15944
7829,5,3,0.77955,0.30867,0.03614,0.03295
7829,6,3,0.82791,0.34003,0.06909,0.02551
7829,7,3,0.87681,0.38361,0.08397,0.05102
7829,8,4,0.37936,0.06261,0.35821,0.1148
7831,0,3,0.12564,0.9029,0.25128,0.18399
7831,1,2,0.38042,0.61586,0.70897,0.74936
7832,0,3,0.54677,0.15083,0.21471,0.12117
7832,1,3,0.89669,0.34156,0.20453,0.19226
7832,2,3,0.57387,0.44048,0.50064,0.29656
7832,3,3,0.21918,0.32817,0.43835,0.33768
7832,4,3,0.13946,0.09346,0.27891,0.17863
7832,5,3,0.43835,0.03284,0.21471,0.06165
7832,6,3,0.3852,0.58397,0.09141,0.04783
7832,7,3,0.80453,0.7838,0.38584,0.42411
7832,8,3,0.54252,0.80347,0.29762,0.14031
7832,9,3,0.22045,0.80612,0.39116,0.15412
7832,10,3,0.24915,0.95121,0.23172,0.09141
7832,11,3,0.56537,0.94643,0.3497,0.09035
7833,0,1,0.79177,0.88637,0.35608,0.09991
7833,1,1,0.95781,0.55953,0.08229,0.04572
7833,2,0,0.71737,0.58929,0.10736,0.05634
7833,3,0,0.5287,0.576,0.06803,0.05102
7833,4,3,0.91902,0.80842,0.15989,0.12684
7835,0,0,0.74711,0.81424,0.41088,0.34375
7836,0,3,0.68867,0.79443,0.09885,0.1031
7837,0,3,0.53029,0.34375,0.24979,0.14137
7837,1,3,0.74819,0.03922,0.20089,0.07228
7837,2,3,0.9153,0.11494,0.16733,0.05578
7837,3,3,0.91264,0.18675,0.17264,0.06334
7837,4,3,0.63924,0.16677,0.18282,0.07015
7837,5,3,0.69505,0.09396,0.21577,0.05208
7837,6,3,0.7652,0.52232,0.30506,0.15412
7837,7,3,0.55208,0.49469,0.08929,0.06909
7837,8,3,0.30974,0.04401,0.08929,0.03508
7837,9,3,0.55474,0.81356,0.55591,0.36884
7837,10,2,0.24118,0.45589,0.17751,0.11692
7837,11,3,0.17209,0.77211,0.3327,0.45174
7837,12,3,0.79284,0.36182,0.27105,0.15625
7837,13,3,0.95812,0.53933,0.0744,0.47725
7838,0,0,0.24065,0.76467,0.21471,0.44111
7838,1,1,0.37905,0.71296,0.18866,0.06713
7839,0,3,0.32781,0.75829,0.08291,0.05421
7839,1,0,0.07749,0.95227,0.10523,0.07228
7839,2,4,0.63405,0.93337,0.08953,0.13013
7841,0,3,0.34162,0.73491,0.68027,0.52402
7841,1,2,0.49947,0.23533,0.99384,0.46662
7842,0,0,0.17267,0.20034,0.34534,0.38903
7843,0,0,0.53446,0.51696,0.41879,0.54813
7844,0,2,0.31824,0.52338,0.6335,0.94281
7844,1,0,0.34506,0.0414,0.03564,0.0828
7844,2,0,0.57653,0.05357,0.16156,0.10098
7844,3,1,0.42081,0.06739,0.8344,0.10736
7845,0,0,0.42444,0.18125,0.23201,0.3576
7847,0,2,0.42187,0.23214,0.20514,0.23065
7847,1,0,0.61905,0.55155,0.24872,0.88435
7847,2,0,0.81485,0.30805,0.36822,0.39947
7847,3,4,0.88956,0.26244,0.21152,0.17645
7847,4,3,0.68176,0.27997,0.31675,0.18601
7847,5,3,0.69133,0.39583,0.17432,0.10098
7847,6,3,0.69877,0.58716,0.20196,0.1031
7847,7,3,0.8866,0.71871,0.22472,0.20464
7847,8,3,0.8784,0.45642,0.17432,0.12224
7848,0,4,0.36856,0.47712,0.71413,0.93018
7848,1,4,0.84373,0.16099,0.3107,0.3107
7849,0,3,0.85487,0.17744,0.08686,0.12076
7850,0,1,0.09428,0.51295,0.18856,0.13964
7853,0,0,0.35066,0.60895,0.2753,0.15094
7854,0,0,0.13386,0.03522,0.1067,0.07044
7858,0,3,0.56803,0.20504,0.05527,0.05102
7858,1,4,0.56962,0.02594,0.08822,0.03933
7858,2,4,0.48937,0.01105,0.0574,0.01594
7858,3,2,0.25903,0.51779,0.51807,0.93801
7859,0,3,0.23533,0.54039,0.10629,0.05421
7859,1,3,0.23905,0.28901,0.0946,0.08078
7859,2,4,0.45323,0.73969,0.32951,0.16156
7859,3,4,0.6334,0.26988,0.53253,0.24447
7860,0,1,0.77211,0.9257,0.45068,0.14031
7860,1,3,0.15136,0.72534,0.15094,0.12861
7860,2,0,0.81644,0.67269,0.36503,0.19552
7861,0,3,0.47449,0.67751,0.04889,0.03082
7861,1,3,0.48724,0.73012,0.04039,0.02764
7861,2,3,0.70833,0.67326,0.06378,0.02657
7861,3,3,0.43676,0.71259,0.0287,0.0287
7861,4,3,0.35704,0.79762,0.05634,0.03082
7861,5,3,0.64668,0.61054,0.04889,0.04145
7862,0,3,0.82313,0.28582,0.0744,0.0574
7862,1,3,0.92114,0.32766,0.15563,0.20118
7862,2,2,0.65913,0.71557,0.67966,0.56269
7863,0,0,0.30283,0.68017,0.08822,0.19345
7865,0,3,0.66582,0.50266,0.17857,0.14243
7865,1,2,0.88022,0.41152,0.23748,0.22165
7865,2,3,0.3767,0.49575,0.12755,0.06696
7865,3,3,0.50744,0.41709,0.07653,0.04571
7865,4,4,0.71281,0.52505,0.5723,0.93764
7866,0,3,0.62808,0.53827,0.3412,0.23278
7866,1,3,0.38042,0.72162,0.16688,0.13605
7866,2,0,0.79815,0.09024,0.1605,0.17645
7867,0,3,0.95516,0.82723,0.08761,0.08153
7868,0,3,0.80453,0.19281,0.23916,0.14137
7868,1,0,0.44898,0.61426,0.34014,0.75893
7869,0,0,0.26828,0.78805,0.08503,0.07759
7870,0,2,0.28667,0.37818,0.57334,0.53157
7871,0,3,0.36856,0.41166,0.12026,0.09685
7871,1,3,0.79583,0.3863,0.40648,0.13339
7871,2,3,0.2004,0.4255,0.18625,0.07769
7871,3,0,0.70541,0.10036,0.13623,0.19583
7872,0,2,0.34269,0.57547,0.68452,0.84503
7872,1,1,0.40168,0.06207,0.57079,0.06696
7872,2,0,0.38839,0.11363,0.0659,0.10842
7872,3,0,0.63605,0.103,0.19133,0.18707
7872,4,1,0.48724,0.15986,0.95451,0.11161
7874,0,0,0.32234,0.43576,0.09375,0.26505
7875,0,0,0.27066,0.08475,0.16843,0.16419
7878,0,3,0.65891,0.26828,0.12224,0.06484
7878,1,3,0.84758,0.36129,0.2551,0.12117
7878,2,3,0.63127,0.47662,0.24554,0.3497
7878,3,3,0.74766,0.79921,0.49957,0.39541
7878,4,3,0.73969,0.15561,0.20089,0.18601
7878,5,3,0.42134,0.19547,0.12968,0.14031
7880,0,3,0.3379,0.33525,0.08822,0.06909
7880,1,4,0.43038,0.64934,0.38797,0.43367
7880,2,4,0.84913,0.70108,0.29861,0.19064
7882,0,0,0.6055,0.64717,0.16848,0.70357
7882,1,3,0.74872,0.67751,0.35077,0.17113
7882,2,2,0.81409,0.897,0.36671,0.19345
7882,3,2,0.28529,0.24437,0.22109,0.14668
7882,4,0,0.57091,0.31453,0.8561,0.55699
7882,5,1,0.43941,0.4729,0.28274,0.08078
7883,0,3,0.91986,0.21142,0.09354,0.04889
7883,1,3,0.82153,0.26669,0.14349,0.05315
7883,2,3,0.14764,0.19972,0.09035,0.06378
7883,3,3,0.04879,0.27891,0.06484,0.05634
7884,0,3,0.49787,0.56484,0.9949,0.86416
7885,0,2,0.50053,0.51382,0.99171,0.9662
7886,0,0,0.31771,0.58344,0.30506,0.82483
7889,0,4,0.86405,0.24384,0.09673,0.07972
7889,1,4,0.58822,0.40487,0.21259,0.18282
7889,2,4,0.24277,0.46971,0.48469,0.85034
7890,0,3,0.46758,0.66316,0.06271,0.05102
7890,1,3,0.40859,0.81888,0.10842,0.12436
7890,2,0,0.34354,0.96366,0.07271,0.06955
7890,3,3,0.52392,0.93899,0.07759,0.07547
7892,0,2,0.49628,0.51116,0.98321,0.97151
7893,0,0,0.82153,0.30708,0.14987,0.1148
7893,1,0,0.66582,0.13754,0.12117,0.13074
7893,2,1,0.86374,0.20516,0.27043,0.05765
7894,0,1,0.40965,0.37883,0.76531,0.0861
7894,1,1,0.47343,0.60523,0.9375,0.12861
7894,2,1,0.17878,0.72015,0.35757,0.0991
7894,3,0,0.58557,0.8311,0.30081,0.33163
7894,4,0,0.7043,0.20556,0.58931,0.39008
7895,0,3,0.21779,0.73384,0.06059,0.05208
7895,1,3,0.86884,0.66847,0.04464,0.04464
7895,2,4,0.45217,0.57494,0.03827,0.04889
7896,0,0,0.6208,0.27597,0.19476,0.32993
7896,1,4,0.25309,0.20945,0.36611,0.41401
7897,0,3,0.91986,0.3209,0.13605,0.06378
7897,1,3,0.81622,0.51966,0.12861,0.09141
7897,2,3,0.36076,0.31027,0.09141,0.03401
7897,3,4,0.35491,0.1875,0.15625,0.0372
7897,4,4,0.41018,0.36607,0.17113,0.04783
7897,5,3,0.8125,0.3767,0.09566,0.04145
7897,6,3,0.72215,0.33259,0.09991,0.04039
7897,7,3,0.64881,0.28954,0.07866,0.02657
7897,8,3,0.57281,0.2635,0.09247,0.02764
7897,9,3,0.3395,0.26084,0.05527,0.04358
7898,0,0,0.61228,0.39517,0.19264,0.6407
7898,1,1,0.29803,0.49683,0.54278,0.14687
7899,0,2,0.57091,0.52319,0.8561,0.94107
7901,0,2,0.47763,0.10464,0.20398,0.20929
7901,1,0,0.57494,0.72215,0.15838,0.36246
7902,0,0,0.13559,0.14989,0.15678,0.25
7904,0,0,0.77339,0.25307,0.45113,0.49572
7904,1,2,0.5675,0.50106,0.7281,0.99171
7905,0,0,0.08581,0.30477,0.17161,0.225
7906,0,0,0.33365,0.20823,0.09885,0.29337
7906,1,3,0.63552,0.23533,0.07122,0.05208
7906,2,0,0.8664,0.44007,0.26511,0.22347
7906,3,4,0.65784,0.53189,0.67496,0.92368
7908,0,3,0.26395,0.85631,0.51462,0.28426
7908,1,3,0.64456,0.72534,0.20408,0.11373
7909,0,2,0.87411,0.84786,0.24865,0.18445
7911,0,3,0.51063,0.3682,0.20621,0.12011
7911,1,2,0.92836,0.86193,0.13605,0.26361
7912,0,1,0.48406,0.75563,0.71641,0.09779
7912,1,0,0.16603,0.71147,0.33206,0.47714
7913,0,0,0.82214,0.81052,0.3526,0.37104
7914,0,3,0.51063,0.03178,0.41241,0.05952
7914,1,2,0.23724,0.56652,0.47449,0.83989
7916,0,1,0.81007,0.8342,0.37778,0.09974
7920,0,2,0.62133,0.1408,0.4172,0.26181
7920,1,3,0.6192,0.37175,0.67688,0.17029
7920,2,0,0.19987,0.27224,0.39804,0.53959
7923,0,0,0.23958,0.7753,0.22321,0.44537
7926,0,3,0.17273,0.38133,0.25011,0.25968
7926,1,3,0.85011,0.09238,0.29792,0.10962
7926,2,1,0.67823,0.43375,0.64169,0.11123
7926,3,0,0.92625,0.26639,0.14155,0.27884
7926,4,2,0.40262,0.26958,0.19689,0.20221
7926,5,3,0.16592,0.64477,0.33184,0.26506
7926,6,2,0.43295,0.0365,0.2831,0.06811
7926,7,3,0.40475,0.14985,0.58855,0.10749
7927,0,0,0.71281,0.7083,0.5723,0.38153
7927,1,1,0.53189,0.90072,0.73129,0.18389
7929,0,0,0.62133,0.24777,0.08301,0.24372
7931,0,3,0.2616,0.293,0.33418,0.2235
7931,1,2,0.3659,0.43508,0.44487,0.80353
7933,0,2,0.7575,0.86481,0.46611,0.26725
7937,0,2,0.49681,0.50425,0.98639,0.98533
7938,0,3,0.94037,0.30924,0.11802,0.2043
7938,1,0,0.7071,0.17373,0.09004,0.14513
7938,2,0,0.92977,0.10077,0.13921,0.19413
7938,3,0,0.9089,0.8893,0.13983,0.21822
7939,0,4,0.22364,0.38627,0.35077,0.59418
7939,1,4,0.90228,0.41056,0.19232,0.30263
7939,2,4,0.59619,0.41231,0.2838,0.27849
7939,3,4,0.66954,0.82844,0.23703,0.18389
7939,4,3,0.85711,0.6393,0.28266,0.11384
7941,0,3,0.54624,0.23905,0.10523,0.11692
7941,1,2,0.23724,0.44768,0.47449,0.83606
7941,2,0,0.46123,0.85391,0.21146,0.29009
7943,0,3,0.0507,0.62458,0.1014,0.12906
7943,1,3,0.28635,0.38627,0.09141,0.06271
7943,2,3,0.86671,0.45111,0.11267,0.05634
7943,3,3,0.31611,0.55474,0.12968,0.08503
7943,4,4,0.63393,0.32621,0.52934,0.21471
7943,5,3,0.96659,0.55903,0.0637,0.09149
7943,6,4,0.58397,0.64828,0.36565,0.27636
7944,0,3,0.36023,0.61586,0.14562,0.06696
7944,1,3,0.38786,0.81728,0.14775,0.07653
7944,2,1,0.78004,0.7929,0.43679,0.07666
7944,3,4,0.9161,0.70505,0.16468,0.08804
7944,4,4,0.62489,0.9257,0.74298,0.12755
7945,0,3,0.56324,0.33312,0.07122,0.05208
7945,1,3,0.4798,0.27041,0.12117,0.05634
7946,0,1,0.72587,0.7094,0.43899,0.07334
7946,1,0,0.64988,0.85706,0.18866,0.27199
7947,0,1,0.8191,0.95048,0.35972,0.095
7947,1,0,0.27891,0.71259,0.21259,0.42836
7949,0,3,0.31767,0.7827,0.36892,0.43253
7949,1,3,0.11767,0.46242,0.23533,0.20227
7949,2,0,0.75563,0.57759,0.43899,0.83865
7949,3,2,0.34906,0.26775,0.40604,0.52509
7950,0,3,0.19175,0.69983,0.38053,0.59418
7950,1,3,0.63749,0.01111,0.06665,0.02222
7950,2,2,0.37723,0.72693,0.44749,0.53359
7951,0,2,0.4814,0.63659,0.9577,0.71216
7952,0,2,0.36958,0.39334,0.73916,0.78476
7953,0,0,0.86568,0.28516,0.26738,0.56715
7954,0,0,0.32621,0.6318,0.64307,0.72598
7954,1,0,0.72959,0.22151,0.13393,0.14349
7955,0,3,0.62596,0.72003,0.03933,0.03933
7955,1,3,0.44366,0.65253,0.04039,0.02976
7955,2,3,0.51807,0.80612,0.05102,0.03933
7955,3,3,0.57547,0.80878,0.04677,0.02976
7955,4,3,0.29326,0.80506,0.04996,0.03082
7955,5,3,0.38042,0.80187,0.04571,0.04358
7955,6,0,0.58026,0.76212,0.32104,0.42862
7955,7,1,0.32667,0.56574,0.20321,0.02903
7955,8,0,0.14993,0.70236,0.2903,0.23395
7956,0,3,0.38574,0.66688,0.13287,0.03933
7958,0,4,0.60805,0.29449,0.20339,0.14936
7958,1,0,0.09216,0.92108,0.13559,0.15466
7958,2,0,0.43074,0.15203,0.10473,0.28716
7959,0,0,0.65541,0.42483,0.12162,0.47128
7959,1,0,0.15878,0.29561,0.31757,0.52027
7959,2,0,0.84882,0.45946,0.17736,0.3277
7960,0,3,0.57706,0.73544,0.12011,0.09991
7960,1,3,0.70514,0.728,0.11905,0.08929
7961,0,3,0.64828,0.27679,0.16901,0.08822
7962,0,0,0.31903,0.83284,0.24986,0.3294
7962,1,4,0.54076,0.71824,0.14946,0.13417
7964,0,4,0.45499,0.96535,0.4195,0.05435
7964,1,4,0.39555,0.84732,0.07982,0.07643
7964,2,4,0.77259,0.73438,0.06963,0.06114
7965,0,0,0.24809,0.43197,0.1318,0.44749
7965,1,3,0.55634,0.03763,0.14668,0.06271
7965,2,3,0.64111,0.50155,0.70952,0.99481
7966,0,3,0.87065,0.33312,0.25661,0.17963
7966,1,3,0.6148,0.01584,0.0659,0.02126
7966,2,2,0.45389,0.65556,0.49863,0.6868
7966,3,0,0.37961,0.27288,0.11783,0.19467
7966,4,0,0.51708,0.06284,0.09221,0.12295
7966,5,0,0.91667,0.0765,0.16052,0.14003
7967,0,4,0.16103,0.20458,0.08709,0.04781
7969,0,3,0.44785,0.02693,0.11494,0.05109
7969,1,3,0.24777,0.67933,0.40656,0.27033
7969,2,0,0.41965,0.19881,0.11388,0.20328
7969,3,2,0.82936,0.09856,0.33943,0.16243
7969,4,0,0.61814,0.07003,0.12346,0.12665
7969,5,0,0.85015,0.31375,0.25968,0.25862
7969,6,1,0.75752,0.43949,0.48311,0.09291
7970,0,1,0.70196,0.65784,0.44005,0.07015
7970,1,1,0.77499,0.73275,0.44794,0.04989
7970,2,1,0.81751,0.8779,0.3629,0.05745
7970,3,0,0.58453,0.77579,0.31592,0.44228
7971,0,3,0.35419,0.16794,0.13623,0.11175
7971,1,4,0.3128,0.6409,0.38144,0.41063
7974,0,1,0.44224,0.71434,0.28286,0.07678
7974,1,0,0.63149,0.75017,0.4235,0.47643
7974,2,1,0.29594,0.646,0.4901,0.03928
7975,0,0,0.47157,0.54141,0.2248,0.91509
7975,1,0,0.84833,0.31895,0.30125,0.47442
7975,2,1,0.67273,0.38574,0.4156,0.10204
7975,3,0,0.49902,0.04246,0.087,0.08493
7975,4,0,0.2922,0.03975,0.10098,0.07759
7975,5,0,0.28263,0.22311,0.11373,0.26148
7975,6,3,0.17384,0.64515,0.19126,0.17418
7976,0,4,0.57514,0.05345,0.13661,0.06318
7977,0,3,0.48305,0.32892,0.12924,0.16949
7977,1,4,0.46368,0.55152,0.20777,0.25845
7978,0,1,0.31658,0.76664,0.16984,0.05095
7979,0,2,0.50182,0.50243,0.99428,0.98473
7981,0,3,0.83642,0.39583,0.20727,0.23916
7981,1,3,0.52817,0.027,0.12649,0.04571
7981,2,3,0.25659,0.56431,0.51233,0.86735
7981,3,3,0.82654,0.37547,0.34483,0.74053
7981,4,3,0.92911,0.88335,0.13969,0.1704
7982,0,3,0.89909,0.73573,0.19869,0.21956
7982,1,3,0.24895,0.88288,0.2385,0.23111
7983,0,3,0.80971,0.14347,0.15751,0.13304
7983,1,3,0.93313,0.34111,0.1319,0.16859
7984,0,4,0.49313,0.79812,0.22,0.12125
7984,1,4,0.78875,0.7775,0.37125,0.12
7984,2,4,0.29456,0.97164,0.326,0.05208
7986,0,0,0.82388,0.41999,0.35015,0.68926
7986,1,0,0.46141,0.11083,0.1209,0.22165
7987,0,0,0.75529,0.74419,0.48327,0.26639
7987,1,0,0.41333,0.56042,0.105,0.05583
7987,2,1,0.205,0.83083,0.29833,0.045
7987,3,0,0.27042,0.75292,0.15917,0.14417
7987,4,1,0.21833,0.92792,0.32833,0.03583
7988,0,4,0.95909,0.14661,0.07974,0.11961
7989,0,3,0.38308,0.61905,0.03827,0.0372
7989,1,3,0.69345,0.61639,0.05315,0.03614
7990,0,1,0.61745,0.83323,0.73023,0.22534
7991,0,3,0.35651,0.79549,0.10842,0.07547
7992,0,0,0.54952,0.74078,0.26298,0.50205
7992,1,0,0.79217,0.6107,0.41358,0.177
7993,0,3,0.26935,0.93314,0.15519,0.09779
7993,1,3,0.62596,0.18165,0.07122,0.04252
7993,2,2,0.2152,0.82717,0.27302,0.34358
7993,3,0,0.50638,0.38255,0.23597,0.7568
7993,4,0,0.74416,0.26261,0.50959,0.51268
7993,5,2,0.67106,0.23948,0.45752,0.4279
7994,0,3,0.31293,0.65572,0.11905,0.08078
7994,1,4,0.11926,0.22278,0.23852,0.22255
7994,2,0,0.35544,0.37776,0.07866,0.17326
7994,3,4,0.36713,0.20079,0.24235,0.1318
7994,4,3,0.18165,0.45695,0.11798,0.10629
7995,0,4,0.20155,0.84887,0.3992,0.29914
7996,0,0,0.23421,0.84222,0.45007,0.26664
8000,0,1,0.62289,0.13616,0.75237,0.10778
8000,1,0,0.21633,0.23569,0.43266,0.45455
8001,0,3,0.32727,0.37351,0.152,0.10736
8002,0,1,0.15079,0.47609,0.29542,0.0888
8003,0,2,0.50129,0.49977,0.99534,0.99217
8004,0,2,0.50075,0.5003,0.99641,0.98687
8006,0,3,0.63605,0.14392,0.0744,0.03508
8006,1,3,0.38574,0.0828,0.07122,0.03614
8006,2,3,0.3395,0.1317,0.05952,0.04464
8006,3,2,0.80231,0.66406,0.38383,0.54914
8007,0,0,0.47608,0.76361,0.27317,0.39647
8007,1,1,0.70679,0.72295,0.58434,0.09712
8007,2,1,0.2208,0.64259,0.34665,0.06318
8008,0,3,0.73756,0.81622,0.14562,0.23172
8008,1,3,0.38361,0.43091,0.13287,0.17963
8008,2,3,0.61905,0.1875,0.21896,0.152
8008,3,3,0.18644,0.8513,0.321,0.28912
8008,4,0,0.89032,0.38053,0.21728,0.75277
8008,5,0,0.4054,0.37511,0.3784,0.65264
8008,6,2,0.55967,0.4974,0.82086,0.99479
8008,7,0,0.21035,0.24649,0.28168,0.36565
8009,0,0,0.67485,0.47743,0.10541,0.13889
8009,1,4,0.87698,0.68948,0.16989,0.16121
8010,0,3,0.36111,0.05666,0.10165,0.09762
8010,1,4,0.9541,0.03401,0.08996,0.0503
8011,0,3,0.21264,0.23074,0.11069,0.09685
8011,1,1,0.61171,0.36349,0.77472,0.08778
8011,2,0,0.27525,0.35101,0.55051,0.67845
8012,0,1,0.40593,0.12532,0.81101,0.10417
8012,1,1,0.38148,0.49841,0.75787,0.09779
8012,2,0,0.81857,0.15198,0.36078,0.26804
8012,3,1,0.77749,0.69211,0.43545,0.11783
8013,0,3,0.7179,0.58663,0.14881,0.11054
8013,1,3,0.95781,0.25836,0.08229,0.09601
8013,2,3,0.84598,0.25606,0.09247,0.0659
8013,3,3,0.57547,0.14977,0.09141,0.06378
8013,4,3,0.59247,0.20929,0.08078,0.04252
8013,5,0,0.65125,0.50208,0.3769,0.99375
8013,6,0,0.78881,0.19168,0.4203,0.37294
8013,7,0,0.88872,0.37238,0.22047,0.205
8013,8,3,0.73703,0.18059,0.06803,0.05952
8013,9,3,0.28142,0.73053,0.12978,0.07172
8013,10,4,0.2208,0.6443,0.11783,0.04611
8013,11,4,0.40096,0.64942,0.10929,0.04611
8013,12,3,0.07059,0.95013,0.11113,0.09766
8013,13,4,0.19945,0.93374,0.06831,0.11954
8014,0,3,0.59832,0.20398,0.2094,0.10629
8014,1,0,0.81994,0.24437,0.15944,0.10629
8014,2,3,0.6892,0.33418,0.07653,0.04996
8015,0,3,0.96924,0.76819,0.05839,0.05913
8015,1,3,0.88584,0.65094,0.0574,0.05634
8015,2,3,0.82738,0.81888,0.0659,0.05208
8015,3,3,0.92676,0.85555,0.07759,0.05527
8015,4,3,0.68229,0.91188,0.04996,0.09566
8016,0,3,0.09273,0.67589,0.11783,0.06831
8017,0,0,0.61176,0.48261,0.13849,0.50141
8017,1,0,0.51807,0.09981,0.15731,0.1977
8017,2,0,0.7041,0.0802,0.15727,0.1604
8017,3,1,0.49969,0.60743,0.99853,0.13089
8017,4,3,0.62755,0.77051,0.09991,0.09141
8017,5,3,0.62383,0.90232,0.20089,0.15094
8017,6,3,0.80347,0.94749,0.10948,0.0946
8017,7,3,0.47449,0.90285,0.05952,0.06271
8017,8,3,0.31045,0.07053,0.14344,0.0666
8018,0,0,0.7581,0.91854,0.14053,0.16084
8019,0,0,0.92251,0.74872,0.13287,0.08185
8020,0,3,0.0592,0.76508,0.11841,0.09117
8020,1,1,0.05757,0.8643,0.11039,0.04586
8021,0,3,0.68601,0.82366,0.1233,0.07228
8021,1,3,0.44226,0.69446,0.12228,0.04246
8021,2,3,0.3981,0.83713,0.07812,0.03906
8021,3,3,0.40319,0.89487,0.1087,0.04925
8021,4,4,0.36413,0.96196,0.19022,0.06793
8021,5,3,0.86005,0.75391,0.07473,0.03227
8021,6,3,0.87449,0.69701,0.11039,0.03057
8021,7,4,0.93988,0.76834,0.11209,0.05435
8021,8,4,0.90676,0.85326,0.05944,0.02038
8021,9,4,0.58916,0.96026,0.16814,0.05435
8021,10,4,0.72588,0.70041,0.12228,0.07812
8022,0,2,0.58784,0.41892,0.73311,0.83108
8023,0,3,0.1303,0.24047,0.12712,0.10487
8023,1,3,0.06144,0.39722,0.12288,0.09634
8024,0,3,0.92304,0.87202,0.04889,0.04783
8024,1,3,0.80931,0.95174,0.05527,0.04145
8024,2,3,0.97451,0.97908,0.04766,0.03872
8025,0,3,0.745,0.10619,0.15412,0.05315
8025,1,3,0.68495,0.19281,0.09566,0.06059
8025,2,4,0.48884,0.23161,0.12436,0.08929
8025,3,2,0.50075,0.70456,0.99641,0.58238
8026,0,3,0.40168,0.14445,0.10948,0.04677
8026,1,3,0.50319,0.25606,0.05102,0.03827
8026,2,3,0.67219,0.27519,0.03189,0.02338
8026,3,1,0.8784,0.27466,0.16794,0.05846
8027,0,0,0.2534,0.5845,0.47832,0.82483
8027,1,0,0.35013,0.74819,0.20408,0.49107
8027,2,3,0.91348,0.32674,0.06803,0.07547
8027,3,2,0.70036,0.05463,0.12011,0.10523
8027,4,2,0.87384,0.36528,0.25023,0.29709
8027,5,0,0.53534,0.39667,0.06231,0.31901
8028,0,0,0.17811,0.64088,0.34665,0.32958
8028,1,1,0.42572,0.79372,0.79064,0.10929
8030,0,4,0.86773,0.74901,0.26141,0.1143
8030,1,2,0.33153,0.88531,0.64094,0.22109
8031,0,3,0.58263,0.03496,0.08686,0.04979
8031,1,1,0.8321,0.04555,0.14513,0.03496
8032,0,2,0.21249,0.14876,0.422,0.29751
8032,1,3,0.39643,0.60299,0.78775,0.78999
8032,2,3,0.56034,0.0818,0.32218,0.16359
8032,3,2,0.78619,0.20369,0.42553,0.37732
8033,0,0,0.75159,0.34428,0.12818,0.37182
8034,0,1,0.56696,0.78114,0.68878,0.08716
8034,1,1,0.48719,0.72968,0.97165,0.08026
8034,2,0,0.80311,0.65967,0.2681,0.14515
8036,0,3,0.50266,0.42028,0.11373,0.06059
8036,1,3,0.33259,0.23533,0.05208,0.0372
8036,2,0,0.51452,0.7237,0.1349,0.53962
8037,0,0,0.19313,0.40107,0.38627,0.71944
8037,1,0,0.68335,0.49787,0.30506,0.99384
8037,2,0,0.80209,0.40139,0.39373,0.79874
8037,3,0,0.76626,0.12213,0.22003,0.23597
8038,0,0,0.27863,0.3973,0.55343,0.73861
8039,0,0,0.73923,0.64629,0.51945,0.26868
8039,1,1,0.4334,0.79884,0.8026,0.22883
8039,2,1,0.83572,0.60142,0.32649,0.08405
8039,3,4,0.2541,0.76298,0.12637,0.09563
8041,0,1,0.62133,0.04768,0.48744,0.09046
8042,0,0,0.64606,0.80825,0.1087,0.36855
8042,1,1,0.5017,0.94497,0.98845,0.07473
8043,0,0,0.80696,0.74723,0.38295,0.32801
8044,0,2,0.52976,0.47768,0.4932,0.95132
8045,0,2,0.34491,0.23585,0.29994,0.46341
8045,1,2,0.31346,0.75723,0.30081,0.46875
8045,2,2,0.90488,0.23531,0.18817,0.19809
8046,0,0,0.60108,0.87676,0.18091,0.24439
8047,0,0,0.54044,0.20998,0.14049,0.36186
8047,1,1,0.50049,0.41652,0.99716,0.15551
8047,2,3,0.43029,0.62452,0.85675,0.61196
8047,3,1,0.41077,0.2399,0.29293,0.10606
8048,0,0,0.6031,0.61214,0.40816,0.77168
8048,1,1,0.38042,0.8125,0.51127,0.13074
8048,2,3,0.86884,0.24915,0.05527,0.06059
8049,0,3,0.97588,0.1794,0.04615,0.04438
8049,1,3,0.33578,0.28741,0.05208,0.02657
8049,2,0,0.43942,0.51407,0.23386,0.46188
8049,3,0,0.1653,0.4112,0.31079,0.21175
8049,4,0,0.43682,0.21568,0.1571,0.09734
8050,0,3,0.88318,0.69877,0.03295,0.02657
8051,0,4,0.58788,0.89245,0.61156,0.21198
8052,0,2,0.92061,0.42144,0.1567,0.10543
8052,1,3,0.80612,0.51913,0.12755,0.06059
8052,2,3,0.576,0.49256,0.10523,0.08185
8052,3,3,0.62064,0.55155,0.07122,0.04464
8052,4,4,0.36851,0.21653,0.1332,0.13661
8052,5,4,0.69553,0.77835,0.50717,0.43716
8053,0,1,0.17506,0.65107,0.35013,0.09487
8053,1,2,0.17896,0.7903,0.35519,0.20833
8054,0,3,0.74554,0.63446,0.08716,0.07228
8055,0,3,0.94802,0.79602,0.06909,0.04889
8057,0,1,0.0987,0.59307,0.19467,0.07001
8057,1,4,0.08675,0.53245,0.06148,0.06148
8059,0,3,0.85707,0.96473,0.13379,0.06742
8059,1,3,0.80878,0.82313,0.05208,0.03295
8059,2,0,0.65115,0.91525,0.11209,0.14436
8060,0,3,0.82366,0.88159,0.10736,0.07547
8060,1,4,0.24756,0.95493,0.0946,0.08397
8060,2,0,0.40659,0.91016,0.13247,0.15455
8061,0,2,0.63336,0.89428,0.73016,0.20077
8061,1,3,0.61054,0.74554,0.0659,0.05421
8062,0,3,0.8226,0.4341,0.08185,0.06909
8062,1,2,0.85205,0.20963,0.29381,0.31394
8062,2,0,0.41749,0.6493,0.48814,0.69932
8063,0,0,0.88144,0.816,0.23586,0.30093
8064,0,0,0.64419,0.30863,0.19084,0.18448
8064,1,0,0.61715,0.44699,0.088,0.14313
8064,2,0,0.51696,0.7359,0.12299,0.09754
8064,3,0,0.80943,0.21661,0.37835,0.29704
8065,0,2,0.50235,0.54054,0.99322,0.91062
8066,0,3,0.76349,0.79279,0.46533,0.41233
8066,1,3,0.78699,0.21514,0.3699,0.15412
8066,2,3,0.72215,0.31665,0.14031,0.05527
8066,3,3,0.81463,0.46386,0.21259,0.10736
8066,4,3,0.87043,0.53933,0.07334,0.03933
8066,5,3,0.51169,0.07802,0.08078,0.06271
8066,6,3,0.53561,0.11841,0.05208,0.0202
8066,7,3,0.59247,0.12213,0.04252,0.02338
8066,8,3,0.46599,0.47608,0.10629,0.09141
8066,9,4,0.25397,0.76675,0.37727,0.46441
8066,10,4,0.66308,0.07138,0.35007,0.1332
8066,11,3,0.53415,0.22592,0.11954,0.07684
8067,0,3,0.3007,0.51541,0.06271,0.02976
8067,1,0,0.63747,0.74505,0.57206,0.50376
8067,2,1,0.3651,0.79286,0.65915,0.08026
8067,3,0,0.72205,0.57464,0.55381,0.16126
8067,4,1,0.89731,0.58481,0.20188,0.03042
8067,5,4,0.97013,0.56222,0.04701,0.01844
8068,0,0,0.53151,0.5175,0.22458,0.96293
8068,1,0,0.76489,0.27187,0.46813,0.46316
8068,2,2,0.71943,0.53074,0.5584,0.92555
8069,0,4,0.58152,0.89487,0.26155,0.18512
8069,1,4,0.52159,0.69223,0.10999,0.11616
8069,2,3,0.53546,0.60331,0.06373,0.03906
8070,0,3,0.21228,0.76399,0.42175,0.46993
8070,1,0,0.12479,0.40859,0.17007,0.17326
8070,2,3,0.02625,0.55053,0.05251,0.05111
8071,0,3,0.92676,0.66422,0.11373,0.05315
8071,1,3,0.95702,0.80121,0.08283,0.07203
8071,2,3,0.65094,0.5372,0.07653,0.0372
8071,3,3,0.51076,0.53782,0.06114,0.01585
8072,0,4,0.59685,0.5133,0.79821,0.57897
8073,0,3,0.6921,0.05885,0.16284,0.07663
8073,1,2,0.81556,0.15783,0.36292,0.31503
8074,0,4,0.60618,0.09239,0.20531,0.18317
8075,0,0,0.40062,0.07802,0.11161,0.14349
8075,1,1,0.49362,0.06473,0.26573,0.03189
8076,0,3,0.54782,0.73485,0.0786,0.04545
8077,0,3,0.66954,0.17315,0.04996,0.04252
8077,1,3,0.745,0.24862,0.05634,0.03401
8077,2,2,0.15136,0.86139,0.1807,0.18176
8077,3,0,0.16245,0.44581,0.19012,0.1307
8077,4,2,0.07409,0.65197,0.14817,0.17757
8077,5,3,0.9711,0.38123,0.05572,0.04202
8077,6,4,0.81409,0.36023,0.1031,0.09141
8077,7,0,0.87574,0.57122,0.23491,0.33907
8077,8,0,0.72003,0.27679,0.1148,0.13074
8077,9,1,0.25751,0.28911,0.39617,0.03245
8077,10,0,0.4778,0.21226,0.09904,0.15198
8078,0,3,0.97038,0.08344,0.0574,0.03002
8078,1,2,0.50369,0.49359,0.99077,0.92918
8079,0,0,0.5736,0.7636,0.30704,0.36078
8079,1,4,0.41718,0.55123,0.11441,0.03757
8079,2,4,0.28313,0.55891,0.06148,0.02561
8079,3,0,0.62807,0.68272,0.24932,0.20833
8079,4,1,0.78859,0.8902,0.21516,0.04611
8079,5,3,0.82787,0.83214,0.14344,0.07001
8079,6,2,0.85962,0.86483,0.27867,0.20371
8081,0,4,0.50267,0.43063,0.97335,0.86125
8082,0,4,0.83037,0.8448,0.33403,0.30727
8083,0,0,0.46755,0.75273,0.19809,0.48839
8084,0,3,0.21318,0.70062,0.13091,0.16816
8084,1,3,0.80971,0.13016,0.06599,0.06386
8084,2,3,0.3345,0.39464,0.05215,0.04151
8084,3,3,0.97889,0.3109,0.04037,0.04433
8084,4,1,0.85438,0.29293,0.28451,0.05051
8084,5,0,0.94651,0.23098,0.10513,0.1219
8085,0,3,0.42055,0.0429,0.19068,0.05508
8085,1,0,0.87469,0.55018,0.24938,0.49761
8086,0,3,0.65404,0.33754,0.11785,0.11785
8086,1,0,0.24663,0.32744,0.48653,0.64141
8087,0,3,0.67326,0.39158,0.1233,0.14562
8087,1,3,0.44632,0.40327,0.152,0.12436
8087,2,3,0.3023,0.44579,0.14031,0.0946
8087,3,3,0.3868,0.5372,0.18814,0.08185
8087,4,3,0.53061,0.89036,0.15786,0.20404
8087,5,3,0.45436,0.69759,0.12135,0.20082
8087,6,3,0.28216,0.2654,0.1567,0.12138
8087,7,3,0.45833,0.26268,0.11957,0.0779
8087,8,3,0.50226,0.1173,0.05525,0.02989
8087,9,2,0.50272,0.50445,0.99247,0.98567
8088,0,3,0.58012,0.74673,0.02725,0.01526
8088,1,3,0.62082,0.7073,0.02071,0.00836
8088,2,2,0.95302,0.77205,0.09083,0.15347
8089,0,3,0.37245,0.58025,0.08078,0.03614
8089,1,0,0.13145,0.82694,0.25136,0.30401
8089,2,3,0.24864,0.65455,0.08832,0.03736
8090,0,4,0.61194,0.71028,0.08523,0.08556
8090,1,0,0.80146,0.67748,0.16814,0.09681
8090,2,4,0.42272,0.66135,0.04246,0.05774
8090,3,4,0.42867,0.54416,0.05095,0.03736
8091,0,3,0.49174,0.05414,0.11205,0.09908
8091,1,3,0.63211,0.02406,0.04836,0.03421
8091,2,3,0.68017,0.07124,0.13388,0.05662
8091,3,3,0.65176,0.39201,0.10739,0.06739
8091,4,3,0.85065,0.36571,0.06903,0.08383
8091,5,3,0.78478,0.08272,0.08224,0.04751
8091,6,3,0.91092,0.18519,0.17442,0.13494
8091,7,3,0.71214,0.02766,0.07501,0.04571
8091,8,4,0.49493,0.38876,0.97793,0.72425
8092,0,3,0.83004,0.80187,0.09035,0.04996
8092,1,4,0.87279,0.70465,0.15455,0.03567
8093,0,3,0.18068,0.34591,0.18894,0.15302
8093,1,1,0.10895,0.3873,0.19467,0.05464
8094,0,0,0.16359,0.32667,0.31421,0.29542
8095,0,0,0.46067,0.49899,0.10841,0.99798
8095,1,0,0.76949,0.31085,0.45592,0.6217
8095,2,3,0.897,0.32887,0.12436,0.06059
8095,3,0,0.18591,0.38361,0.37096,0.54209
8095,4,2,0.72817,0.37682,0.50595,0.53241
8095,5,2,0.71164,0.78274,0.54894,0.4084
8095,6,2,0.72883,0.13456,0.17077,0.11954
8095,7,2,0.46414,0.09358,0.20833,0.12978
8096,0,3,0.32249,0.36979,0.07653,0.05527
8096,1,0,0.19122,0.63127,0.04358,0.4273
8096,2,1,0.50443,0.6368,0.98905,0.08843
8097,0,2,0.49362,0.51116,0.95238,0.96514
8098,0,0,0.24862,0.55902,0.29443,0.86941
8099,0,0,0.20894,0.63548,0.22498,0.72696
8099,1,3,0.39599,0.24887,0.04432,0.02601
8099,2,4,0.45056,0.32299,0.08303,0.10568
8099,3,0,0.2928,0.18486,0.02717,0.11021
8101,0,1,0.68707,0.69505,0.60162,0.07866
8101,1,0,0.42772,0.75351,0.11267,0.48682
8101,2,3,0.93047,0.97756,0.02226,0.01781
8102,0,2,0.5795,0.50365,0.83151,0.98501
8102,1,0,0.62048,0.09049,0.13363,0.15783
8102,2,0,0.82513,0.08312,0.11574,0.11574
8102,3,1,0.75463,0.08681,0.2862,0.04104
8103,0,2,0.35381,0.16102,0.21186,0.18538
8103,1,0,0.76165,0.36811,0.17797,0.35805
8103,2,3,0.71822,0.31568,0.05508,0.07945
8103,3,3,0.90042,0.68856,0.12076,0.09216
8105,0,2,0.13839,0.61228,0.27679,0.62953
8106,0,0,0.8292,0.32353,0.33952,0.54098
8106,1,0,0.24968,0.26935,0.40923,0.52827
8106,2,1,0.51701,0.15561,0.28912,0.0861
8107,0,3,0.51488,0.09928,0.20621,0.09247
8107,1,0,0.19365,0.2416,0.3873,0.36776
8107,2,2,0.49766,0.58912,0.99532,0.81348
8107,3,2,0.7337,0.03142,0.22491,0.06284
8108,0,4,0.50103,0.76815,0.99482,0.45753
8108,1,0,0.8681,0.86165,0.26067,0.25835
8109,0,0,0.06473,0.2162,0.12436,0.17113
8109,1,0,0.14092,0.38237,0.27675,0.74652
8109,2,0,0.34003,0.72693,0.08397,0.38053
8109,3,3,0.53348,0.1689,0.08185,0.06378
8110,0,3,0.43144,0.29539,0.22428,0.08929
8110,1,3,0.07377,0.80772,0.13818,0.12543
8110,2,3,0.50766,0.69816,0.98259,0.58871
8111,0,0,0.79124,0.65731,0.08291,0.06271
8111,1,4,0.90972,0.90974,0.17743,0.17004
8111,2,4,0.66729,0.64436,0.11379,0.04076
8111,3,4,0.72249,0.67154,0.07133,0.04416
8111,4,4,0.72758,0.72588,0.03736,0.05435
8111,5,4,0.87959,0.75051,0.04925,0.03227
8111,6,4,0.45768,0.82636,0.10603,0.04371
8114,0,3,0.92805,0.20966,0.14182,0.10917
8114,1,3,0.48034,0.55474,0.12861,0.13818
8114,2,3,0.32781,0.80293,0.11267,0.12649
8114,3,1,0.63947,0.03928,0.71898,0.07027
8114,4,3,0.69314,0.79639,0.61163,0.4004
8114,5,2,0.66984,0.14946,0.31137,0.28986
8115,0,3,0.51276,0.86777,0.08291,0.05846
8116,0,0,0.352,0.79014,0.10468,0.41764
8116,1,3,0.11203,0.84758,0.10417,0.05846
8116,2,1,0.50171,0.74846,0.98702,0.04611
8116,3,0,0.26349,0.74419,0.21687,0.49522
8116,4,1,0.91256,0.69246,0.1728,0.04199
8116,5,1,0.52049,0.61783,0.23566,0.03757
8116,6,0,0.70764,0.66857,0.58263,0.32688
8116,7,1,0.39754,0.52049,0.12637,0.03757
8118,0,0,0.20026,0.63233,0.31888,0.72491
8119,0,0,0.81568,0.37129,0.24153,0.57415
8119,1,2,0.19848,0.38104,0.39696,0.7587
8120,0,0,0.18963,0.86724,0.30825,0.26148
8121,0,0,0.76309,0.2531,0.47105,0.29394
8121,1,1,0.5813,0.24255,0.35908,0.04404
8121,2,1,0.43564,0.19089,0.51491,0.05589
8122,0,2,0.48352,0.16358,0.54741,0.32313
8122,1,0,0.89456,0.51676,0.2088,0.53001
8122,2,2,0.10119,0.36527,0.20238,0.20142
8122,3,2,0.50531,0.82419,0.51658,0.34332
8122,4,0,0.57706,0.48884,0.20727,0.32738
8122,5,0,0.17241,0.6229,0.34481,0.56574
8122,6,2,0.89634,0.12846,0.20524,0.23027
8124,0,3,0.43622,0.19281,0.12755,0.04145
8124,1,0,0.18516,0.45242,0.37032,0.62019
8124,2,1,0.10863,0.87389,0.21726,0.05794
8126,0,0,0.23146,0.18697,0.29343,0.36653
8126,1,2,0.85911,0.06144,0.16737,0.07309
8126,2,0,0.91472,0.17744,0.16208,0.16525
8126,3,0,0.68061,0.19809,0.16208,0.39089
8126,4,0,0.89195,0.87235,0.15678,0.24364
8126,5,4,0.83361,0.57348,0.21115,0.3125
8127,0,0,0.08792,0.08286,0.17585,0.16467
8127,1,0,0.74324,0.10726,0.11149,0.19426
8127,2,0,0.57432,0.14696,0.09122,0.28716
8128,0,4,0.07565,0.4001,0.14173,0.16223
8129,0,0,0.74922,0.7348,0.49844,0.49337
8130,0,3,0.1774,0.21992,0.12649,0.05952
8130,1,0,0.19945,0.27886,0.38934,0.26127
8131,0,2,0.50022,0.29047,0.99832,0.56292
8132,0,0,0.51345,0.44769,0.1759,0.89538
8132,1,4,0.23329,0.25543,0.42371,0.47705
8133,0,3,0.3494,0.3494,0.69285,0.54278
8134,0,1,0.63605,0.63499,0.71003,0.18176
8134,1,0,0.2787,0.71998,0.31504,0.55795
8134,2,2,0.43622,0.29379,0.81633,0.29443
8134,3,2,0.13542,0.77689,0.26998,0.21259
8135,0,1,0.53504,0.33153,0.92713,0.10005
8135,1,0,0.77641,0.23014,0.44441,0.33088
8136,0,3,0.7854,0.10991,0.13074,0.06909
8136,1,0,0.14817,0.5675,0.29337,0.52934
8136,2,3,0.31027,0.10778,0.09673,0.05846
8136,3,3,0.28104,0.21195,0.11054,0.03508
8136,4,3,0.26669,0.27944,0.15838,0.0574
8136,5,0,0.34588,0.18644,0.04889,0.06484
8136,6,3,0.90444,0.30046,0.16448,0.07804
8136,7,3,0.8125,0.22416,0.11744,0.048
8136,8,4,0.42647,0.07353,0.05617,0.03676
8137,0,2,0.26244,0.50903,0.35183,0.22534
8137,1,2,0.37032,0.75032,0.53146,0.22321
8138,0,3,0.61654,0.07429,0.10536,0.04576
8138,1,1,0.591,0.23712,0.80353,0.19902
8138,2,0,0.51384,0.19083,0.06173,0.17241
8138,3,2,0.90093,0.07006,0.16634,0.12373
8139,0,4,0.50213,0.50106,0.99065,0.98958
8140,0,3,0.07796,0.866,0.04586,0.06284
8141,0,3,0.31239,0.77955,0.19239,0.24766
8141,1,4,0.3193,0.48512,0.10629,0.14137
8143,0,3,0.26988,0.70621,0.48788,0.29443
8143,1,3,0.46599,0.18431,0.0574,0.06059
8143,2,3,0.41603,0.48087,0.09779,0.07547
8143,3,4,0.25424,0.08736,0.14053,0.06063
8143,4,0,0.84938,0.18112,0.29916,0.12727
8143,5,3,0.36187,0.04672,0.06567,0.02415
8143,6,1,0.33884,0.04559,0.27627,0.04001
8145,0,0,0.11237,0.52765,0.20096,0.32725
8145,1,0,0.25634,0.16803,0.12138,0.1875
8146,0,2,0.71069,0.29197,0.57677,0.54925
8146,1,3,0.38985,0.78044,0.52682,0.31716
8147,0,0,0.72503,0.8074,0.54518,0.24117
8148,0,0,0.30639,0.9144,0.1019,0.15625
8149,0,3,0.8311,0.66741,0.16901,0.17219
8149,1,2,0.50075,0.51323,0.99641,0.96738
8151,0,0,0.59991,0.37139,0.12117,0.73236
8151,1,0,0.88106,0.10565,0.23491,0.20302
8151,2,2,0.69793,0.83049,0.60206,0.29215
8151,3,0,0.43676,0.26828,0.10948,0.32207
8151,4,1,0.80263,0.34668,0.39267,0.12385
8151,5,1,0.37776,0.28954,0.42517,0.05208
8151,6,1,0.29273,0.41018,0.36352,0.07228
8154,0,3,0.52976,0.72215,0.10204,0.07122
8154,1,4,0.82203,0.80702,0.35282,0.38125
8155,0,3,0.91826,0.22205,0.13499,0.1148
8155,1,3,0.96047,0.41025,0.07698,0.08517
8155,2,3,0.24309,0.51246,0.48618,0.68287
8155,3,0,0.48667,0.27524,0.39852,0.55049
8155,4,2,0.37139,0.53029,0.6165,0.93325
8155,5,3,0.97376,0.07475,0.0504,0.0902
8155,6,0,0.86142,0.07116,0.08072,0.14233
8155,7,0,0.84598,0.1503,0.0287,0.11586
8159,0,3,0.92832,0.70509,0.14023,0.103
8159,1,2,0.88407,0.87597,0.22818,0.24493
8159,2,0,0.36564,0.81964,0.1199,0.3576
8159,3,4,0.15274,0.812,0.30548,0.37208
8160,0,4,0.49894,0.49787,0.9949,0.98958
8161,0,3,0.72109,0.76467,0.30825,0.17751
8162,0,3,0.6621,0.17687,0.27105,0.13712
8162,1,3,0.72162,0.03603,0.13287,0.06165
8162,2,3,0.80612,0.13329,0.05527,0.05846
8162,3,3,0.51701,0.02753,0.04889,0.02976
8162,4,0,0.85896,0.21542,0.28,0.42468
8162,5,0,0.57919,0.2906,0.13287,0.57079
8166,0,3,0.47927,0.85077,0.14137,0.16263
8170,0,0,0.5,0.1604,0.08291,0.18282
8170,1,3,0.51329,0.28954,0.12436,0.10736
8170,2,3,0.67273,0.29326,0.10098,0.06803
8170,3,4,0.37413,0.30035,0.18555,0.13455
8173,0,3,0.56856,0.03497,0.18389,0.0659
8173,1,2,0.40874,0.49846,0.81026,0.99692
8174,0,1,0.81521,0.74414,0.17795,0.04991
8174,1,0,0.19455,0.8673,0.11719,0.25716
8175,0,3,0.34809,0.24935,0.1161,0.0217
8175,1,2,0.89988,0.57046,0.19815,0.16111
8176,0,0,0.69558,0.82472,0.20833,0.21259
8176,1,3,0.81516,0.65731,0.06059,0.04996
8176,2,1,0.13308,0.9247,0.26616,0.05114
8178,0,3,0.81994,0.4341,0.09779,0.0861
8178,1,3,0.86246,0.53667,0.14456,0.09141
8178,2,3,0.61852,0.24649,0.0946,0.08291
8178,3,3,0.71259,0.31611,0.08291,0.13499
8178,4,0,0.60283,0.76303,0.22267,0.47185
8178,5,2,0.58875,0.10725,0.48151,0.20621
8178,6,0,0.91158,0.26691,0.17477,0.23428
8179,0,3,0.67795,0.11209,0.04232,0.02062
8179,1,3,0.87001,0.5255,0.04666,0.02713
8179,2,2,0.95143,0.4153,0.09505,0.21432
8179,3,0,0.38607,0.58129,0.15082,0.83533
8179,4,0,0.08805,0.42586,0.17611,0.24886
8179,5,0,0.78212,0.22765,0.15951,0.19314
8180,0,0,0.48993,0.31764,0.23007,0.16645
8180,1,0,0.65585,0.34892,0.11026,0.10178
8181,0,4,0.36129,0.80347,0.11373,0.13818
8183,0,3,0.59791,0.23925,0.18306,0.13942
8183,1,3,0.7847,0.23553,0.15219,0.149
8183,2,3,0.52887,0.7707,0.20261,0.2146
8183,3,3,0.94099,0.43249,0.11618,0.15909
8183,4,3,0.128,0.56264,0.10893,0.16013
8183,5,0,0.84368,0.42593,0.19826,0.23747
8183,6,0,0.28813,0.55991,0.3878,0.38126
8183,7,3,0.47821,0.24401,0.07298,0.04139
8184,0,0,0.69133,0.75191,0.28486,0.47513
8184,1,0,0.34853,0.75457,0.36671,0.48257
8184,2,0,0.87065,0.43968,0.25661,0.67336
8184,3,0,0.53828,0.08604,0.11264,0.17209
8184,4,3,0.40912,0.19388,0.30719,0.29656
8184,5,3,0.61745,0.34853,0.37309,0.43367
8184,6,3,0.93549,0.39804,0.12693,0.16491
8185,0,0,0.64562,0.23746,0.13393,0.47088
8185,1,0,0.87065,0.13128,0.25661,0.26065
8185,2,0,0.82601,0.7797,0.3459,0.42441
8185,3,1,0.90413,0.47066,0.18965,0.0912
8185,4,0,0.4279,0.77047,0.29301,0.45697
8185,5,0,0.46066,0.13122,0.12121,0.26244
8187,0,1,0.36873,0.94058,0.41986,0.08291
8187,1,0,0.17904,0.85202,0.1048,0.29388
8188,0,4,0.49942,0.49633,0.98948,0.99267
8189,0,0,0.14036,0.16878,0.28072,0.32803
8190,0,0,0.34003,0.26403,0.13074,0.2179
8195,0,0,0.58565,0.73168,0.42002,0.53457
8195,1,1,0.21195,0.68867,0.40816,0.08078
8195,2,0,0.76042,0.58982,0.36139,0.16369
8197,0,3,0.31877,0.69186,0.22003,0.12755
8197,1,4,0.68989,0.69531,0.34831,0.14106
8197,2,4,0.26301,0.73403,0.5228,0.52882
8198,0,3,0.38661,0.78971,0.06944,0.01953
8198,1,1,0.69965,0.7322,0.1747,0.03472
8199,0,3,0.77223,0.8548,0.36541,0.28424
8200,0,0,0.10916,0.51959,0.21832,0.50367
8201,0,3,0.46094,0.68934,0.0727,0.0293
8205,0,0,0.67048,0.33606,0.17647,0.44336
8206,0,2,0.50129,0.49978,0.99534,0.9964
8207,0,3,0.77264,0.81675,0.08822,0.06696
8208,0,0,0.22558,0.86082,0.16831,0.27628
8208,1,1,0.20716,0.85236,0.40497,0.0574
8209,0,3,0.3007,0.38255,0.29656,0.08716
8209,1,3,0.24915,0.31771,0.12543,0.04464
8211,0,0,0.6908,0.02275,0.03508,0.03933
8211,1,0,0.87969,0.23845,0.23854,0.40059
8211,2,0,0.37298,0.30336,0.27955,0.47513
8212,0,1,0.47821,0.26471,0.3366,0.05664
8213,0,3,0.81183,0.07163,0.06599,0.04896
8213,1,4,0.49946,0.49292,0.99782,0.9793
8214,0,0,0.23517,0.30969,0.47034,0.60561
8215,0,2,0.50022,0.50295,0.99747,0.98793
8216,0,2,0.49676,0.4974,0.99267,0.99479
8217,0,3,0.66764,0.42079,0.28212,0.08681
8217,1,0,0.24989,0.75228,0.3776,0.42209
8217,2,0,0.74902,0.24447,0.22352,0.19857
8219,0,3,0.652,0.36129,0.08716,0.04464
8219,1,3,0.66635,0.78805,0.11373,0.13074
8219,2,3,0.69133,0.56643,0.03827,0.04252
8219,3,2,0.67113,0.56962,0.20621,0.10842
8219,4,3,0.35629,0.93725,0.71259,0.12088
8220,0,3,0.87597,0.87224,0.24598,0.24809
8221,0,0,0.24011,0.44207,0.31356,0.80357
8221,1,0,0.45111,0.72747,0.12755,0.5389
8221,2,0,0.57175,0.61852,0.10523,0.16582
8221,3,3,0.78752,0.18378,0.0946,0.0744
8221,4,3,0.61958,0.09396,0.04145,0.0372
8221,5,0,0.48884,0.19653,0.1031,0.35077
8222,0,3,0.97429,0.80058,0.04934,0.07714
8224,0,4,0.83681,0.27075,0.32453,0.53661
8224,1,3,0.26,0.3526,0.32886,0.09366
8226,0,4,0.88634,0.84449,0.2242,0.27763
8227,0,0,0.91082,0.67432,0.12861,0.6452
8227,1,3,0.83292,0.14387,0.33208,0.14552
8227,2,3,0.78509,0.27603,0.42774,0.1186
8228,0,3,0.46914,0.02586,0.06811,0.04044
8229,0,3,0.22045,0.96716,0.31463,0.06165
8229,1,3,0.46599,0.6047,0.10842,0.04464
8230,0,0,0.41656,0.59779,0.36033,0.79401
8231,0,3,0.24224,0.46333,0.16475,0.13393
8231,1,3,0.22523,0.2348,0.1605,0.09566
8231,2,0,0.8401,0.53084,0.31668,0.18391
8231,3,0,0.1689,0.76679,0.19239,0.28805
8232,0,3,0.47874,0.53136,0.14881,0.08078
8232,1,3,0.52604,0.37032,0.09035,0.07759
8233,0,3,0.45197,0.54051,0.13194,0.15509
8233,1,3,0.28299,0.57002,0.12731,0.16319
8233,2,0,0.4835,0.16582,0.11388,0.22456
8234,0,1,0.29645,0.65944,0.29018,0.05421
8236,0,3,0.79815,0.58503,0.2094,0.10523
8236,1,3,0.84758,0.67538,0.09566,0.05634
8237,0,2,0.49969,0.50029,0.99853,0.99113
8238,0,0,0.46845,0.23058,0.19232,0.46115
8238,1,3,0.35419,0.08919,0.08089,0.06279
8240,0,1,0.348,0.75829,0.17432,0.0861
8240,1,1,0.32887,0.66369,0.15944,0.05634
8241,0,2,0.50129,0.52059,0.99534,0.95053
8242,0,4,0.69292,0.49947,0.60693,0.99702
8243,0,0,0.61639,0.66103,0.23703,0.16156
8243,1,1,0.36713,0.7567,0.32526,0.05527
8243,2,3,0.71152,0.76786,0.04889,0.04571
8243,3,0,0.21886,0.7737,0.19026,0.44643
8244,0,3,0.33507,0.14815,0.04861,0.02546
8244,1,3,0.38715,0.22396,0.12269,0.04514
8244,2,0,0.25978,0.24543,0.09141,0.16369
8244,3,3,0.25021,0.196,0.04252,0.03933
8244,4,1,0.86458,0.16782,0.06597,0.02546
8244,5,3,0.20344,0.28635,0.08291,0.04145
8245,0,2,0.49362,0.5,0.97577,0.99171
8246,0,0,0.4325,0.41018,0.13499,0.20408
8246,1,0,0.16309,0.46148,0.32335,0.23329
8247,0,0,0.15912,0.50803,0.31824,0.62724
8247,1,1,0.0895,0.55026,0.179,0.09308
8248,0,4,0.8215,0.62765,0.35388,0.32439
8249,0,0,0.36713,0.7737,0.09779,0.44855
8249,1,1,0.6047,0.65306,0.39009,0.06059
8250,0,0,0.15221,0.72875,0.30442,0.47344
8252,0,3,0.39421,0.24392,0.21267,0.04991
8253,0,0,0.2018,0.20871,0.4036,0.41213
8255,0,1,0.31481,0.18634,0.09838,0.02778
8255,1,2,0.1503,0.69186,0.29974,0.59524
8256,0,0,0.75426,0.64657,0.48939,0.27719
8257,0,4,0.55301,0.43639,0.1145,0.15373
8258,0,1,0.23618,0.77521,0.47236,0.13481
8259,0,3,0.95436,0.8544,0.08815,0.08485
8260,0,3,0.37298,0.25287,0.07547,0.08929
8260,1,3,0.8226,0.41231,0.33695,0.28912
8260,2,4,0.59301,0.50638,0.74724,0.98108
8261,0,1,0.22577,0.81409,0.43367,0.10417
8261,1,3,0.90285,0.65784,0.05952,0.05315
8261,2,3,0.97057,0.68452,0.05678,0.03422
8261,3,0,0.83132,0.57728,0.33527,0.1046
8262,0,0,0.78858,0.13435,0.10948,0.18814
8262,1,0,0.86781,0.02918,0.07646,0.05835
8263,0,4,0.51569,0.92327,0.38104,0.15033
8267,0,3,0.62064,0.23852,0.06484,0.03295
8267,1,0,0.29645,0.20132,0.0946,0.27742
8267,2,4,0.65147,0.52126,0.68559,0.93006
8268,0,3,0.69877,0.26562,0.09991,0.09354
8268,1,0,0.84142,0.17959,0.31507,0.35301
8268,2,3,0.74766,0.43569,0.15094,0.12968
8268,3,0,0.1503,0.66741,0.28061,0.60799
8268,4,0,0.53455,0.23586,0.17113,0.28699
8268,5,0,0.67166,0.14817,0.06696,0.12011
8268,6,0,0.82207,0.652,0.23597,0.26467
8268,7,0,0.92433,0.57696,0.14926,0.36332
8268,8,0,0.80719,0.82738,0.07653,0.19664
8268,9,3,0.96412,0.92743,0.06561,0.14306
8270,0,2,0.26913,0.52351,0.53827,0.80277
8270,1,0,0.75032,0.14551,0.06909,0.0659
8270,2,0,0.89169,0.34906,0.11373,0.17538
8270,3,3,0.58185,0.09237,0.07015,0.03401
8270,4,0,0.78008,0.70568,0.12436,0.28912
8271,0,0,0.71822,0.79502,0.20763,0.40254
8271,1,1,0.91123,0.72623,0.17628,0.08488
8272,0,2,0.5006,0.45035,0.98886,0.9007
8272,1,3,0.49149,0.03278,0.09791,0.05002
8273,0,0,0.29804,0.78805,0.53997,0.41986
8274,0,0,0.88952,0.14351,0.21971,0.28384
8274,1,0,0.6446,0.03231,0.05403,0.05508
8275,0,0,0.68707,0.57334,0.6165,0.15412
8275,1,0,0.52362,0.7524,0.41075,0.49311
8276,0,0,0.6148,0.63871,0.27636,0.14031
8277,0,3,0.74979,0.38892,0.08929,0.05527
8277,1,0,0.84939,0.31277,0.29913,0.33665
8277,2,2,0.36129,0.6132,0.70259,0.76531
8277,3,3,0.78934,0.57165,0.41924,0.85228
8277,4,0,0.34269,0.04507,0.08716,0.05846
8279,0,1,0.29358,0.88856,0.58716,0.12555
8280,0,2,0.50182,0.49658,0.99428,0.99216
8282,0,3,0.3868,0.18803,0.08185,0.05952
8282,1,1,0.67454,0.86592,0.64883,0.1334
8282,2,0,0.37564,0.54464,0.304,0.90668
8282,3,0,0.81751,0.44315,0.3629,0.71007
8282,4,3,0.96313,0.71885,0.07166,0.07525
8282,5,0,0.34747,0.39105,0.16688,0.35077
8282,6,0,0.14477,0.37493,0.28954,0.42907
8282,7,0,0.77871,0.07467,0.4405,0.12404
8282,8,3,0.24862,0.16571,0.49213,0.32951
8283,0,1,0.1352,0.40418,0.27041,0.05389
8284,0,2,0.5,0.50372,0.9949,0.98852
8286,0,3,0.58157,0.10328,0.09534,0.07415
8286,1,0,0.8445,0.24529,0.30976,0.42173
8287,0,3,0.49043,0.15083,0.07015,0.04464
8287,1,3,0.10558,0.88633,0.17872,0.22526
8289,0,3,0.28688,0.50478,0.15412,0.07653
8289,1,0,0.10278,0.51516,0.20557,0.29499
8289,2,3,0.5202,0.12266,0.04039,0.03508
8290,0,3,0.74235,0.71631,0.12968,0.12755
8290,1,3,0.51754,0.7939,0.05208,0.04039
8290,2,3,0.51329,0.87309,0.09673,0.06696
8294,0,4,0.7354,0.85464,0.52607,0.27666
8295,0,3,0.41603,0.28954,0.19345,0.13074
8295,1,4,0.50022,0.79953,0.99747,0.39391
8295,2,2,0.49969,0.30056,0.99853,0.59552
8296,0,0,0.58185,0.74341,0.46556,0.50489
8297,0,3,0.59407,0.16093,0.06909,0.0372
8297,1,2,0.11448,0.68114,0.22895,0.39134
8299,0,3,0.43569,0.86618,0.09035,0.04889
8299,1,3,0.50585,0.86086,0.04358,0.03401
8300,0,3,0.44366,0.15668,0.08291,0.04145
8300,1,0,0.18349,0.56692,0.35879,0.86407
8300,2,0,0.45549,0.62273,0.17618,0.75247
8302,0,1,0.26562,0.81728,0.5304,0.14668
8302,1,3,0.40434,0.59832,0.05315,0.03827
8302,2,3,0.19547,0.56856,0.07972,0.04039
8305,0,1,0.47969,0.91609,0.95686,0.16573
8305,1,1,0.31665,0.60736,0.40285,0.03508
8305,2,3,0.5202,0.57759,0.03614,0.02445
8305,3,0,0.56324,0.64031,0.07759,0.05634
8306,0,3,0.72587,0.33365,0.37521,0.19133
8306,1,3,0.62436,0.4426,0.08929,0.07972
8306,2,3,0.7179,0.47715,0.09991,0.09991
8306,3,3,0.9036,0.55006,0.19071,0.17346
8306,4,3,0.64084,0.59407,0.0861,0.07866
8306,5,3,0.64137,0.14126,0.12543,0.07866
8306,6,3,0.54836,0.04719,0.11586,0.06696
8306,7,0,0.54624,0.5,0.27742,0.99384
8306,8,0,0.7904,0.2515,0.41711,0.49684
8307,0,3,0.652,0.24277,0.24235,0.17751
8307,1,3,0.75214,0.05608,0.49364,0.11084
8307,2,3,0.49575,0.51382,0.08078,0.08185
8307,3,3,0.31346,0.22683,0.4156,0.20514
8307,4,2,0.49969,0.66739,0.99853,0.65905
8308,0,2,0.89936,0.47087,0.19492,0.93644
8309,0,4,0.50531,0.75563,0.24022,0.20621
8311,0,3,0.87037,0.03278,0.0596,0.03299
8312,0,0,0.2534,0.67219,0.27849,0.64732
8312,1,0,0.41178,0.69026,0.21046,0.33057
8312,2,2,0.66422,0.50106,0.66858,0.98958
8313,0,0,0.1301,0.80187,0.09566,0.0946
8313,1,1,0.26828,0.86086,0.46769,0.04889
8314,0,1,0.52392,0.65678,0.05846,0.22321
8314,1,0,0.48565,0.67432,0.96832,0.11586
8317,0,3,0.39371,0.83429,0.07015,0.05102
8317,1,3,0.54943,0.9257,0.11586,0.11267
8317,2,1,0.73969,0.66741,0.22215,0.08078
8319,0,2,0.50129,0.50189,0.99534,0.99005
8320,0,4,0.84067,0.90285,0.30293,0.18389
8320,1,4,0.34109,0.90763,0.38372,0.1807
8321,0,3,0.6132,0.05198,0.11373,0.07015
8321,1,3,0.47229,0.24887,0.29072,0.17049
8321,2,2,0.49948,0.5,0.99896,1.0
8322,0,3,0.08812,0.90179,0.15412,0.19239
8322,1,0,0.1301,0.5659,0.17645,0.47938
8323,0,3,0.70249,0.37032,0.14775,0.08397
8323,1,3,0.31558,0.20823,0.11161,0.04039
8324,0,3,0.92114,0.08566,0.15563,0.07587
8324,1,3,0.19551,0.76091,0.38577,0.47611
8324,2,3,0.56347,0.31606,0.87098,0.33068
8324,3,3,0.78509,0.56281,0.42774,0.26274
8324,4,3,0.61639,0.83482,0.13074,0.22003
8324,5,3,0.54943,0.07005,0.29443,0.12117
8326,0,3,0.65784,0.29273,0.46237,0.48788
8326,1,2,0.21173,0.43883,0.42347,0.63765
8326,2,0,0.75914,0.78908,0.23367,0.41975
8327,0,0,0.25332,0.55736,0.2,0.88321
8327,1,1,0.12,0.41762,0.23916,0.0574
8328,0,3,0.62011,0.47077,0.70153,0.51871
8329,0,3,0.34322,0.75829,0.17751,0.28593
8329,1,3,0.13063,0.48193,0.25191,0.17963
8330,0,1,0.67507,0.89452,0.64777,0.12896
8330,1,3,0.56962,0.59938,0.06059,0.10417
8330,2,0,0.43435,0.82769,0.07161,0.33637
8331,0,3,0.31665,0.21514,0.14775,0.09673
8331,1,3,0.10491,0.59878,0.20982,0.28579
8331,2,2,0.20908,0.86947,0.41815,0.25277
8331,3,0,0.59885,0.73544,0.2466,0.52296
8331,4,2,0.94027,0.52142,0.11737,0.265
8331,5,3,0.79496,0.55952,0.07972,0.06909
8332,0,1,0.53189,0.8598,0.3784,0.07866
8332,1,3,0.84279,0.69452,0.07122,0.05846
8332,2,4,0.71684,0.69505,0.09354,0.04677
8332,3,4,0.95303,0.68179,0.09186,0.05639
8332,4,1,0.95037,0.91321,0.09717,0.04091
8335,0,3,0.6398,0.39693,0.07237,0.05702
8337,0,3,0.49362,0.7923,0.11692,0.11373
8338,0,3,0.48776,0.49202,0.22882,0.29587
8338,1,3,0.51969,0.67135,0.15432,0.14581
8338,2,3,0.55854,0.17752,0.10643,0.06918
8338,3,3,0.66177,0.24351,0.10004,0.07131
8338,4,3,0.69157,0.36005,0.17029,0.13197
8338,5,3,0.87406,0.35475,0.25003,0.39597
8338,6,3,0.22329,0.3792,0.10643,0.08301
8338,7,3,0.14879,0.48883,0.09153,0.0894
8338,8,3,0.28608,0.70807,0.21924,0.15964
8338,9,3,0.29513,0.20945,0.10324,0.14581
8338,10,3,0.60164,0.05673,0.17348,0.09153
8338,11,3,0.38719,0.10355,0.2086,0.1341
8341,0,0,0.39105,0.6908,0.07122,0.12543
8341,1,1,0.23746,0.7923,0.2381,0.08397
8341,2,1,0.19122,0.63499,0.07759,0.03295
8342,0,0,0.889,0.87489,0.21701,0.14431
8342,1,0,0.50563,0.89596,0.11216,0.20599
8344,0,3,0.88797,0.21248,0.08291,0.09354
8344,1,0,0.74394,0.11203,0.14987,0.22003
8344,2,3,0.96419,0.38587,0.06954,0.19797
8344,3,0,0.95865,0.11363,0.04783,0.22321
8344,4,2,0.85342,0.09928,0.18601,0.13499
8344,5,2,0.08897,0.49717,0.17793,0.22075
8344,6,3,0.73414,0.25275,0.16215,0.10605
8344,7,2,0.6047,0.72959,0.78763,0.53678
8345,0,3,0.05942,0.75776,0.07334,0.07866
8345,1,3,0.79337,0.78486,0.07653,0.08185
8345,2,3,0.91667,0.7737,0.08716,0.04039
8345,3,3,0.94909,0.86937,0.07122,0.06378
8345,4,3,0.7511,0.95038,0.09403,0.09612
8345,5,3,0.87066,0.95357,0.08869,0.08974
8345,6,3,0.61692,0.76626,0.07653,0.05952
8345,7,3,0.1503,0.75776,0.09141,0.0574
8346,0,1,0.60682,0.88106,0.27742,0.08503
8346,1,1,0.43197,0.64934,0.07653,0.02551
8347,0,3,0.66741,0.58238,0.24128,0.21471
8347,1,3,0.92061,0.85954,0.1567,0.11854
8347,2,3,0.53773,0.22417,0.07972,0.06378
8347,3,3,0.57919,0.30283,0.09035,0.06378
8347,4,2,0.45536,0.09503,0.21471,0.18601
8347,5,0,0.59301,0.09237,0.18601,0.17645
8347,6,0,0.34216,0.59194,0.16475,0.80995
8347,7,3,0.81091,0.55952,0.23278,0.24554
8347,8,0,0.68548,0.86458,0.14137,0.26679
8347,9,3,0.76679,0.79124,0.09566,0.13712
8348,0,1,0.25712,0.9629,0.51127,0.05527
8350,0,0,0.54889,0.88478,0.09566,0.09885
8351,0,1,0.49821,0.83959,0.99642,0.13881
8351,1,0,0.6416,0.81359,0.27127,0.24957
8352,0,3,0.41815,0.31718,0.10417,0.06271
8352,1,3,0.35544,0.36023,0.09354,0.04252
8352,2,3,0.90919,0.73996,0.1785,0.2599
8353,0,3,0.60629,0.52179,0.09779,0.08291
8353,1,3,0.34747,0.81197,0.19452,0.14243
8353,2,3,0.62861,0.7551,0.09991,0.11161
8353,3,3,0.37936,0.54783,0.07547,0.10523
8353,4,3,0.25234,0.52285,0.11905,0.14668
8353,5,3,0.8986,0.38946,0.08929,0.06271
8354,0,0,0.17585,0.02966,0.06992,0.04343
8354,1,0,0.0339,0.24268,0.0678,0.07329
8355,0,3,0.86821,0.84137,0.06929,0.04076
8356,0,2,0.49097,0.2077,0.94919,0.11798
8356,1,3,0.19707,0.08652,0.10417,0.05421
8357,0,1,0.85707,0.10941,0.22244,0.06918
8357,1,1,0.54736,0.21477,0.26288,0.15858
8358,0,4,0.61529,0.8738,0.76629,0.24695
8362,0,1,0.52179,0.73119,0.52615,0.14881
8363,0,3,0.4729,0.12372,0.06271,0.03508
8364,0,3,0.81303,0.24011,0.11798,0.10629
8365,0,4,0.49098,0.85365,0.18812,0.28957
8366,0,3,0.28635,0.10247,0.04039,0.04358
8367,0,3,0.12847,0.96586,0.13773,0.03588
8367,1,1,0.86979,0.8206,0.17361,0.05093
8367,2,1,0.6318,0.87362,0.16156,0.05527
8367,3,1,0.27638,0.9391,0.07572,0.02635
8368,0,0,0.32869,0.53716,0.29797,0.9236
8370,0,4,0.49947,0.47978,0.99298,0.94615
8372,0,1,0.50266,0.41273,0.99085,0.18199
8373,0,3,0.08844,0.78641,0.17687,0.29114
8373,1,2,0.50053,0.49522,0.99596,0.98639
8374,0,1,0.41497,0.64828,0.3869,0.05952
8375,0,4,0.75404,0.89435,0.48469,0.20514
8376,0,0,0.64936,0.52542,0.2161,0.43538
8376,1,0,0.10487,0.53722,0.20975,0.39541
8376,2,0,0.57309,0.15042,0.09746,0.12394
8376,3,0,0.93167,0.42956,0.11547,0.18008
8376,4,0,0.29396,0.16472,0.06886,0.06144
8376,5,0,0.13189,0.26377,0.07945,0.11123
8377,0,0,0.8106,0.48034,0.37755,0.95327
8378,0,0,0.53514,0.76516,0.3849,0.4676
8378,1,1,0.89144,0.96074,0.21201,0.07645
8380,0,3,0.94134,0.17723,0.11524,0.08256
8384,0,2,0.40327,0.49947,0.80357,0.9949
8385,0,0,0.7368,0.34621,0.22882,0.33206
8386,0,3,0.19866,0.29486,0.39222,0.24554
8386,1,3,0.29804,0.13382,0.14031,0.06378
8387,0,1,0.52338,0.95706,0.94175,0.08185
8389,0,3,0.74425,0.49149,0.09046,0.07556
8391,0,0,0.866,0.87447,0.20445,0.24788
8391,1,0,0.17426,0.27146,0.34852,0.53126
8391,2,3,0.70286,0.41578,0.05403,0.05297
8391,3,0,0.80636,0.0956,0.15846,0.19121
8391,4,0,0.60805,0.07097,0.09958,0.13665
8394,0,0,0.50319,0.11469,0.10629,0.22534
8394,1,2,0.83558,0.23398,0.32676,0.46392
8394,2,0,0.66422,0.2061,0.07759,0.41029
8394,3,0,0.93283,0.08444,0.13225,0.16485
8394,4,0,0.89457,0.67591,0.20878,0.41666
8396,0,0,0.47765,0.42444,0.28523,0.8461
8397,0,3,0.82898,0.73916,0.23065,0.14562
8398,0,3,0.42525,0.04034,0.27706,0.08068
8398,1,0,0.85896,0.13733,0.28,0.27063
8398,2,2,0.50235,0.54014,0.99322,0.91142
8398,3,0,0.18059,0.08121,0.13499,0.11161
8399,0,3,0.78965,0.97034,0.13924,0.05527
8399,1,0,0.72428,0.69664,0.28699,0.48576
8399,2,3,0.54092,0.39849,0.06059,0.07866
8399,3,3,0.53348,0.58185,0.07547,0.0861
8399,4,0,0.25446,0.50159,0.19345,0.73342
8400,0,4,0.62968,0.60045,0.72491,0.73129
8401,0,3,0.93709,0.40586,0.12375,0.14867
8401,1,0,0.53827,0.09184,0.1233,0.17751
8402,0,3,0.27785,0.70089,0.04889,0.09247
8402,1,3,0.48618,0.70461,0.07228,0.07228
8402,2,3,0.78593,0.67166,0.09141,0.04677
8403,0,3,0.10941,0.49787,0.14049,0.13304
8404,0,3,0.66794,0.06739,0.09141,0.06484
8404,1,0,0.43818,0.58499,0.2505,0.82793
8404,2,1,0.57812,0.38414,0.76849,0.19877
8404,3,0,0.83132,0.74161,0.33527,0.50555
8406,0,4,0.23723,0.18801,0.47446,0.37113
8407,0,3,0.83323,0.05995,0.0861,0.08397
8407,1,3,0.84993,0.18346,0.29807,0.11203
8407,2,3,0.71631,0.29698,0.20514,0.13712
8407,3,2,0.39031,0.27778,0.78061,0.5494
8407,4,2,0.89244,0.4987,0.21303,0.54268
8410,0,3,0.47397,0.11315,0.32629,0.2263
8410,1,3,0.57122,0.47343,0.57823,0.49213
8410,2,0,0.84705,0.86565,0.21152,0.26467
8411,0,1,0.70544,0.76042,0.48843,0.03472
8411,1,1,0.74051,0.92014,0.5169,0.04861
8411,2,0,0.05064,0.90338,0.10127,0.08685
8411,3,3,0.3912,0.63137,0.03819,0.02662
8411,4,3,0.03559,0.62616,0.07118,0.03935
8412,0,3,0.84692,0.13214,0.30431,0.15935
8412,1,3,0.55534,0.27224,0.22989,0.31396
8412,2,4,0.37229,0.58195,0.43423,0.54172
8413,0,1,0.33099,0.73491,0.63563,0.152
8414,0,3,0.5186,0.15614,0.23278,0.17007
8414,1,3,0.59681,0.03449,0.10613,0.06898
8414,2,2,0.50075,0.50288,0.99641,0.98382
8415,0,1,0.13648,0.2619,0.18282,0.04783
8416,0,0,0.20929,0.61905,0.12649,0.16901
8419,0,3,0.45004,0.2162,0.08929,0.04571
8419,1,3,0.39849,0.25021,0.03082,0.02232
8419,2,3,0.57281,0.23586,0.20302,0.08291
8419,3,3,0.5744,0.3023,0.08291,0.04145
8419,4,3,0.33525,0.2736,0.06803,0.0372
8419,5,0,0.27944,0.40965,0.26467,0.50489
8421,0,4,0.41043,0.92274,0.10473,0.15139
8422,0,1,0.49948,0.67303,0.99896,0.06829
8422,1,0,0.73407,0.54384,0.52978,0.88613
8422,2,0,0.79253,0.17556,0.41286,0.34496
8423,0,0,0.5314,0.26373,0.12452,0.52256
8424,0,3,0.61161,0.16358,0.12968,0.11054
8424,1,3,0.47343,0.29326,0.12543,0.1318
8424,2,3,0.94134,0.23214,0.11524,0.152
8424,3,3,0.66316,0.28316,0.11161,0.0946
8424,4,3,0.68814,0.78858,0.5102,0.41879
8424,5,3,0.14477,0.72169,0.28954,0.54223
8424,6,3,0.18644,0.20132,0.28699,0.38159
8424,7,3,0.87149,0.11363,0.15412,0.08503
8424,8,3,0.45748,0.14711,0.12968,0.0946
8424,9,3,0.5271,0.07589,0.19877,0.05846
8424,10,3,0.71631,0.45695,0.12224,0.08929
8424,11,0,0.50478,0.4628,0.17538,0.23278
8424,12,0,0.89191,0.38812,0.21409,0.2875
8424,13,2,0.77125,0.03662,0.24063,0.07324
8424,14,2,0.37298,0.05463,0.09885,0.07759
8425,0,3,0.33046,0.63871,0.05846,0.05315
8425,1,3,0.41815,0.72321,0.05315,0.05634
8427,0,0,0.41475,0.92859,0.14074,0.1397
8428,0,1,0.43622,0.63871,0.36565,0.05952
8428,1,1,0.33472,0.69292,0.25829,0.03401
8429,0,4,0.65131,0.90255,0.43655,0.19178
8429,1,4,0.80293,0.70993,0.21896,0.12117
8429,2,4,0.9448,0.87578,0.10728,0.20415
8429,3,4,0.72162,0.56112,0.17538,0.10629
8432,0,4,0.78055,0.8882,0.43143,0.22048
8434,0,3,0.61639,0.73172,0.09673,0.06909
8434,1,3,0.91986,0.69398,0.04677,0.04039
8434,2,3,0.95143,0.79283,0.09505,0.05314
8435,0,1,0.86587,0.69925,0.26618,0.12107
8435,1,1,0.92911,0.59513,0.13969,0.06377
8436,0,1,0.12723,0.37882,0.25446,0.0542
8437,0,2,0.38293,0.49734,0.63644,0.95998
8438,0,3,0.55049,0.20504,0.06271,0.09991
8438,1,2,0.49469,0.58929,0.98002,0.81314
8438,2,2,0.58025,0.0844,0.61118,0.16688
8438,3,2,0.97057,0.09882,0.05678,0.09369
8440,0,0,0.71631,0.85449,0.30506,0.28274
8441,0,3,0.8683,0.01956,0.06484,0.03295
8441,1,0,0.86109,0.15431,0.27574,0.30672
8441,2,3,0.53295,0.07696,0.09141,0.05421
8441,3,3,0.50053,0.50053,0.99596,0.9949
8443,0,1,0.36448,0.5,0.44111,0.06696
8444,0,3,0.21142,0.08759,0.1605,0.12011
8448,0,0,0.64513,0.37076,0.12076,0.20021
8448,1,3,0.81144,0.14142,0.08051,0.0572
8451,0,2,0.5,0.5,0.99702,0.99171
8453,0,4,0.06022,0.57354,0.12044,0.24779
8454,0,4,0.66794,0.81113,0.65901,0.37461
8455,0,0,0.70138,0.10518,0.16892,0.21035
8455,1,0,0.6233,0.18803,0.26573,0.36565
8455,2,3,0.75935,0.46439,0.06165,0.04889
8455,3,3,0.94559,0.44929,0.10674,0.07397
8455,4,3,0.91088,0.52257,0.10069,0.0706
8455,5,3,0.27252,0.28322,0.5442,0.56643
8458,0,3,0.22183,0.29624,0.44366,0.58631
8458,1,1,0.50182,0.79889,0.99428,0.17154
8458,2,0,0.89032,0.23256,0.21728,0.46321
8458,3,3,0.64403,0.82844,0.14775,0.11161
8458,4,0,0.6087,0.49996,0.22166,0.998
8459,0,3,0.82419,0.24862,0.23597,0.10629
8459,1,3,0.3767,0.19441,0.07228,0.05102
8460,0,3,0.72056,0.36182,0.38372,0.15838
8460,1,3,0.72747,0.47024,0.09566,0.06059
8460,2,3,0.50744,0.13542,0.07866,0.04145
8460,3,3,0.74235,0.16146,0.15094,0.07653
8460,4,3,0.86139,0.26881,0.09141,0.07653
8460,5,3,0.62755,0.04135,0.1807,0.07015
8460,6,3,0.66954,0.07855,0.09035,0.04677
8460,7,3,0.7838,0.07217,0.0744,0.03827
8460,8,0,0.58822,0.48087,0.21046,0.9577
8460,9,0,0.83345,0.22864,0.33102,0.45111
8461,0,2,0.75935,0.60682,0.47832,0.78231
8461,1,3,0.1131,0.12426,0.06378,0.03189
8462,0,3,0.66954,0.19228,0.19877,0.11905
8462,1,3,0.6031,0.06739,0.66114,0.12649
8462,2,3,0.1756,0.31422,0.35119,0.45009
8462,3,2,0.25021,0.56537,0.49745,0.86522
8462,4,2,0.75107,0.6223,0.49577,0.74737
8463,0,3,0.75935,0.29751,0.0744,0.06803
8463,1,3,0.85874,0.13861,0.2179,0.06059
8463,2,3,0.72162,0.08918,0.11798,0.03614
8463,3,3,0.49681,0.02381,0.22959,0.03508
8463,4,0,0.58291,0.31505,0.19983,0.54103
8463,5,0,0.40946,0.76781,0.27037,0.46229
8463,6,0,0.7268,0.56798,0.20063,0.86195
8463,7,0,0.81675,0.20398,0.17219,0.13393
8463,8,0,0.9137,0.44616,0.17051,0.23777
8463,9,0,0.90095,0.77716,0.19602,0.43421
8464,0,3,0.27118,0.64421,0.28097,0.3278
8464,1,3,0.34195,0.1142,0.19476,0.12771
8465,0,0,0.54464,0.79921,0.25935,0.3699
8466,0,3,0.80984,0.09715,0.25191,0.11161
8466,1,4,0.46333,0.103,0.26679,0.12755
8467,0,1,0.75694,0.67766,0.43171,0.02199
8468,0,3,0.24298,0.12005,0.12665,0.04789
8468,1,3,0.40102,0.09238,0.04257,0.05002
8468,2,3,0.14347,0.03278,0.04896,0.02022
8468,3,3,0.09398,0.04768,0.04151,0.03938
8468,4,3,0.03597,0.03597,0.05747,0.03299
8468,5,4,0.22446,0.25345,0.44891,0.45305
8469,0,1,0.55474,0.66263,0.35821,0.08822
8469,1,3,0.09343,0.59779,0.11798,0.06696
8471,0,3,0.35225,0.2433,0.18495,0.11905
8471,1,3,0.83748,0.39849,0.12011,0.07653
8471,2,0,0.58344,0.12904,0.06484,0.24766
8471,3,2,0.78965,0.18059,0.32632,0.35502
8471,4,3,0.25585,0.21881,0.51169,0.43145
8471,5,2,0.50129,0.67944,0.99534,0.6278
8473,0,0,0.19813,0.41284,0.3869,0.70472
8474,0,3,0.46439,0.75085,0.12224,0.04145
8474,1,4,0.32717,0.89351,0.48131,0.20985
8475,0,3,0.5659,0.19175,0.0659,0.05208
8476,0,1,0.83369,0.04078,0.08263,0.03178
8476,1,0,0.93485,0.12712,0.10064,0.09428
8477,0,4,0.42719,0.70568,0.29443,0.16369
8478,0,2,0.49894,0.50053,0.99065,0.9949
8479,0,3,0.81037,0.07483,0.21046,0.11586
8479,1,3,0.22736,0.63287,0.39435,0.73023
8479,2,0,0.26616,0.13489,0.17219,0.26786
8480,0,0,0.54199,0.08812,0.06484,0.1148
8480,1,2,0.24575,0.42785,0.4915,0.85166
8481,0,3,0.6334,0.47608,0.13074,0.11692
8481,1,3,0.69664,0.59991,0.15731,0.12224
8481,2,3,0.37085,0.36235,0.12649,0.08503
8481,3,3,0.54145,0.24543,0.08503,0.0659
8481,4,0,0.82335,0.26458,0.35121,0.47197
8481,5,3,0.58503,0.12585,0.07228,0.04145
8481,6,0,0.40912,0.20132,0.21577,0.23065
8481,7,3,0.75351,0.93793,0.15412,0.1031
8481,8,0,0.6791,0.50372,0.37096,0.98427
8482,0,0,0.92024,0.13283,0.15827,0.25824
8482,1,3,0.37182,0.10222,0.11653,0.11864
8483,0,4,0.75666,0.60925,0.48356,0.37476
8485,0,0,0.82437,0.60359,0.35001,0.58536
8488,0,3,0.46864,0.81144,0.35821,0.20727
8488,1,3,0.73756,0.6318,0.06909,0.07122
8488,2,3,0.70993,0.73225,0.03508,0.03401
8489,0,1,0.6621,0.81037,0.47938,0.06271
8489,1,1,0.7419,0.88542,0.50347,0.05787
8491,0,3,0.52073,0.23905,0.07334,0.06378
8491,1,3,0.13308,0.89232,0.26616,0.20748
8491,2,2,0.49947,0.38467,0.99596,0.76318
8492,0,0,0.70604,0.40466,0.14513,0.22564
8492,1,0,0.80138,0.72087,0.16208,0.25
8492,2,0,0.64089,0.10858,0.04661,0.12924
8492,3,0,0.92214,0.3411,0.0964,0.08369
8493,0,3,0.4106,0.03704,0.18306,0.07131
8493,1,3,0.37229,0.61388,0.73648,0.30758
8493,2,2,0.50156,0.26676,0.99503,0.38027
8493,3,2,0.78998,0.03889,0.41819,0.06547
8494,0,3,0.5286,0.20445,0.07203,0.04131
8494,1,4,0.84216,0.09375,0.31144,0.17797
8498,0,4,0.77423,0.76892,0.16582,0.15412
8498,1,4,0.67219,0.91986,0.14456,0.14562
8498,2,4,0.91982,0.67649,0.15724,0.16272
8498,3,4,0.67485,0.59035,0.10523,0.05846
8498,4,4,0.82047,0.59247,0.13287,0.06271
8498,5,4,0.47715,0.91295,0.24128,0.15731
8499,0,4,0.8401,0.85456,0.31668,0.28501
8500,0,3,0.7066,0.2228,0.08565,0.03588
8500,1,3,0.29326,0.18219,0.08397,0.06059
8500,2,3,0.36806,0.10995,0.09144,0.02778
8501,0,0,0.78337,0.66631,0.22775,0.58157
8501,1,3,0.48305,0.2643,0.07839,0.07415
8502,0,0,0.259,0.23093,0.18114,0.3697
8502,1,2,0.42161,0.68962,0.28178,0.61547
8502,2,0,0.50371,0.18485,0.12182,0.33263
8503,0,2,0.49947,0.50053,0.99171,0.99065
8504,0,4,0.50119,0.47855,0.99429,0.95711
8506,0,1,0.45674,0.93012,0.91348,0.13639
8506,1,1,0.57706,0.67379,0.09247,0.03189
8507,0,0,0.16624,0.63924,0.23384,0.56654
8508,0,0,0.19813,0.55368,0.21471,0.83759
8510,0,3,0.58238,0.49894,0.14137,0.13287
8510,1,3,0.75404,0.9544,0.22534,0.08503
8510,2,0,0.4713,0.18378,0.06165,0.14881
8512,0,3,0.50691,0.38361,0.30719,0.34014
8512,1,3,0.22786,0.90812,0.25729,0.18168
8512,2,3,0.35438,0.63552,0.18495,0.17219
8512,3,2,0.50075,0.51809,0.99641,0.95977
8513,0,3,0.71949,0.74766,0.05634,0.04145
8513,1,0,0.60562,0.91743,0.07944,0.16202
8513,2,4,0.69452,0.81941,0.10842,0.07653
8513,3,4,0.75045,0.92806,0.18627,0.14076
8513,4,3,0.33206,0.94855,0.20196,0.05846
8513,5,4,0.87836,0.72788,0.24015,0.16345
8515,0,0,0.92248,0.86402,0.15192,0.11049
8518,0,2,0.79333,0.85511,0.41021,0.28399
8521,0,0,0.196,0.10565,0.09354,0.20514
8521,1,2,0.70643,0.12663,0.58506,0.25134
8524,0,1,0.29379,0.66369,0.58673,0.06271
8526,0,2,0.5495,0.03901,0.11599,0.07801
8528,0,3,0.94966,0.04555,0.05428,0.05002
8530,0,2,0.50075,0.50348,0.99641,0.98688
8532,0,4,0.47056,0.85864,0.94111,0.2783
8533,0,3,0.87526,0.2073,0.07111,0.03729
8533,1,3,0.2749,0.07429,0.10324,0.06705
8533,2,0,0.33291,0.11473,0.1937,0.17986
8533,3,3,0.13484,0.1985,0.09259,0.03819
8534,0,4,0.255,0.79443,0.50914,0.40497
8535,0,3,0.52764,0.69877,0.5017,0.50276
8535,1,3,0.68176,0.38892,0.49957,0.2381
8535,2,3,0.90679,0.64603,0.18433,0.20383
8535,3,3,0.16571,0.3092,0.32844,0.61437
8535,4,3,0.66604,0.09277,0.66584,0.1815
8535,5,3,0.17241,0.83292,0.34481,0.3289
8536,0,0,0.07256,0.22248,0.14513,0.16847
8536,1,0,0.64195,0.06674,0.0572,0.10064
8538,0,0,0.30974,0.58716,0.2381,0.48151
8538,1,3,0.0693,0.6221,0.13861,0.11772
8538,2,2,0.71259,0.50053,0.56548,0.99065
8538,3,2,0.40487,0.23427,0.24979,0.21577
8539,0,1,0.28157,0.41443,0.55591,0.14456
8540,0,0,0.32143,0.66582,0.23384,0.66008
8542,0,3,0.80453,0.03019,0.09885,0.05846
8542,1,3,0.83376,0.11097,0.28486,0.07334
8542,2,3,0.67591,0.1976,0.13499,0.11905
8542,3,2,0.33078,0.22729,0.66156,0.44629
8542,4,2,0.87384,0.32764,0.25023,0.35787
8544,0,3,0.78443,0.16505,0.05613,0.05233
8544,1,3,0.93056,0.06192,0.12847,0.03356
8545,0,3,0.87946,0.40646,0.14881,0.08185
8545,1,3,0.74607,0.31399,0.06059,0.03295
8545,2,4,0.70218,0.56308,0.59356,0.86914
8546,0,3,0.45708,0.60147,0.91067,0.79498
8546,1,3,0.73172,0.12585,0.10842,0.06271
8546,2,2,0.80156,0.10297,0.39479,0.18499
8547,0,0,0.51961,0.43427,0.44635,0.64143
8549,0,0,0.87916,0.46276,0.2396,0.26247
8549,1,0,0.06665,0.60163,0.13329,0.24683
8551,0,3,0.95255,0.29197,0.09365,0.10406
8551,1,3,0.80244,0.17691,0.08792,0.06038
8552,0,3,0.85365,0.22292,0.29063,0.2696
8552,1,3,0.84993,0.83659,0.29807,0.31709
8552,2,0,0.652,0.34003,0.24235,0.66539
8552,3,0,0.89032,0.5549,0.21728,0.23203
8552,4,3,0.95728,0.42749,0.08335,0.11114
8552,5,0,0.73863,0.04294,0.08822,0.08185
8552,6,3,0.42081,0.21301,0.08822,0.04996
8554,0,2,0.33206,0.68176,0.52083,0.62819
8555,0,2,0.33545,0.72178,0.6709,0.55206
8555,1,2,0.86368,0.29455,0.27055,0.27921
8555,2,2,0.43761,0.20649,0.22569,0.17036
8555,3,3,0.8337,0.10816,0.05451,0.03391
8555,4,3,0.82885,0.07122,0.04966,0.02544
8555,5,1,0.77677,0.04336,0.11991,0.02786
8556,0,0,0.24881,0.2385,0.01519,0.02821
8558,0,0,0.51628,0.5434,0.051,0.13455
8558,1,0,0.41703,0.26078,0.25073,0.36095
8559,0,0,0.71314,0.74643,0.57163,0.31238
8560,0,1,0.54118,0.57994,0.23983,0.03755
8561,0,2,0.49183,0.40686,0.98039,0.73529
8561,1,3,0.7723,0.45858,0.0597,0.04751
8562,0,4,0.49864,0.49815,0.99728,0.9854
8562,1,1,0.85309,0.49385,0.29196,0.07907
8562,2,0,0.85088,0.36233,0.26316,0.30336
8563,0,3,0.59874,0.06923,0.16385,0.12587
8563,1,2,0.53798,0.56999,0.91471,0.84527
8565,0,3,0.20143,0.71621,0.08842,0.03634
8566,0,1,0.37739,0.91721,0.74978,0.16168
8566,1,0,0.14692,0.62415,0.17321,0.20833
8566,2,1,0.37221,0.74225,0.72553,0.07631
8566,3,1,0.36374,0.92212,0.48571,0.06298
8566,4,0,0.10514,0.89789,0.10174,0.08721
8567,0,0,0.84763,0.85005,0.23014,0.16594
8568,0,2,0.62225,0.59453,0.75341,0.80104
8568,1,4,0.56673,0.07791,0.53819,0.1454
8569,0,3,0.96027,0.88094,0.03149,0.03634
8570,0,4,0.52713,0.30035,0.16602,0.08898
8570,1,2,0.30089,0.4566,0.59028,0.66623
8573,0,1,0.49213,0.87972,0.21197,0.03876
8573,1,1,0.19658,0.95058,0.11749,0.04239
8575,0,3,0.84017,0.48318,0.29731,0.11393
8575,1,0,0.14844,0.38118,0.25716,0.49371
8575,2,2,0.35647,0.5321,0.31371,0.2374
8576,0,0,0.41265,0.3801,0.06076,0.27235
8578,0,0,0.42872,0.78497,0.14795,0.41716
8578,1,1,0.75376,0.94923,0.49248,0.08534
8578,2,1,0.26938,0.9818,0.53876,0.0261
8579,0,0,0.48535,0.11589,0.03472,0.22352
8579,1,0,0.73438,0.49783,0.34831,0.99392
8579,2,0,0.84524,0.22797,0.30744,0.44552
8580,0,0,0.14355,0.69477,0.10851,0.34397
8580,1,2,0.62112,0.66715,0.51114,0.6577
8580,2,0,0.29954,0.38554,0.27253,0.35853
8581,0,2,0.5179,0.61059,0.92448,0.77674
8581,1,2,0.70228,0.16328,0.25678,0.27737
8582,0,0,0.75219,0.06195,0.06689,0.0625
8583,0,3,0.35526,0.7586,0.19501,0.06541
8585,0,0,0.48369,0.81079,0.15076,0.37635
8585,1,1,0.42672,0.79494,0.3016,0.05572
8585,2,1,0.93359,0.96025,0.13074,0.07142
8586,0,0,0.83385,0.08941,0.31862,0.17882
8586,1,0,0.79026,0.51628,0.3559,0.9592
8586,2,3,0.25803,0.80273,0.31576,0.23438
8586,3,0,0.59115,0.83203,0.1378,0.33203
8586,4,2,0.17215,0.37873,0.34429,0.75138
8586,5,4,0.62967,0.47721,0.57509,0.39931
8587,0,0,0.87435,0.26183,0.22895,0.15082
8587,1,1,0.45066,0.29349,0.44712,0.09259
8589,0,1,0.26562,0.73492,0.0944,0.01194
8589,1,0,0.49637,0.54421,0.1187,0.09932
8591,0,2,0.72045,0.73619,0.16957,0.086
8592,0,2,0.85425,0.77591,0.28941,0.15575
8592,1,0,0.66655,0.76284,0.60925,0.38396
8594,0,4,0.28011,0.23958,0.56022,0.28646
8594,1,3,0.33832,0.55208,0.05968,0.02821
8594,2,0,0.15603,0.78754,0.31141,0.42101
8594,3,1,0.95302,0.18153,0.08898,0.02713
8595,0,0,0.21475,0.71681,0.21197,0.51478
8595,1,2,0.34678,0.50848,0.12234,0.02301
8595,2,0,0.74282,0.78825,0.51228,0.38633
8596,0,2,0.50008,0.50046,0.9905,0.99701
8596,1,2,0.74043,0.10756,0.2047,0.18774
8596,2,2,0.39523,0.09908,0.27737,0.07389
8597,0,0,0.44368,0.86277,0.15625,0.25436
8598,0,0,0.84661,0.26182,0.17666,0.15107
8598,1,1,0.56595,0.28752,0.86533,0.12206
8599,0,3,0.07304,0.46669,0.13445,0.0969
8599,1,1,0.53028,0.79918,0.18169,0.13445
8599,2,2,0.14087,0.2093,0.16836,0.05693
8600,0,2,0.55693,0.64595,0.23498,0.06298
8600,1,2,0.23595,0.81856,0.09448,0.12718
8601,0,3,0.89225,0.80056,0.16927,0.06727
8601,1,4,0.70345,0.41319,0.47309,0.29514
8601,2,4,0.96061,0.6964,0.07595,0.09766
8601,3,4,0.88807,0.92526,0.21733,0.1474
8601,4,4,0.45822,0.12511,0.41884,0.10742
8601,5,3,0.39038,0.34496,0.12234,0.09084
8603,0,0,0.36797,0.83127,0.26647,0.29797
8605,0,2,0.54449,0.50109,0.90603,0.99392
8606,0,2,0.46853,0.6492,0.39171,0.69553
8606,1,4,0.79514,0.58409,0.40256,0.82574
8606,2,4,0.36654,0.04373,0.35916,0.08138
8607,0,0,0.8284,0.34046,0.14474,0.41118
8607,1,4,0.95555,0.23874,0.08764,0.26696
8608,0,3,0.62657,0.77859,0.16594,0.11022
8610,0,3,0.68934,0.73872,0.40148,0.17144
8610,1,4,0.49875,0.47521,0.9975,0.94651
8610,2,1,0.63808,0.28198,0.41909,0.09327
8612,0,0,0.92256,0.73814,0.14742,0.07262
8612,1,4,0.40831,0.7653,0.67925,0.46549
8612,2,0,0.37948,0.62052,0.13929,0.09205
8613,0,3,0.79405,0.24826,0.06836,0.04123
8613,1,0,0.29112,0.56022,0.5816,0.86914
8613,2,0,0.8928,0.33181,0.12478,0.10417
8613,3,0,0.68012,0.2309,0.08789,0.1671
8615,0,3,0.13024,0.57736,0.11087,0.08285
8616,0,3,0.36979,0.11906,0.07389,0.04845
8618,0,3,0.25586,0.65679,0.16602,0.09874
8618,1,3,0.17339,0.54395,0.05968,0.05534
8618,2,4,0.30942,0.50154,0.61662,0.99484
8618,3,2,0.86579,0.43156,0.19864,0.56444
8619,0,2,0.49658,0.50179,0.99316,0.991
8621,0,0,0.17014,0.65082,0.31576,0.6901
8621,1,0,0.602,0.49946,0.30056,0.99718
8621,2,0,0.92716,0.37517,0.1436,0.167
8622,0,0,0.8201,0.3725,0.34831,0.73676
8622,1,0,0.38553,0.55371,0.15191,0.55447
8623,0,3,0.89714,0.28244,0.19857,0.08789
8623,1,4,0.49991,0.50317,0.99483,0.99158
8625,0,1,0.60579,0.89117,0.57943,0.10742
8625,1,1,0.3801,0.59711,0.26476,0.03364
8626,0,1,0.31391,0.70833,0.14757,0.01302
8626,1,1,0.48806,0.56239,0.22895,0.0076
8626,2,1,0.17357,0.92878,0.28222,0.086
8626,3,1,0.6296,0.92272,0.3561,0.06662
8627,0,0,0.8418,0.88466,0.2181,0.16819
8627,1,2,0.90637,0.65988,0.15867,0.15867
8628,0,4,0.49954,0.501,0.99375,0.99592
8629,0,1,0.51999,0.74709,0.2047,0.06662
8630,0,1,0.2517,0.65019,0.18411,0.04239
8630,1,1,0.18387,0.61628,0.22287,0.04482
8631,0,3,0.83491,0.10574,0.15867,0.11386
8632,0,0,0.1557,0.2659,0.30811,0.43311
8632,1,0,0.79847,0.51449,0.36996,0.96977
8632,2,0,0.96871,0.32084,0.06133,0.09563
8633,0,1,0.58409,0.70671,0.11719,0.01411
8633,1,1,0.4564,0.70591,0.11386,0.03755
8634,0,0,0.79312,0.79857,0.40455,0.27859
8635,0,1,0.38372,0.58842,0.54506,0.1078
8637,0,3,0.30438,0.25533,0.09327,0.09327
8638,0,1,0.4897,0.76405,0.51478,0.086
8638,1,0,0.70712,0.75739,0.54021,0.35126
8638,2,1,0.85122,0.72381,0.29547,0.16056
8639,0,0,0.27342,0.52288,0.08606,0.20044
8640,0,1,0.8881,0.69467,0.22172,0.05949
8640,1,0,0.51211,0.73438,0.41667,0.46027
8640,2,1,0.60659,0.57812,0.39729,0.04845
8640,3,0,0.70773,0.6405,0.51962,0.24104
8641,0,0,0.65564,0.68411,0.63832,0.40577
8641,1,1,0.77495,0.94029,0.38033,0.07752
8643,0,3,0.32212,0.11988,0.15351,0.16691
8643,1,0,0.12658,0.34405,0.24976,0.15716
8644,0,1,0.35623,0.67036,0.51432,0.12153
8644,1,0,0.69368,0.85862,0.08681,0.25282
8644,2,1,0.87236,0.79782,0.25319,0.10085
8644,3,0,0.53689,0.43164,0.23546,0.42318
8644,4,0,0.81901,0.33453,0.35265,0.33312
8644,5,2,0.4924,0.10612,0.61523,0.20833
8644,6,1,0.39281,0.96451,0.55111,0.06541
8644,7,0,0.13844,0.93665,0.04966,0.08963
8644,8,1,0.91727,0.33164,0.14172,0.06904
8644,9,1,0.27289,0.35344,0.33067,0.07873
8645,0,0,0.37585,0.68411,0.34763,0.26768
8646,0,4,0.51961,0.47004,0.95316,0.92919
8648,0,0,0.91886,0.125,0.1568,0.23904
8649,0,0,0.55283,0.26089,0.13508,0.25381
8649,1,3,0.40632,0.15523,0.04684,0.03813
8650,0,0,0.56117,0.78888,0.28706,0.3876
8651,0,4,0.50054,0.50054,0.99609,0.99501
8651,1,0,0.61567,0.5103,0.41303,0.94477
8654,0,0,0.79797,0.68411,0.39486,0.33067
8655,0,3,0.0932,0.4227,0.17215,0.18969
8655,1,3,0.04139,0.59247,0.08279,0.11038
8655,2,3,0.1102,0.27632,0.18421,0.14912
8655,3,3,0.22917,0.07895,0.15241,0.14912
8655,4,3,0.91176,0.44485,0.11275,0.06985
8655,5,3,0.6826,0.18137,0.10784,0.12868
8656,0,0,0.8231,0.74735,0.35067,0.38205
8656,1,1,0.15419,0.84278,0.24346,0.07146
8657,0,4,0.6237,0.50054,0.74761,0.99501
8658,0,4,0.56353,0.48725,0.87108,0.95797
8658,1,1,0.64133,0.18263,0.38986,0.18519
8659,0,4,0.9069,0.8125,0.17036,0.06727
8659,1,1,0.52362,0.66473,0.19985,0.03755
8660,0,1,0.56601,0.53815,0.41303,0.08479
8661,0,2,0.28803,0.88033,0.11143,0.05451
8661,1,3,0.18508,0.84399,0.0751,0.04239
8662,0,0,0.81579,0.64967,0.29715,0.69627
8662,1,2,0.8511,0.29289,0.22917,0.3174
8663,0,1,0.41097,0.57146,0.28222,0.03028
8663,1,2,0.71863,0.75981,0.51235,0.453
8664,0,4,0.87548,0.72287,0.12597,0.08358
8665,0,4,0.52224,0.49457,0.94618,0.9809
8666,0,0,0.87815,0.59115,0.21701,0.0803
8666,1,2,0.75987,0.81793,0.47309,0.25391
8666,2,1,0.15386,0.71376,0.13346,0.0217
8666,3,4,0.43978,0.57704,0.03906,0.04991
8666,4,0,0.46853,0.78103,0.0293,0.03038
8666,5,1,0.07667,0.80342,0.08115,0.03634
8666,6,1,0.56056,0.56056,0.14535,0.0327
8670,0,0,0.53147,0.8304,0.15082,0.32878
8670,1,1,0.3813,0.70531,0.26647,0.07267
8670,2,1,0.76462,0.64059,0.46868,0.1104
8670,3,1,0.79975,0.82819,0.39843,0.15129
8670,4,0,0.79494,0.58903,0.26768,0.16957
8670,5,0,0.48607,0.68593,0.25799,0.4094
8671,0,0,0.88567,0.7855,0.22554,0.12177
8672,0,0,0.51628,0.10775,0.1747,0.20074
8672,1,0,0.58735,0.80924,0.08247,0.18229
8672,2,0,0.12936,0.77435,0.16231,0.39244
8673,0,3,0.27224,0.89651,0.23743,0.2049
8673,1,2,0.25857,0.315,0.50998,0.52192
8673,2,4,0.38336,0.39909,0.5816,0.79427
8674,0,3,0.68954,0.13562,0.04248,0.02288
8674,1,3,0.21895,0.2342,0.08606,0.04139
8674,2,2,0.51706,0.08882,0.13645,0.0999
8674,3,1,0.47685,0.69067,0.43129,0.0999
8674,4,2,0.0636,0.41002,0.12719,0.45164
8674,5,1,0.78752,0.20212,0.40692,0.0463
8675,0,1,0.44428,0.82825,0.77035,0.14898
8676,0,0,0.55751,0.64269,0.09006,0.07487
8676,1,1,0.88336,0.8343,0.21681,0.11991
8676,2,1,0.82639,0.66611,0.34513,0.05486
8676,3,2,0.84153,0.87773,0.31485,0.18738
8676,4,0,0.586,0.65262,0.22045,0.21197
8677,0,2,0.50977,0.8673,0.5957,0.2615
8677,1,3,0.85247,0.67987,0.23014,0.11143
8678,0,4,0.81793,0.76367,0.35916,0.46441
8678,1,3,0.5436,0.55329,0.09205,0.04482
8679,0,1,0.52376,0.09917,0.28387,0.05726
8679,1,1,0.54142,0.46284,0.35331,0.09016
8681,0,2,0.36274,0.5217,0.62717,0.4362
8681,1,1,0.18084,0.06274,0.09569,0.02544
8681,2,3,0.55572,0.44731,0.08479,0.05329
8681,3,2,0.22141,0.2517,0.07025,0.05693
8682,0,2,0.74306,0.48915,0.50673,0.6901
8682,1,2,0.51934,0.44475,0.95923,0.20805
8682,2,3,0.91969,0.29106,0.07146,0.04845
8683,0,0,0.15237,0.66291,0.23256,0.63469
8684,0,3,0.90003,0.63384,0.19785,0.24598
8684,1,3,0.73256,0.01974,0.13808,0.02907
8684,2,0,0.34981,0.67866,0.09448,0.17442
8685,0,3,0.86579,0.74891,0.19864,0.07752
8685,1,3,0.73498,0.6296,0.11628,0.05208
8685,2,3,0.65504,0.67684,0.12355,0.05451
8686,0,0,0.17054,0.26623,0.31977,0.2483
8687,0,3,0.33507,0.70888,0.17253,0.06402
8688,0,3,0.11196,0.40558,0.19371,0.15351
8688,1,0,0.73453,0.41654,0.19615,0.19006
8689,0,0,0.20161,0.21842,0.06619,0.02496
8689,1,1,0.87996,0.58832,0.238,0.02908
8690,0,0,0.68229,0.74285,0.61652,0.46754
8690,1,1,0.4782,0.53452,0.15746,0.02907
8690,2,2,0.60477,0.54784,0.08115,0.03149
8691,0,0,0.80372,0.77483,0.38943,0.30135
8691,1,1,0.21899,0.9203,0.23014,0.05451
8691,2,3,0.48668,0.66594,0.12355,0.04482
8692,0,1,0.48203,0.40632,0.95425,0.2963
8692,1,0,0.84532,0.07898,0.2146,0.14706
8692,2,4,0.5207,0.48638,0.9488,0.96841
8693,0,2,0.49712,0.55229,0.99425,0.88366
8693,1,0,0.77886,0.05838,0.39822,0.10417
8694,0,2,0.66291,0.67078,0.64801,0.40819
8696,0,3,0.43083,0.66612,0.37908,0.3366
8696,1,3,0.4439,0.34641,0.17647,0.17865
8696,2,0,0.86874,0.11057,0.25708,0.1841
8696,3,4,0.3415,0.12582,0.23094,0.2451
8696,4,4,0.50163,0.50381,0.99129,0.93791
8696,5,1,0.84966,0.32883,0.27778,0.07797
8696,6,1,0.62488,0.221,0.20833,0.05726
8697,0,0,0.28624,0.72569,0.20942,0.38411
8697,1,1,0.0969,0.5944,0.17361,0.03038
8697,2,1,0.78343,0.86216,0.34399,0.10538
8697,3,2,0.46669,0.64838,0.11991,0.15746
8698,0,2,0.62294,0.78888,0.72553,0.12112
8699,0,2,0.49928,0.75165,0.9914,0.49462
8700,0,4,0.38275,0.501,0.75616,0.99592
8700,1,1,0.8673,0.75336,0.26042,0.05534
8700,2,1,0.84125,0.47287,0.21701,0.04991
8700,3,1,0.85156,0.37467,0.15951,0.05751
8700,4,1,0.55632,0.14995,0.13203,0.03028
8700,5,1,0.46851,0.10211,0.38517,0.06298
8700,6,0,0.85308,0.23232,0.28464,0.20954
8700,7,2,0.80398,0.046,0.38995,0.06463
8702,0,1,0.50217,0.55046,0.9885,0.11393
8702,1,2,0.33181,0.1837,0.53711,0.35699
8702,2,1,0.50814,0.21517,0.97222,0.02496
8702,3,0,0.22857,0.65399,0.45714,0.68993
8703,0,0,0.26291,0.23307,0.09115,0.46224
8703,1,2,0.76584,0.24013,0.44813,0.47201
8703,2,0,0.25594,0.84884,0.18047,0.19743
8703,3,0,0.75012,0.85974,0.20712,0.21197
8704,0,3,0.46366,0.67442,0.12112,0.08842
8706,0,0,0.72314,0.38048,0.1864,0.47368
8707,0,4,0.5,0.44792,0.99718,0.88976
8707,1,0,0.83127,0.06638,0.11749,0.05693
8708,0,2,0.53526,0.53255,0.92448,0.93099
8709,0,0,0.37684,0.787,0.0217,0.07053
8710,0,1,0.5109,0.89365,0.88178,0.12234
8710,1,2,0.79918,0.75315,0.38517,0.19259
8710,2,1,0.7483,0.62234,0.34399,0.07873
8711,0,0,0.89171,0.65245,0.19857,0.36784
8712,0,2,0.47,0.49836,0.94,0.97979
8714,0,1,0.9022,0.90838,0.19351,0.03118
8714,1,1,0.3112,0.56673,0.20291,0.02279
8714,2,0,0.60719,0.79675,0.74491,0.40334
8714,3,2,0.55329,0.70288,0.20349,0.10659
8715,0,1,0.25369,0.96766,0.49588,0.01953
8715,1,0,0.45821,0.75739,0.21923,0.38033
8715,2,1,0.70228,0.70228,0.5814,0.08358
8716,0,4,0.17379,0.56469,0.33991,0.19518
8716,1,1,0.43199,0.10723,0.1875,0.05882
8716,2,3,0.17157,0.12806,0.1152,0.06863
8717,0,2,0.53604,0.84052,0.92479,0.12266
8717,1,0,0.75436,0.79978,0.47238,0.38275
8718,0,0,0.47772,0.89108,0.07806,0.21576
8718,1,1,0.74378,0.87645,0.51035,0.0259
8718,2,0,0.40397,0.66005,0.03255,0.03364
8718,3,2,0.24564,0.81008,0.46269,0.14656
8719,0,0,0.92315,0.12456,0.15185,0.14946
8719,1,1,0.81676,0.03643,0.35088,0.05361
8720,0,0,0.56884,0.70407,0.14985,0.14376
8720,1,0,0.86367,0.75768,0.14011,0.1194
8721,0,0,0.15658,0.30849,0.31033,0.44813
8721,1,2,0.12511,0.73926,0.24523,0.31576
8721,2,2,0.58843,0.59648,0.4796,0.80495
8721,3,3,0.66276,0.16471,0.15082,0.0217
8722,0,1,0.38281,0.62695,0.37652,0.01953
8722,1,3,0.36003,0.65951,0.32444,0.04123
8722,2,0,0.15843,0.68653,0.02665,0.03997
8722,3,1,0.18023,0.70167,0.05329,0.02665
8722,4,3,0.5109,0.66715,0.06298,0.0327
8723,0,3,0.35352,0.34375,0.21376,0.05642
8723,1,4,0.13325,0.45822,0.26367,0.19857
8723,2,0,0.26562,0.87306,0.16836,0.25073
8725,0,2,0.61068,0.30632,0.28537,0.59353
8725,1,0,0.27051,0.46528,0.52951,0.83767
8725,2,2,0.92696,0.06214,0.14172,0.09448
8726,0,0,0.31123,0.64911,0.25059,0.6997
8726,1,0,0.8767,0.382,0.24451,0.3673
8727,0,4,0.50263,0.50208,0.99158,0.99375
8727,1,2,0.39159,0.29469,0.56565,0.41909
8727,2,0,0.68532,0.19901,0.11386,0.12355
8727,3,0,0.4352,0.94574,0.10053,0.08115
8727,4,2,0.87367,0.54784,0.21197,0.21318
8727,5,2,0.90274,0.24564,0.14898,0.03755
8727,6,0,0.87851,0.90334,0.16594,0.18532
8728,0,1,0.6123,0.67741,0.19531,0.01628
8728,1,0,0.2305,0.75678,0.27495,0.45179
8728,2,2,0.39281,0.54784,0.19743,0.05572
8728,3,2,0.71072,0.73251,0.57648,0.34753
8728,4,2,0.88517,0.97057,0.22287,0.04845
8729,0,0,0.46365,0.68229,0.07378,0.08464
8729,1,2,0.47759,0.77919,0.35732,0.40455
8730,0,4,0.63936,0.85316,0.71816,0.28531
8730,1,3,0.90879,0.81492,0.09569,0.0642
8731,0,3,0.97432,0.06959,0.04951,0.05171
8732,0,4,0.27702,0.38661,0.05208,0.04449
8732,1,2,0.49697,0.45276,0.88784,0.05451
8733,0,1,0.66021,0.20029,0.61769,0.12792
8733,1,0,0.83017,0.42873,0.09259,0.16569
8734,0,4,0.83497,0.15142,0.3159,0.30283
8735,0,0,0.27051,0.2819,0.19965,0.27561
8736,0,2,0.4782,0.73195,0.46754,0.09932
8736,1,1,0.50787,0.55875,0.07389,0.02665
8736,2,0,0.60719,0.66473,0.42515,0.35489
8736,3,1,0.66897,0.90758,0.44695,0.07752
8736,4,0,0.44247,0.94937,0.13929,0.08115
8740,0,4,0.87265,0.90049,0.25158,0.0653
8740,1,3,0.49512,0.88954,0.04774,0.01953
8740,2,2,0.60174,0.87306,0.05814,0.04966
8740,3,1,0.62507,0.75457,0.74674,0.07431
8740,4,3,0.40916,0.62839,0.08963,0.04724
8740,5,1,0.59266,0.9415,0.78852,0.08479
8742,0,0,0.41319,0.48915,0.11827,0.71398
8742,1,0,0.78592,0.59386,0.41884,0.76497
8742,2,1,0.33467,0.39159,0.41788,0.09932
8743,0,0,0.72135,0.60417,0.36784,0.13238
8743,1,3,0.75987,0.4821,0.1671,0.05534
8743,2,4,0.18696,0.41211,0.33854,0.19097
8743,3,3,0.92697,0.43761,0.03472,0.02279
8744,0,0,0.79641,0.23916,0.4051,0.47659
8744,1,2,0.57359,0.5031,0.80769,0.99172
8744,2,0,0.05547,0.21839,0.09205,0.15746
8744,3,0,0.14935,0.06577,0.05208,0.0751
8744,4,1,0.11543,0.28137,0.11991,0.05329
8745,0,2,0.89223,0.54711,0.21046,0.90369
8745,1,4,0.30764,0.5444,0.60716,0.90911
8745,2,2,0.54484,0.5954,0.44744,0.80712
8746,0,2,0.519,0.1201,0.22181,0.21201
8747,0,1,0.32861,0.44004,0.4421,0.13324
8748,0,2,0.5038,0.52658,0.98958,0.93641
8749,0,2,0.4782,0.56359,0.28343,0.45785
8750,0,0,0.83717,0.18531,0.11623,0.29386
8751,0,4,0.34049,0.5,0.67166,0.99392
8751,1,2,0.24284,0.31011,0.47418,0.49696
8751,2,2,0.71973,0.84885,0.55122,0.29405
8751,3,2,0.21657,0.80039,0.42393,0.37427
8753,0,1,0.55208,0.78706,0.81153,0.09569
8754,0,0,0.08818,0.81311,0.15262,0.17926
8755,0,0,0.12445,0.15789,0.1557,0.17544
8756,0,3,0.24772,0.72569,0.04123,0.03255
8756,1,3,0.34104,0.72678,0.04123,0.0217
8758,0,3,0.41102,0.93802,0.25933,0.12083
8758,1,0,0.26237,0.9031,0.14431,0.18555
8759,0,2,0.48481,0.80807,0.15951,0.38177
8759,1,3,0.45117,0.2309,0.10308,0.04557
8759,2,3,0.17448,0.53526,0.05534,0.02496
8759,3,3,0.14675,0.78648,0.22557,0.16064
8759,4,0,0.16851,0.8265,0.16275,0.34701
8761,0,1,0.93178,0.69314,0.13331,0.03255
8761,1,3,0.3224,0.66697,0.04595,0.04583
8762,0,3,0.17824,0.95433,0.04131,0.03101
8762,1,3,0.27504,0.87622,0.05319,0.041
8762,2,3,0.35743,0.86001,0.05618,0.03518
8763,0,1,0.46262,0.584,0.13682,0.0226
8764,0,1,0.65776,0.03268,0.68263,0.06536
8764,1,4,0.50144,0.496,0.99526,0.98328
8765,0,3,0.51953,0.14627,0.21159,0.0434
8766,0,0,0.82191,0.8013,0.3541,0.21849
8768,0,3,0.65137,0.92752,0.21918,0.06727
8769,0,4,0.1696,0.8276,0.31033,0.34271
8770,0,3,0.20866,0.81576,0.05208,0.04557
8770,1,0,0.52549,0.56095,0.06427,0.09309
8771,0,3,0.09305,0.77718,0.18565,0.14877
8771,1,3,0.58994,0.42406,0.2656,0.04994
8771,2,3,0.91847,0.89414,0.16097,0.14997
8771,3,3,0.27051,0.20161,0.12804,0.04123
8771,4,1,0.04371,0.52166,0.08033,0.05218
8772,0,3,0.27322,0.73926,0.0727,0.06619
8772,1,0,0.96108,0.9005,0.07472,0.09787
8773,0,3,0.87616,0.82552,0.24559,0.16493
8773,1,3,0.46094,0.70237,0.04232,0.04015
8774,0,3,0.25152,0.18316,0.06619,0.03472
8775,0,3,0.82625,0.15087,0.03704,0.03377
8775,1,4,0.49954,0.4902,0.99907,0.98039
8776,0,3,0.8197,0.25419,0.03877,0.03807
8777,0,1,0.13972,0.91031,0.05325,0.07131
8778,0,2,0.55324,0.86137,0.89143,0.27518
8778,1,3,0.90725,0.85904,0.08311,0.06871
8778,2,3,0.70889,0.86625,0.09198,0.11192
8778,3,3,0.67578,0.3725,0.09223,0.02062
8778,4,2,0.81484,0.4312,0.12879,0.05079
8778,5,2,0.5796,0.47204,0.34536,0.10366
8778,6,1,0.06635,0.92159,0.1327,0.15474
8778,7,2,0.23183,0.68229,0.1906,0.1762
8778,8,3,0.32103,0.44902,0.02105,0.04211
8779,0,3,0.68458,0.59663,0.08548,0.07801
8779,1,3,0.71593,0.70616,0.06619,0.05642
8779,2,3,0.29634,0.18279,0.10591,0.04266
8779,3,3,0.20857,0.22395,0.11085,0.05296
8779,4,3,0.37196,0.39583,0.08138,0.03038
8780,0,4,0.57879,0.49237,0.84058,0.98475
8782,0,0,0.75879,0.87786,0.25606,0.18612
8783,0,2,0.50887,0.49948,0.98019,0.99896
8784,0,3,0.24,0.6318,0.02797,0.04225
8784,1,3,0.31066,0.51628,0.06076,0.04557
8785,0,3,0.52007,0.89225,0.04991,0.05968
8787,0,2,0.76389,0.56608,0.47015,0.86576
8787,1,3,0.64683,0.3432,0.18728,0.16955
8787,2,2,0.21331,0.68015,0.40303,0.63969
8787,3,4,0.26285,0.42132,0.1086,0.08644
8788,0,3,0.92697,0.27702,0.08247,0.03581
8790,0,3,0.45226,0.6888,0.04666,0.03689
8791,0,0,0.0723,0.52759,0.10971,0.17287
8791,1,3,0.66216,0.14033,0.06316,0.04543
8792,0,2,0.49948,0.49948,0.99896,0.99896
8793,0,2,0.48271,0.61993,0.96543,0.70428
8793,1,3,0.86748,0.15417,0.26296,0.18942
8794,0,4,0.78429,0.64106,0.14214,0.12804
8797,0,3,0.37473,0.66939,0.08388,0.07516
8797,1,3,0.21149,0.21876,0.12713,0.14635
8798,0,0,0.5038,0.70616,0.13021,0.53168
8798,1,3,0.18108,0.79509,0.20168,0.22385
8798,2,4,0.50541,0.34748,0.09654,0.15069
8798,3,0,0.82351,0.5,0.35297,1.0
8798,4,4,0.22602,0.29112,0.44705,0.48503
8799,0,4,0.48861,0.77878,0.16059,0.44036
8800,0,2,0.49948,0.49948,0.99896,0.99896
8801,0,4,0.40244,0.4672,0.78687,0.9344
8801,1,1,0.70038,0.15603,0.59716,0.04123
8802,0,4,0.86675,0.65951,0.14431,0.04991
8803,0,4,0.71647,0.8531,0.27561,0.29171
8803,1,3,0.87536,0.92921,0.08804,0.11596
8803,2,3,0.23741,0.66547,0.10091,0.05534
8804,0,0,0.17556,0.80319,0.27235,0.39154
8804,1,0,0.77829,0.68984,0.44133,0.24532
8804,2,1,0.53364,0.70399,0.47635,0.05208
8806,0,2,0.27094,0.29641,0.54189,0.59065
8806,1,1,0.55154,0.29329,0.86155,0.04666
8807,0,4,0.05485,0.16561,0.10971,0.15403
8808,0,3,0.51913,0.38856,0.27098,0.13173
8808,1,0,0.89849,0.08544,0.14052,0.17088
8808,2,0,0.74546,0.65514,0.16955,0.25709
8809,0,3,0.50414,0.37901,0.56926,0.16385
8809,1,3,0.76546,0.62995,0.46908,0.31633
8809,2,3,0.26396,0.02626,0.13741,0.04543
8809,3,3,0.13905,0.42188,0.2781,0.17578
8809,4,3,0.09054,0.91944,0.17398,0.11192
8810,0,0,0.47799,0.74311,0.17097,0.37098
8810,1,3,0.49501,0.70445,0.03214,0.0543
8811,0,1,0.49457,0.75987,0.77582,0.07704
8811,1,0,0.0262,0.92697,0.05241,0.12261
8811,2,3,0.66789,0.61691,0.04543,0.04987
8811,3,3,0.45063,0.89497,0.03906,0.01302
8811,4,0,0.84962,0.57979,0.15847,0.082
8812,0,1,0.10207,0.60721,0.18614,0.04299
8816,0,2,0.70977,0.13268,0.3469,0.26535
8816,1,0,0.66831,0.4693,0.0636,0.16447
8817,0,3,0.09418,0.81847,0.04232,0.02713
8818,0,3,0.30903,0.13053,0.05317,0.02062
8819,0,0,0.89439,0.83826,0.2081,0.20889
8819,1,3,0.41374,0.9248,0.06944,0.04883
8820,0,2,0.55011,0.061,0.11656,0.06536
8820,1,4,0.53704,0.46351,0.91612,0.91612
8821,0,4,0.83799,0.70612,0.18617,0.11303
8822,0,3,0.18462,0.3112,0.36925,0.39714
8822,1,3,0.855,0.70825,0.28791,0.58142
8822,2,3,0.85764,0.21148,0.28265,0.42296
8822,3,3,0.55122,0.03516,0.25888,0.07031
8822,4,2,0.41265,0.63292,0.61415,0.3418
8822,5,2,0.47617,0.18528,0.29809,0.25709
8823,0,3,0.79688,0.43917,0.15625,0.09487
8823,1,0,0.54074,0.1529,0.10156,0.1808
8823,2,1,0.42544,0.3284,0.11513,0.05373
8824,0,4,0.63419,0.49948,0.72954,0.99896
8824,1,1,0.07558,0.41374,0.15115,0.30273
8824,2,2,0.6378,0.13921,0.25499,0.0944
8826,0,4,0.49295,0.86586,0.78342,0.26515
8826,1,3,0.60525,0.96332,0.12478,0.05642
8827,0,2,0.56999,0.49948,0.51649,0.99896
8827,1,0,0.90492,0.55046,0.18809,0.62609
8827,2,0,0.20357,0.39528,0.12522,0.31139
8828,0,0,0.89597,0.85373,0.20493,0.13889
8828,1,1,0.22819,0.85699,0.23438,0.02387
8828,2,3,0.57433,0.79568,0.09549,0.04015
8830,0,4,0.10658,0.50884,0.12744,0.19725
8831,0,0,0.92886,0.46398,0.09752,0.32691
8831,1,1,0.57777,0.70074,0.84238,0.08681
8831,2,1,0.79153,0.15929,0.41487,0.12587
8831,3,0,0.4094,0.31228,0.11719,0.24306
8831,4,4,0.14882,0.26682,0.29763,0.53364
8831,5,0,0.58789,0.86775,0.08138,0.26241
8831,6,3,0.74089,0.08062,0.07921,0.03364
8831,7,3,0.53635,0.08605,0.11068,0.0293
8832,0,3,0.58247,0.76855,0.63911,0.1378
8832,1,3,0.55534,0.62316,0.16602,0.12044
8832,2,0,0.49176,0.95615,0.05445,0.08562
8832,3,0,0.16892,0.94642,0.06862,0.10508
8833,0,2,0.43978,0.49948,0.56641,0.99896
8833,1,0,0.02848,0.62578,0.04322,0.10749
8834,0,0,0.77072,0.25106,0.0738,0.1116
8834,1,3,0.80653,0.09201,0.20833,0.09332
8834,2,3,0.9711,0.192,0.05571,0.03722
8834,3,1,0.9069,0.26888,0.1747,0.03038
8835,0,1,0.45226,0.60037,0.06619,0.02713
8836,0,2,0.49948,0.5048,0.99896,0.98832
8837,0,2,0.34854,0.90059,0.69709,0.1957
8839,0,4,0.45752,0.1024,0.09041,0.08497
8839,1,2,0.80101,0.20915,0.39613,0.4183
8839,2,0,0.64978,0.42102,0.16776,0.32135
8840,0,1,0.20595,0.18587,0.08138,0.03581
8840,1,3,0.75011,0.21517,0.09115,0.03147
8841,0,3,0.03092,0.35775,0.06184,0.05012
8841,1,3,0.57688,0.70792,0.05652,0.07425
8842,0,4,0.50055,0.76319,0.14738,0.23825
8842,1,1,0.71376,0.96053,0.26367,0.07253
8843,0,3,0.58301,0.86892,0.06293,0.03906
8844,0,1,0.12549,0.68066,0.25098,0.04232
8844,1,2,0.58131,0.08386,0.20302,0.15731
8845,0,3,0.19768,0.80579,0.09141,0.05465
8846,0,3,0.15718,0.89331,0.09453,0.02708
8846,1,3,0.68012,0.82606,0.11827,0.11176
8846,2,0,0.28691,0.96322,0.08705,0.07357
8846,3,4,0.6654,0.84579,0.66608,0.3053
8847,0,0,0.46153,0.84159,0.17351,0.30641
8847,1,0,0.16363,0.7946,0.18989,0.40039
8847,2,0,0.32585,0.42133,0.13455,0.22461
8847,3,1,0.34597,0.32214,0.11968,0.01662
8849,0,3,0.1913,0.63184,0.03038,0.01411
8849,1,0,0.43914,0.55013,0.0508,0.04601
8850,0,2,0.6529,0.84661,0.33331,0.27249
8850,1,0,0.63464,0.74158,0.08976,0.11968
8850,2,0,0.60971,0.80862,0.09309,0.12301
8850,3,3,0.20812,0.73492,0.14865,0.05534
8853,0,0,0.06828,0.5851,0.12894,0.17891
8853,1,0,0.26718,0.29327,0.09973,0.17696
8854,0,0,0.75238,0.94404,0.10638,0.11192
8854,1,3,0.40614,0.10015,0.07595,0.04015
8855,0,0,0.36509,0.88219,0.04376,0.21967
8855,1,3,0.13108,0.63563,0.03147,0.01736
8855,2,3,0.38661,0.67253,0.02821,0.01953
8855,3,3,0.51813,0.87663,0.05904,0.10223
8856,0,3,0.16756,0.64949,0.08032,0.06917
8856,1,3,0.09383,0.42484,0.04219,0.03486
8857,0,3,0.48427,0.92643,0.06944,0.0217
8858,0,3,0.74102,0.69504,0.06981,0.04654
8858,1,0,0.55748,0.64284,0.13992,0.05564
8858,2,1,0.94072,0.76476,0.11647,0.04123
8858,3,0,0.16309,0.78103,0.14323,0.42969
8858,4,0,0.63298,0.59191,0.17348,0.05707
8859,0,3,0.64486,0.9617,0.07378,0.05968
8860,0,0,0.32096,0.50922,0.04015,0.09657
8862,0,2,0.51682,0.2423,0.29514,0.48069
8862,1,0,0.57585,0.65595,0.12066,0.26536
8862,2,0,0.78867,0.6557,0.21387,0.29809
8862,3,0,0.12047,0.43617,0.06669,0.13058
8862,4,0,0.42569,0.75923,0.09986,0.29493
8863,0,3,0.51465,0.92589,0.02821,0.01411
8863,1,3,0.54883,0.84559,0.02713,0.01628
8863,2,3,0.97817,0.64406,0.03657,0.04876
8863,3,3,0.79351,0.65408,0.06293,0.01736
8863,4,4,0.16526,0.8059,0.14757,0.38611
8863,5,4,0.5689,0.61068,0.03472,0.01953
8863,6,0,0.84245,0.5933,0.29926,0.08466
8864,0,2,0.57404,0.62322,0.15465,0.44365
8864,1,0,0.36452,0.81095,0.26553,0.37602
8864,2,0,0.93801,0.42513,0.1219,0.84201
8864,3,3,0.20036,0.63943,0.40072,0.45464
8864,4,2,0.4352,0.33322,0.36902,0.2316
8865,0,0,0.65516,0.78908,0.12044,0.41975
8865,1,2,0.50868,0.21354,0.44162,0.21918
8865,2,1,0.52767,0.71647,0.93967,0.11176
8866,0,1,0.85554,0.82335,0.28683,0.04991
8866,1,0,0.49946,0.64269,0.16059,0.10742
8867,0,2,0.45867,0.28366,0.19659,0.16793
8868,0,0,0.61321,0.71734,0.10452,0.56323
8868,1,0,0.28213,0.69905,0.16557,0.56111
8868,2,2,0.66107,0.1556,0.67577,0.3112
8869,0,0,0.79184,0.75807,0.38745,0.21953
8870,0,3,0.48806,0.60905,0.03147,0.01845
8870,1,2,0.71926,0.86971,0.25297,0.24463
8871,0,2,0.7172,0.1947,0.30142,0.37345
8871,1,3,0.82921,0.51251,0.21055,0.15293
8871,2,0,0.2309,0.77289,0.33963,0.40473
8871,3,2,0.65293,0.61857,0.25266,0.37899
8871,4,1,0.74631,0.9079,0.47418,0.18212
8871,5,0,0.85719,0.27047,0.20684,0.38093
8871,6,1,0.22954,0.33514,0.17952,0.09087
8871,7,0,0.46509,0.48338,0.10084,0.14184
8872,0,0,0.27019,0.63275,0.06024,0.20973
8872,1,0,0.3878,0.35784,0.09695,0.16667
8872,2,0,0.79346,0.22248,0.14138,0.20968
8872,3,3,0.27478,0.159,0.21405,0.11556
8874,0,3,0.82064,0.88032,0.0434,0.02713
8875,0,4,0.40706,0.92146,0.81413,0.15499
8876,0,0,0.59915,0.74322,0.03663,0.27376
8877,0,2,0.3525,0.36414,0.70501,0.72828
8877,1,1,0.43517,0.38198,0.07203,0.13409
8878,0,4,0.84948,0.20207,0.29918,0.40414
8879,0,1,0.6037,0.15484,0.14091,0.0588
8879,1,0,0.61132,0.21347,0.04755,0.06524
8880,0,2,0.4311,0.23307,0.102,0.16276
8880,1,0,0.81359,0.68707,0.29405,0.62587
8880,2,3,0.6714,0.31594,0.14206,0.11149
8880,3,0,0.84578,0.18533,0.30636,0.33854
8880,4,2,0.60654,0.10777,0.12221,0.14861
8880,5,2,0.85849,0.56206,0.19836,0.28369
8880,6,1,0.874,0.70335,0.08311,0.08976
8881,0,4,0.59459,0.79731,0.80875,0.03906
8881,1,3,0.29329,0.60308,0.06076,0.03255
8881,2,0,0.16905,0.89062,0.06836,0.2105
8882,0,2,0.64517,0.91279,0.56073,0.1629
8882,1,3,0.71332,0.63963,0.07868,0.04433
8882,2,3,0.76152,0.7244,0.09087,0.0543
8882,3,3,0.95933,0.74269,0.07425,0.07535
8882,4,2,0.23238,0.87456,0.15847,0.09309
8882,5,2,0.05175,0.8258,0.0809,0.11082
8883,0,4,0.49954,0.49074,0.99907,0.92702
8884,0,2,0.71609,0.88896,0.23715,0.20168
8884,1,3,0.58699,0.92609,0.21609,0.06316
8884,2,3,0.3234,0.90214,0.16764,0.19259
8884,3,2,0.96439,0.90634,0.05747,0.1204
8885,0,0,0.19572,0.0784,0.14474,0.13706
8886,0,3,0.42048,0.22985,0.16013,0.08497
8886,1,3,0.77189,0.44589,0.07647,0.07697
8886,2,1,0.80556,0.17865,0.33551,0.05664
8886,3,4,0.5,0.49946,0.99673,0.9902
8887,0,3,0.5217,0.34755,0.15082,0.06185
8887,1,3,0.97056,0.4197,0.05679,0.02821
8887,2,0,0.21137,0.62144,0.24848,0.75503
8887,3,3,0.40614,0.17122,0.14974,0.06076
8888,0,0,0.84618,0.75923,0.30451,0.2259
8888,1,1,0.49922,0.93945,0.99844,0.04123
8889,0,2,0.66566,0.65182,0.6666,0.69427
8889,1,0,0.04,0.64816,0.08001,0.21122
8889,2,0,0.26345,0.30306,0.34831,0.28971
8889,3,2,0.5782,0.14081,0.12246,0.22142
8890,0,0,0.84397,0.25966,0.21376,0.12695
8890,1,1,0.34158,0.22765,0.46332,0.04557
8891,0,0,0.69353,0.90594,0.07018,0.18688
8891,1,3,0.65011,0.61105,0.08817,0.13951
8891,2,0,0.69792,0.49781,0.04605,0.07456
8891,3,1,0.96433,0.83827,0.0701,0.08004
8891,4,0,0.78673,0.03235,0.06579,0.05811
8891,5,3,0.93253,0.61345,0.1337,0.13698
8892,0,1,0.45443,0.82606,0.44813,0.09223
8892,1,1,0.81264,0.72533,0.37263,0.10491
8892,2,4,0.53451,0.64368,0.1621,0.20092
8892,3,0,0.78375,0.53689,0.21918,0.05642
8892,4,1,0.81413,0.82986,0.21918,0.11502
8893,0,0,0.84144,0.75662,0.31504,0.20074
8893,1,3,0.3622,0.95627,0.02496,0.01411
8894,0,3,0.63889,0.44195,0.18989,0.05751
8894,1,3,0.49295,0.47613,0.14106,0.06293
8894,2,3,0.80545,0.56348,0.09549,0.04015
8894,3,3,0.53415,0.33296,0.08241,0.03267
8894,4,3,0.28742,0.31276,0.12893,0.05548
8894,5,1,0.94436,0.69044,0.10639,0.038
8895,0,3,0.86288,0.73968,0.27112,0.16686
8895,1,3,0.59277,0.77072,0.1454,0.10308
8896,0,1,0.45789,0.04676,0.22828,0.06649
8896,1,3,0.48909,0.03049,0.08151,0.04059
8896,2,1,0.70182,0.03993,0.35916,0.03255
8897,0,2,0.68798,0.52452,0.62196,0.94887
8897,1,3,0.61564,0.41927,0.22274,0.16512
8899,0,2,0.84907,0.95102,0.09973,0.08644
8899,1,2,0.58138,0.93728,0.20725,0.08247
8900,0,0,0.45789,0.72274,0.15957,0.41223
8900,1,0,0.87138,0.42749,0.25516,0.44451
8900,2,2,0.35135,0.69911,0.18555,0.22244
8900,3,1,0.68121,0.67415,0.32661,0.35048
8900,4,1,0.82746,0.54876,0.15847,0.1906
8900,5,1,0.58477,0.42908,0.11192,0.09309
8900,6,1,0.68504,0.26823,0.08672,0.14452
8900,7,2,0.60117,0.12797,0.41289,0.16463
8900,8,2,0.92346,0.33873,0.151,0.12072
8901,0,0,0.82137,0.47993,0.35519,0.08138
8901,1,1,0.36437,0.84939,0.60655,0.15842
8901,2,1,0.85482,0.66873,0.0944,0.03798
8901,3,0,0.72732,0.78312,0.42535,0.43168
8902,0,3,0.15077,0.33169,0.28947,0.28838
8902,1,3,0.23344,0.06086,0.15043,0.12171
8902,2,3,0.82924,0.09375,0.0692,0.09152
8902,3,3,0.22697,0.16831,0.06031,0.02961
8903,0,3,0.21083,0.29926,0.08464,0.07378
8904,0,3,0.0748,0.95789,0.1496,0.08422
8904,1,1,0.5,0.8916,0.99792,0.2168
8904,2,0,0.66439,0.70888,0.36675,0.09006
8905,0,4,0.70515,0.34913,0.58785,0.41285
8905,1,3,0.58007,0.69336,0.05447,0.06863
8905,2,4,0.40686,0.76906,0.42484,0.40741
8906,0,0,0.92043,0.84093,0.15602,0.22309
8907,0,2,0.49948,0.49948,0.99896,0.99896
8908,0,4,0.7324,0.82409,0.28142,0.3487
8909,0,3,0.7219,0.6131,0.02605,0.03089
8910,0,2,0.49948,0.49948,0.99896,0.99896
8911,0,0,0.67415,0.64377,0.19965,0.68468
8911,1,0,0.82335,0.22005,0.3201,0.4362
8911,2,0,0.29979,0.32538,0.13668,0.46891
8911,3,2,0.5795,0.13947,0.15458,0.27184
8912,0,2,0.38863,0.68285,0.45102,0.37677
8912,1,3,0.23383,0.71136,0.20791,0.15454
8912,2,3,0.7181,0.80762,0.18772,0.1964
8912,3,3,0.76739,0.61936,0.46209,0.23003
8913,0,3,0.11898,0.63321,0.23796,0.1177
8913,1,2,0.30786,0.43237,0.30942,0.35011
8913,2,3,0.9248,0.18153,0.13889,0.051
8913,3,1,0.42242,0.09744,0.08247,0.02821
8913,4,1,0.20106,0.34918,0.22352,0.10634
8913,5,3,0.2762,0.17586,0.07324,0.02327
8914,0,1,0.15904,0.6674,0.31809,0.07221
8914,1,0,0.30306,0.78149,0.13021,0.43494
8915,0,0,0.45497,0.81087,0.06944,0.3635
8915,1,1,0.36591,0.6568,0.13298,0.0676
8915,2,3,0.16797,0.70833,0.05534,0.02821
8915,3,3,0.80165,0.67741,0.01845,0.01628
8916,0,0,0.36979,0.76354,0.12044,0.47292
8916,1,1,0.51321,0.80924,0.97151,0.04557
8916,2,1,0.16309,0.67741,0.32552,0.05751
8916,3,1,0.5803,0.7002,0.44162,0.03147
8916,4,4,0.69151,0.65625,0.22786,0.11285
8917,0,0,0.91016,0.36382,0.14214,0.30273
8917,1,0,0.77369,0.20787,0.0732,0.32938
8917,2,0,0.9165,0.0871,0.12445,0.1742
8918,0,3,0.33724,0.67632,0.03581,0.01411
8918,1,4,0.85881,0.77068,0.25212,0.28745
8918,2,3,0.9145,0.64269,0.03798,0.02496
8918,3,3,0.95247,0.55751,0.02279,0.01953
8918,4,1,0.49512,0.9362,0.98958,0.06076
8919,0,3,0.75745,0.06002,0.03521,0.02811
8919,1,2,0.49954,0.45534,0.99907,0.91068
8920,0,2,0.49948,0.49948,0.99896,0.99896
8920,1,3,0.65354,0.46257,0.31467,0.12261
8920,2,3,0.96785,0.48318,0.06222,0.04666
8920,3,3,0.43924,0.21083,0.12912,0.05968
8921,0,2,0.49948,0.38401,0.99896,0.76801
8921,1,3,0.55805,0.24284,0.13889,0.12804
8922,0,0,0.9608,0.45359,0.0784,0.16594
8922,1,1,0.27426,0.82626,0.54468,0.10188
8922,2,1,0.87197,0.0474,0.12118,0.03677
8923,0,4,0.49954,0.49954,0.99907,0.99907
8924,0,0,0.68395,0.26563,0.12633,0.19171
8924,1,0,0.08751,0.59006,0.17502,0.46658
8925,0,1,0.61546,0.62104,0.0859,0.1216
8925,1,2,0.39515,0.61656,0.79031,0.74074
8925,2,2,0.65275,0.122,0.69265,0.24401
8925,3,1,0.66667,0.21078,0.65686,0.09259
8926,0,0,0.04742,0.50987,0.09485,0.16009
8926,1,1,0.59507,0.02859,0.0763,0.03932
8926,2,0,0.31689,0.27029,0.06469,0.12829
8927,0,3,0.45714,0.04319,0.12153,0.0217
8927,1,0,0.06489,0.68446,0.10525,0.10851
8928,0,3,0.91992,0.81413,0.09223,0.11176
8929,0,3,0.75879,0.87001,0.2105,0.07812
8929,1,2,0.80696,0.9621,0.24823,0.06649
8929,2,3,0.82552,0.65082,0.07921,0.02604
8929,3,2,0.95312,0.87678,0.09064,0.08867
8930,0,2,0.79677,0.2385,0.23003,0.34939
8930,1,2,0.28174,0.59087,0.37234,0.46321
8930,2,1,0.88321,0.60905,0.23149,0.46332
8930,3,1,0.65516,0.85862,0.17036,0.25065
8930,4,1,0.0886,0.88086,0.17719,0.102
8930,5,3,0.47993,0.17502,0.09549,0.04666
8930,6,0,0.62633,0.47008,0.11746,0.21055
8930,7,4,0.28516,0.29221,0.54796,0.57617
8930,8,0,0.62587,0.16526,0.08572,0.32444
8931,0,3,0.65788,0.28136,0.03689,0.02496
8931,1,3,0.30252,0.10449,0.14865,0.03147
8932,0,2,0.49948,0.49948,0.99896,0.99896
8933,0,2,0.69725,0.90226,0.13076,0.14406
8933,1,2,0.88841,0.95822,0.0676,0.06538
8933,2,2,0.50776,0.92498,0.10195,0.10306
8933,3,3,0.53324,0.95324,0.0266,0.02216
8933,4,3,0.52826,0.90171,0.03879,0.02327
8933,5,2,0.33766,0.9006,0.09198,0.09863
8934,0,3,0.08168,0.57762,0.05431,0.04442
8935,0,0,0.35352,0.77724,0.15734,0.41558
8935,1,3,0.41064,0.58951,0.0524,0.0271
8935,2,0,0.06109,0.57704,0.0651,0.02821
8936,0,3,0.67741,0.60905,0.06727,0.01628
8937,0,4,0.53739,0.48584,0.92337,0.92157
8938,0,2,0.06372,0.89589,0.12744,0.18949
8938,1,2,0.51274,0.88675,0.21166,0.19282
8938,2,3,0.78036,0.94603,0.11746,0.07425
8938,3,2,0.7859,0.9211,0.23271,0.13741
8939,0,3,0.46908,0.83203,0.0803,0.05642
8939,1,3,0.61773,0.67198,0.02821,0.02713
8939,2,3,0.51031,0.6747,0.03038,0.0217
8939,3,0,0.47233,0.92806,0.05642,0.13563
8940,0,2,0.45501,0.46813,0.91002,0.92367
8940,1,1,0.97484,0.25842,0.041,0.11968
8941,0,1,0.04266,0.53959,0.08533,0.21609
8941,1,0,0.22188,0.29355,0.29039,0.25333
8941,2,0,0.43767,0.38385,0.12357,0.19323
8942,0,3,0.50217,0.7143,0.05317,0.03581
8942,1,1,0.13166,0.88957,0.16501,0.04347
8942,2,1,0.21897,0.66656,0.06402,0.01845
8942,3,0,0.11247,0.8102,0.22493,0.3796
8943,0,2,0.21718,0.70065,0.43435,0.59661
8943,1,1,0.55661,0.29818,0.8847,0.05642
8944,0,3,0.27485,0.2347,0.19531,0.0293
8944,1,2,0.03054,0.34681,0.06109,0.08937
8944,2,3,0.35677,0.09635,0.051,0.02821
8944,3,3,0.20649,0.29492,0.16059,0.05208
8945,0,2,0.63672,0.43707,0.46984,0.31033
8945,1,0,0.64744,0.79924,0.16411,0.22835
8945,2,0,0.43815,0.76313,0.06836,0.26367
8945,3,0,0.23958,0.78537,0.07704,0.21918
8945,4,2,0.38958,0.15858,0.30221,0.07736
8946,0,3,0.94806,0.76476,0.10076,0.04774
8946,1,0,0.59874,0.91992,0.04666,0.13455
8946,2,1,0.96403,0.9125,0.07194,0.03941
8947,0,3,0.61701,0.85518,0.11212,0.12081
8947,1,1,0.58189,0.98112,0.22781,0.03776
8947,2,4,0.49003,0.67287,0.10638,0.14184
8947,3,3,0.0718,0.64017,0.05671,0.03433
8947,4,3,0.11626,0.60679,0.04591,0.02297
8948,0,0,0.1072,0.79405,0.06836,0.1888
8948,1,3,0.01101,0.1406,0.02203,0.12851
8949,0,4,0.09401,0.82438,0.08536,0.0932
8949,1,4,0.26128,0.6888,0.04232,0.02387
8950,0,0,0.49882,0.63553,0.24611,0.72895
8950,1,2,0.74615,0.12106,0.50561,0.22837
8950,2,4,0.22423,0.57099,0.44846,0.85595
8950,3,1,0.66017,0.59351,0.34915,0.04518
8950,4,1,0.66123,0.8099,0.45987,0.07681
8951,0,4,0.81483,0.6876,0.37033,0.15602
8951,1,4,0.5,0.87435,0.99718,0.20833
8952,0,4,0.08697,0.85853,0.17394,0.28086
8952,1,4,0.64757,0.62533,0.27018,0.12261
8952,2,1,0.59169,0.66005,0.77908,0.06619
8953,0,3,0.76801,0.68446,0.13997,0.0434
8955,0,3,0.9254,0.52796,0.14795,0.29715
8955,1,3,0.87221,0.12698,0.19308,0.17806
8955,2,3,0.87061,0.28399,0.11294,0.11623
8956,0,4,0.80807,0.71166,0.07314,0.05762
8958,0,2,0.49969,0.08772,0.99938,0.17544
8958,1,0,0.93202,0.31853,0.07566,0.20066
8959,0,2,0.5,0.40859,1.0,0.81719
8960,0,4,0.28516,0.22819,0.45464,0.25499
8960,1,4,0.77658,0.24937,0.04543,0.04433
8961,0,3,0.41464,0.78924,0.02423,0.02916
8961,1,3,0.37528,0.71633,0.05304,0.02306
8962,0,0,0.2895,0.44737,0.12695,0.41558
8963,0,0,0.12712,0.61882,0.25423,0.28971
8963,1,2,0.29422,0.48535,0.58843,0.91254
8964,0,1,0.85974,0.7203,0.27844,0.32979
8964,1,1,0.86461,0.49619,0.25493,0.20293
8964,2,2,0.79422,0.10494,0.2582,0.18285
8964,3,3,0.90272,0.09966,0.09843,0.12795
8964,4,1,0.77371,0.78757,0.14184,0.10084
8964,5,0,0.62782,0.09081,0.06793,0.17121
8965,0,0,0.80987,0.38473,0.07031,0.22098
8965,1,0,0.18202,0.10088,0.16996,0.20175
8966,0,0,0.51356,0.75282,0.1888,0.3559
8966,1,3,0.88864,0.68175,0.22064,0.07053
8966,2,3,0.37874,0.64376,0.03418,0.02276
8966,3,1,0.13817,0.65555,0.04983,0.02962
8967,0,3,0.81859,0.61251,0.24932,0.18513
8967,1,4,0.49948,0.49948,0.99896,0.99896
8968,0,3,0.47119,0.85516,0.04876,0.04765
8968,1,3,0.37644,0.84796,0.09419,0.08422
8968,2,2,0.43787,0.89383,0.29684,0.20921
8968,3,1,0.97196,0.77427,0.05296,0.0255
8968,4,3,0.13708,0.91168,0.08311,0.10749
8969,0,4,0.9416,0.74047,0.09198,0.0953
8970,0,0,0.80918,0.94382,0.07979,0.07203
8970,1,3,0.15592,0.97152,0.06538,0.04987
8971,0,3,0.70445,0.6219,0.11414,0.05984
8971,1,3,0.57702,0.59641,0.11636,0.08865
8971,2,3,0.86735,0.65736,0.08533,0.05098
8973,0,1,0.5277,0.72163,0.50754,0.02216
8974,0,1,0.52826,0.72662,0.34242,0.07646
8974,1,1,0.91113,0.66456,0.16401,0.04765
8975,0,2,0.49003,0.51274,0.95966,0.18728
8976,0,3,0.80031,0.8668,0.12633,0.1906
8976,1,4,0.70058,0.68008,0.1219,0.14738
8977,0,0,0.17032,0.40137,0.18728,0.25044
8978,0,0,0.66853,0.78571,0.08705,0.15848
8978,1,3,0.96118,0.62215,0.07638,0.1327
8979,0,2,0.5434,0.84416,0.46984,0.30855
8980,0,3,0.44105,0.69663,0.20654,0.06774
8980,1,3,0.9145,0.66059,0.10091,0.06944
8980,2,1,0.18096,0.61457,0.25288,0.10724
8980,3,3,0.60638,0.58644,0.2859,0.18174
8980,4,3,0.67526,0.83343,0.19094,0.19035
8981,0,0,0.90913,0.80254,0.15049,0.24982
8981,1,0,0.3273,0.05263,0.10526,0.10526
8981,2,0,0.51656,0.14902,0.07106,0.07258
8982,0,0,0.88683,0.63726,0.18663,0.3852
8983,0,0,0.81459,0.26517,0.2008,0.2577
8983,1,0,0.26097,0.48676,0.11096,0.64957
8983,2,2,0.56272,0.07041,0.34187,0.13369
8983,3,3,0.04763,0.72311,0.08813,0.08701
8983,4,3,0.95201,0.0853,0.09412,0.06306
8983,5,3,0.34041,0.14052,0.07625,0.05011
8984,0,3,0.51362,0.61492,0.10893,0.13834
8984,1,3,0.22744,0.43011,0.09522,0.07442
8984,2,3,0.71427,0.0753,0.16064,0.1506
8984,3,0,0.72386,0.30065,0.3159,0.46623
8985,0,3,0.72108,0.90448,0.04543,0.02881
8985,1,3,0.69891,0.9488,0.05208,0.03546
8986,0,4,0.70612,0.79311,0.23715,0.02549
8987,0,2,0.8132,0.48898,0.37152,0.9487
8987,1,1,0.12301,0.72411,0.24601,0.25942
8987,2,0,0.49113,0.71,0.18174,0.40226
8987,3,0,0.44736,0.14373,0.11857,0.10527
8989,0,3,0.17125,0.35109,0.22238,0.06344
8989,1,3,0.21894,0.23305,0.08783,0.02166
8989,2,3,0.46873,0.3232,0.10268,0.03675
8989,3,3,0.33509,0.88921,0.1356,0.11352
8989,4,4,0.25732,0.64097,0.51465,0.71597
8990,0,3,0.26216,0.79805,0.03406,0.03758
8990,1,1,0.57595,0.70996,0.5957,0.04666
8990,2,0,0.8201,0.65951,0.02496,0.01519
8990,3,0,0.70454,0.60959,0.02821,0.03689
8990,4,0,0.94553,0.71243,0.08876,0.05474
8991,0,0,0.55118,0.6894,0.22425,0.36772
8991,1,2,0.24269,0.77377,0.48537,0.40496
8993,0,3,0.04688,0.73881,0.09375,0.15615
8993,1,2,0.04797,0.09522,0.09594,0.09246
8993,2,2,0.69667,0.76023,0.6054,0.43787
8994,0,1,0.90853,0.86838,0.08681,0.06185
8995,0,1,0.06635,0.34484,0.1327,0.03689
8996,0,0,0.4821,0.79342,0.22786,0.41107
8996,1,3,0.40581,0.86126,0.04433,0.05319
8996,2,1,0.75572,0.82064,0.48648,0.07053
8996,3,1,0.7219,0.68229,0.41233,0.04123
8996,4,1,0.28577,0.86252,0.18244,0.02408
8997,0,3,0.85229,0.92526,0.29334,0.1474
8997,1,4,0.84524,0.12619,0.30744,0.22895
8997,2,3,0.68494,0.54565,0.12165,0.07579
8998,0,0,0.10992,0.44303,0.05859,0.09874
8998,1,3,0.82801,0.07945,0.03546,0.02992
8998,2,3,0.86805,0.07948,0.02881,0.02327
8999,0,2,0.25369,0.91178,0.48937,0.17253
8999,1,2,0.37508,0.72728,0.34857,0.15092
9000,0,0,0.78177,0.8804,0.26655,0.22445
9000,1,1,0.90907,0.68446,0.10742,0.03038
9000,2,3,0.90417,0.62541,0.03042,0.02697
9000,3,3,0.61719,0.69694,0.03364,0.03147
9001,0,1,0.22549,0.07952,0.17102,0.03268
9001,1,1,0.85512,0.02669,0.15359,0.03813
9001,2,3,0.15414,0.20861,0.11329,0.08824
9001,3,2,0.37627,0.06026,0.18538,0.07991
9002,0,2,0.49948,0.52921,0.99896,0.9395
9003,0,3,0.35725,0.92522,0.09127,0.04149
9003,1,3,0.20468,0.84297,0.10084,0.09198
9003,2,3,0.26563,0.71443,0.1363,0.1363
9003,3,3,0.2152,0.93828,0.09309,0.04987
9003,4,3,0.39971,0.86735,0.0809,0.07646
9004,0,2,0.44446,0.73953,0.39645,0.32171
9004,1,2,0.27006,0.33655,0.32469,0.1496
9005,0,3,0.29681,0.28084,0.15625,0.08533
9005,1,3,0.42762,0.41831,0.26304,0.20896
9005,2,0,0.11492,0.35594,0.09419,0.09752
9005,3,3,0.04924,0.40543,0.07144,0.05243
9005,4,1,0.03502,0.59821,0.06072,0.0597
9005,5,3,0.8344,0.2015,0.0571,0.04795
9005,6,3,0.4785,0.05294,0.07447,0.0456
9006,0,3,0.02848,0.90559,0.04543,0.0266
9007,0,0,0.4783,0.75879,0.1378,0.33963
9008,0,2,0.16748,0.51089,0.33497,0.42919
9008,1,4,0.48039,0.58824,0.94009,0.77124
9009,0,3,0.2168,0.92209,0.1747,0.05859
9010,0,0,0.34098,0.94215,0.0809,0.07979
9011,0,2,0.49948,0.49948,0.99896,0.99896
9012,0,2,0.75492,0.36003,0.48704,0.17361
9013,0,3,0.86133,0.66168,0.07704,0.02604
9013,1,3,0.48061,0.70778,0.041,0.03435
9014,0,0,0.13146,0.58898,0.26291,0.39714
9014,1,2,0.71394,0.62361,0.57003,0.75069
9014,2,3,0.58572,0.1327,0.03147,0.02062
9015,0,0,0.20199,0.50922,0.40397,0.70204
9016,0,3,0.2781,0.73383,0.42318,0.18121
9016,1,1,0.38987,0.23579,0.21918,0.04666
9016,2,0,0.79003,0.52841,0.15146,0.71437
9017,0,3,0.6574,0.73776,0.04219,0.03447
9018,0,3,0.53309,0.80707,0.10417,0.04991
9018,1,3,0.38974,0.95988,0.12079,0.06871
9018,2,1,0.38918,0.81472,0.06427,0.09309
9018,3,3,0.79743,0.62372,0.10284,0.03468
9020,0,3,0.16144,0.6547,0.08976,0.06206
9020,1,0,0.57493,0.79037,0.08559,0.35025
9020,2,2,0.53274,0.49948,0.93244,0.99896
9021,0,2,0.81514,0.86814,0.3449,0.25885
9021,1,3,0.09527,0.94759,0.12695,0.06185
9022,0,3,0.45822,0.24718,0.10851,0.03255
9023,0,2,0.85826,0.2895,0.2814,0.57726
9023,1,0,0.67632,0.76196,0.16927,0.474
9023,2,0,0.37305,0.63229,0.35916,0.73333
9023,3,4,0.30507,0.49948,0.61013,0.99896
9023,4,1,0.91568,0.76623,0.13544,0.14461
9023,5,1,0.35926,0.94326,0.11303,0.06871
9023,6,3,0.54322,0.11436,0.06427,0.03324
9024,0,0,0.45102,0.89757,0.09843,0.20486
9024,1,3,0.24013,0.36382,0.0434,0.0293
9024,2,2,0.40923,0.23591,0.09732,0.03172
9024,3,3,0.51691,0.46613,0.09097,0.06123
9024,4,1,0.03201,0.54232,0.06402,0.07595
9025,0,3,0.20745,0.72274,0.1086,0.02438
9025,1,3,0.75716,0.60851,0.04883,0.02387
9025,2,0,0.42676,0.51085,0.0434,0.03689
9025,3,3,0.85807,0.64377,0.04015,0.06185
9026,0,4,0.28976,0.4695,0.5719,0.79085
9026,1,3,0.51688,0.30065,0.02614,0.0305
9027,0,3,0.70234,0.73366,0.37549,0.35516
9027,1,3,0.60306,0.81084,0.33245,0.29809
9027,2,3,0.94289,0.43416,0.11213,0.19818
9027,3,0,0.5338,0.11713,0.1762,0.22939
9027,4,0,0.55596,0.42298,0.11857,0.3801
9027,5,1,0.23072,0.65902,0.25044,0.12301
9027,6,0,0.89742,0.197,0.20308,0.23398
9027,7,1,0.77482,0.29222,0.21498,0.1496
9027,8,0,0.71609,0.49723,0.10417,0.22052
9027,9,4,0.27322,0.12674,0.10742,0.24306
9027,10,4,0.04861,0.74685,0.09006,0.23763
9028,0,3,0.37142,0.75933,0.05208,0.02821
9028,1,1,0.5076,0.88791,0.9299,0.04666
9029,0,1,0.2309,0.21571,0.12695,0.01953
9030,0,0,0.67958,0.685,0.05425,0.051
9030,1,0,0.88628,0.80273,0.22027,0.12804
9031,0,2,0.49948,0.49948,0.99896,0.99896
9031,1,0,0.9362,0.3015,0.12551,0.11054
9031,2,0,0.91016,0.19229,0.17759,0.16694
9032,0,4,0.11897,0.31853,0.0614,0.09539
9032,1,3,0.88951,0.33705,0.14955,0.07589
9032,2,3,0.66667,0.19371,0.14583,0.09724
9032,3,3,0.87427,0.07477,0.14656,0.14734
9032,4,2,0.11481,0.10439,0.22879,0.17076
9033,0,2,0.27892,0.95601,0.25598,0.0809
9033,1,2,0.73216,0.93551,0.1496,0.11525
9033,2,3,0.23687,0.77127,0.2474,0.06944
9033,3,3,0.49557,0.73493,0.14184,0.06427
9033,4,2,0.91442,0.93728,0.16803,0.02821
9033,5,3,0.1017,0.93454,0.1051,0.06178
9034,0,0,0.68311,0.16996,0.11075,0.33772
9034,1,0,0.90128,0.142,0.1962,0.27961
9034,2,3,0.20732,0.02642,0.08206,0.02829
9034,3,3,0.1161,0.06304,0.09487,0.04353
9035,0,2,0.80879,0.82901,0.34054,0.33886
9035,1,0,0.8197,0.90004,0.04543,0.09752
9036,0,3,0.51618,0.35274,0.10821,0.05801
9036,1,3,0.88399,0.38072,0.15033,0.05773
9036,2,3,0.53264,0.28576,0.16006,0.11836
9036,3,1,0.61002,0.14924,0.76144,0.12418
9036,4,4,0.52778,0.48366,0.94118,0.96296
9037,0,2,0.71322,0.88303,0.53385,0.1888
9037,1,3,0.24346,0.98316,0.08976,0.0266
9037,2,3,0.88512,0.74306,0.22663,0.07595
9037,3,3,0.7848,0.66124,0.05762,0.06981
9037,4,3,0.29655,0.68609,0.0217,0.02279
9038,0,4,0.26166,0.40668,0.52333,0.46224
9038,1,2,0.60308,0.17502,0.22461,0.06402
9038,2,2,0.95643,0.68809,0.08713,0.40439
9039,0,4,0.44245,0.91349,0.04891,0.17094
9039,1,3,0.59115,0.54503,0.0293,0.01628
9040,0,2,0.29197,0.8847,0.56688,0.22669
9040,1,1,0.37977,0.73216,0.09863,0.03657
9040,2,1,0.56309,0.65828,0.04418,0.03066
9040,3,3,0.57844,0.59744,0.04385,0.02865
9041,0,3,0.86079,0.74306,0.08681,0.0434
9042,0,0,0.80044,0.27248,0.1261,0.25768
9042,1,0,0.10746,0.03344,0.04934,0.06031
9042,2,3,0.04742,0.05662,0.09485,0.10886
9043,0,1,0.54069,0.7691,0.04123,0.02604
9043,1,4,0.17177,0.79342,0.3342,0.41107
9043,2,3,0.42181,0.89813,0.15069,0.20165
9044,0,3,0.73632,0.84948,0.05706,0.04793
9044,1,3,0.81847,0.9541,0.08464,0.04449
9044,2,3,0.04555,0.62205,0.04411,0.04019
9045,0,3,0.97217,0.30405,0.05566,0.06166
9045,1,3,0.52767,0.41699,0.05859,0.03364
9046,0,0,0.52363,0.05385,0.48021,0.0235
9046,1,3,0.43517,0.00798,0.07425,0.0133
9047,0,3,0.32447,0.36206,0.15736,0.09419
9047,1,2,0.434,0.47607,0.50754,0.60949
9048,0,2,0.50181,0.46745,0.99429,0.40799
9048,1,2,0.87511,0.09663,0.1363,0.06871
