id,file,ext,w,h,labeled,n_boxes,res
1,1.jpg,.jpg,960,960,True,3,960
2,2.png,.png,960,960,True,2,960
3,3.png,.png,640,640,True,1,640
4,4.jpg,.jpg,960,960,True,4,960
5,5.png,.png,960,960,True,1,960
6,6.jpg,.jpg,960,960,True,5,960
7,7.png,.png,640,640,True,3,640
8,8.jpg,.jpg,960,960,True,2,960
9,9.png,.png,960,960,True,6,960
10,10.jpg,.jpg,960,960,True,2,960
11,11.png,.png,960,960,True,1,960
12,12.jpg,.jpg,960,960,True,8,960
13,13.png,.png,960,960,True,1,960
14,14.png,.png,640,640,True,1,640
15,15.jpg,.jpg,960,960,True,3,960
16,16.png,.png,960,960,True,2,960
17,17.jpg,.jpg,960,960,True,1,960
18,18.jpg,.jpg,960,960,True,1,960
19,19.png,.png,960,960,True,2,960
20,20.png,.png,960,960,True,3,960
21,21.jpg,.jpg,960,960,True,1,960
22,22.png,.png,640,640,True,1,640
23,23.jpg,.jpg,960,960,True,3,960
24,24.jpg,.jpg,960,960,True,3,960
25,25.jpg,.jpg,960,960,True,7,960
26,26.png,.png,640,640,True,3,640
27,27.jpg,.jpg,960,960,True,1,960
28,28.jpg,.jpg,960,960,True,1,960
29,29.jpg,.jpg,960,960,True,4,960
30,30.png,.png,960,960,True,1,960
31,31.png,.png,640,640,True,3,640
32,32.jpg,.jpg,960,960,True,5,960
33,33.png,.png,960,960,True,2,960
34,34.png,.png,960,960,True,5,960
35,35.jpg,.jpg,960,960,True,2,960
36,36.png,.png,960,960,True,2,960
37,37.jpg,.jpg,960,960,True,2,960
38,38.png,.png,960,960,True,2,960
39,39.jpg,.jpg,960,960,True,1,960
40,40.png,.png,960,960,True,1,960
41,41.jpg,.jpg,960,960,True,1,960
42,42.png,.png,640,640,True,1,640
43,43.jpg,.jpg,960,960,True,2,960
44,44.png,.png,960,960,True,1,960
45,45.jpg,.jpg,960,960,True,6,960
46,46.png,.png,640,640,True,2,640
47,47.jpg,.jpg,960,960,True,5,960
48,48.png,.png,960,960,True,1,960
49,49.png,.png,960,960,True,1,960
50,50.jpg,.jpg,960,960,True,1,960
51,51.png,.png,640,640,True,1,640
52,52.jpg,.jpg,960,960,True,3,960
53,53.png,.png,960,960,True,3,960
54,54.png,.png,640,640,True,1,640
55,55.jpg,.jpg,960,960,True,7,960
56,56.jpg,.jpg,960,960,True,3,960
57,57.jpg,.jpg,960,960,True,7,960
58,58.jpg,.jpg,960,960,True,5,960
59,59.png,.png,960,960,True,1,960
60,60.png,.png,960,960,True,2,960
61,61.jpg,.jpg,960,960,True,1,960
62,62.jpg,.jpg,960,960,True,4,960
63,63.png,.png,960,960,True,1,960
64,64.png,.png,640,640,True,1,640
65,65.png,.png,960,960,True,1,960
66,66.png,.png,640,640,False,0,640
67,67.png,.png,960,960,True,1,960
68,68.jpg,.jpg,960,960,True,2,960
69,69.jpg,.jpg,960,960,True,2,960
70,70.png,.png,640,640,True,1,640
71,71.jpg,.jpg,960,960,True,7,960
72,72.jpg,.jpg,960,960,True,2,960
73,73.jpg,.jpg,960,960,True,3,960
74,74.jpg,.jpg,960,960,True,1,960
75,75.jpg,.jpg,960,960,True,3,960
76,76.png,.png,960,960,True,1,960
77,77.png,.png,960,960,True,4,960
78,78.png,.png,960,960,True,3,960
79,79.png,.png,960,960,True,2,960
80,80.jpg,.jpg,960,960,True,6,960
81,81.jpg,.jpg,960,960,True,2,960
82,82.png,.png,960,960,True,4,960
83,83.jpg,.jpg,960,960,True,2,960
84,84.png,.png,960,960,True,2,960
85,85.jpg,.jpg,960,960,True,1,960
86,86.png,.png,960,960,True,4,960
87,87.png,.png,960,960,True,1,960
88,88.jpg,.jpg,960,960,True,9,960
89,89.png,.png,640,640,True,1,640
90,90.png,.png,960,960,True,1,960
91,91.jpg,.jpg,960,960,True,1,960
92,92.jpg,.jpg,960,960,True,3,960
93,93.png,.png,640,640,True,1,640
94,94.png,.png,640,640,True,4,640
95,95.png,.png,640,640,True,1,640
96,96.png,.png,960,960,True,2,960
97,97.png,.png,960,960,True,1,960
98,98.jpg,.jpg,960,960,True,6,960
99,99.jpg,.jpg,960,960,True,2,960
100,100.jpg,.jpg,960,960,True,7,960
101,101.png,.png,960,960,True,3,960
102,102.png,.png,960,960,True,1,960
103,103.jpg,.jpg,960,960,True,5,960
104,104.png,.png,640,640,True,2,640
105,105.png,.png,960,960,True,3,960
106,106.png,.png,960,960,True,4,960
107,107.jpg,.jpg,960,960,True,4,960
108,108.png,.png,640,640,True,3,640
109,109.png,.png,960,960,True,2,960
110,110.png,.png,960,960,True,3,960
111,111.png,.png,960,960,True,3,960
112,112.png,.png,960,960,True,1,960
113,113.jpg,.jpg,960,960,True,3,960
114,114.jpg,.jpg,960,960,True,3,960
115,115.jpg,.jpg,960,960,True,3,960
116,116.jpg,.jpg,960,960,True,4,960
117,117.png,.png,960,960,True,2,960
118,118.jpg,.jpg,960,960,True,1,960
119,119.jpg,.jpg,960,960,True,3,960
120,120.jpg,.jpg,960,960,True,1,960
121,121.jpg,.jpg,960,960,True,3,960
122,122.jpg,.jpg,960,960,True,5,960
123,123.jpg,.jpg,960,960,True,2,960
124,124.jpg,.jpg,960,960,True,1,960
125,125.png,.png,640,640,True,2,640
126,126.jpg,.jpg,960,960,True,4,960
127,127.jpg,.jpg,960,960,True,2,960
128,128.jpg,.jpg,960,960,True,6,960
129,129.png,.png,960,960,True,5,960
130,130.jpg,.jpg,960,960,True,3,960
131,131.png,.png,640,640,False,0,640
132,132.png,.png,640,640,True,1,640
133,133.jpg,.jpg,960,960,True,8,960
134,134.jpg,.jpg,960,960,True,4,960
135,135.png,.png,960,960,True,2,960
136,136.png,.png,960,960,True,1,960
137,137.jpg,.jpg,960,960,True,12,960
138,138.jpg,.jpg,960,960,True,1,960
139,139.png,.png,960,960,True,4,960
140,140.jpg,.jpg,960,960,True,1,960
141,141.png,.png,960,960,True,1,960
142,142.png,.png,640,640,True,1,640
143,143.jpg,.jpg,960,960,True,1,960
144,144.png,.png,960,960,True,2,960
145,145.png,.png,960,960,True,1,960
146,146.jpg,.jpg,960,960,True,3,960
147,147.jpg,.jpg,960,960,True,5,960
148,148.jpg,.jpg,960,960,True,1,960
149,149.jpg,.jpg,960,960,True,2,960
150,150.png,.png,960,960,False,0,960
151,151.jpg,.jpg,960,960,True,2,960
152,152.jpg,.jpg,960,960,True,7,960
153,153.jpg,.jpg,960,960,True,1,960
154,154.png,.png,640,640,True,5,640
155,155.jpg,.jpg,960,960,True,2,960
156,156.png,.png,960,960,True,3,960
157,157.png,.png,960,960,True,2,960
158,158.png,.png,960,960,True,4,960
159,159.jpg,.jpg,960,960,True,5,960
160,160.png,.png,640,640,True,9,640
161,161.jpg,.jpg,960,960,True,9,960
162,162.jpg,.jpg,960,960,True,3,960
163,163.png,.png,640,640,True,1,640
164,164.jpg,.jpg,960,960,True,4,960
165,165.jpg,.jpg,960,960,True,1,960
166,166.jpg,.jpg,960,960,True,1,960
167,167.png,.png,960,960,True,9,960
168,168.jpg,.jpg,960,960,True,4,960
169,169.jpg,.jpg,960,960,True,2,960
170,170.jpg,.jpg,960,960,True,6,960
171,171.png,.png,960,960,True,5,960
172,172.jpg,.jpg,960,960,True,5,960
173,173.jpg,.jpg,960,960,True,1,960
174,174.jpg,.jpg,960,960,True,3,960
175,175.jpg,.jpg,960,960,True,4,960
176,176.jpg,.jpg,960,960,True,4,960
177,177.jpg,.jpg,960,960,True,9,960
178,178.jpg,.jpg,960,960,True,3,960
179,179.png,.png,960,960,False,0,960
180,180.jpg,.jpg,960,960,True,6,960
181,181.png,.png,960,960,True,2,960
182,182.jpg,.jpg,960,960,True,4,960
183,183.png,.png,640,640,True,1,640
184,184.png,.png,960,960,True,1,960
185,185.jpg,.jpg,960,960,True,1,960
186,186.png,.png,960,960,True,2,960
187,187.png,.png,960,960,True,1,960
188,188.jpg,.jpg,960,960,True,4,960
189,189.jpg,.jpg,960,960,True,1,960
190,190.png,.png,960,960,True,2,960
191,191.png,.png,640,640,True,2,640
192,192.jpg,.jpg,960,960,True,3,960
193,193.png,.png,960,960,True,1,960
194,194.jpg,.jpg,960,960,True,5,960
195,195.png,.png,960,960,True,1,960
196,196.jpg,.jpg,960,960,True,3,960
197,197.jpg,.jpg,960,960,True,3,960
198,198.jpg,.jpg,960,960,True,3,960
199,199.png,.png,640,640,True,3,640
200,200.jpg,.jpg,960,960,True,7,960
201,201.png,.png,640,640,True,1,640
202,202.png,.png,960,960,True,1,960
203,203.jpg,.jpg,960,960,True,2,960
204,204.png,.png,960,960,True,6,960
205,205.png,.png,960,960,True,5,960
206,206.jpg,.jpg,960,960,True,4,960
207,207.jpg,.jpg,960,960,True,2,960
208,208.jpg,.jpg,960,960,True,6,960
209,209.png,.png,960,960,True,3,960
210,210.png,.png,960,960,True,6,960
211,211.jpg,.jpg,960,960,True,8,960
212,212.png,.png,960,960,True,5,960
213,213.png,.png,640,640,True,1,640
214,214.png,.png,960,960,True,1,960
215,215.png,.png,960,960,True,3,960
216,216.jpg,.jpg,960,960,True,1,960
217,217.png,.png,960,960,True,2,960
218,218.png,.png,640,640,True,3,640
219,219.png,.png,960,960,True,3,960
220,220.jpg,.jpg,960,960,True,4,960
221,221.png,.png,960,960,True,4,960
222,222.jpg,.jpg,960,960,True,4,960
223,223.png,.png,640,640,True,3,640
224,224.png,.png,960,960,True,1,960
225,225.jpg,.jpg,960,960,True,2,960
226,226.jpg,.jpg,960,960,True,5,960
227,227.png,.png,640,640,True,1,640
228,228.jpg,.jpg,960,960,True,10,960
229,229.jpg,.jpg,960,960,True,3,960
230,230.jpg,.jpg,960,960,True,3,960
231,231.png,.png,640,640,True,2,640
232,232.jpg,.jpg,960,960,True,6,960
233,233.png,.png,960,960,True,1,960
234,234.png,.png,960,960,True,3,960
235,235.png,.png,960,960,True,3,960
236,236.png,.png,640,640,True,4,640
237,237.png,.png,960,960,True,5,960
238,238.png,.png,640,640,True,2,640
239,239.png,.png,960,960,True,4,960
240,240.png,.png,960,960,True,7,960
241,241.jpg,.jpg,960,960,True,4,960
242,242.png,.png,960,960,True,7,960
243,243.jpg,.jpg,960,960,True,3,960
244,244.jpg,.jpg,960,960,True,6,960
245,245.jpg,.jpg,960,960,True,5,960
246,246.png,.png,960,960,True,3,960
247,247.jpg,.jpg,960,960,True,3,960
248,248.png,.png,960,960,True,5,960
249,249.jpg,.jpg,960,960,True,7,960
250,250.png,.png,960,960,True,2,960
251,251.png,.png,640,640,True,3,640
252,252.jpg,.jpg,960,960,True,2,960
253,253.png,.png,640,640,True,7,640
254,254.png,.png,640,640,True,2,640
255,255.png,.png,640,640,True,6,640
256,256.png,.png,960,960,True,8,960
257,257.png,.png,640,640,True,1,640
258,258.png,.png,960,960,True,1,960
259,259.jpg,.jpg,960,960,True,4,960
260,260.jpg,.jpg,960,960,True,3,960
261,261.jpg,.jpg,960,960,True,2,960
262,262.jpg,.jpg,960,960,True,6,960
263,263.jpg,.jpg,960,960,True,1,960
264,264.png,.png,640,640,True,1,640
265,265.png,.png,640,640,True,1,640
266,266.jpg,.jpg,960,960,True,5,960
267,267.jpg,.jpg,960,960,True,4,960
268,268.png,.png,960,960,True,5,960
269,269.jpg,.jpg,960,960,True,4,960
270,270.jpg,.jpg,960,960,True,2,960
271,271.jpg,.jpg,960,960,True,1,960
272,272.jpg,.jpg,960,960,True,6,960
273,273.png,.png,960,960,True,3,960
274,274.jpg,.jpg,960,960,True,1,960
275,275.jpg,.jpg,960,960,True,5,960
276,276.jpg,.jpg,960,960,True,1,960
277,277.jpg,.jpg,960,960,True,2,960
278,278.png,.png,960,960,True,3,960
279,279.png,.png,960,960,True,4,960
280,280.jpg,.jpg,960,960,True,2,960
281,281.png,.png,960,960,True,2,960
282,282.jpg,.jpg,960,960,True,8,960
283,283.png,.png,960,960,True,2,960
284,284.jpg,.jpg,960,960,True,5,960
285,285.jpg,.jpg,960,960,True,6,960
286,286.png,.png,960,960,True,4,960
287,287.jpg,.jpg,960,960,True,8,960
288,288.png,.png,960,960,True,2,960
289,289.jpg,.jpg,960,960,True,1,960
290,290.png,.png,960,960,True,4,960
291,291.png,.png,640,640,True,3,640
292,292.jpg,.jpg,960,960,True,5,960
293,293.png,.png,640,640,True,3,640
294,294.jpg,.jpg,960,960,True,3,960
295,295.png,.png,960,960,True,1,960
296,296.png,.png,640,640,True,5,640
297,297.png,.png,960,960,True,2,960
298,298.jpg,.jpg,960,960,True,4,960
299,299.png,.png,960,960,True,2,960
300,300.png,.png,960,960,True,2,960
301,301.png,.png,640,640,True,5,640
302,302.png,.png,640,640,True,6,640
303,303.png,.png,960,960,True,2,960
304,304.jpg,.jpg,960,960,True,4,960
305,305.jpg,.jpg,960,960,True,2,960
306,306.png,.png,960,960,True,7,960
307,307.jpg,.jpg,960,960,True,1,960
308,308.png,.png,640,640,True,2,640
309,309.png,.png,960,960,True,4,960
310,310.jpg,.jpg,960,960,True,2,960
311,311.jpg,.jpg,960,960,True,4,960
312,312.png,.png,960,960,True,4,960
313,313.jpg,.jpg,960,960,True,5,960
314,314.png,.png,960,960,True,4,960
315,315.jpg,.jpg,960,960,True,3,960
316,316.png,.png,960,960,True,1,960
317,317.jpg,.jpg,960,960,True,2,960
318,318.jpg,.jpg,960,960,True,2,960
319,319.jpg,.jpg,960,960,True,5,960
320,320.png,.png,640,640,True,3,640
321,321.png,.png,960,960,True,3,960
322,322.png,.png,640,640,True,9,640
323,323.png,.png,640,640,True,3,640
324,324.jpg,.jpg,960,960,True,1,960
325,325.jpg,.jpg,960,960,True,6,960
326,326.png,.png,640,640,True,1,640
327,327.jpg,.jpg,960,960,True,7,960
328,328.jpg,.jpg,960,960,True,4,960
329,329.png,.png,640,640,True,1,640
330,330.png,.png,640,640,True,3,640
331,331.jpg,.jpg,960,960,True,10,960
332,332.png,.png,960,960,True,6,960
333,333.jpg,.jpg,960,960,True,10,960
334,334.jpg,.jpg,960,960,True,2,960
335,335.jpg,.jpg,960,960,True,3,960
336,336.jpg,.jpg,960,960,True,2,960
337,337.jpg,.jpg,960,960,True,4,960
338,338.jpg,.jpg,960,960,True,8,960
339,339.jpg,.jpg,960,960,True,9,960
340,340.jpg,.jpg,960,960,True,4,960
341,341.png,.png,640,640,True,3,640
342,342.png,.png,640,640,True,4,640
343,343.png,.png,960,960,True,8,960
344,344.png,.png,960,960,True,1,960
345,345.png,.png,640,640,True,13,640
346,346.png,.png,960,960,True,2,960
347,347.jpg,.jpg,960,960,True,2,960
348,348.jpg,.jpg,960,960,True,1,960
349,349.jpg,.jpg,960,960,True,5,960
350,350.jpg,.jpg,960,960,True,10,960
351,351.jpg,.jpg,960,960,True,2,960
352,352.jpg,.jpg,960,960,True,8,960
353,353.png,.png,960,960,True,5,960
354,354.jpg,.jpg,960,960,True,8,960
355,355.jpg,.jpg,960,960,True,7,960
356,356.png,.png,960,960,True,3,960
357,357.png,.png,960,960,True,2,960
358,358.png,.png,960,960,True,14,960
359,359.png,.png,960,960,True,9,960
360,360.png,.png,640,640,True,4,640
361,361.png,.png,960,960,True,9,960
362,362.png,.png,960,960,True,3,960
363,363.jpg,.jpg,960,960,True,4,960
364,364.png,.png,640,640,True,6,640
365,365.png,.png,960,960,True,3,960
366,366.png,.png,960,960,True,5,960
367,367.png,.png,960,960,True,2,960
368,368.png,.png,640,640,True,3,640
369,369.jpg,.jpg,960,960,True,1,960
370,370.jpg,.jpg,960,960,True,7,960
371,371.png,.png,640,640,True,2,640
372,372.png,.png,960,960,True,6,960
373,373.jpg,.jpg,960,960,True,5,960
374,374.jpg,.jpg,960,960,True,2,960
375,375.png,.png,960,960,True,4,960
376,376.png,.png,960,960,True,4,960
377,377.jpg,.jpg,960,960,True,3,960
378,378.png,.png,640,640,True,4,640
379,379.jpg,.jpg,960,960,True,2,960
380,380.png,.png,960,960,True,2,960
381,381.png,.png,960,960,True,4,960
382,382.jpg,.jpg,960,960,True,14,960
383,383.jpg,.jpg,960,960,True,3,960
384,384.png,.png,640,640,True,1,640
385,385.png,.png,640,640,True,5,640
386,386.jpg,.jpg,960,960,True,4,960
387,387.jpg,.jpg,960,960,True,6,960
388,388.jpg,.jpg,960,960,True,3,960
389,389.png,.png,960,960,True,1,960
390,390.jpg,.jpg,960,960,True,2,960
391,391.jpg,.jpg,960,960,True,8,960
392,392.jpg,.jpg,960,960,True,1,960
393,393.png,.png,960,960,True,8,960
394,394.png,.png,960,960,True,4,960
395,395.png,.png,960,960,True,9,960
396,396.png,.png,960,960,True,6,960
397,397.png,.png,640,640,True,3,640
398,398.jpg,.jpg,960,960,True,2,960
399,399.jpg,.jpg,960,960,True,4,960
400,400.png,.png,640,640,True,2,640
401,401.jpg,.jpg,960,960,True,2,960
402,402.png,.png,960,960,True,1,960
403,403.png,.png,960,960,False,0,960
404,404.jpg,.jpg,960,960,True,2,960
405,405.jpg,.jpg,960,960,True,1,960
406,406.jpg,.jpg,960,960,True,2,960
407,407.png,.png,960,960,True,2,960
408,408.jpg,.jpg,960,960,False,0,960
409,409.jpg,.jpg,960,960,True,1,960
410,410.jpg,.jpg,960,960,True,1,960
411,411.jpg,.jpg,960,960,False,0,960
412,412.jpg,.jpg,960,960,True,2,960
413,413.jpg,.jpg,960,960,True,3,960
414,414.jpg,.jpg,960,960,True,2,960
415,415.png,.png,960,960,True,3,960
416,416.png,.png,960,960,True,1,960
417,417.png,.png,960,960,True,3,960
418,418.png,.png,640,640,True,1,640
419,419.jpg,.jpg,960,960,True,2,960
420,420.png,.png,960,960,True,2,960
421,421.jpg,.jpg,960,960,True,2,960
422,422.png,.png,960,960,True,4,960
423,423.png,.png,960,960,False,0,960
424,424.jpg,.jpg,960,960,True,1,960
425,425.jpg,.jpg,960,960,True,5,960
426,426.png,.png,960,960,True,1,960
427,427.png,.png,640,640,True,2,640
428,428.jpg,.jpg,960,960,True,3,960
429,429.jpg,.jpg,960,960,True,1,960
430,430.png,.png,960,960,True,4,960
431,431.jpg,.jpg,960,960,True,4,960
432,432.png,.png,960,960,False,0,960
433,433.jpg,.jpg,960,960,False,0,960
434,434.png,.png,960,960,True,4,960
435,435.jpg,.jpg,960,960,True,5,960
436,436.jpg,.jpg,960,960,False,0,960
437,437.png,.png,960,960,False,0,960
438,438.png,.png,960,960,False,0,960
439,439.jpg,.jpg,960,960,True,1,960
440,440.png,.png,960,960,True,1,960
441,441.png,.png,960,960,False,0,960
442,442.jpg,.jpg,960,960,True,4,960
443,443.png,.png,960,960,False,0,960
444,444.png,.png,640,640,False,0,640
445,445.jpg,.jpg,960,960,False,0,960
446,446.png,.png,960,960,False,0,960
447,447.png,.png,960,960,False,0,960
448,448.png,.png,960,960,False,0,960
449,449.png,.png,960,960,False,0,960
450,450.jpg,.jpg,960,960,True,2,960
451,451.jpg,.jpg,960,960,True,6,960
452,452.png,.png,960,960,False,0,960
453,453.png,.png,960,960,True,6,960
454,454.jpg,.jpg,960,960,True,4,960
455,455.png,.png,640,640,True,1,640
456,456.png,.png,960,960,True,2,960
457,457.png,.png,960,960,True,3,960
458,458.png,.png,960,960,False,0,960
459,459.png,.png,960,960,True,1,960
460,460.jpg,.jpg,960,960,True,1,960
461,461.png,.png,960,960,True,2,960
462,462.png,.png,960,960,False,0,960
463,463.png,.png,960,960,True,2,960
464,464.jpg,.jpg,960,960,True,9,960
465,465.jpg,.jpg,960,960,True,1,960
466,466.jpg,.jpg,960,960,True,2,960
467,467.jpg,.jpg,960,960,True,1,960
468,468.png,.png,640,640,True,1,640
469,469.jpg,.jpg,960,960,False,0,960
470,470.png,.png,640,640,True,2,640
471,471.jpg,.jpg,960,960,True,3,960
472,472.jpg,.jpg,960,960,True,2,960
473,473.png,.png,640,640,False,0,640
474,474.png,.png,960,960,True,1,960
475,475.png,.png,960,960,False,0,960
476,476.jpg,.jpg,960,960,True,2,960
477,477.png,.png,960,960,True,1,960
478,478.png,.png,640,640,True,2,640
479,479.png,.png,960,960,True,2,960
480,480.jpg,.jpg,960,960,True,1,960
481,481.png,.png,640,640,True,2,640
482,482.jpg,.jpg,960,960,True,5,960
483,483.png,.png,960,960,True,2,960
484,484.jpg,.jpg,960,960,True,7,960
485,485.jpg,.jpg,960,960,False,0,960
486,486.png,.png,960,960,False,0,960
487,487.jpg,.jpg,960,960,True,1,960
488,488.jpg,.jpg,960,960,True,4,960
489,489.png,.png,640,640,False,0,640
490,490.png,.png,640,640,False,0,640
491,491.jpg,.jpg,960,960,True,1,960
492,492.png,.png,960,960,True,2,960
493,493.jpg,.jpg,960,960,True,4,960
494,494.png,.png,640,640,True,2,640
495,495.png,.png,960,960,False,0,960
496,496.jpg,.jpg,960,960,True,1,960
497,497.png,.png,960,960,False,0,960
498,498.jpg,.jpg,960,960,True,1,960
499,499.jpg,.jpg,960,960,True,4,960
500,500.jpg,.jpg,960,960,False,0,960
501,501.jpg,.jpg,960,960,True,3,960
502,502.jpg,.jpg,960,960,False,0,960
503,503.png,.png,960,960,True,5,960
504,504.jpg,.jpg,960,960,False,0,960
505,505.png,.png,960,960,True,1,960
506,506.jpg,.jpg,960,960,True,1,960
507,507.png,.png,960,960,False,0,960
508,508.jpg,.jpg,960,960,False,0,960
509,509.jpg,.jpg,960,960,False,0,960
510,510.jpg,.jpg,960,960,True,2,960
511,511.png,.png,640,640,False,0,640
512,512.jpg,.jpg,960,960,True,4,960
513,513.jpg,.jpg,960,960,True,3,960
514,514.jpg,.jpg,960,960,True,1,960
515,515.jpg,.jpg,960,960,True,1,960
516,516.png,.png,960,960,True,1,960
517,517.jpg,.jpg,960,960,True,3,960
518,518.png,.png,960,960,True,6,960
519,519.jpg,.jpg,960,960,True,2,960
520,520.jpg,.jpg,960,960,True,2,960
521,521.jpg,.jpg,960,960,True,2,960
522,522.jpg,.jpg,960,960,True,1,960
523,523.png,.png,640,640,False,0,640
524,524.jpg,.jpg,960,960,True,1,960
525,525.png,.png,960,960,True,6,960
526,526.jpg,.jpg,960,960,True,2,960
527,527.jpg,.jpg,960,960,True,1,960
528,528.png,.png,960,960,True,1,960
529,529.png,.png,640,640,False,0,640
530,530.jpg,.jpg,960,960,True,1,960
531,531.png,.png,960,960,False,0,960
532,532.jpg,.jpg,960,960,True,1,960
533,533.jpg,.jpg,960,960,True,4,960
534,534.png,.png,960,960,True,2,960
535,535.jpg,.jpg,960,960,True,1,960
536,536.png,.png,960,960,False,0,960
537,537.png,.png,960,960,False,0,960
538,538.jpg,.jpg,960,960,True,2,960
539,539.jpg,.jpg,960,960,True,2,960
540,540.png,.png,960,960,False,0,960
541,541.jpg,.jpg,960,960,True,1,960
542,542.jpg,.jpg,960,960,True,1,960
543,543.jpg,.jpg,960,960,True,4,960
544,544.png,.png,640,640,True,4,640
545,545.png,.png,960,960,False,0,960
546,546.jpg,.jpg,960,960,True,1,960
547,547.png,.png,640,640,False,0,640
548,548.jpg,.jpg,960,960,True,1,960
549,549.jpg,.jpg,960,960,True,5,960
550,550.jpg,.jpg,960,960,True,2,960
551,551.png,.png,640,640,False,0,640
552,552.jpg,.jpg,960,960,True,1,960
553,553.jpg,.jpg,960,960,True,1,960
554,554.jpg,.jpg,960,960,True,3,960
555,555.jpg,.jpg,960,960,True,1,960
556,556.jpg,.jpg,960,960,False,0,960
557,557.png,.png,960,960,True,7,960
558,558.png,.png,960,960,True,1,960
559,559.png,.png,960,960,True,2,960
560,560.jpg,.jpg,960,960,False,0,960
561,561.jpg,.jpg,960,960,False,0,960
562,562.png,.png,960,960,False,0,960
563,563.png,.png,640,640,False,0,640
564,564.jpg,.jpg,960,960,True,1,960
565,565.png,.png,960,960,True,1,960
566,566.jpg,.jpg,960,960,True,4,960
567,567.png,.png,960,960,False,0,960
568,568.jpg,.jpg,960,960,False,0,960
569,569.jpg,.jpg,960,960,True,2,960
570,570.jpg,.jpg,960,960,True,1,960
571,571.jpg,.jpg,960,960,True,3,960
572,572.png,.png,640,640,False,0,640
573,573.jpg,.jpg,960,960,True,4,960
574,574.png,.png,640,640,True,1,640
575,575.jpg,.jpg,960,960,True,1,960
576,576.png,.png,640,640,True,1,640
577,577.png,.png,960,960,False,0,960
578,578.jpg,.jpg,960,960,True,2,960
579,579.jpg,.jpg,960,960,True,5,960
580,580.jpg,.jpg,960,960,True,3,960
581,581.jpg,.jpg,960,960,True,2,960
582,582.png,.png,960,960,True,2,960
583,583.jpg,.jpg,960,960,True,2,960
584,584.png,.png,960,960,True,1,960
585,585.jpg,.jpg,960,960,True,2,960
586,586.jpg,.jpg,960,960,True,2,960
587,587.png,.png,960,960,False,0,960
588,588.png,.png,640,640,False,0,640
589,589.jpg,.jpg,960,960,True,2,960
590,590.png,.png,640,640,True,1,640
591,591.jpg,.jpg,960,960,True,3,960
592,592.jpg,.jpg,960,960,True,1,960
593,593.png,.png,960,960,True,2,960
594,594.jpg,.jpg,960,960,True,2,960
595,595.jpg,.jpg,960,960,False,0,960
596,596.png,.png,640,640,True,1,640
597,597.jpg,.jpg,960,960,True,2,960
598,598.png,.png,960,960,False,0,960
599,599.png,.png,960,960,True,5,960
600,600.png,.png,960,960,False,0,960
601,601.png,.png,960,960,True,2,960
602,602.png,.png,960,960,False,0,960
603,603.png,.png,640,640,True,6,640
604,604.jpg,.jpg,960,960,True,7,960
605,605.png,.png,960,960,True,1,960
606,606.jpg,.jpg,960,960,True,1,960
607,607.png,.png,960,960,True,3,960
608,608.jpg,.jpg,960,960,True,4,960
609,609.png,.png,960,960,True,15,960
610,610.png,.png,640,640,True,2,640
611,611.jpg,.jpg,960,960,True,12,960
612,612.jpg,.jpg,960,960,True,4,960
613,613.png,.png,960,960,True,2,960
614,614.png,.png,960,960,True,6,960
615,615.jpg,.jpg,960,960,True,3,960
616,616.jpg,.jpg,960,960,True,6,960
617,617.png,.png,640,640,False,0,640
618,618.png,.png,960,960,False,0,960
619,619.jpg,.jpg,960,960,True,4,960
620,620.jpg,.jpg,960,960,True,7,960
621,621.jpg,.jpg,960,960,True,7,960
622,622.png,.png,960,960,True,7,960
623,623.jpg,.jpg,960,960,True,3,960
624,624.png,.png,640,640,True,6,640
625,625.jpg,.jpg,960,960,True,3,960
626,626.png,.png,960,960,False,0,960
627,627.jpg,.jpg,960,960,True,2,960
628,628.png,.png,960,960,True,7,960
629,629.png,.png,960,960,True,1,960
630,630.png,.png,640,640,False,0,640
631,631.png,.png,960,960,False,0,960
632,632.jpg,.jpg,960,960,True,18,960
633,633.jpg,.jpg,960,960,True,5,960
634,634.png,.png,640,640,True,7,640
635,635.jpg,.jpg,960,960,True,7,960
636,636.jpg,.jpg,960,960,True,5,960
637,637.jpg,.jpg,960,960,True,3,960
638,638.jpg,.jpg,960,960,True,4,960
639,639.jpg,.jpg,960,960,True,10,960
640,640.png,.png,960,960,False,0,960
641,641.png,.png,640,640,True,5,640
642,642.jpg,.jpg,960,960,True,7,960
643,643.png,.png,960,960,True,10,960
644,644.jpg,.jpg,960,960,True,5,960
645,645.png,.png,960,960,True,8,960
646,646.jpg,.jpg,960,960,True,1,960
647,647.jpg,.jpg,960,960,True,6,960
648,648.jpg,.jpg,960,960,True,12,960
649,649.png,.png,960,960,True,8,960
650,650.jpg,.jpg,960,960,False,0,960
651,651.jpg,.jpg,960,960,True,5,960
652,652.png,.png,960,960,True,13,960
653,653.jpg,.jpg,960,960,True,7,960
654,654.png,.png,640,640,True,4,640
655,655.jpg,.jpg,960,960,True,3,960
656,656.jpg,.jpg,960,960,False,0,960
657,657.jpg,.jpg,960,960,True,4,960
658,658.jpg,.jpg,960,960,True,6,960
659,659.jpg,.jpg,960,960,True,4,960
660,660.jpg,.jpg,960,960,True,8,960
661,661.jpg,.jpg,960,960,True,9,960
662,662.png,.png,960,960,True,9,960
663,663.png,.png,960,960,True,4,960
664,664.png,.png,960,960,True,6,960
665,665.jpg,.jpg,960,960,True,4,960
666,666.jpg,.jpg,960,960,True,7,960
667,667.png,.png,640,640,False,0,640
668,668.jpg,.jpg,960,960,True,5,960
669,669.png,.png,640,640,True,1,640
670,670.jpg,.jpg,960,960,True,8,960
671,671.png,.png,960,960,True,10,960
672,672.png,.png,960,960,True,4,960
673,673.jpg,.jpg,960,960,True,1,960
674,674.png,.png,960,960,True,3,960
675,675.png,.png,960,960,False,0,960
676,676.png,.png,960,960,True,4,960
677,677.png,.png,960,960,False,0,960
678,678.png,.png,960,960,False,0,960
679,679.png,.png,960,960,True,3,960
680,680.png,.png,960,960,True,5,960
681,681.png,.png,640,640,True,3,640
682,682.jpg,.jpg,960,960,True,2,960
683,683.png,.png,960,960,True,2,960
684,684.png,.png,960,960,True,2,960
685,685.jpg,.jpg,960,960,True,8,960
686,686.png,.png,960,960,True,8,960
687,687.png,.png,960,960,False,0,960
688,688.png,.png,640,640,False,0,640
689,689.png,.png,960,960,True,8,960
690,690.jpg,.jpg,960,960,True,3,960
691,691.jpg,.jpg,960,960,True,4,960
692,692.png,.png,960,960,True,10,960
693,693.png,.png,960,960,False,0,960
694,694.jpg,.jpg,960,960,True,5,960
695,695.jpg,.jpg,960,960,True,11,960
696,696.jpg,.jpg,960,960,True,3,960
697,697.png,.png,960,960,True,2,960
698,698.png,.png,960,960,True,5,960
699,699.png,.png,960,960,True,4,960
700,700.png,.png,960,960,True,14,960
701,701.jpg,.jpg,960,960,True,3,960
702,702.png,.png,960,960,False,0,960
703,703.png,.png,960,960,True,1,960
704,704.jpg,.jpg,960,960,True,8,960
705,705.png,.png,960,960,True,4,960
706,706.png,.png,960,960,True,8,960
707,707.png,.png,960,960,True,2,960
708,708.png,.png,640,640,False,0,640
709,709.jpg,.jpg,960,960,True,6,960
710,710.jpg,.jpg,960,960,True,6,960
711,711.jpg,.jpg,960,960,True,3,960
712,712.png,.png,640,640,True,1,640
713,713.jpg,.jpg,960,960,True,3,960
714,714.jpg,.jpg,960,960,True,5,960
715,715.png,.png,960,960,True,3,960
716,716.jpg,.jpg,960,960,True,4,960
717,717.png,.png,960,960,True,2,960
718,718.png,.png,640,640,False,0,640
719,719.jpg,.jpg,960,960,True,7,960
720,720.png,.png,960,960,False,0,960
721,721.jpg,.jpg,960,960,True,1,960
722,722.jpg,.jpg,960,960,True,2,960
723,723.jpg,.jpg,960,960,True,5,960
724,724.png,.png,960,960,True,6,960
725,725.png,.png,960,960,False,0,960
726,726.png,.png,640,640,True,3,640
727,727.jpg,.jpg,960,960,True,4,960
728,728.png,.png,640,640,True,5,640
729,729.png,.png,640,640,True,4,640
730,730.png,.png,640,640,True,2,640
731,731.jpg,.jpg,960,960,True,2,960
732,732.png,.png,960,960,True,5,960
733,733.png,.png,960,960,True,1,960
734,734.png,.png,960,960,True,4,960
735,735.png,.png,960,960,True,4,960
736,736.jpg,.jpg,960,960,True,3,960
737,737.png,.png,640,640,True,3,640
738,738.png,.png,640,640,False,0,640
739,739.jpg,.jpg,960,960,True,18,960
740,740.jpg,.jpg,960,960,False,0,960
741,741.png,.png,960,960,False,0,960
742,742.png,.png,960,960,True,1,960
743,743.jpg,.jpg,960,960,True,5,960
744,744.png,.png,640,640,False,0,640
745,745.jpg,.jpg,960,960,True,7,960
746,746.jpg,.jpg,960,960,True,7,960
747,747.png,.png,960,960,True,13,960
748,748.jpg,.jpg,960,960,True,3,960
749,749.png,.png,640,640,True,4,640
750,750.jpg,.jpg,960,960,True,6,960
751,751.png,.png,640,640,False,0,640
752,752.png,.png,640,640,True,5,640
753,753.png,.png,640,640,True,4,640
754,754.jpg,.jpg,960,960,True,10,960
755,755.png,.png,640,640,False,0,640
756,756.jpg,.jpg,960,960,True,9,960
757,757.png,.png,960,960,True,1,960
758,758.png,.png,960,960,False,0,960
759,759.png,.png,960,960,True,5,960
760,760.png,.png,960,960,True,7,960
761,761.jpg,.jpg,960,960,False,0,960
762,762.png,.png,960,960,True,3,960
763,763.png,.png,960,960,True,6,960
764,764.png,.png,640,640,True,1,640
765,765.png,.png,960,960,True,4,960
766,766.png,.png,640,640,True,3,640
767,767.jpg,.jpg,960,960,True,6,960
768,768.jpg,.jpg,960,960,True,3,960
769,769.png,.png,960,960,True,14,960
770,770.png,.png,960,960,True,4,960
771,771.jpg,.jpg,960,960,True,3,960
772,772.png,.png,640,640,True,2,640
773,773.png,.png,960,960,True,4,960
774,774.png,.png,960,960,True,7,960
775,775.jpg,.jpg,960,960,True,2,960
776,776.jpg,.jpg,960,960,True,1,960
777,777.png,.png,640,640,True,1,640
778,778.jpg,.jpg,960,960,True,4,960
779,779.jpg,.jpg,960,960,True,4,960
780,780.jpg,.jpg,960,960,True,9,960
781,781.png,.png,960,960,False,0,960
782,782.jpg,.jpg,960,960,False,0,960
783,783.jpg,.jpg,960,960,True,5,960
784,784.jpg,.jpg,960,960,True,4,960
785,785.png,.png,960,960,True,5,960
786,786.jpg,.jpg,960,960,True,7,960
787,787.jpg,.jpg,960,960,True,3,960
788,788.jpg,.jpg,960,960,False,0,960
789,789.jpg,.jpg,960,960,True,2,960
790,790.jpg,.jpg,960,960,True,8,960
791,791.png,.png,960,960,True,5,960
792,792.jpg,.jpg,960,960,True,1,960
793,793.png,.png,960,960,False,0,960
794,794.jpg,.jpg,960,960,True,4,960
795,795.png,.png,960,960,True,9,960
796,796.png,.png,960,960,True,4,960
797,797.jpg,.jpg,960,960,True,3,960
798,798.jpg,.jpg,960,960,True,1,960
799,799.jpg,.jpg,960,960,True,7,960
800,800.png,.png,960,960,True,5,960
801,801.jpg,.jpg,960,960,False,0,960
802,802.png,.png,960,960,True,4,960
803,803.png,.png,640,640,True,1,640
804,804.png,.png,960,960,True,2,960
805,805.jpg,.jpg,960,960,True,3,960
806,806.jpg,.jpg,960,960,True,1,960
807,807.jpg,.jpg,960,960,True,3,960
808,808.jpg,.jpg,960,960,True,1,960
809,809.jpg,.jpg,960,960,True,1,960
810,810.png,.png,960,960,True,2,960
811,811.jpg,.jpg,960,960,True,1,960
812,812.jpg,.jpg,960,960,True,2,960
813,813.png,.png,960,960,True,4,960
814,814.png,.png,960,960,True,3,960
815,815.png,.png,960,960,True,4,960
816,816.png,.png,640,640,False,0,640
817,817.png,.png,640,640,False,0,640
818,818.jpg,.jpg,960,960,True,4,960
819,819.png,.png,640,640,True,1,640
820,820.jpg,.jpg,960,960,True,3,960
821,821.jpg,.jpg,960,960,True,3,960
822,822.png,.png,960,960,True,5,960
823,823.png,.png,960,960,True,8,960
824,824.jpg,.jpg,960,960,True,3,960
825,825.png,.png,960,960,True,5,960
826,826.jpg,.jpg,960,960,True,6,960
827,827.jpg,.jpg,960,960,True,2,960
828,828.png,.png,640,640,False,0,640
829,829.jpg,.jpg,960,960,True,1,960
830,830.jpg,.jpg,960,960,True,3,960
831,831.jpg,.jpg,960,960,True,2,960
832,832.jpg,.jpg,960,960,True,3,960
833,833.png,.png,960,960,True,1,960
834,834.png,.png,960,960,False,0,960
835,835.jpg,.jpg,960,960,True,1,960
836,836.png,.png,640,640,True,4,640
837,837.jpg,.jpg,960,960,True,1,960
838,838.jpg,.jpg,960,960,True,3,960
839,839.png,.png,960,960,False,0,960
840,840.jpg,.jpg,960,960,True,1,960
841,841.png,.png,640,640,True,2,640
842,842.png,.png,960,960,True,5,960
843,843.png,.png,960,960,False,0,960
844,844.jpg,.jpg,960,960,True,1,960
845,845.png,.png,960,960,True,2,960
846,846.png,.png,640,640,True,3,640
847,847.png,.png,960,960,True,3,960
848,848.jpg,.jpg,960,960,True,2,960
849,849.png,.png,640,640,True,1,640
850,850.jpg,.jpg,960,960,True,1,960
851,851.jpg,.jpg,960,960,False,0,960
852,852.jpg,.jpg,960,960,True,1,960
853,853.png,.png,960,960,True,2,960
854,854.png,.png,960,960,True,1,960
855,855.jpg,.jpg,960,960,True,2,960
856,856.png,.png,960,960,True,2,960
857,857.png,.png,960,960,False,0,960
858,858.jpg,.jpg,960,960,True,1,960
859,859.jpg,.jpg,960,960,True,3,960
860,860.png,.png,960,960,True,3,960
861,861.jpg,.jpg,960,960,True,1,960
862,862.jpg,.jpg,960,960,True,3,960
863,863.png,.png,960,960,True,7,960
864,864.png,.png,640,640,False,0,640
865,865.jpg,.jpg,960,960,True,1,960
866,866.jpg,.jpg,960,960,True,1,960
867,867.jpg,.jpg,960,960,True,1,960
868,868.png,.png,960,960,True,7,960
869,869.jpg,.jpg,960,960,True,1,960
870,870.jpg,.jpg,960,960,True,7,960
871,871.png,.png,960,960,True,2,960
872,872.jpg,.jpg,960,960,True,2,960
873,873.png,.png,960,960,True,1,960
874,874.jpg,.jpg,960,960,True,4,960
875,875.jpg,.jpg,960,960,True,3,960
876,876.jpg,.jpg,960,960,False,0,960
877,877.jpg,.jpg,960,960,True,3,960
878,878.jpg,.jpg,960,960,True,3,960
879,879.png,.png,960,960,True,3,960
880,880.png,.png,960,960,False,0,960
881,881.png,.png,640,640,True,4,640
882,882.png,.png,960,960,True,2,960
883,883.png,.png,960,960,True,1,960
884,884.jpg,.jpg,960,960,True,2,960
885,885.png,.png,960,960,True,2,960
886,886.jpg,.jpg,960,960,True,6,960
887,887.png,.png,960,960,True,3,960
888,888.jpg,.jpg,960,960,True,3,960
889,889.png,.png,640,640,True,6,640
890,890.jpg,.jpg,960,960,True,2,960
891,891.png,.png,640,640,True,6,640
892,892.jpg,.jpg,960,960,True,2,960
893,893.png,.png,960,960,True,4,960
894,894.jpg,.jpg,960,960,True,2,960
895,895.png,.png,640,640,True,5,640
896,896.png,.png,640,640,False,0,640
897,897.jpg,.jpg,960,960,True,3,960
898,898.jpg,.jpg,960,960,True,1,960
899,899.png,.png,960,960,True,6,960
900,900.jpg,.jpg,960,960,True,3,960
901,901.png,.png,640,640,True,4,640
902,902.jpg,.jpg,960,960,True,2,960
903,903.jpg,.jpg,960,960,True,1,960
904,904.png,.png,960,960,True,2,960
905,905.png,.png,640,640,False,0,640
906,906.png,.png,960,960,True,9,960
907,907.png,.png,960,960,True,2,960
908,908.png,.png,640,640,True,1,640
909,909.jpg,.jpg,960,960,True,5,960
910,910.png,.png,960,960,True,4,960
911,911.jpg,.jpg,960,960,True,6,960
912,912.png,.png,960,960,True,1,960
913,913.png,.png,960,960,False,0,960
914,914.jpg,.jpg,960,960,True,1,960
915,915.jpg,.jpg,960,960,True,4,960
916,916.png,.png,960,960,True,2,960
917,917.png,.png,640,640,True,2,640
918,918.jpg,.jpg,960,960,True,4,960
919,919.png,.png,960,960,True,2,960
920,920.png,.png,640,640,True,1,640
921,921.png,.png,960,960,True,1,960
922,922.png,.png,640,640,True,2,640
923,923.jpg,.jpg,960,960,True,3,960
924,924.jpg,.jpg,960,960,True,1,960
925,925.png,.png,960,960,True,2,960
926,926.png,.png,960,960,True,3,960
927,927.jpg,.jpg,960,960,True,7,960
928,928.jpg,.jpg,960,960,True,3,960
929,929.jpg,.jpg,960,960,True,2,960
930,930.jpg,.jpg,960,960,True,4,960
931,931.jpg,.jpg,960,960,True,2,960
932,932.png,.png,960,960,True,3,960
933,933.png,.png,960,960,True,4,960
934,934.jpg,.jpg,960,960,True,2,960
935,935.png,.png,640,640,True,2,640
936,936.png,.png,960,960,True,2,960
937,937.jpg,.jpg,960,960,True,1,960
938,938.png,.png,960,960,True,2,960
939,939.jpg,.jpg,960,960,True,5,960
940,940.jpg,.jpg,960,960,True,3,960
941,941.jpg,.jpg,960,960,True,4,960
942,942.jpg,.jpg,960,960,True,5,960
943,943.png,.png,960,960,False,0,960
944,944.png,.png,640,640,True,1,640
945,945.jpg,.jpg,960,960,True,2,960
946,946.png,.png,960,960,True,3,960
947,947.png,.png,640,640,False,0,640
948,948.jpg,.jpg,960,960,True,1,960
949,949.jpg,.jpg,960,960,True,2,960
950,950.jpg,.jpg,960,960,True,2,960
951,951.png,.png,640,640,True,1,640
952,952.jpg,.jpg,960,960,True,1,960
953,953.png,.png,960,960,True,3,960
954,954.jpg,.jpg,960,960,True,1,960
955,955.jpg,.jpg,960,960,True,5,960
956,956.png,.png,960,960,True,3,960
957,957.png,.png,960,960,True,2,960
958,958.jpg,.jpg,960,960,True,2,960
959,959.png,.png,960,960,True,3,960
960,960.png,.png,640,640,False,0,640
961,961.png,.png,960,960,True,5,960
962,962.png,.png,960,960,True,7,960
963,963.jpg,.jpg,960,960,True,1,960
964,964.png,.png,960,960,True,3,960
965,965.png,.png,960,960,True,2,960
966,966.jpg,.jpg,960,960,True,2,960
967,967.jpg,.jpg,960,960,True,1,960
968,968.jpg,.jpg,960,960,True,2,960
969,969.jpg,.jpg,960,960,True,1,960
970,970.jpg,.jpg,960,960,True,2,960
971,971.png,.png,960,960,True,2,960
972,972.jpg,.jpg,960,960,True,3,960
973,973.jpg,.jpg,960,960,True,1,960
974,974.png,.png,640,640,True,3,640
975,975.jpg,.jpg,960,960,True,2,960
976,976.jpg,.jpg,960,960,True,3,960
977,977.png,.png,640,640,True,2,640
978,978.jpg,.jpg,960,960,True,5,960
979,979.jpg,.jpg,960,960,True,4,960
980,980.jpg,.jpg,960,960,True,4,960
981,981.png,.png,960,960,True,1,960
982,982.jpg,.jpg,960,960,True,2,960
983,983.jpg,.jpg,960,960,True,1,960
984,984.jpg,.jpg,960,960,True,1,960
985,985.png,.png,960,960,True,2,960
986,986.jpg,.jpg,960,960,True,5,960
987,987.jpg,.jpg,960,960,True,3,960
988,988.jpg,.jpg,960,960,True,10,960
989,989.png,.png,640,640,True,4,640
990,990.jpg,.jpg,960,960,True,3,960
991,991.jpg,.jpg,960,960,True,1,960
992,992.png,.png,960,960,True,2,960
993,993.png,.png,960,960,True,5,960
994,994.jpg,.jpg,960,960,True,1,960
995,995.jpg,.jpg,960,960,True,1,960
996,996.png,.png,960,960,True,3,960
997,997.jpg,.jpg,960,960,False,0,960
998,998.png,.png,960,960,True,4,960
999,999.jpg,.jpg,960,960,True,2,960
1000,1000.jpg,.jpg,960,960,True,4,960
1001,1001.jpg,.jpg,960,960,True,2,960
1002,1002.png,.png,960,960,True,3,960
1003,1003.jpg,.jpg,960,960,True,3,960
1004,1004.jpg,.jpg,960,960,True,2,960
1005,1005.jpg,.jpg,960,960,False,0,960
1006,1006.jpg,.jpg,960,960,True,3,960
1007,1007.jpg,.jpg,960,960,True,1,960
1008,1008.png,.png,960,960,True,4,960
1009,1009.png,.png,960,960,True,6,960
1010,1010.jpg,.jpg,960,960,True,4,960
1011,1011.jpg,.jpg,960,960,True,2,960
1012,1012.jpg,.jpg,960,960,True,5,960
1013,1013.jpg,.jpg,960,960,True,1,960
1014,1014.png,.png,960,960,False,0,960
1015,1015.png,.png,960,960,True,2,960
1016,1016.png,.png,640,640,True,2,640
1017,1017.jpg,.jpg,960,960,True,1,960
1018,1018.png,.png,960,960,True,1,960
1019,1019.jpg,.jpg,960,960,True,3,960
1020,1020.jpg,.jpg,960,960,True,2,960
1021,1021.jpg,.jpg,960,960,True,3,960
1022,1022.png,.png,960,960,True,2,960
1023,1023.png,.png,960,960,True,1,960
1024,1024.jpg,.jpg,960,960,True,7,960
1025,1025.jpg,.jpg,960,960,True,1,960
1026,1026.jpg,.jpg,960,960,True,2,960
1027,1027.png,.png,960,960,True,1,960
1028,1028.jpg,.jpg,960,960,True,2,960
1029,1029.jpg,.jpg,960,960,True,4,960
1030,1030.png,.png,640,640,True,2,640
1031,1031.png,.png,960,960,False,0,960
1032,1032.jpg,.jpg,960,960,True,1,960
1033,1033.jpg,.jpg,960,960,True,4,960
1034,1034.png,.png,960,960,True,1,960
1035,1035.png,.png,960,960,True,2,960
1036,1036.png,.png,640,640,True,3,640
1037,1037.png,.png,960,960,True,1,960
1038,1038.png,.png,640,640,True,5,640
1039,1039.png,.png,640,640,True,2,640
1040,1040.jpg,.jpg,960,960,True,3,960
1041,1041.png,.png,960,960,True,1,960
1042,1042.jpg,.jpg,960,960,True,2,960
1043,1043.jpg,.jpg,960,960,True,3,960
1044,1044.jpg,.jpg,960,960,True,1,960
1045,1045.jpg,.jpg,960,960,True,3,960
1046,1046.jpg,.jpg,960,960,True,4,960
1047,1047.png,.png,960,960,True,2,960
1048,1048.jpg,.jpg,960,960,True,3,960
1049,1049.jpg,.jpg,960,960,True,2,960
1050,1050.jpg,.jpg,960,960,True,1,960
1051,1051.png,.png,960,960,True,1,960
1052,1052.jpg,.jpg,960,960,True,1,960
1053,1053.jpg,.jpg,960,960,True,1,960
1054,1054.jpg,.jpg,960,960,True,1,960
1055,1055.png,.png,960,960,True,2,960
1056,1056.png,.png,960,960,True,2,960
1057,1057.jpg,.jpg,960,960,True,5,960
1058,1058.jpg,.jpg,960,960,True,2,960
1059,1059.jpg,.jpg,960,960,True,3,960
1060,1060.jpg,.jpg,960,960,True,4,960
1061,1061.jpg,.jpg,960,960,True,7,960
1062,1062.jpg,.jpg,960,960,True,5,960
1063,1063.jpg,.jpg,960,960,True,1,960
1064,1064.png,.png,960,960,True,5,960
1065,1065.png,.png,640,640,True,1,640
1066,1066.png,.png,960,960,True,5,960
1067,1067.png,.png,640,640,True,3,640
1068,1068.jpg,.jpg,960,960,True,3,960
1069,1069.jpg,.jpg,960,960,True,4,960
1070,1070.jpg,.jpg,960,960,True,2,960
1071,1071.jpg,.jpg,960,960,True,6,960
1072,1072.jpg,.jpg,960,960,True,3,960
1073,1073.png,.png,960,960,True,1,960
1074,1074.jpg,.jpg,960,960,True,1,960
1075,1075.jpg,.jpg,960,960,True,3,960
1076,1076.jpg,.jpg,960,960,True,3,960
1077,1077.png,.png,640,640,True,3,640
1078,1078.jpg,.jpg,960,960,True,2,960
1079,1079.png,.png,960,960,True,5,960
1080,1080.jpg,.jpg,960,960,True,2,960
1081,1081.jpg,.jpg,960,960,True,5,960
1082,1082.png,.png,960,960,True,2,960
1083,1083.png,.png,960,960,True,3,960
1084,1084.jpg,.jpg,960,960,True,1,960
1085,1085.png,.png,640,640,True,2,640
1086,1086.png,.png,960,960,True,2,960
1087,1087.jpg,.jpg,960,960,True,3,960
1088,1088.jpg,.jpg,960,960,True,1,960
1089,1089.jpg,.jpg,960,960,True,2,960
1090,1090.jpg,.jpg,960,960,True,1,960
1091,1091.jpg,.jpg,960,960,True,3,960
1092,1092.jpg,.jpg,960,960,True,2,960
1093,1093.jpg,.jpg,960,960,True,4,960
1094,1094.png,.png,960,960,False,0,960
1095,1095.png,.png,960,960,True,1,960
1096,1096.png,.png,960,960,True,1,960
1097,1097.png,.png,960,960,False,0,960
1098,1098.jpg,.jpg,960,960,True,1,960
1099,1099.png,.png,640,640,False,0,640
1100,1100.jpg,.jpg,960,960,True,1,960
1101,1101.png,.png,960,960,True,3,960
1102,1102.png,.png,960,960,False,0,960
1103,1103.png,.png,960,960,True,5,960
1104,1104.png,.png,640,640,False,0,640
1105,1105.jpg,.jpg,960,960,True,5,960
1106,1106.png,.png,960,960,False,0,960
1107,1107.jpg,.jpg,960,960,True,1,960
1108,1108.jpg,.jpg,960,960,True,2,960
1109,1109.png,.png,960,960,True,3,960
1110,1110.png,.png,960,960,True,1,960
1111,1111.jpg,.jpg,960,960,True,1,960
1112,1112.png,.png,640,640,False,0,640
1113,1113.png,.png,960,960,True,3,960
1114,1114.png,.png,960,960,True,1,960
1115,1115.jpg,.jpg,960,960,True,3,960
1116,1116.jpg,.jpg,960,960,True,2,960
1117,1117.png,.png,960,960,True,5,960
1118,1118.png,.png,960,960,True,2,960
1119,1119.jpg,.jpg,960,960,True,2,960
1120,1120.png,.png,960,960,True,2,960
1121,1121.jpg,.jpg,960,960,True,3,960
1122,1122.png,.png,960,960,True,4,960
1123,1123.jpg,.jpg,960,960,True,3,960
1124,1124.jpg,.jpg,960,960,True,9,960
1125,1125.png,.png,960,960,True,1,960
1126,1126.png,.png,960,960,True,1,960
1127,1127.jpg,.jpg,960,960,True,1,960
1128,1128.png,.png,960,960,True,2,960
1129,1129.png,.png,640,640,True,2,640
1130,1130.jpg,.jpg,960,960,True,2,960
1131,1131.jpg,.jpg,960,960,True,4,960
1132,1132.jpg,.jpg,960,960,True,1,960
1133,1133.png,.png,960,960,True,2,960
1134,1134.png,.png,640,640,True,1,640
1135,1135.png,.png,640,640,True,5,640
1136,1136.png,.png,960,960,True,1,960
1137,1137.jpg,.jpg,960,960,True,12,960
1138,1138.png,.png,960,960,True,1,960
1139,1139.jpg,.jpg,960,960,True,10,960
1140,1140.jpg,.jpg,960,960,True,3,960
1141,1141.jpg,.jpg,960,960,True,4,960
1142,1142.jpg,.jpg,960,960,True,1,960
1143,1143.png,.png,960,960,True,5,960
1144,1144.jpg,.jpg,960,960,True,4,960
1145,1145.png,.png,960,960,True,3,960
1146,1146.jpg,.jpg,960,960,True,4,960
1147,1147.jpg,.jpg,960,960,True,8,960
1148,1148.jpg,.jpg,960,960,True,2,960
1149,1149.jpg,.jpg,960,960,False,0,960
1150,1150.png,.png,960,960,True,2,960
1151,1151.png,.png,960,960,True,6,960
1152,1152.jpg,.jpg,960,960,True,4,960
1153,1153.jpg,.jpg,960,960,True,4,960
1154,1154.jpg,.jpg,960,960,True,3,960
1155,1155.jpg,.jpg,960,960,True,2,960
1156,1156.jpg,.jpg,960,960,True,1,960
1157,1157.jpg,.jpg,960,960,True,4,960
1158,1158.jpg,.jpg,960,960,True,3,960
1159,1159.jpg,.jpg,960,960,True,4,960
1160,1160.jpg,.jpg,960,960,True,4,960
1161,1161.jpg,.jpg,960,960,True,2,960
1162,1162.png,.png,640,640,True,1,640
1163,1163.png,.png,960,960,True,4,960
1164,1164.png,.png,640,640,True,1,640
1165,1165.jpg,.jpg,960,960,True,6,960
1166,1166.png,.png,960,960,True,2,960
1167,1167.jpg,.jpg,960,960,True,3,960
1168,1168.png,.png,960,960,True,2,960
1169,1169.png,.png,960,960,True,3,960
1170,1170.png,.png,960,960,True,4,960
1171,1171.jpg,.jpg,960,960,True,3,960
1172,1172.png,.png,960,960,True,3,960
1173,1173.jpg,.jpg,960,960,True,5,960
1174,1174.png,.png,640,640,False,0,640
1175,1175.png,.png,960,960,True,5,960
1176,1176.png,.png,960,960,True,1,960
1177,1177.png,.png,960,960,True,3,960
1178,1178.png,.png,960,960,True,1,960
1179,1179.png,.png,960,960,True,2,960
1180,1180.jpg,.jpg,960,960,True,3,960
1181,1181.png,.png,960,960,True,3,960
1182,1182.jpg,.jpg,960,960,True,5,960
1183,1183.png,.png,640,640,True,4,640
1184,1184.png,.png,640,640,False,0,640
1185,1185.png,.png,960,960,True,2,960
1186,1186.jpg,.jpg,960,960,True,1,960
1187,1187.png,.png,960,960,False,0,960
1188,1188.png,.png,960,960,True,3,960
1189,1189.png,.png,960,960,True,1,960
1190,1190.png,.png,960,960,True,10,960
1191,1191.png,.png,960,960,True,3,960
1192,1192.jpg,.jpg,960,960,True,5,960
1193,1193.jpg,.jpg,960,960,True,4,960
1194,1194.jpg,.jpg,960,960,True,1,960
1195,1195.png,.png,960,960,True,2,960
1196,1196.png,.png,960,960,True,1,960
1197,1197.jpg,.jpg,960,960,True,1,960
1198,1198.png,.png,960,960,True,3,960
1199,1199.png,.png,960,960,True,2,960
1200,1200.png,.png,640,640,True,1,640
1201,1201.png,.png,960,960,True,2,960
1202,1202.png,.png,960,960,True,4,960
1203,1203.png,.png,640,640,True,1,640
1204,1204.png,.png,960,960,False,0,960
1205,1205.png,.png,960,960,True,1,960
1206,1206.jpg,.jpg,960,960,True,1,960
1207,1207.jpg,.jpg,960,960,True,2,960
1208,1208.jpg,.jpg,960,960,False,0,960
1209,1209.jpg,.jpg,960,960,True,4,960
1210,1210.jpg,.jpg,960,960,True,2,960
1211,1211.jpg,.jpg,960,960,True,2,960
1212,1212.png,.png,960,960,True,3,960
1213,1213.jpg,.jpg,960,960,True,2,960
1214,1214.jpg,.jpg,960,960,True,2,960
1215,1215.jpg,.jpg,960,960,True,3,960
1216,1216.png,.png,960,960,True,1,960
1217,1217.png,.png,960,960,True,2,960
1218,1218.jpg,.jpg,960,960,True,2,960
1219,1219.png,.png,640,640,False,0,640
1220,1220.jpg,.jpg,960,960,True,3,960
1221,1221.jpg,.jpg,960,960,True,4,960
1222,1222.jpg,.jpg,960,960,True,1,960
1223,1223.jpg,.jpg,960,960,True,1,960
1224,1224.jpg,.jpg,960,960,True,3,960
1225,1225.jpg,.jpg,960,960,True,3,960
1226,1226.jpg,.jpg,960,960,True,1,960
1227,1227.jpg,.jpg,960,960,True,1,960
1228,1228.jpg,.jpg,960,960,True,2,960
1229,1229.jpg,.jpg,960,960,True,2,960
1230,1230.jpg,.jpg,960,960,True,1,960
1231,1231.png,.png,640,640,False,0,640
1232,1232.png,.png,960,960,False,0,960
1233,1233.png,.png,960,960,True,1,960
1234,1234.png,.png,640,640,True,2,640
1235,1235.png,.png,960,960,True,2,960
1236,1236.jpg,.jpg,960,960,True,2,960
1237,1237.png,.png,640,640,True,1,640
1238,1238.jpg,.jpg,960,960,True,1,960
1239,1239.png,.png,960,960,False,0,960
1240,1240.png,.png,640,640,False,0,640
1241,1241.jpg,.jpg,960,960,False,0,960
1242,1242.png,.png,960,960,False,0,960
1243,1243.jpg,.jpg,960,960,True,3,960
1244,1244.jpg,.jpg,960,960,True,3,960
1245,1245.jpg,.jpg,960,960,True,6,960
1246,1246.jpg,.jpg,960,960,True,1,960
1247,1247.jpg,.jpg,960,960,False,0,960
1248,1248.jpg,.jpg,960,960,True,4,960
1249,1249.jpg,.jpg,960,960,True,1,960
1250,1250.png,.png,960,960,True,1,960
1251,1251.jpg,.jpg,960,960,False,0,960
1252,1252.png,.png,960,960,True,2,960
1253,1253.png,.png,640,640,True,1,640
1254,1254.jpg,.jpg,960,960,True,4,960
1255,1255.jpg,.jpg,960,960,True,5,960
1256,1256.jpg,.jpg,960,960,True,3,960
1257,1257.jpg,.jpg,960,960,True,2,960
1258,1258.png,.png,960,960,True,1,960
1259,1259.png,.png,960,960,True,3,960
1260,1260.jpg,.jpg,960,960,True,2,960
1261,1261.jpg,.jpg,960,960,True,2,960
1262,1262.png,.png,960,960,False,0,960
1263,1263.png,.png,640,640,True,3,640
1264,1264.jpg,.jpg,960,960,True,2,960
1265,1265.jpg,.jpg,960,960,True,2,960
1266,1266.png,.png,960,960,True,1,960
1267,1267.png,.png,640,640,True,1,640
1268,1268.png,.png,960,960,True,1,960
1269,1269.png,.png,960,960,False,0,960
1270,1270.png,.png,960,960,True,1,960
1271,1271.jpg,.jpg,960,960,True,4,960
1272,1272.png,.png,640,640,True,3,640
1273,1273.png,.png,640,640,False,0,640
1274,1274.png,.png,960,960,False,0,960
1275,1275.jpg,.jpg,960,960,True,2,960
1276,1276.png,.png,960,960,False,0,960
1277,1277.png,.png,640,640,True,2,640
1278,1278.jpg,.jpg,960,960,True,3,960
1279,1279.png,.png,960,960,True,3,960
1280,1280.png,.png,960,960,False,0,960
1281,1281.png,.png,960,960,True,1,960
1282,1282.jpg,.jpg,960,960,False,0,960
1283,1283.png,.png,960,960,True,1,960
1284,1284.jpg,.jpg,960,960,True,2,960
1285,1285.jpg,.jpg,960,960,True,1,960
1286,1286.jpg,.jpg,960,960,True,1,960
1287,1287.jpg,.jpg,960,960,True,2,960
1288,1288.jpg,.jpg,960,960,True,2,960
1289,1289.png,.png,960,960,False,0,960
1290,1290.jpg,.jpg,960,960,True,8,960
1291,1291.jpg,.jpg,960,960,True,3,960
1292,1292.png,.png,960,960,True,3,960
1293,1293.png,.png,640,640,False,0,640
1294,1294.jpg,.jpg,960,960,True,2,960
1295,1295.png,.png,960,960,True,2,960
1296,1296.png,.png,960,960,True,2,960
1297,1297.png,.png,640,640,False,0,640
1298,1298.jpg,.jpg,960,960,True,2,960
1299,1299.png,.png,960,960,True,1,960
1300,1300.png,.png,960,960,True,1,960
1301,1301.png,.png,960,960,True,4,960
1302,1302.jpg,.jpg,960,960,True,1,960
1303,1303.jpg,.jpg,960,960,True,6,960
1304,1304.png,.png,960,960,False,0,960
1305,1305.jpg,.jpg,960,960,True,3,960
1306,1306.jpg,.jpg,960,960,True,2,960
1307,1307.png,.png,960,960,True,3,960
1308,1308.png,.png,640,640,False,0,640
1309,1309.jpg,.jpg,960,960,True,2,960
1310,1310.png,.png,960,960,True,2,960
1311,1311.png,.png,960,960,True,1,960
1312,1312.png,.png,960,960,False,0,960
1313,1313.jpg,.jpg,960,960,True,4,960
1314,1314.png,.png,640,640,True,1,640
1315,1315.jpg,.jpg,960,960,True,3,960
1316,1316.png,.png,960,960,True,3,960
1317,1317.jpg,.jpg,960,960,True,3,960
1318,1318.jpg,.jpg,960,960,True,3,960
1319,1319.png,.png,960,960,True,7,960
1320,1320.png,.png,960,960,True,3,960
1321,1321.png,.png,960,960,True,1,960
1322,1322.jpg,.jpg,960,960,True,1,960
1323,1323.png,.png,960,960,False,0,960
1324,1324.png,.png,960,960,True,1,960
1325,1325.jpg,.jpg,960,960,True,3,960
1326,1326.png,.png,640,640,True,1,640
1327,1327.jpg,.jpg,960,960,True,4,960
1328,1328.jpg,.jpg,960,960,True,1,960
1329,1329.png,.png,960,960,True,4,960
1330,1330.png,.png,640,640,True,2,640
1331,1331.jpg,.jpg,960,960,True,3,960
1332,1332.jpg,.jpg,960,960,True,2,960
1333,1333.png,.png,960,960,True,5,960
1334,1334.jpg,.jpg,960,960,True,2,960
1335,1335.jpg,.jpg,960,960,True,2,960
1336,1336.jpg,.jpg,960,960,True,5,960
1337,1337.png,.png,960,960,True,1,960
1338,1338.png,.png,960,960,True,3,960
1339,1339.png,.png,960,960,True,2,960
1340,1340.jpg,.jpg,960,960,False,0,960
1341,1341.png,.png,960,960,False,0,960
1342,1342.png,.png,640,640,False,0,640
1343,1343.jpg,.jpg,960,960,True,2,960
1344,1344.png,.png,640,640,True,1,640
1345,1345.png,.png,640,640,False,0,640
1346,1346.jpg,.jpg,960,960,True,4,960
1347,1347.png,.png,640,640,False,0,640
1348,1348.jpg,.jpg,960,960,True,3,960
1349,1349.jpg,.jpg,960,960,True,1,960
1350,1350.jpg,.jpg,960,960,True,5,960
1351,1351.png,.png,960,960,True,1,960
1352,1352.jpg,.jpg,960,960,True,3,960
1353,1353.png,.png,960,960,True,1,960
1354,1354.png,.png,960,960,True,3,960
1355,1355.png,.png,960,960,True,3,960
1356,1356.jpg,.jpg,960,960,True,1,960
1357,1357.png,.png,960,960,True,1,960
1358,1358.png,.png,640,640,True,1,640
1359,1359.png,.png,960,960,True,7,960
1360,1360.png,.png,960,960,True,4,960
1361,1361.png,.png,960,960,False,0,960
1362,1362.jpg,.jpg,960,960,False,0,960
1363,1363.png,.png,960,960,True,1,960
1364,1364.png,.png,960,960,False,0,960
1365,1365.jpg,.jpg,960,960,True,4,960
1366,1366.png,.png,960,960,True,4,960
1367,1367.jpg,.jpg,960,960,False,0,960
1368,1368.png,.png,640,640,True,6,640
1369,1369.png,.png,960,960,True,1,960
1370,1370.jpg,.jpg,960,960,True,2,960
1371,1371.jpg,.jpg,960,960,True,1,960
1372,1372.jpg,.jpg,960,960,True,2,960
1373,1373.jpg,.jpg,960,960,True,2,960
1374,1374.jpg,.jpg,960,960,True,2,960
1375,1375.png,.png,960,960,True,1,960
1376,1376.jpg,.jpg,960,960,False,0,960
1377,1377.png,.png,960,960,False,0,960
1378,1378.png,.png,960,960,True,2,960
1379,1379.jpg,.jpg,960,960,True,1,960
1380,1380.png,.png,960,960,True,1,960
1381,1381.jpg,.jpg,960,960,True,6,960
1382,1382.png,.png,960,960,True,4,960
1383,1383.jpg,.jpg,960,960,True,5,960
1384,1384.jpg,.jpg,960,960,True,1,960
1385,1385.png,.png,960,960,False,0,960
1386,1386.jpg,.jpg,960,960,True,3,960
1387,1387.png,.png,960,960,False,0,960
1388,1388.png,.png,640,640,True,5,640
1389,1389.jpg,.jpg,960,960,False,0,960
1390,1390.png,.png,960,960,True,1,960
1391,1391.jpg,.jpg,960,960,True,3,960
1392,1392.jpg,.jpg,960,960,True,2,960
1393,1393.jpg,.jpg,960,960,True,4,960
1394,1394.png,.png,960,960,True,3,960
1395,1395.jpg,.jpg,960,960,True,1,960
1396,1396.jpg,.jpg,960,960,True,2,960
1397,1397.jpg,.jpg,960,960,True,3,960
1398,1398.png,.png,960,960,False,0,960
1399,1399.jpg,.jpg,960,960,True,6,960
1400,1400.jpg,.jpg,960,960,True,3,960
1401,1401.png,.png,640,640,True,2,640
1402,1402.jpg,.jpg,960,960,True,3,960
1403,1403.jpg,.jpg,960,960,True,1,960
1404,1404.jpg,.jpg,960,960,True,4,960
1405,1405.png,.png,640,640,True,1,640
1406,1406.jpg,.jpg,960,960,True,5,960
1407,1407.png,.png,960,960,True,9,960
1408,1408.jpg,.jpg,960,960,True,1,960
1409,1409.png,.png,960,960,True,4,960
1410,1410.jpg,.jpg,960,960,True,6,960
1411,1411.jpg,.jpg,960,960,True,3,960
1412,1412.png,.png,960,960,True,2,960
1413,1413.jpg,.jpg,960,960,True,4,960
1414,1414.jpg,.jpg,960,960,False,0,960
1415,1415.jpg,.jpg,960,960,True,2,960
1416,1416.png,.png,960,960,True,3,960
1417,1417.jpg,.jpg,960,960,True,2,960
1418,1418.jpg,.jpg,960,960,True,3,960
1419,1419.jpg,.jpg,960,960,True,3,960
1420,1420.jpg,.jpg,960,960,True,2,960
1421,1421.png,.png,960,960,True,2,960
1422,1422.jpg,.jpg,960,960,True,1,960
1423,1423.jpg,.jpg,960,960,True,2,960
1424,1424.jpg,.jpg,960,960,True,3,960
1425,1425.jpg,.jpg,960,960,True,2,960
1426,1426.jpg,.jpg,960,960,True,2,960
1427,1427.jpg,.jpg,960,960,True,2,960
1428,1428.png,.png,640,640,False,0,640
1429,1429.png,.png,640,640,False,0,640
1430,1430.jpg,.jpg,960,960,True,1,960
1431,1431.png,.png,960,960,True,1,960
1432,1432.jpg,.jpg,960,960,False,0,960
1433,1433.jpg,.jpg,960,960,True,4,960
1434,1434.jpg,.jpg,960,960,True,3,960
1435,1435.jpg,.jpg,960,960,True,3,960
1436,1436.jpg,.jpg,960,960,True,2,960
1437,1437.jpg,.jpg,960,960,True,3,960
1438,1438.png,.png,960,960,True,2,960
1439,1439.png,.png,960,960,True,1,960
1440,1440.jpg,.jpg,960,960,True,2,960
1441,1441.png,.png,640,640,True,1,640
1442,1442.png,.png,640,640,True,1,640
1443,1443.png,.png,960,960,True,2,960
1444,1444.jpg,.jpg,960,960,True,2,960
1445,1445.png,.png,960,960,True,3,960
1446,1446.jpg,.jpg,960,960,True,4,960
1447,1447.jpg,.jpg,960,960,True,1,960
1448,1448.png,.png,640,640,True,1,640
1449,1449.png,.png,960,960,True,1,960
1450,1450.png,.png,640,640,True,1,640
1451,1451.jpg,.jpg,960,960,True,3,960
1452,1452.png,.png,640,640,True,1,640
1453,1453.png,.png,960,960,True,1,960
1454,1454.png,.png,640,640,True,2,640
1455,1455.png,.png,640,640,True,2,640
1456,1456.png,.png,960,960,True,4,960
1457,1457.png,.png,640,640,True,3,640
1458,1458.jpg,.jpg,960,960,True,4,960
1459,1459.png,.png,640,640,True,4,640
1460,1460.jpg,.jpg,960,960,True,2,960
1461,1461.png,.png,960,960,True,1,960
1462,1462.png,.png,960,960,True,2,960
1463,1463.jpg,.jpg,960,960,True,4,960
1464,1464.jpg,.jpg,960,960,True,1,960
1465,1465.jpg,.jpg,960,960,True,2,960
1466,1466.jpg,.jpg,960,960,True,1,960
1467,1467.png,.png,960,960,True,3,960
1468,1468.jpg,.jpg,960,960,True,2,960
1469,1469.jpg,.jpg,960,960,True,3,960
1470,1470.png,.png,960,960,True,3,960
1471,1471.png,.png,640,640,True,2,640
1472,1472.jpg,.jpg,960,960,True,2,960
1473,1473.jpg,.jpg,960,960,True,2,960
1474,1474.jpg,.jpg,960,960,True,4,960
1475,1475.png,.png,960,960,True,1,960
1476,1476.png,.png,960,960,True,4,960
1477,1477.jpg,.jpg,960,960,True,4,960
1478,1478.png,.png,960,960,True,2,960
1479,1479.png,.png,960,960,True,5,960
1480,1480.png,.png,960,960,True,2,960
1481,1481.png,.png,960,960,True,3,960
1482,1482.jpg,.jpg,960,960,True,1,960
1483,1483.jpg,.jpg,960,960,True,1,960
1484,1484.png,.png,960,960,True,2,960
1485,1485.png,.png,960,960,True,3,960
1486,1486.png,.png,960,960,True,7,960
1487,1487.jpg,.jpg,960,960,True,1,960
1488,1488.jpg,.jpg,960,960,True,4,960
1489,1489.jpg,.jpg,960,960,True,2,960
1490,1490.jpg,.jpg,960,960,True,5,960
1491,1491.jpg,.jpg,960,960,True,2,960
1492,1492.jpg,.jpg,960,960,True,1,960
1493,1493.png,.png,640,640,True,1,640
1494,1494.jpg,.jpg,960,960,True,4,960
1495,1495.png,.png,960,960,True,2,960
1496,1496.png,.png,960,960,True,2,960
1497,1497.png,.png,640,640,True,4,640
1498,1498.png,.png,640,640,True,1,640
1499,1499.jpg,.jpg,960,960,True,2,960
1500,1500.png,.png,960,960,True,1,960
1501,1501.png,.png,960,960,True,2,960
1502,1502.png,.png,960,960,True,1,960
1503,1503.jpg,.jpg,960,960,True,1,960
1504,1504.jpg,.jpg,960,960,True,1,960
1505,1505.jpg,.jpg,960,960,True,2,960
1506,1506.png,.png,960,960,False,0,960
1507,1507.jpg,.jpg,960,960,True,2,960
1508,1508.jpg,.jpg,960,960,True,3,960
1509,1509.jpg,.jpg,960,960,True,2,960
1510,1510.jpg,.jpg,960,960,True,1,960
1511,1511.png,.png,960,960,True,2,960
1512,1512.png,.png,960,960,True,1,960
1513,1513.png,.png,960,960,True,2,960
1514,1514.jpg,.jpg,960,960,True,3,960
1515,1515.jpg,.jpg,960,960,True,5,960
1516,1516.png,.png,960,960,True,3,960
1517,1517.jpg,.jpg,960,960,True,2,960
1518,1518.png,.png,960,960,False,0,960
1519,1519.png,.png,960,960,True,1,960
1520,1520.png,.png,640,640,True,1,640
1521,1521.jpg,.jpg,960,960,True,10,960
1522,1522.jpg,.jpg,960,960,True,3,960
1523,1523.png,.png,960,960,True,5,960
1524,1524.png,.png,640,640,True,7,640
1525,1525.png,.png,960,960,True,3,960
1526,1526.jpg,.jpg,960,960,True,2,960
1527,1527.jpg,.jpg,960,960,True,2,960
1528,1528.png,.png,960,960,True,6,960
1529,1529.jpg,.jpg,960,960,True,5,960
1530,1530.png,.png,960,960,False,0,960
1531,1531.png,.png,640,640,True,9,640
1532,1532.jpg,.jpg,960,960,True,5,960
1533,1533.png,.png,960,960,True,2,960
1534,1534.png,.png,640,640,True,5,640
1535,1535.png,.png,640,640,True,1,640
1536,1536.jpg,.jpg,960,960,True,2,960
1537,1537.png,.png,960,960,True,1,960
1538,1538.png,.png,960,960,True,7,960
1539,1539.jpg,.jpg,960,960,True,1,960
1540,1540.png,.png,960,960,True,2,960
1541,1541.jpg,.jpg,960,960,True,3,960
1542,1542.png,.png,960,960,False,0,960
1543,1543.png,.png,960,960,True,9,960
1544,1544.png,.png,960,960,True,3,960
1545,1545.jpg,.jpg,960,960,True,5,960
1546,1546.png,.png,960,960,True,5,960
1547,1547.jpg,.jpg,960,960,True,3,960
1548,1548.jpg,.jpg,960,960,True,6,960
1549,1549.jpg,.jpg,960,960,True,2,960
1550,1550.png,.png,960,960,True,2,960
1551,1551.jpg,.jpg,960,960,True,5,960
1552,1552.png,.png,640,640,True,3,640
1553,1553.png,.png,960,960,True,3,960
1554,1554.jpg,.jpg,960,960,True,2,960
1555,1555.jpg,.jpg,960,960,True,2,960
1556,1556.jpg,.jpg,960,960,True,2,960
1557,1557.jpg,.jpg,960,960,True,4,960
1558,1558.jpg,.jpg,960,960,True,3,960
1559,1559.png,.png,960,960,True,3,960
1560,1560.png,.png,640,640,True,2,640
1561,1561.jpg,.jpg,960,960,True,7,960
1562,1562.jpg,.jpg,960,960,True,3,960
1563,1563.png,.png,960,960,True,1,960
1564,1564.jpg,.jpg,960,960,True,3,960
1565,1565.jpg,.jpg,960,960,True,3,960
1566,1566.jpg,.jpg,960,960,True,3,960
1567,1567.png,.png,960,960,False,0,960
1568,1568.jpg,.jpg,960,960,True,3,960
1569,1569.jpg,.jpg,960,960,True,2,960
1570,1570.jpg,.jpg,960,960,True,2,960
1571,1571.jpg,.jpg,960,960,True,3,960
1572,1572.jpg,.jpg,960,960,True,1,960
1573,1573.png,.png,960,960,True,2,960
1574,1574.jpg,.jpg,960,960,True,6,960
1575,1575.png,.png,960,960,True,1,960
1576,1576.jpg,.jpg,960,960,True,2,960
1577,1577.jpg,.jpg,960,960,True,3,960
1578,1578.jpg,.jpg,960,960,True,1,960
1579,1579.jpg,.jpg,960,960,True,1,960
1580,1580.jpg,.jpg,960,960,True,1,960
1581,1581.jpg,.jpg,960,960,True,2,960
1582,1582.jpg,.jpg,960,960,True,3,960
1583,1583.jpg,.jpg,960,960,True,2,960
1584,1584.png,.png,960,960,True,1,960
1585,1585.jpg,.jpg,960,960,True,4,960
1586,1586.png,.png,960,960,True,2,960
1587,1587.jpg,.jpg,960,960,True,3,960
1588,1588.png,.png,960,960,True,5,960
1589,1589.png,.png,960,960,True,2,960
1590,1590.png,.png,960,960,True,2,960
1591,1591.png,.png,960,960,True,2,960
1592,1592.jpg,.jpg,960,960,True,1,960
1593,1593.png,.png,640,640,True,1,640
1594,1594.png,.png,960,960,True,5,960
1595,1595.png,.png,960,960,True,2,960
1596,1596.jpg,.jpg,960,960,True,3,960
1597,1597.png,.png,640,640,True,3,640
1598,1598.jpg,.jpg,960,960,True,1,960
1599,1599.jpg,.jpg,960,960,True,7,960
1600,1600.png,.png,960,960,True,3,960
1601,1601.jpg,.jpg,960,960,True,3,960
1602,1602.jpg,.jpg,960,960,True,1,960
1603,1603.png,.png,640,640,True,2,640
1604,1604.png,.png,960,960,False,0,960
1605,1605.png,.png,960,960,True,2,960
1606,1606.jpg,.jpg,960,960,False,0,960
1607,1607.jpg,.jpg,960,960,False,0,960
1608,1608.jpg,.jpg,960,960,True,5,960
1609,1609.png,.png,960,960,True,1,960
1610,1610.jpg,.jpg,960,960,True,1,960
1611,1611.jpg,.jpg,960,960,False,0,960
1612,1612.jpg,.jpg,960,960,True,2,960
1613,1613.png,.png,960,960,True,1,960
1614,1614.jpg,.jpg,960,960,False,0,960
1615,1615.jpg,.jpg,960,960,True,3,960
1616,1616.png,.png,960,960,False,0,960
1617,1617.png,.png,640,640,False,0,640
1618,1618.png,.png,960,960,False,0,960
1619,1619.jpg,.jpg,960,960,False,0,960
1620,1620.jpg,.jpg,960,960,False,0,960
1621,1621.jpg,.jpg,960,960,False,0,960
1622,1622.png,.png,960,960,True,3,960
1623,1623.png,.png,960,960,False,0,960
1624,1624.png,.png,640,640,True,2,640
1625,1625.png,.png,960,960,True,1,960
1626,1626.jpg,.jpg,960,960,True,2,960
1627,1627.jpg,.jpg,960,960,False,0,960
1628,1628.jpg,.jpg,960,960,True,1,960
1629,1629.png,.png,960,960,True,2,960
1630,1630.png,.png,960,960,True,4,960
1631,1631.jpg,.jpg,960,960,False,0,960
1632,1632.png,.png,960,960,False,0,960
1633,1633.png,.png,960,960,True,2,960
1634,1634.png,.png,960,960,True,1,960
1635,1635.png,.png,640,640,False,0,640
1636,1636.jpg,.jpg,960,960,True,4,960
1637,1637.png,.png,960,960,False,0,960
1638,1638.png,.png,960,960,True,2,960
1639,1639.png,.png,960,960,False,0,960
1640,1640.png,.png,960,960,False,0,960
1641,1641.jpg,.jpg,960,960,True,2,960
1642,1642.jpg,.jpg,960,960,False,0,960
1643,1643.jpg,.jpg,960,960,True,2,960
1644,1644.jpg,.jpg,960,960,True,4,960
1645,1645.png,.png,960,960,False,0,960
1646,1646.jpg,.jpg,960,960,True,2,960
1647,1647.jpg,.jpg,960,960,False,0,960
1648,1648.png,.png,960,960,False,0,960
1649,1649.png,.png,960,960,True,1,960
1650,1650.jpg,.jpg,960,960,False,0,960
1651,1651.png,.png,960,960,True,2,960
1652,1652.jpg,.jpg,960,960,True,5,960
1653,1653.png,.png,960,960,False,0,960
1654,1654.png,.png,960,960,True,3,960
1655,1655.png,.png,960,960,False,0,960
1656,1656.jpg,.jpg,960,960,False,0,960
1657,1657.png,.png,960,960,True,6,960
1658,1658.png,.png,960,960,False,0,960
1659,1659.png,.png,960,960,False,0,960
1660,1660.png,.png,960,960,True,2,960
1661,1661.jpg,.jpg,960,960,True,1,960
1662,1662.png,.png,960,960,False,0,960
1663,1663.jpg,.jpg,960,960,True,1,960
1664,1664.jpg,.jpg,960,960,True,2,960
1665,1665.jpg,.jpg,960,960,True,2,960
1666,1666.png,.png,960,960,True,4,960
1667,1667.png,.png,960,960,False,0,960
1668,1668.png,.png,640,640,True,4,640
1669,1669.png,.png,960,960,True,2,960
1670,1670.jpg,.jpg,960,960,True,1,960
1671,1671.jpg,.jpg,960,960,False,0,960
1672,1672.png,.png,960,960,True,1,960
1673,1673.jpg,.jpg,960,960,True,1,960
1674,1674.jpg,.jpg,960,960,True,1,960
1675,1675.jpg,.jpg,960,960,True,2,960
1676,1676.jpg,.jpg,960,960,True,1,960
1677,1677.jpg,.jpg,960,960,True,2,960
1678,1678.png,.png,960,960,False,0,960
1679,1679.jpg,.jpg,960,960,True,2,960
1680,1680.jpg,.jpg,960,960,True,11,960
1681,1681.png,.png,960,960,True,2,960
1682,1682.jpg,.jpg,960,960,False,0,960
1683,1683.jpg,.jpg,960,960,True,1,960
1684,1684.jpg,.jpg,960,960,True,1,960
1685,1685.jpg,.jpg,960,960,False,0,960
1686,1686.jpg,.jpg,960,960,True,1,960
1687,1687.png,.png,960,960,False,0,960
1688,1688.png,.png,960,960,True,1,960
1689,1689.jpg,.jpg,960,960,False,0,960
1690,1690.jpg,.jpg,960,960,True,3,960
1691,1691.png,.png,960,960,False,0,960
1692,1692.png,.png,960,960,True,4,960
1693,1693.png,.png,960,960,True,2,960
1694,1694.png,.png,960,960,False,0,960
1695,1695.png,.png,640,640,True,1,640
1696,1696.png,.png,960,960,False,0,960
1697,1697.jpg,.jpg,960,960,True,2,960
1698,1698.jpg,.jpg,960,960,False,0,960
1699,1699.jpg,.jpg,960,960,False,0,960
1700,1700.jpg,.jpg,960,960,True,1,960
1701,1701.jpg,.jpg,960,960,True,1,960
1702,1702.png,.png,960,960,True,1,960
1703,1703.png,.png,960,960,True,1,960
1704,1704.jpg,.jpg,960,960,True,2,960
1705,1705.jpg,.jpg,960,960,True,2,960
1706,1706.jpg,.jpg,960,960,True,1,960
1707,1707.jpg,.jpg,960,960,True,1,960
1708,1708.jpg,.jpg,960,960,True,1,960
1709,1709.png,.png,960,960,True,1,960
1710,1710.jpg,.jpg,960,960,True,5,960
1711,1711.png,.png,960,960,True,4,960
1712,1712.png,.png,640,640,True,3,640
1713,1713.jpg,.jpg,960,960,True,1,960
1714,1714.jpg,.jpg,960,960,True,1,960
1715,1715.png,.png,960,960,True,1,960
1716,1716.png,.png,960,960,True,3,960
1717,1717.jpg,.jpg,960,960,True,2,960
1718,1718.png,.png,960,960,True,1,960
1719,1719.jpg,.jpg,960,960,True,12,960
1720,1720.jpg,.jpg,960,960,False,0,960
1721,1721.png,.png,640,640,True,2,640
1722,1722.png,.png,960,960,True,1,960
1723,1723.jpg,.jpg,960,960,False,0,960
1724,1724.jpg,.jpg,960,960,True,2,960
1725,1725.png,.png,960,960,True,1,960
1726,1726.png,.png,960,960,False,0,960
1727,1727.jpg,.jpg,960,960,True,1,960
1728,1728.png,.png,960,960,True,2,960
1729,1729.jpg,.jpg,960,960,True,1,960
1730,1730.png,.png,960,960,False,0,960
1731,1731.png,.png,960,960,True,1,960
1732,1732.png,.png,960,960,True,2,960
1733,1733.png,.png,960,960,True,3,960
1734,1734.jpg,.jpg,960,960,True,5,960
1735,1735.jpg,.jpg,960,960,True,5,960
1736,1736.jpg,.jpg,960,960,True,3,960
1737,1737.jpg,.jpg,960,960,True,1,960
1738,1738.png,.png,640,640,True,1,640
1739,1739.png,.png,960,960,False,0,960
1740,1740.png,.png,960,960,True,2,960
1741,1741.jpg,.jpg,960,960,True,3,960
1742,1742.jpg,.jpg,960,960,True,3,960
1743,1743.jpg,.jpg,960,960,True,1,960
1744,1744.jpg,.jpg,960,960,True,3,960
1745,1745.jpg,.jpg,960,960,True,2,960
1746,1746.png,.png,960,960,True,6,960
1747,1747.png,.png,960,960,False,0,960
1748,1748.jpg,.jpg,960,960,True,4,960
1749,1749.png,.png,960,960,True,3,960
1750,1750.png,.png,960,960,True,7,960
1751,1751.png,.png,640,640,False,0,640
1752,1752.jpg,.jpg,960,960,True,1,960
1753,1753.jpg,.jpg,960,960,True,2,960
1754,1754.png,.png,960,960,True,2,960
1755,1755.png,.png,960,960,True,2,960
1756,1756.png,.png,960,960,False,0,960
1757,1757.jpg,.jpg,960,960,True,3,960
1758,1758.jpg,.jpg,960,960,True,1,960
1759,1759.jpg,.jpg,960,960,True,1,960
1760,1760.jpg,.jpg,960,960,True,5,960
1761,1761.jpg,.jpg,960,960,True,2,960
1762,1762.png,.png,960,960,True,1,960
1763,1763.png,.png,960,960,False,0,960
1764,1764.png,.png,960,960,True,1,960
1765,1765.png,.png,640,640,False,0,640
1766,1766.jpg,.jpg,960,960,True,1,960
1767,1767.png,.png,640,640,False,0,640
1768,1768.jpg,.jpg,960,960,True,2,960
1769,1769.png,.png,640,640,True,3,640
1770,1770.jpg,.jpg,960,960,False,0,960
1771,1771.jpg,.jpg,960,960,True,2,960
1772,1772.png,.png,960,960,True,8,960
1773,1773.png,.png,640,640,False,0,640
1774,1774.jpg,.jpg,960,960,True,1,960
1775,1775.jpg,.jpg,960,960,False,0,960
1776,1776.jpg,.jpg,960,960,False,0,960
1777,1777.png,.png,960,960,True,1,960
1778,1778.jpg,.jpg,960,960,True,1,960
1779,1779.jpg,.jpg,960,960,False,0,960
1780,1780.jpg,.jpg,960,960,True,2,960
1781,1781.jpg,.jpg,960,960,True,1,960
1782,1782.jpg,.jpg,960,960,True,1,960
1783,1783.jpg,.jpg,960,960,True,2,960
1784,1784.png,.png,960,960,True,1,960
1785,1785.png,.png,960,960,True,4,960
1786,1786.png,.png,960,960,True,2,960
1787,1787.jpg,.jpg,960,960,True,3,960
1788,1788.jpg,.jpg,960,960,True,2,960
1789,1789.png,.png,960,960,False,0,960
1790,1790.png,.png,960,960,True,1,960
1791,1791.jpg,.jpg,960,960,True,3,960
1792,1792.jpg,.jpg,960,960,True,1,960
1793,1793.png,.png,960,960,True,1,960
1794,1794.jpg,.jpg,960,960,False,0,960
1795,1795.jpg,.jpg,960,960,True,9,960
1796,1796.jpg,.jpg,960,960,True,4,960
1797,1797.png,.png,960,960,False,0,960
1798,1798.png,.png,960,960,True,2,960
1799,1799.png,.png,960,960,False,0,960
1800,1800.png,.png,640,640,False,0,640
1801,1801.jpg,.jpg,960,960,False,0,960
1802,1802.png,.png,960,960,True,2,960
1803,1803.jpg,.jpg,960,960,True,3,960
1804,1804.jpg,.jpg,960,960,True,1,960
1805,1805.png,.png,640,640,True,1,640
1806,1806.png,.png,960,960,True,5,960
1807,1807.jpg,.jpg,960,960,False,0,960
1808,1808.png,.png,960,960,True,3,960
1809,1809.png,.png,960,960,False,0,960
1810,1810.png,.png,960,960,False,0,960
1811,1811.jpg,.jpg,960,960,False,0,960
1812,1812.jpg,.jpg,960,960,True,2,960
1813,1813.png,.png,960,960,True,1,960
1814,1814.png,.png,640,640,True,1,640
1815,1815.jpg,.jpg,960,960,True,5,960
1816,1816.png,.png,960,960,False,0,960
1817,1817.jpg,.jpg,960,960,True,4,960
1818,1818.png,.png,960,960,True,1,960
1819,1819.jpg,.jpg,960,960,True,1,960
1820,1820.jpg,.jpg,960,960,True,1,960
1821,1821.png,.png,960,960,True,7,960
1822,1822.jpg,.jpg,960,960,False,0,960
1823,1823.jpg,.jpg,960,960,False,0,960
1824,1824.png,.png,960,960,True,3,960
1825,1825.png,.png,640,640,True,2,640
1826,1826.jpg,.jpg,960,960,True,13,960
1827,1827.jpg,.jpg,960,960,False,0,960
1828,1828.png,.png,640,640,False,0,640
1829,1829.jpg,.jpg,960,960,True,8,960
1830,1830.jpg,.jpg,960,960,True,6,960
1831,1831.jpg,.jpg,960,960,True,5,960
1832,1832.jpg,.jpg,960,960,False,0,960
1833,1833.png,.png,960,960,False,0,960
1834,1834.png,.png,960,960,True,1,960
1835,1835.jpg,.jpg,960,960,True,3,960
1836,1836.png,.png,960,960,False,0,960
1837,1837.png,.png,640,640,False,0,640
1838,1838.jpg,.jpg,960,960,False,0,960
1839,1839.png,.png,640,640,False,0,640
1840,1840.png,.png,640,640,False,0,640
1841,1841.jpg,.jpg,960,960,False,0,960
1842,1842.png,.png,640,640,False,0,640
1843,1843.jpg,.jpg,960,960,False,0,960
1844,1844.jpg,.jpg,960,960,True,3,960
1845,1845.jpg,.jpg,960,960,True,3,960
1846,1846.jpg,.jpg,960,960,True,2,960
1847,1847.jpg,.jpg,960,960,True,1,960
1848,1848.png,.png,960,960,True,2,960
1849,1849.png,.png,960,960,True,2,960
1850,1850.png,.png,640,640,False,0,640
1851,1851.png,.png,960,960,True,1,960
1852,1852.jpg,.jpg,960,960,True,2,960
1853,1853.png,.png,960,960,False,0,960
1854,1854.png,.png,640,640,True,2,640
1855,1855.jpg,.jpg,960,960,True,3,960
1856,1856.png,.png,960,960,True,15,960
1857,1857.jpg,.jpg,960,960,True,2,960
1858,1858.png,.png,960,960,True,2,960
1859,1859.jpg,.jpg,960,960,True,1,960
1860,1860.jpg,.jpg,960,960,True,1,960
1861,1861.png,.png,960,960,False,0,960
1862,1862.png,.png,960,960,False,0,960
1863,1863.png,.png,640,640,False,0,640
1864,1864.jpg,.jpg,960,960,False,0,960
1865,1865.jpg,.jpg,960,960,True,1,960
1866,1866.png,.png,960,960,False,0,960
1867,1867.jpg,.jpg,960,960,False,0,960
1868,1868.jpg,.jpg,960,960,True,4,960
1869,1869.jpg,.jpg,960,960,True,2,960
1870,1870.jpg,.jpg,960,960,True,2,960
1871,1871.jpg,.jpg,960,960,True,1,960
1872,1872.jpg,.jpg,960,960,False,0,960
1873,1873.png,.png,960,960,False,0,960
1874,1874.png,.png,640,640,True,4,640
1875,1875.jpg,.jpg,960,960,False,0,960
1876,1876.jpg,.jpg,960,960,True,1,960
1877,1877.jpg,.jpg,960,960,False,0,960
1878,1878.png,.png,640,640,False,0,640
1879,1879.png,.png,960,960,True,2,960
1880,1880.jpg,.jpg,960,960,True,2,960
1881,1881.jpg,.jpg,960,960,True,7,960
1882,1882.png,.png,640,640,True,2,640
1883,1883.jpg,.jpg,960,960,True,1,960
1884,1884.png,.png,640,640,False,0,640
1885,1885.png,.png,960,960,True,1,960
1886,1886.png,.png,960,960,False,0,960
1887,1887.png,.png,960,960,True,4,960
1888,1888.jpg,.jpg,960,960,True,1,960
1889,1889.jpg,.jpg,960,960,False,0,960
1890,1890.jpg,.jpg,960,960,True,3,960
1891,1891.png,.png,960,960,True,2,960
1892,1892.jpg,.jpg,960,960,True,4,960
1893,1893.jpg,.jpg,960,960,True,5,960
1894,1894.jpg,.jpg,960,960,False,0,960
1895,1895.jpg,.jpg,960,960,False,0,960
1896,1896.jpg,.jpg,960,960,True,1,960
1897,1897.png,.png,960,960,True,1,960
1898,1898.png,.png,960,960,False,0,960
1899,1899.jpg,.jpg,960,960,True,2,960
1900,1900.png,.png,960,960,True,3,960
1901,1901.jpg,.jpg,960,960,False,0,960
1902,1902.jpg,.jpg,960,960,True,3,960
1903,1903.png,.png,960,960,False,0,960
1904,1904.png,.png,960,960,False,0,960
1905,1905.jpg,.jpg,960,960,True,2,960
1906,1906.png,.png,960,960,True,2,960
1907,1907.jpg,.jpg,960,960,True,1,960
1908,1908.png,.png,640,640,True,3,640
1909,1909.png,.png,960,960,True,1,960
1910,1910.jpg,.jpg,960,960,True,2,960
1911,1911.png,.png,960,960,True,1,960
1912,1912.png,.png,960,960,True,1,960
1913,1913.jpg,.jpg,960,960,True,3,960
1914,1914.jpg,.jpg,960,960,True,2,960
1915,1915.jpg,.jpg,960,960,True,1,960
1916,1916.jpg,.jpg,960,960,True,1,960
1917,1917.jpg,.jpg,960,960,False,0,960
1918,1918.jpg,.jpg,960,960,True,2,960
1919,1919.jpg,.jpg,960,960,True,2,960
1920,1920.jpg,.jpg,960,960,True,3,960
1921,1921.png,.png,960,960,True,2,960
1922,1922.png,.png,960,960,True,6,960
1923,1923.png,.png,960,960,False,0,960
1924,1924.jpg,.jpg,960,960,True,4,960
1925,1925.png,.png,640,640,True,1,640
1926,1926.jpg,.jpg,960,960,True,3,960
1927,1927.png,.png,640,640,True,2,640
1928,1928.png,.png,960,960,True,3,960
1929,1929.png,.png,960,960,True,1,960
1930,1930.jpg,.jpg,960,960,True,1,960
1931,1931.jpg,.jpg,960,960,True,3,960
1932,1932.png,.png,960,960,True,2,960
1933,1933.jpg,.jpg,960,960,True,2,960
1934,1934.jpg,.jpg,960,960,True,1,960
1935,1935.png,.png,960,960,True,7,960
1936,1936.jpg,.jpg,960,960,True,1,960
1937,1937.jpg,.jpg,960,960,False,0,960
1938,1938.jpg,.jpg,960,960,True,3,960
1939,1939.jpg,.jpg,960,960,True,3,960
1940,1940.jpg,.jpg,960,960,True,2,960
1941,1941.png,.png,960,960,False,0,960
1942,1942.png,.png,960,960,True,2,960
1943,1943.png,.png,960,960,True,1,960
1944,1944.png,.png,960,960,True,2,960
1945,1945.jpg,.jpg,960,960,True,4,960
1946,1946.png,.png,960,960,False,0,960
1947,1947.jpg,.jpg,960,960,True,1,960
1948,1948.jpg,.jpg,960,960,True,6,960
1949,1949.png,.png,960,960,False,0,960
1950,1950.jpg,.jpg,960,960,True,18,960
1951,1951.jpg,.jpg,960,960,True,1,960
1952,1952.png,.png,960,960,True,4,960
1953,1953.png,.png,640,640,False,0,640
1954,1954.png,.png,960,960,True,4,960
1955,1955.png,.png,960,960,True,4,960
1956,1956.png,.png,640,640,True,1,640
1957,1957.jpg,.jpg,960,960,True,5,960
1958,1958.jpg,.jpg,960,960,True,3,960
1959,1959.png,.png,960,960,True,3,960
1960,1960.png,.png,960,960,False,0,960
1961,1961.jpg,.jpg,960,960,True,1,960
1962,1962.jpg,.jpg,960,960,True,8,960
1963,1963.png,.png,960,960,True,3,960
1964,1964.png,.png,960,960,True,3,960
1965,1965.png,.png,960,960,False,0,960
1966,1966.png,.png,960,960,False,0,960
1967,1967.png,.png,640,640,True,3,640
1968,1968.png,.png,960,960,False,0,960
1969,1969.png,.png,960,960,True,1,960
1970,1970.jpg,.jpg,960,960,False,0,960
1971,1971.jpg,.jpg,960,960,True,5,960
1972,1972.jpg,.jpg,960,960,False,0,960
1973,1973.jpg,.jpg,960,960,True,3,960
1974,1974.png,.png,960,960,True,2,960
1975,1975.jpg,.jpg,960,960,False,0,960
1976,1976.jpg,.jpg,960,960,False,0,960
1977,1977.png,.png,960,960,True,1,960
1978,1978.png,.png,960,960,True,2,960
1979,1979.jpg,.jpg,960,960,True,4,960
1980,1980.jpg,.jpg,960,960,True,6,960
1981,1981.png,.png,640,640,False,0,640
1982,1982.png,.png,960,960,True,2,960
1983,1983.png,.png,640,640,True,2,640
1984,1984.jpg,.jpg,960,960,True,2,960
1985,1985.png,.png,640,640,True,3,640
1986,1986.jpg,.jpg,960,960,True,2,960
1987,1987.png,.png,640,640,True,1,640
1988,1988.jpg,.jpg,960,960,False,0,960
1989,1989.png,.png,960,960,False,0,960
1990,1990.png,.png,960,960,True,6,960
1991,1991.png,.png,640,640,True,2,640
1992,1992.jpg,.jpg,960,960,True,4,960
1993,1993.png,.png,960,960,True,2,960
1994,1994.png,.png,960,960,True,2,960
1995,1995.jpg,.jpg,960,960,True,3,960
1996,1996.png,.png,640,640,False,0,640
1997,1997.jpg,.jpg,960,960,False,0,960
1998,1998.png,.png,960,960,True,6,960
1999,1999.jpg,.jpg,960,960,True,2,960
2000,2000.jpg,.jpg,960,960,False,0,960
2001,2001.png,.png,960,960,False,0,960
2002,2002.jpg,.jpg,960,960,True,2,960
2003,2003.jpg,.jpg,960,960,True,1,960
2004,2004.jpg,.jpg,960,960,True,1,960
2005,2005.jpg,.jpg,960,960,True,1,960
2006,2006.png,.png,960,960,True,1,960
2007,2007.jpg,.jpg,960,960,True,6,960
2008,2008.png,.png,960,960,True,6,960
2009,2009.png,.png,960,960,False,0,960
2010,2010.png,.png,960,960,False,0,960
2011,2011.jpg,.jpg,960,960,True,1,960
2012,2012.png,.png,960,960,True,1,960
2013,2013.png,.png,960,960,True,1,960
2014,2014.jpg,.jpg,960,960,True,2,960
2015,2015.png,.png,640,640,True,1,640
2016,2016.jpg,.jpg,960,960,False,0,960
2017,2017.png,.png,960,960,True,1,960
2018,2018.jpg,.jpg,960,960,True,1,960
2019,2019.png,.png,640,640,True,1,640
2020,2020.png,.png,960,960,True,1,960
2021,2021.jpg,.jpg,960,960,True,1,960
2022,2022.jpg,.jpg,960,960,True,3,960
2023,2023.jpg,.jpg,960,960,True,4,960
2024,2024.jpg,.jpg,960,960,False,0,960
2025,2025.jpg,.jpg,960,960,False,0,960
2026,2026.jpg,.jpg,960,960,False,0,960
2027,2027.jpg,.jpg,960,960,False,0,960
2028,2028.jpg,.jpg,960,960,False,0,960
2029,2029.jpg,.jpg,960,960,True,3,960
2030,2030.png,.png,640,640,False,0,640
2031,2031.jpg,.jpg,960,960,True,3,960
2032,2032.png,.png,640,640,False,0,640
2033,2033.png,.png,960,960,True,2,960
2034,2034.png,.png,960,960,False,0,960
2035,2035.jpg,.jpg,960,960,False,0,960
2036,2036.jpg,.jpg,960,960,False,0,960
2037,2037.jpg,.jpg,960,960,True,3,960
2038,2038.jpg,.jpg,960,960,True,1,960
2039,2039.png,.png,960,960,True,2,960
2040,2040.png,.png,960,960,False,0,960
2041,2041.png,.png,960,960,True,1,960
2042,2042.jpg,.jpg,960,960,False,0,960
2043,2043.jpg,.jpg,960,960,True,1,960
2044,2044.png,.png,960,960,True,1,960
2045,2045.jpg,.jpg,960,960,False,0,960
2046,2046.png,.png,960,960,True,1,960
2047,2047.jpg,.jpg,960,960,True,1,960
2048,2048.png,.png,640,640,True,1,640
2049,2049.png,.png,960,960,False,0,960
2050,2050.png,.png,960,960,False,0,960
2051,2051.jpg,.jpg,960,960,False,0,960
2052,2052.jpg,.jpg,960,960,True,7,960
2053,2053.png,.png,960,960,False,0,960
2054,2054.jpg,.jpg,960,960,True,1,960
2055,2055.jpg,.jpg,960,960,False,0,960
2056,2056.jpg,.jpg,960,960,False,0,960
2057,2057.png,.png,960,960,False,0,960
2058,2058.png,.png,960,960,False,0,960
2059,2059.jpg,.jpg,960,960,True,2,960
2060,2060.jpg,.jpg,960,960,False,0,960
2061,2061.png,.png,640,640,False,0,640
2062,2062.jpg,.jpg,960,960,True,2,960
2063,2063.jpg,.jpg,960,960,True,3,960
2064,2064.png,.png,640,640,True,1,640
2065,2065.png,.png,640,640,False,0,640
2066,2066.jpg,.jpg,960,960,True,4,960
2067,2067.png,.png,960,960,True,2,960
2068,2068.png,.png,960,960,True,3,960
2069,2069.jpg,.jpg,960,960,False,0,960
2070,2070.png,.png,960,960,False,0,960
2071,2071.png,.png,640,640,True,1,640
2072,2072.png,.png,960,960,True,1,960
2073,2073.jpg,.jpg,960,960,False,0,960
2074,2074.jpg,.jpg,960,960,False,0,960
2075,2075.jpg,.jpg,960,960,False,0,960
2076,2076.png,.png,960,960,False,0,960
2077,2077.png,.png,640,640,False,0,640
2078,2078.jpg,.jpg,960,960,True,2,960
2079,2079.jpg,.jpg,960,960,True,2,960
2080,2080.jpg,.jpg,960,960,True,1,960
2081,2081.jpg,.jpg,960,960,False,0,960
2082,2082.jpg,.jpg,960,960,True,5,960
2083,2083.png,.png,960,960,True,1,960
2084,2084.jpg,.jpg,960,960,False,0,960
2085,2085.png,.png,960,960,False,0,960
2086,2086.jpg,.jpg,960,960,True,1,960
2087,2087.jpg,.jpg,960,960,True,2,960
2088,2088.jpg,.jpg,960,960,False,0,960
2089,2089.png,.png,960,960,False,0,960
2090,2090.jpg,.jpg,960,960,True,2,960
2091,2091.jpg,.jpg,960,960,True,2,960
2092,2092.png,.png,640,640,False,0,640
2093,2093.png,.png,960,960,True,1,960
2094,2094.jpg,.jpg,960,960,False,0,960
2095,2095.jpg,.jpg,960,960,False,0,960
2096,2096.jpg,.jpg,960,960,True,2,960
2097,2097.png,.png,640,640,False,0,640
2098,2098.png,.png,960,960,False,0,960
2099,2099.jpg,.jpg,960,960,False,0,960
2100,2100.png,.png,640,640,False,0,640
2101,2101.png,.png,960,960,False,0,960
2102,2102.jpg,.jpg,960,960,False,0,960
2103,2103.png,.png,960,960,True,2,960
2104,2104.png,.png,640,640,True,3,640
2105,2105.jpg,.jpg,960,960,True,2,960
2106,2106.jpg,.jpg,960,960,True,1,960
2107,2107.jpg,.jpg,960,960,True,1,960
2108,2108.png,.png,960,960,True,1,960
2109,2109.png,.png,960,960,True,1,960
2110,2110.png,.png,960,960,False,0,960
2111,2111.png,.png,640,640,False,0,640
2112,2112.png,.png,960,960,True,2,960
2113,2113.png,.png,960,960,False,0,960
2114,2114.jpg,.jpg,960,960,True,1,960
2115,2115.jpg,.jpg,960,960,True,1,960
2116,2116.jpg,.jpg,960,960,False,0,960
2117,2117.jpg,.jpg,960,960,True,1,960
2118,2118.jpg,.jpg,960,960,True,1,960
2119,2119.png,.png,960,960,False,0,960
2120,2120.jpg,.jpg,960,960,False,0,960
2121,2121.png,.png,960,960,False,0,960
2122,2122.jpg,.jpg,960,960,True,1,960
2123,2123.png,.png,960,960,True,1,960
2124,2124.png,.png,640,640,True,2,640
2125,2125.png,.png,960,960,True,1,960
2126,2126.png,.png,960,960,True,1,960
2127,2127.jpg,.jpg,960,960,False,0,960
2128,2128.jpg,.jpg,960,960,True,1,960
2129,2129.png,.png,960,960,False,0,960
2130,2130.png,.png,960,960,False,0,960
2131,2131.jpg,.jpg,960,960,True,2,960
2132,2132.jpg,.jpg,960,960,False,0,960
2133,2133.png,.png,960,960,False,0,960
2134,2134.png,.png,960,960,False,0,960
2135,2135.jpg,.jpg,960,960,False,0,960
2136,2136.png,.png,640,640,False,0,640
2137,2137.jpg,.jpg,960,960,True,1,960
2138,2138.png,.png,640,640,False,0,640
2139,2139.png,.png,960,960,True,2,960
2140,2140.jpg,.jpg,960,960,False,0,960
2141,2141.png,.png,960,960,True,1,960
2142,2142.jpg,.jpg,960,960,True,2,960
2143,2143.png,.png,640,640,False,0,640
2144,2144.png,.png,960,960,False,0,960
2145,2145.jpg,.jpg,960,960,False,0,960
2146,2146.jpg,.jpg,960,960,True,1,960
2147,2147.jpg,.jpg,960,960,False,0,960
2148,2148.jpg,.jpg,960,960,False,0,960
2149,2149.jpg,.jpg,960,960,True,1,960
2150,2150.png,.png,640,640,False,0,640
2151,2151.jpg,.jpg,960,960,True,1,960
2152,2152.png,.png,960,960,True,4,960
2153,2153.jpg,.jpg,960,960,False,0,960
2154,2154.png,.png,960,960,True,1,960
2155,2155.png,.png,960,960,False,0,960
2156,2156.jpg,.jpg,960,960,False,0,960
2157,2157.png,.png,640,640,True,3,640
2158,2158.png,.png,960,960,False,0,960
2159,2159.png,.png,960,960,True,1,960
2160,2160.jpg,.jpg,960,960,True,7,960
2161,2161.jpg,.jpg,960,960,True,2,960
2162,2162.png,.png,960,960,True,1,960
2163,2163.png,.png,960,960,False,0,960
2164,2164.png,.png,640,640,False,0,640
2165,2165.png,.png,960,960,False,0,960
2166,2166.jpg,.jpg,960,960,True,1,960
2167,2167.png,.png,960,960,False,0,960
2168,2168.png,.png,640,640,True,1,640
2169,2169.jpg,.jpg,960,960,False,0,960
2170,2170.jpg,.jpg,960,960,False,0,960
2171,2171.png,.png,960,960,False,0,960
2172,2172.jpg,.jpg,960,960,True,3,960
2173,2173.png,.png,960,960,True,1,960
2174,2174.png,.png,960,960,False,0,960
2175,2175.png,.png,960,960,True,1,960
2176,2176.jpg,.jpg,960,960,False,0,960
2177,2177.png,.png,640,640,True,1,640
2178,2178.jpg,.jpg,960,960,False,0,960
2179,2179.jpg,.jpg,960,960,False,0,960
2180,2180.png,.png,960,960,True,3,960
2181,2181.jpg,.jpg,960,960,True,5,960
2182,2182.jpg,.jpg,960,960,True,4,960
2183,2183.jpg,.jpg,960,960,True,8,960
2184,2184.jpg,.jpg,960,960,False,0,960
2185,2185.jpg,.jpg,960,960,True,3,960
2186,2186.jpg,.jpg,960,960,False,0,960
2187,2187.jpg,.jpg,960,960,True,4,960
2188,2188.png,.png,960,960,False,0,960
2189,2189.jpg,.jpg,960,960,False,0,960
2190,2190.png,.png,960,960,True,7,960
2191,2191.png,.png,640,640,False,0,640
2192,2192.png,.png,960,960,True,2,960
2193,2193.png,.png,640,640,False,0,640
2194,2194.png,.png,960,960,True,2,960
2195,2195.png,.png,960,960,True,1,960
2196,2196.png,.png,960,960,False,0,960
2197,2197.png,.png,960,960,False,0,960
2198,2198.png,.png,640,640,False,0,640
2199,2199.png,.png,960,960,True,1,960
2200,2200.jpg,.jpg,960,960,True,1,960
2201,2201.png,.png,960,960,True,1,960
2202,2202.png,.png,640,640,True,5,640
2203,2203.jpg,.jpg,960,960,True,6,960
2204,2204.jpg,.jpg,960,960,True,2,960
2205,2205.png,.png,960,960,True,5,960
2206,2206.jpg,.jpg,960,960,False,0,960
2207,2207.jpg,.jpg,960,960,True,4,960
2208,2208.jpg,.jpg,960,960,True,1,960
2209,2209.jpg,.jpg,960,960,True,1,960
2210,2210.png,.png,960,960,True,4,960
2211,2211.jpg,.jpg,960,960,True,4,960
2212,2212.png,.png,960,960,True,3,960
2213,2213.png,.png,960,960,True,4,960
2214,2214.jpg,.jpg,960,960,True,7,960
2215,2215.jpg,.jpg,960,960,True,3,960
2216,2216.png,.png,640,640,True,3,640
2217,2217.jpg,.jpg,960,960,True,2,960
2218,2218.png,.png,960,960,True,5,960
2219,2219.jpg,.jpg,960,960,True,2,960
2220,2220.png,.png,640,640,True,4,640
2221,2221.jpg,.jpg,960,960,True,5,960
2222,2222.jpg,.jpg,960,960,True,7,960
2223,2223.png,.png,640,640,True,3,640
2224,2224.png,.png,960,960,True,6,960
2225,2225.jpg,.jpg,960,960,True,7,960
2226,2226.png,.png,960,960,True,5,960
2227,2227.jpg,.jpg,960,960,True,5,960
2228,2228.png,.png,960,960,False,0,960
2229,2229.png,.png,960,960,True,4,960
2230,2230.jpg,.jpg,960,960,True,2,960
2231,2231.png,.png,960,960,True,4,960
2232,2232.png,.png,960,960,True,4,960
2233,2233.png,.png,960,960,True,2,960
2234,2234.png,.png,640,640,True,2,640
2235,2235.png,.png,640,640,True,1,640
2236,2236.jpg,.jpg,960,960,True,2,960
2237,2237.jpg,.jpg,960,960,True,5,960
2238,2238.png,.png,960,960,True,4,960
2239,2239.png,.png,960,960,True,5,960
2240,2240.png,.png,960,960,True,7,960
2241,2241.jpg,.jpg,960,960,True,4,960
2242,2242.png,.png,640,640,True,2,640
2243,2243.jpg,.jpg,960,960,True,3,960
2244,2244.jpg,.jpg,960,960,True,12,960
2245,2245.png,.png,960,960,True,3,960
2246,2246.png,.png,960,960,True,4,960
2247,2247.png,.png,640,640,False,0,640
2248,2248.jpg,.jpg,960,960,True,4,960
2249,2249.png,.png,960,960,True,7,960
2250,2250.jpg,.jpg,960,960,True,4,960
2251,2251.jpg,.jpg,960,960,True,1,960
2252,2252.png,.png,640,640,True,5,640
2253,2253.jpg,.jpg,960,960,True,5,960
2254,2254.jpg,.jpg,960,960,True,2,960
2255,2255.jpg,.jpg,960,960,True,3,960
2256,2256.jpg,.jpg,960,960,True,3,960
2257,2257.jpg,.jpg,960,960,True,2,960
2258,2258.jpg,.jpg,960,960,True,1,960
2259,2259.jpg,.jpg,960,960,True,1,960
2260,2260.jpg,.jpg,960,960,True,2,960
2261,2261.png,.png,960,960,True,5,960
2262,2262.png,.png,960,960,True,7,960
2263,2263.png,.png,960,960,False,0,960
2264,2264.png,.png,640,640,True,2,640
2265,2265.jpg,.jpg,960,960,True,1,960
2266,2266.png,.png,960,960,True,4,960
2267,2267.png,.png,640,640,True,1,640
2268,2268.png,.png,960,960,True,2,960
2269,2269.jpg,.jpg,960,960,True,3,960
2270,2270.jpg,.jpg,960,960,True,1,960
2271,2271.png,.png,960,960,True,11,960
2272,2272.png,.png,960,960,True,4,960
2273,2273.jpg,.jpg,960,960,True,3,960
2274,2274.png,.png,960,960,True,3,960
2275,2275.jpg,.jpg,960,960,True,1,960
2276,2276.png,.png,640,640,True,4,640
2277,2277.png,.png,960,960,True,2,960
2278,2278.png,.png,960,960,True,4,960
2279,2279.png,.png,960,960,False,0,960
2280,2280.png,.png,640,640,True,1,640
2281,2281.jpg,.jpg,960,960,True,19,960
2282,2282.jpg,.jpg,960,960,True,1,960
2283,2283.png,.png,960,960,True,1,960
2284,2284.jpg,.jpg,960,960,True,1,960
2285,2285.jpg,.jpg,960,960,True,5,960
2286,2286.jpg,.jpg,960,960,True,7,960
2287,2287.png,.png,960,960,True,1,960
2288,2288.png,.png,960,960,True,2,960
2289,2289.jpg,.jpg,960,960,True,1,960
2290,2290.png,.png,640,640,True,3,640
2291,2291.png,.png,960,960,True,2,960
2292,2292.jpg,.jpg,960,960,True,2,960
2293,2293.jpg,.jpg,960,960,True,4,960
2294,2294.png,.png,960,960,True,4,960
2295,2295.png,.png,960,960,True,1,960
2296,2296.png,.png,960,960,True,2,960
2297,2297.png,.png,960,960,True,2,960
2298,2298.png,.png,960,960,True,1,960
2299,2299.jpg,.jpg,960,960,True,3,960
2300,2300.jpg,.jpg,960,960,True,3,960
2301,2301.png,.png,640,640,True,5,640
2302,2302.png,.png,960,960,True,7,960
2303,2303.png,.png,960,960,True,16,960
2304,2304.png,.png,960,960,True,3,960
2305,2305.png,.png,960,960,True,5,960
2306,2306.jpg,.jpg,960,960,True,3,960
2307,2307.jpg,.jpg,960,960,True,2,960
2308,2308.jpg,.jpg,960,960,True,1,960
2309,2309.png,.png,960,960,True,13,960
2310,2310.jpg,.jpg,960,960,True,3,960
2311,2311.png,.png,960,960,True,1,960
2312,2312.png,.png,960,960,True,4,960
2313,2313.png,.png,960,960,True,12,960
2314,2314.jpg,.jpg,960,960,True,2,960
2315,2315.jpg,.jpg,960,960,True,1,960
2316,2316.jpg,.jpg,960,960,True,9,960
2317,2317.jpg,.jpg,960,960,True,3,960
2318,2318.jpg,.jpg,960,960,True,6,960
2319,2319.jpg,.jpg,960,960,True,3,960
2320,2320.jpg,.jpg,960,960,True,2,960
2321,2321.jpg,.jpg,960,960,True,11,960
2322,2322.jpg,.jpg,960,960,True,9,960
2323,2323.png,.png,960,960,False,0,960
2324,2324.jpg,.jpg,960,960,True,2,960
2325,2325.jpg,.jpg,960,960,True,3,960
2326,2326.png,.png,960,960,True,2,960
2327,2327.png,.png,960,960,True,3,960
2328,2328.jpg,.jpg,960,960,True,1,960
2329,2329.png,.png,640,640,False,0,640
2330,2330.jpg,.jpg,960,960,True,6,960
2331,2331.png,.png,960,960,True,6,960
2332,2332.png,.png,640,640,True,1,640
2333,2333.jpg,.jpg,960,960,True,1,960
2334,2334.jpg,.jpg,960,960,True,3,960
2335,2335.png,.png,640,640,True,1,640
2336,2336.jpg,.jpg,960,960,True,3,960
2337,2337.png,.png,960,960,True,4,960
2338,2338.jpg,.jpg,960,960,True,1,960
2339,2339.jpg,.jpg,960,960,True,1,960
2340,2340.png,.png,960,960,True,9,960
2341,2341.jpg,.jpg,960,960,True,11,960
2342,2342.jpg,.jpg,960,960,True,5,960
2343,2343.jpg,.jpg,960,960,True,3,960
2344,2344.jpg,.jpg,960,960,True,2,960
2345,2345.png,.png,640,640,False,0,640
2346,2346.png,.png,960,960,True,8,960
2347,2347.jpg,.jpg,960,960,True,4,960
2348,2348.png,.png,960,960,True,4,960
2349,2349.jpg,.jpg,960,960,True,7,960
2350,2350.jpg,.jpg,960,960,True,2,960
2351,2351.jpg,.jpg,960,960,True,4,960
2352,2352.png,.png,960,960,True,1,960
2353,2353.jpg,.jpg,960,960,True,1,960
2354,2354.jpg,.jpg,960,960,True,2,960
2355,2355.png,.png,960,960,True,6,960
2356,2356.jpg,.jpg,960,960,True,3,960
2357,2357.png,.png,640,640,False,0,640
2358,2358.png,.png,960,960,True,4,960
2359,2359.png,.png,640,640,True,1,640
2360,2360.jpg,.jpg,960,960,True,3,960
2361,2361.jpg,.jpg,960,960,False,0,960
2362,2362.png,.png,960,960,True,2,960
2363,2363.png,.png,960,960,True,6,960
2364,2364.png,.png,960,960,True,1,960
2365,2365.jpg,.jpg,960,960,True,2,960
2366,2366.jpg,.jpg,960,960,True,3,960
2367,2367.jpg,.jpg,960,960,True,3,960
2368,2368.png,.png,640,640,True,1,640
2369,2369.jpg,.jpg,960,960,True,11,960
2370,2370.png,.png,640,640,True,4,640
2371,2371.png,.png,960,960,False,0,960
2372,2372.png,.png,640,640,True,1,640
2373,2373.jpg,.jpg,960,960,True,3,960
2374,2374.jpg,.jpg,960,960,True,1,960
2375,2375.jpg,.jpg,960,960,True,4,960
2376,2376.png,.png,960,960,True,2,960
2377,2377.png,.png,960,960,True,2,960
2378,2378.jpg,.jpg,960,960,True,1,960
2379,2379.jpg,.jpg,960,960,True,2,960
2380,2380.jpg,.jpg,960,960,True,1,960
2381,2381.png,.png,960,960,True,6,960
2382,2382.png,.png,960,960,True,4,960
2383,2383.jpg,.jpg,960,960,True,7,960
2384,2384.jpg,.jpg,960,960,True,4,960
2385,2385.jpg,.jpg,960,960,True,1,960
2386,2386.png,.png,960,960,True,4,960
2387,2387.png,.png,960,960,False,0,960
2388,2388.jpg,.jpg,960,960,True,1,960
2389,2389.jpg,.jpg,960,960,True,1,960
2390,2390.png,.png,960,960,True,5,960
2391,2391.jpg,.jpg,960,960,True,2,960
2392,2392.jpg,.jpg,960,960,True,2,960
2393,2393.jpg,.jpg,960,960,True,1,960
2394,2394.jpg,.jpg,960,960,True,2,960
2395,2395.png,.png,960,960,True,7,960
2396,2396.jpg,.jpg,960,960,True,2,960
2397,2397.jpg,.jpg,960,960,True,7,960
2398,2398.png,.png,960,960,True,6,960
2399,2399.png,.png,640,640,False,0,640
2400,2400.png,.png,960,960,True,3,960
2401,2401.jpg,.jpg,960,960,True,7,960
2402,2402.jpg,.jpg,960,960,True,3,960
2403,2403.jpg,.jpg,960,960,True,3,960
2404,2404.jpg,.jpg,960,960,True,1,960
2405,2405.png,.png,960,960,True,4,960
2406,2406.png,.png,960,960,True,1,960
2407,2407.png,.png,960,960,True,1,960
2408,2408.png,.png,960,960,True,1,960
2409,2409.jpg,.jpg,960,960,True,4,960
2410,2410.jpg,.jpg,960,960,True,5,960
2411,2411.png,.png,960,960,True,1,960
2412,2412.png,.png,960,960,True,6,960
2413,2413.jpg,.jpg,960,960,True,2,960
2414,2414.png,.png,960,960,True,3,960
2415,2415.png,.png,960,960,True,4,960
2416,2416.jpg,.jpg,960,960,True,1,960
2417,2417.jpg,.jpg,960,960,True,2,960
2418,2418.jpg,.jpg,960,960,True,6,960
2419,2419.png,.png,960,960,True,2,960
2420,2420.png,.png,960,960,True,1,960
2421,2421.jpg,.jpg,960,960,True,1,960
2422,2422.png,.png,640,640,True,5,640
2423,2423.jpg,.jpg,960,960,True,2,960
2424,2424.jpg,.jpg,960,960,True,2,960
2425,2425.png,.png,960,960,True,1,960
2426,2426.png,.png,960,960,True,5,960
2427,2427.jpg,.jpg,960,960,True,2,960
2428,2428.jpg,.jpg,960,960,True,3,960
2429,2429.jpg,.jpg,960,960,True,2,960
2430,2430.jpg,.jpg,960,960,True,2,960
2431,2431.jpg,.jpg,960,960,True,8,960
2432,2432.jpg,.jpg,960,960,True,3,960
2433,2433.png,.png,960,960,True,6,960
2434,2434.jpg,.jpg,960,960,True,8,960
2435,2435.jpg,.jpg,960,960,True,4,960
2436,2436.jpg,.jpg,960,960,True,1,960
2437,2437.jpg,.jpg,960,960,True,3,960
2438,2438.png,.png,960,960,True,4,960
2439,2439.jpg,.jpg,960,960,True,7,960
2440,2440.jpg,.jpg,960,960,True,3,960
2441,2441.png,.png,960,960,True,1,960
2442,2442.jpg,.jpg,960,960,True,3,960
2443,2443.jpg,.jpg,960,960,True,1,960
2444,2444.png,.png,960,960,True,3,960
2445,2445.jpg,.jpg,960,960,True,2,960
2446,2446.png,.png,960,960,True,3,960
2447,2447.png,.png,960,960,True,1,960
2448,2448.jpg,.jpg,960,960,True,4,960
2449,2449.png,.png,640,640,True,1,640
2450,2450.png,.png,960,960,True,1,960
2451,2451.png,.png,640,640,True,1,640
2452,2452.png,.png,960,960,True,2,960
2453,2453.png,.png,640,640,True,3,640
2454,2454.png,.png,640,640,True,1,640
2455,2455.jpg,.jpg,960,960,True,1,960
2456,2456.png,.png,640,640,True,1,640
2457,2457.png,.png,960,960,False,0,960
2458,2458.png,.png,960,960,False,0,960
2459,2459.png,.png,960,960,True,1,960
2460,2460.png,.png,640,640,True,3,640
2461,2461.png,.png,960,960,True,1,960
2462,2462.jpg,.jpg,960,960,True,2,960
2463,2463.jpg,.jpg,960,960,True,1,960
2464,2464.png,.png,640,640,True,1,640
2465,2465.jpg,.jpg,960,960,True,2,960
2466,2466.png,.png,960,960,True,1,960
2467,2467.jpg,.jpg,960,960,True,2,960
2468,2468.jpg,.jpg,960,960,True,2,960
2469,2469.jpg,.jpg,960,960,True,6,960
2470,2470.png,.png,960,960,True,2,960
2471,2471.png,.png,960,960,True,1,960
2472,2472.jpg,.jpg,960,960,True,3,960
2473,2473.jpg,.jpg,960,960,True,6,960
2474,2474.png,.png,960,960,True,2,960
2475,2475.png,.png,960,960,True,2,960
2476,2476.jpg,.jpg,960,960,True,2,960
2477,2477.jpg,.jpg,960,960,True,6,960
2478,2478.jpg,.jpg,960,960,True,1,960
2479,2479.png,.png,960,960,True,3,960
2480,2480.jpg,.jpg,960,960,True,2,960
2481,2481.png,.png,640,640,True,1,640
2482,2482.png,.png,960,960,True,4,960
2483,2483.jpg,.jpg,960,960,True,4,960
2484,2484.jpg,.jpg,960,960,True,3,960
2485,2485.jpg,.jpg,960,960,True,5,960
2486,2486.jpg,.jpg,960,960,True,4,960
2487,2487.jpg,.jpg,960,960,True,1,960
2488,2488.jpg,.jpg,960,960,True,1,960
2489,2489.jpg,.jpg,960,960,True,3,960
2490,2490.png,.png,960,960,True,1,960
2491,2491.jpg,.jpg,960,960,True,1,960
2492,2492.jpg,.jpg,960,960,True,5,960
2493,2493.jpg,.jpg,960,960,True,3,960
2494,2494.jpg,.jpg,960,960,True,2,960
2495,2495.png,.png,960,960,True,6,960
2496,2496.jpg,.jpg,960,960,True,1,960
2497,2497.png,.png,960,960,True,1,960
2498,2498.png,.png,640,640,True,3,640
2499,2499.jpg,.jpg,960,960,True,4,960
2500,2500.jpg,.jpg,960,960,True,1,960
2501,2501.jpg,.jpg,960,960,True,2,960
2502,2502.jpg,.jpg,960,960,True,9,960
2503,2503.png,.png,960,960,True,1,960
2504,2504.png,.png,640,640,True,3,640
2505,2505.png,.png,960,960,True,1,960
2506,2506.jpg,.jpg,960,960,True,4,960
2507,2507.jpg,.jpg,960,960,True,5,960
2508,2508.jpg,.jpg,960,960,True,1,960
2509,2509.png,.png,640,640,True,6,640
2510,2510.png,.png,640,640,True,1,640
2511,2511.png,.png,960,960,True,1,960
2512,2512.png,.png,960,960,True,8,960
2513,2513.jpg,.jpg,960,960,True,3,960
2514,2514.jpg,.jpg,960,960,True,4,960
2515,2515.jpg,.jpg,960,960,True,5,960
2516,2516.jpg,.jpg,960,960,True,3,960
2517,2517.jpg,.jpg,960,960,True,4,960
2518,2518.png,.png,960,960,True,1,960
2519,2519.png,.png,960,960,True,4,960
2520,2520.png,.png,960,960,True,2,960
2521,2521.jpg,.jpg,960,960,True,9,960
2522,2522.jpg,.jpg,960,960,True,2,960
2523,2523.png,.png,640,640,True,2,640
2524,2524.png,.png,640,640,True,1,640
2525,2525.png,.png,960,960,True,2,960
2526,2526.jpg,.jpg,960,960,True,2,960
2527,2527.jpg,.jpg,960,960,True,1,960
2528,2528.png,.png,960,960,True,1,960
2529,2529.png,.png,960,960,True,2,960
2530,2530.png,.png,640,640,True,1,640
2531,2531.png,.png,960,960,True,4,960
2532,2532.png,.png,960,960,True,2,960
2533,2533.jpg,.jpg,960,960,True,3,960
2534,2534.png,.png,960,960,True,6,960
2535,2535.png,.png,960,960,True,1,960
2536,2536.jpg,.jpg,960,960,True,1,960
2537,2537.png,.png,960,960,True,1,960
2538,2538.png,.png,960,960,True,3,960
2539,2539.png,.png,960,960,True,3,960
2540,2540.jpg,.jpg,960,960,True,6,960
2541,2541.jpg,.jpg,960,960,True,1,960
2542,2542.jpg,.jpg,960,960,True,2,960
2543,2543.jpg,.jpg,960,960,True,1,960
2544,2544.jpg,.jpg,960,960,True,1,960
2545,2545.png,.png,640,640,True,1,640
2546,2546.png,.png,960,960,True,2,960
2547,2547.jpg,.jpg,960,960,True,4,960
2548,2548.jpg,.jpg,960,960,True,4,960
2549,2549.jpg,.jpg,960,960,True,3,960
2550,2550.jpg,.jpg,960,960,True,3,960
2551,2551.png,.png,960,960,True,9,960
2552,2552.png,.png,960,960,True,2,960
2553,2553.png,.png,640,640,True,3,640
2554,2554.jpg,.jpg,960,960,True,2,960
2555,2555.jpg,.jpg,960,960,True,2,960
2556,2556.jpg,.jpg,960,960,True,1,960
2557,2557.png,.png,960,960,True,3,960
2558,2558.jpg,.jpg,960,960,True,4,960
2559,2559.jpg,.jpg,960,960,True,3,960
2560,2560.png,.png,960,960,True,1,960
2561,2561.jpg,.jpg,960,960,True,1,960
2562,2562.png,.png,960,960,True,2,960
2563,2563.jpg,.jpg,960,960,True,1,960
2564,2564.png,.png,960,960,True,3,960
2565,2565.jpg,.jpg,960,960,True,4,960
2566,2566.jpg,.jpg,960,960,True,7,960
2567,2567.png,.png,960,960,True,8,960
2568,2568.png,.png,640,640,True,1,640
2569,2569.png,.png,960,960,True,1,960
2570,2570.jpg,.jpg,960,960,True,1,960
2571,2571.png,.png,960,960,True,2,960
2572,2572.png,.png,960,960,True,4,960
2573,2573.jpg,.jpg,960,960,True,2,960
2574,2574.png,.png,640,640,True,8,640
2575,2575.png,.png,960,960,True,2,960
2576,2576.png,.png,960,960,True,1,960
2577,2577.png,.png,640,640,False,0,640
2578,2578.jpg,.jpg,960,960,True,2,960
2579,2579.png,.png,960,960,True,2,960
2580,2580.jpg,.jpg,960,960,True,5,960
2581,2581.png,.png,960,960,True,1,960
2582,2582.png,.png,960,960,True,2,960
2583,2583.png,.png,960,960,True,3,960
2584,2584.jpg,.jpg,960,960,True,1,960
2585,2585.jpg,.jpg,960,960,True,1,960
2586,2586.jpg,.jpg,960,960,True,3,960
2587,2587.jpg,.jpg,960,960,True,2,960
2588,2588.jpg,.jpg,960,960,True,2,960
2589,2589.png,.png,960,960,True,1,960
2590,2590.jpg,.jpg,960,960,True,3,960
2591,2591.jpg,.jpg,960,960,True,2,960
2592,2592.jpg,.jpg,960,960,True,2,960
2593,2593.png,.png,960,960,True,1,960
2594,2594.jpg,.jpg,960,960,True,2,960
2595,2595.jpg,.jpg,960,960,True,1,960
2596,2596.png,.png,640,640,True,5,640
2597,2597.png,.png,960,960,True,2,960
2598,2598.jpg,.jpg,960,960,True,5,960
2599,2599.jpg,.jpg,960,960,True,2,960
2600,2600.png,.png,960,960,False,0,960
2601,2601.png,.png,960,960,False,0,960
2602,2602.png,.png,960,960,False,0,960
2603,2603.png,.png,960,960,True,1,960
2604,2604.png,.png,960,960,False,0,960
2605,2605.jpg,.jpg,960,960,True,2,960
2606,2606.jpg,.jpg,960,960,True,3,960
2607,2607.jpg,.jpg,960,960,True,3,960
2608,2608.jpg,.jpg,960,960,True,5,960
2609,2609.png,.png,960,960,True,1,960
2610,2610.jpg,.jpg,960,960,False,0,960
2611,2611.jpg,.jpg,960,960,False,0,960
2612,2612.jpg,.jpg,960,960,False,0,960
2613,2613.png,.png,960,960,True,1,960
2614,2614.jpg,.jpg,960,960,True,1,960
2615,2615.jpg,.jpg,960,960,False,0,960
2616,2616.jpg,.jpg,960,960,False,0,960
2617,2617.jpg,.jpg,960,960,False,0,960
2618,2618.png,.png,960,960,True,3,960
2619,2619.jpg,.jpg,960,960,True,1,960
2620,2620.jpg,.jpg,960,960,False,0,960
2621,2621.jpg,.jpg,960,960,True,5,960
2622,2622.png,.png,960,960,False,0,960
2623,2623.jpg,.jpg,960,960,True,1,960
2624,2624.jpg,.jpg,960,960,True,4,960
2625,2625.jpg,.jpg,960,960,True,2,960
2626,2626.png,.png,960,960,False,0,960
2627,2627.png,.png,640,640,False,0,640
2628,2628.png,.png,640,640,False,0,640
2629,2629.jpg,.jpg,960,960,False,0,960
2630,2630.png,.png,640,640,False,0,640
2631,2631.png,.png,960,960,False,0,960
2632,2632.png,.png,960,960,True,1,960
2633,2633.jpg,.jpg,960,960,False,0,960
2634,2634.png,.png,640,640,False,0,640
2635,2635.jpg,.jpg,960,960,True,1,960
2636,2636.jpg,.jpg,960,960,False,0,960
2637,2637.jpg,.jpg,960,960,False,0,960
2638,2638.png,.png,960,960,False,0,960
2639,2639.jpg,.jpg,960,960,False,0,960
2640,2640.jpg,.jpg,960,960,True,4,960
2641,2641.jpg,.jpg,960,960,False,0,960
2642,2642.jpg,.jpg,960,960,False,0,960
2643,2643.png,.png,960,960,False,0,960
2644,2644.jpg,.jpg,960,960,False,0,960
2645,2645.png,.png,960,960,True,5,960
2646,2646.jpg,.jpg,960,960,True,6,960
2647,2647.png,.png,960,960,False,0,960
2648,2648.png,.png,960,960,True,1,960
2649,2649.jpg,.jpg,960,960,False,0,960
2650,2650.jpg,.jpg,960,960,False,0,960
2651,2651.png,.png,640,640,False,0,640
2652,2652.png,.png,960,960,True,6,960
2653,2653.jpg,.jpg,960,960,False,0,960
2654,2654.jpg,.jpg,960,960,False,0,960
2655,2655.jpg,.jpg,960,960,True,4,960
2656,2656.png,.png,640,640,True,1,640
2657,2657.jpg,.jpg,960,960,True,3,960
2658,2658.jpg,.jpg,960,960,False,0,960
2659,2659.png,.png,960,960,True,4,960
2660,2660.png,.png,960,960,False,0,960
2661,2661.jpg,.jpg,960,960,False,0,960
2662,2662.jpg,.jpg,960,960,True,1,960
2663,2663.png,.png,960,960,False,0,960
2664,2664.png,.png,640,640,False,0,640
2665,2665.jpg,.jpg,960,960,True,1,960
2666,2666.png,.png,960,960,True,1,960
2667,2667.jpg,.jpg,960,960,True,4,960
2668,2668.png,.png,640,640,False,0,640
2669,2669.png,.png,960,960,False,0,960
2670,2670.png,.png,960,960,False,0,960
2671,2671.jpg,.jpg,960,960,True,1,960
2672,2672.jpg,.jpg,960,960,False,0,960
2673,2673.png,.png,960,960,False,0,960
2674,2674.png,.png,960,960,True,1,960
2675,2675.jpg,.jpg,960,960,False,0,960
2676,2676.png,.png,960,960,False,0,960
2677,2677.jpg,.jpg,960,960,False,0,960
2678,2678.jpg,.jpg,960,960,True,1,960
2679,2679.png,.png,960,960,True,1,960
2680,2680.png,.png,960,960,True,1,960
2681,2681.png,.png,960,960,False,0,960
2682,2682.png,.png,960,960,False,0,960
2683,2683.jpg,.jpg,960,960,False,0,960
2684,2684.png,.png,640,640,True,1,640
2685,2685.jpg,.jpg,960,960,True,1,960
2686,2686.png,.png,960,960,True,2,960
2687,2687.jpg,.jpg,960,960,True,1,960
2688,2688.png,.png,960,960,True,1,960
2689,2689.png,.png,640,640,True,1,640
2690,2690.png,.png,960,960,False,0,960
2691,2691.jpg,.jpg,960,960,True,1,960
2692,2692.jpg,.jpg,960,960,True,1,960
2693,2693.jpg,.jpg,960,960,False,0,960
2694,2694.png,.png,960,960,False,0,960
2695,2695.png,.png,960,960,True,1,960
2696,2696.png,.png,960,960,False,0,960
2697,2697.jpg,.jpg,960,960,False,0,960
2698,2698.jpg,.jpg,960,960,False,0,960
2699,2699.png,.png,960,960,True,1,960
2700,2700.jpg,.jpg,960,960,False,0,960
2701,2701.png,.png,960,960,True,1,960
2702,2702.png,.png,640,640,False,0,640
2703,2703.png,.png,960,960,False,0,960
2704,2704.jpg,.jpg,960,960,True,3,960
2705,2705.jpg,.jpg,960,960,False,0,960
2706,2706.jpg,.jpg,960,960,False,0,960
2707,2707.jpg,.jpg,960,960,False,0,960
2708,2708.jpg,.jpg,960,960,False,0,960
2709,2709.jpg,.jpg,960,960,False,0,960
2710,2710.jpg,.jpg,960,960,True,2,960
2711,2711.png,.png,640,640,False,0,640
2712,2712.png,.png,960,960,False,0,960
2713,2713.jpg,.jpg,960,960,True,2,960
2714,2714.jpg,.jpg,960,960,True,2,960
2715,2715.png,.png,640,640,False,0,640
2716,2716.jpg,.jpg,960,960,False,0,960
2717,2717.png,.png,640,640,True,1,640
2718,2718.png,.png,960,960,True,3,960
2719,2719.png,.png,960,960,True,2,960
2720,2720.jpg,.jpg,960,960,False,0,960
2721,2721.png,.png,960,960,True,2,960
2722,2722.png,.png,960,960,True,1,960
2723,2723.jpg,.jpg,960,960,False,0,960
2724,2724.jpg,.jpg,960,960,False,0,960
2725,2725.jpg,.jpg,960,960,True,2,960
2726,2726.png,.png,640,640,False,0,640
2727,2727.png,.png,960,960,True,1,960
2728,2728.png,.png,960,960,False,0,960
2729,2729.jpg,.jpg,960,960,False,0,960
2730,2730.png,.png,960,960,False,0,960
2731,2731.png,.png,960,960,True,1,960
2732,2732.png,.png,960,960,True,1,960
2733,2733.jpg,.jpg,960,960,True,1,960
2734,2734.jpg,.jpg,960,960,True,1,960
2735,2735.png,.png,960,960,True,1,960
2736,2736.png,.png,960,960,False,0,960
2737,2737.png,.png,960,960,False,0,960
2738,2738.png,.png,640,640,False,0,640
2739,2739.png,.png,960,960,False,0,960
2740,2740.png,.png,960,960,True,3,960
2741,2741.jpg,.jpg,960,960,False,0,960
2742,2742.jpg,.jpg,960,960,False,0,960
2743,2743.png,.png,960,960,True,1,960
2744,2744.png,.png,960,960,False,0,960
2745,2745.jpg,.jpg,960,960,False,0,960
2746,2746.png,.png,960,960,False,0,960
2747,2747.jpg,.jpg,960,960,True,1,960
2748,2748.png,.png,960,960,True,2,960
2749,2749.jpg,.jpg,960,960,True,1,960
2750,2750.png,.png,960,960,True,1,960
2751,2751.png,.png,960,960,True,1,960
2752,2752.jpg,.jpg,960,960,False,0,960
2753,2753.jpg,.jpg,960,960,True,5,960
2754,2754.jpg,.jpg,960,960,True,1,960
2755,2755.jpg,.jpg,960,960,True,1,960
2756,2756.png,.png,960,960,False,0,960
2757,2757.jpg,.jpg,960,960,True,3,960
2758,2758.png,.png,960,960,True,2,960
2759,2759.png,.png,960,960,True,2,960
2760,2760.jpg,.jpg,960,960,True,1,960
2761,2761.jpg,.jpg,960,960,True,1,960
2762,2762.png,.png,960,960,True,1,960
2763,2763.png,.png,640,640,True,2,640
2764,2764.jpg,.jpg,960,960,False,0,960
2765,2765.png,.png,640,640,True,2,640
2766,2766.jpg,.jpg,960,960,True,1,960
2767,2767.png,.png,640,640,True,1,640
2768,2768.jpg,.jpg,960,960,True,3,960
2769,2769.jpg,.jpg,960,960,False,0,960
2770,2770.jpg,.jpg,960,960,True,7,960
2771,2771.jpg,.jpg,960,960,False,0,960
2772,2772.jpg,.jpg,960,960,False,0,960
2773,2773.jpg,.jpg,960,960,True,2,960
2774,2774.jpg,.jpg,960,960,True,1,960
2775,2775.jpg,.jpg,960,960,False,0,960
2776,2776.jpg,.jpg,960,960,False,0,960
2777,2777.png,.png,960,960,True,1,960
2778,2778.png,.png,960,960,False,0,960
2779,2779.jpg,.jpg,960,960,False,0,960
2780,2780.png,.png,960,960,False,0,960
2781,2781.jpg,.jpg,960,960,True,1,960
2782,2782.png,.png,960,960,True,2,960
2783,2783.jpg,.jpg,960,960,False,0,960
2784,2784.jpg,.jpg,960,960,False,0,960
2785,2785.jpg,.jpg,960,960,False,0,960
2786,2786.jpg,.jpg,960,960,False,0,960
2787,2787.jpg,.jpg,960,960,False,0,960
2788,2788.jpg,.jpg,960,960,True,1,960
2789,2789.jpg,.jpg,960,960,False,0,960
2790,2790.jpg,.jpg,960,960,True,2,960
2791,2791.png,.png,960,960,True,1,960
2792,2792.png,.png,960,960,True,1,960
2793,2793.jpg,.jpg,960,960,False,0,960
2794,2794.png,.png,640,640,False,0,640
2795,2795.png,.png,960,960,True,1,960
2796,2796.jpg,.jpg,960,960,False,0,960
2797,2797.png,.png,960,960,True,1,960
2798,2798.png,.png,640,640,False,0,640
2799,2799.png,.png,960,960,True,1,960
2800,2800.jpg,.jpg,960,960,True,1,960
2801,2801.png,.png,960,960,False,0,960
2802,2802.jpg,.jpg,960,960,False,0,960
2803,2803.png,.png,960,960,True,8,960
2804,2804.jpg,.jpg,960,960,True,1,960
2805,2805.jpg,.jpg,960,960,True,2,960
2806,2806.jpg,.jpg,960,960,False,0,960
2807,2807.jpg,.jpg,960,960,True,1,960
2808,2808.png,.png,960,960,False,0,960
2809,2809.jpg,.jpg,960,960,True,4,960
2810,2810.png,.png,960,960,False,0,960
2811,2811.png,.png,960,960,False,0,960
2812,2812.jpg,.jpg,960,960,False,0,960
2813,2813.jpg,.jpg,960,960,False,0,960
2814,2814.png,.png,960,960,False,0,960
2815,2815.jpg,.jpg,960,960,False,0,960
2816,2816.jpg,.jpg,960,960,True,7,960
2817,2817.jpg,.jpg,960,960,True,3,960
2818,2818.png,.png,640,640,False,0,640
2819,2819.jpg,.jpg,960,960,True,1,960
2820,2820.png,.png,960,960,True,6,960
2821,2821.jpg,.jpg,960,960,False,0,960
2822,2822.jpg,.jpg,960,960,True,2,960
2823,2823.jpg,.jpg,960,960,True,1,960
2824,2824.png,.png,640,640,True,1,640
2825,2825.png,.png,960,960,False,0,960
2826,2826.jpg,.jpg,960,960,True,1,960
2827,2827.jpg,.jpg,960,960,True,2,960
2828,2828.jpg,.jpg,960,960,True,4,960
2829,2829.jpg,.jpg,960,960,True,2,960
2830,2830.jpg,.jpg,960,960,False,0,960
2831,2831.jpg,.jpg,960,960,False,0,960
2832,2832.png,.png,640,640,True,1,640
2833,2833.png,.png,960,960,True,1,960
2834,2834.png,.png,960,960,False,0,960
2835,2835.png,.png,960,960,True,2,960
2836,2836.jpg,.jpg,960,960,True,1,960
2837,2837.jpg,.jpg,960,960,True,3,960
2838,2838.png,.png,960,960,False,0,960
2839,2839.png,.png,960,960,False,0,960
2840,2840.png,.png,960,960,True,7,960
2841,2841.jpg,.jpg,960,960,True,4,960
2842,2842.jpg,.jpg,960,960,False,0,960
2843,2843.jpg,.jpg,960,960,True,2,960
2844,2844.jpg,.jpg,960,960,False,0,960
2845,2845.jpg,.jpg,960,960,True,4,960
2846,2846.jpg,.jpg,960,960,True,1,960
2847,2847.jpg,.jpg,960,960,True,4,960
2848,2848.png,.png,960,960,False,0,960
2849,2849.jpg,.jpg,960,960,False,0,960
2850,2850.png,.png,960,960,False,0,960
2851,2851.png,.png,960,960,False,0,960
2852,2852.png,.png,960,960,True,6,960
2853,2853.jpg,.jpg,960,960,False,0,960
2854,2854.png,.png,960,960,False,0,960
2855,2855.png,.png,960,960,True,5,960
2856,2856.png,.png,960,960,False,0,960
2857,2857.png,.png,960,960,True,5,960
2858,2858.jpg,.jpg,960,960,False,0,960
2859,2859.png,.png,960,960,True,2,960
2860,2860.jpg,.jpg,960,960,True,8,960
2861,2861.png,.png,960,960,True,3,960
2862,2862.jpg,.jpg,960,960,False,0,960
2863,2863.png,.png,960,960,False,0,960
2864,2864.png,.png,960,960,True,1,960
2865,2865.jpg,.jpg,960,960,True,5,960
2866,2866.jpg,.jpg,960,960,True,2,960
2867,2867.png,.png,640,640,False,0,640
2868,2868.jpg,.jpg,960,960,True,8,960
2869,2869.jpg,.jpg,960,960,False,0,960
2870,2870.png,.png,640,640,False,0,640
2871,2871.png,.png,960,960,True,2,960
2872,2872.jpg,.jpg,960,960,True,2,960
2873,2873.jpg,.jpg,960,960,True,1,960
2874,2874.jpg,.jpg,960,960,True,1,960
2875,2875.png,.png,960,960,False,0,960
2876,2876.jpg,.jpg,960,960,True,9,960
2877,2877.jpg,.jpg,960,960,True,2,960
2878,2878.jpg,.jpg,960,960,True,2,960
2879,2879.png,.png,960,960,True,3,960
2880,2880.png,.png,640,640,True,1,640
2881,2881.jpg,.jpg,960,960,True,2,960
2882,2882.png,.png,960,960,False,0,960
2883,2883.jpg,.jpg,960,960,True,3,960
2884,2884.jpg,.jpg,960,960,True,1,960
2885,2885.jpg,.jpg,960,960,False,0,960
2886,2886.jpg,.jpg,960,960,False,0,960
2887,2887.png,.png,960,960,False,0,960
2888,2888.jpg,.jpg,960,960,False,0,960
2889,2889.jpg,.jpg,960,960,True,3,960
2890,2890.jpg,.jpg,960,960,False,0,960
2891,2891.jpg,.jpg,960,960,False,0,960
2892,2892.png,.png,960,960,True,4,960
2893,2893.png,.png,960,960,False,0,960
2894,2894.png,.png,960,960,True,5,960
2895,2895.jpg,.jpg,960,960,False,0,960
2896,2896.png,.png,960,960,True,1,960
2897,2897.png,.png,960,960,False,0,960
2898,2898.jpg,.jpg,960,960,True,2,960
2899,2899.png,.png,960,960,True,6,960
2900,2900.png,.png,960,960,True,3,960
2901,2901.jpg,.jpg,960,960,True,1,960
2902,2902.jpg,.jpg,960,960,True,3,960
2903,2903.jpg,.jpg,960,960,True,1,960
2904,2904.png,.png,640,640,True,1,640
2905,2905.jpg,.jpg,960,960,True,1,960
2906,2906.png,.png,960,960,True,7,960
2907,2907.png,.png,640,640,True,1,640
2908,2908.png,.png,640,640,False,0,640
2909,2909.png,.png,960,960,False,0,960
2910,2910.png,.png,640,640,True,2,640
2911,2911.jpg,.jpg,960,960,True,2,960
2912,2912.jpg,.jpg,960,960,True,1,960
2913,2913.jpg,.jpg,960,960,True,3,960
2914,2914.jpg,.jpg,960,960,True,1,960
2915,2915.jpg,.jpg,960,960,False,0,960
2916,2916.png,.png,640,640,True,1,640
2917,2917.jpg,.jpg,960,960,True,3,960
2918,2918.jpg,.jpg,960,960,True,3,960
2919,2919.jpg,.jpg,960,960,True,6,960
2920,2920.png,.png,640,640,True,1,640
2921,2921.png,.png,960,960,False,0,960
2922,2922.jpg,.jpg,960,960,False,0,960
2923,2923.jpg,.jpg,960,960,True,1,960
2924,2924.png,.png,960,960,True,13,960
2925,2925.jpg,.jpg,960,960,True,2,960
2926,2926.jpg,.jpg,960,960,True,3,960
2927,2927.jpg,.jpg,960,960,True,3,960
2928,2928.png,.png,640,640,False,0,640
2929,2929.png,.png,960,960,True,1,960
2930,2930.jpg,.jpg,960,960,True,1,960
2931,2931.png,.png,960,960,False,0,960
2932,2932.png,.png,960,960,True,2,960
2933,2933.jpg,.jpg,960,960,False,0,960
2934,2934.jpg,.jpg,960,960,True,3,960
2935,2935.png,.png,640,640,True,1,640
2936,2936.jpg,.jpg,960,960,True,1,960
2937,2937.jpg,.jpg,960,960,True,4,960
2938,2938.png,.png,960,960,False,0,960
2939,2939.jpg,.jpg,960,960,True,1,960
2940,2940.jpg,.jpg,960,960,False,0,960
2941,2941.png,.png,960,960,True,7,960
2942,2942.png,.png,960,960,False,0,960
2943,2943.png,.png,960,960,False,0,960
2944,2944.png,.png,640,640,True,2,640
2945,2945.png,.png,960,960,False,0,960
2946,2946.png,.png,960,960,True,6,960
2947,2947.jpg,.jpg,960,960,True,3,960
2948,2948.jpg,.jpg,960,960,True,4,960
2949,2949.jpg,.jpg,960,960,False,0,960
2950,2950.jpg,.jpg,960,960,True,1,960
2951,2951.jpg,.jpg,960,960,False,0,960
2952,2952.png,.png,960,960,True,2,960
2953,2953.png,.png,960,960,True,6,960
2954,2954.jpg,.jpg,960,960,True,1,960
2955,2955.jpg,.jpg,960,960,True,4,960
2956,2956.jpg,.jpg,960,960,True,2,960
2957,2957.png,.png,960,960,True,4,960
2958,2958.png,.png,960,960,True,1,960
2959,2959.jpg,.jpg,960,960,True,1,960
2960,2960.png,.png,960,960,False,0,960
2961,2961.jpg,.jpg,960,960,True,1,960
2962,2962.png,.png,640,640,True,2,640
2963,2963.jpg,.jpg,960,960,True,1,960
2964,2964.jpg,.jpg,960,960,False,0,960
2965,2965.png,.png,960,960,True,1,960
2966,2966.png,.png,640,640,True,1,640
2967,2967.png,.png,960,960,False,0,960
2968,2968.jpg,.jpg,960,960,True,2,960
2969,2969.png,.png,640,640,False,0,640
2970,2970.png,.png,640,640,True,2,640
2971,2971.png,.png,960,960,False,0,960
2972,2972.jpg,.jpg,960,960,True,5,960
2973,2973.png,.png,960,960,True,1,960
2974,2974.png,.png,960,960,False,0,960
2975,2975.png,.png,960,960,True,2,960
2976,2976.png,.png,960,960,False,0,960
2977,2977.jpg,.jpg,960,960,False,0,960
2978,2978.jpg,.jpg,960,960,True,1,960
2979,2979.png,.png,960,960,True,8,960
2980,2980.jpg,.jpg,960,960,False,0,960
2981,2981.png,.png,640,640,False,0,640
2982,2982.jpg,.jpg,960,960,True,1,960
2983,2983.png,.png,960,960,True,1,960
2984,2984.jpg,.jpg,960,960,True,1,960
2985,2985.jpg,.jpg,960,960,True,2,960
2986,2986.jpg,.jpg,960,960,True,1,960
2987,2987.png,.png,960,960,True,6,960
2988,2988.jpg,.jpg,960,960,True,1,960
2989,2989.png,.png,960,960,False,0,960
2990,2990.png,.png,960,960,True,1,960
2991,2991.jpg,.jpg,960,960,False,0,960
2992,2992.png,.png,640,640,False,0,640
2993,2993.jpg,.jpg,960,960,True,2,960
2994,2994.jpg,.jpg,960,960,True,7,960
2995,2995.jpg,.jpg,960,960,False,0,960
2996,2996.jpg,.jpg,960,960,False,0,960
2997,2997.jpg,.jpg,960,960,True,6,960
2998,2998.jpg,.jpg,960,960,False,0,960
2999,2999.png,.png,960,960,False,0,960
3000,3000.png,.png,960,960,True,1,960
3001,3001.png,.png,640,640,True,2,640
3002,3002.jpg,.jpg,640,640,True,3,640
3003,3003.jpg,.jpg,960,960,True,1,960
3004,3004.jpg,.jpg,1080,1080,True,1,1080
3005,3005.jpg,.jpg,1080,1080,False,0,1080
3006,3006.jpg,.jpg,960,960,True,2,960
3007,3007.jpg,.jpg,720,720,True,1,720
3008,3008.jpg,.jpg,640,640,True,1,640
3009,3009.jpg,.jpg,960,960,True,2,960
3010,3010.jpg,.jpg,960,960,False,0,960
3011,3011.png,.png,640,640,False,0,640
3012,3012.png,.png,640,640,True,4,640
3013,3013.jpg,.jpg,960,960,True,2,960
3014,3014.jpg,.jpg,960,960,True,2,960
3015,3015.jpg,.jpg,960,960,True,4,960
3016,3016.jpg,.jpg,1080,1080,False,0,1080
3017,3017.jpg,.jpg,960,960,True,1,960
3018,3018.jpg,.jpg,960,960,True,2,960
3019,3019.jpg,.jpg,960,960,True,1,960
3020,3020.jpg,.jpg,1600,1600,True,1,1600
3021,3021.jpg,.jpg,1080,1080,False,0,1080
3022,3022.png,.png,640,640,True,1,640
3023,3023.jpg,.jpg,1080,1080,False,0,1080
3024,3024.jpg,.jpg,960,960,True,1,960
3025,3025.jpg,.jpg,960,960,False,0,960
3026,3026.png,.png,640,640,True,1,640
3027,3027.png,.png,640,640,True,2,640
3028,3028.jpg,.jpg,1600,1600,True,3,1600
3029,3029.jpg,.jpg,960,960,False,0,960
3030,3030.jpg,.jpg,960,960,True,5,960
3031,3031.jpg,.jpg,960,960,False,0,960
3032,3032.jpg,.jpg,1600,1600,True,1,1600
3033,3033.jpg,.jpg,960,960,True,1,960
3034,3034.jpg,.jpg,1600,1600,True,2,1600
3035,3035.png,.png,640,640,True,6,640
3036,3036.png,.png,640,640,True,3,640
3037,3037.jpg,.jpg,960,960,True,1,960
3038,3038.png,.png,640,640,True,2,640
3039,3039.jpg,.jpg,960,960,True,1,960
3040,3040.jpg,.jpg,720,720,True,1,720
3041,3041.jpg,.jpg,640,640,True,1,640
3042,3042.jpg,.jpg,960,960,True,1,960
3043,3043.jpg,.jpg,960,960,True,3,960
3044,3044.jpg,.jpg,960,960,True,2,960
3045,3045.jpg,.jpg,1080,1080,True,1,1080
3046,3046.jpg,.jpg,960,960,True,1,960
3047,3047.jpg,.jpg,1600,1600,False,0,1600
3048,3048.jpg,.jpg,960,960,True,1,960
3049,3049.jpg,.jpg,960,960,True,2,960
3050,3050.png,.png,640,640,True,1,640
3051,3051.jpg,.jpg,960,960,True,3,960
3052,3052.jpg,.jpg,1600,1600,True,3,1600
3053,3053.jpg,.jpg,960,960,True,2,960
3054,3054.jpg,.jpg,960,960,True,2,960
3055,3055.jpg,.jpg,640,640,True,2,640
3056,3056.jpg,.jpg,960,960,True,3,960
3057,3057.jpg,.jpg,960,960,True,1,960
3058,3058.jpg,.jpg,960,960,True,2,960
3059,3059.jpg,.jpg,960,960,True,5,960
3060,3060.png,.png,640,640,True,1,640
3061,3061.jpg,.jpg,960,960,True,10,960
3062,3062.jpg,.jpg,960,960,True,4,960
3063,3063.jpg,.jpg,960,960,False,0,960
3064,3064.jpg,.jpg,1080,1080,False,0,1080
3065,3065.jpg,.jpg,960,960,True,2,960
3066,3066.jpg,.jpg,1080,1080,True,3,1080
3067,3067.png,.png,640,640,False,0,640
3068,3068.png,.png,640,640,False,0,640
3069,3069.jpg,.jpg,960,960,True,2,960
3070,3070.jpg,.jpg,960,960,True,4,960
3071,3071.jpg,.jpg,960,960,True,2,960
3072,3072.jpg,.jpg,640,640,False,0,640
3073,3073.jpg,.jpg,1600,1600,True,3,1600
3074,3074.jpg,.jpg,960,960,True,4,960
3075,3075.jpg,.jpg,640,640,False,0,640
3076,3076.jpg,.jpg,960,960,True,1,960
3077,3077.jpg,.jpg,960,960,True,1,960
3078,3078.jpg,.jpg,960,960,True,1,960
3079,3079.png,.png,640,640,True,1,640
3080,3080.jpg,.jpg,960,960,True,4,960
3081,3081.jpg,.jpg,960,960,True,2,960
3082,3082.jpg,.jpg,960,960,True,3,960
3083,3083.png,.png,640,640,True,5,640
3084,3084.jpg,.jpg,960,960,False,0,960
3085,3085.png,.png,640,640,True,1,640
3086,3086.jpg,.jpg,960,960,True,1,960
3087,3087.jpg,.jpg,960,960,True,2,960
3088,3088.jpg,.jpg,1080,1080,True,1,1080
3089,3089.jpg,.jpg,960,960,True,2,960
3090,3090.png,.png,640,640,False,0,640
3091,3091.jpg,.jpg,1080,1080,True,1,1080
3092,3092.jpg,.jpg,1080,1080,True,1,1080
3093,3093.jpg,.jpg,640,640,True,2,640
3094,3094.png,.png,640,640,True,3,640
3095,3095.jpg,.jpg,1080,1080,True,1,1080
3096,3096.jpg,.jpg,960,960,True,2,960
3097,3097.jpg,.jpg,960,960,True,1,960
3098,3098.png,.png,640,640,True,1,640
3099,3099.jpg,.jpg,960,960,True,4,960
3100,3100.jpg,.jpg,960,960,True,1,960
3101,3101.jpg,.jpg,960,960,True,3,960
3102,3102.png,.png,640,640,True,1,640
3103,3103.jpg,.jpg,640,640,False,0,640
3104,3104.jpg,.jpg,960,960,True,1,960
3105,3105.jpg,.jpg,1080,1080,True,1,1080
3106,3106.jpg,.jpg,640,640,False,0,640
3107,3107.png,.png,640,640,False,0,640
3108,3108.jpg,.jpg,1080,1080,True,5,1080
3109,3109.jpg,.jpg,1080,1080,True,1,1080
3110,3110.jpg,.jpg,960,960,True,3,960
3111,3111.png,.png,640,640,True,1,640
3112,3112.jpg,.jpg,960,960,True,2,960
3113,3113.jpg,.jpg,960,960,True,1,960
3114,3114.jpg,.jpg,960,960,True,3,960
3115,3115.jpg,.jpg,1600,1600,True,3,1600
3116,3116.jpg,.jpg,720,720,False,0,720
3117,3117.jpg,.jpg,960,960,True,3,960
3118,3118.jpg,.jpg,1600,1600,True,2,1600
3119,3119.png,.png,640,640,True,3,640
3120,3120.png,.png,640,640,True,3,640
3121,3121.png,.png,640,640,False,0,640
3122,3122.jpg,.jpg,960,960,True,5,960
3123,3123.jpg,.jpg,960,960,True,3,960
3124,3124.jpg,.jpg,960,960,True,4,960
3125,3125.jpg,.jpg,1600,1600,True,2,1600
3126,3126.jpg,.jpg,960,960,True,5,960
3127,3127.jpg,.jpg,1600,1600,True,6,1600
3128,3128.jpg,.jpg,960,960,True,2,960
3129,3129.png,.png,640,640,True,4,640
3130,3130.jpg,.jpg,960,960,True,2,960
3131,3131.jpg,.jpg,960,960,True,3,960
3132,3132.jpg,.jpg,960,960,True,4,960
3133,3133.jpg,.jpg,960,960,True,1,960
3134,3134.jpg,.jpg,960,960,True,1,960
3135,3135.jpg,.jpg,960,960,True,3,960
3136,3136.jpg,.jpg,960,960,True,3,960
3137,3137.png,.png,640,640,True,3,640
3138,3138.jpg,.jpg,960,960,False,0,960
3139,3139.png,.png,640,640,False,0,640
3140,3140.png,.png,640,640,True,5,640
3141,3141.jpg,.jpg,720,720,False,0,720
3142,3142.jpg,.jpg,960,960,True,8,960
3143,3143.png,.png,640,640,True,5,640
3144,3144.png,.png,640,640,True,4,640
3145,3145.jpg,.jpg,960,960,True,3,960
3146,3146.jpg,.jpg,960,960,True,3,960
3147,3147.jpg,.jpg,960,960,True,1,960
3148,3148.jpg,.jpg,960,960,False,0,960
3149,3149.jpg,.jpg,960,960,True,2,960
3150,3150.jpg,.jpg,960,960,True,1,960
3151,3151.jpg,.jpg,1080,1080,True,1,1080
3152,3152.jpg,.jpg,640,640,True,3,640
3153,3153.png,.png,640,640,False,0,640
3154,3154.png,.png,640,640,True,2,640
3155,3155.jpg,.jpg,1080,1080,True,6,1080
3156,3156.jpg,.jpg,1080,1080,True,2,1080
3157,3157.jpg,.jpg,960,960,True,5,960
3158,3158.jpg,.jpg,960,960,True,2,960
3159,3159.jpg,.jpg,960,960,True,4,960
3160,3160.jpg,.jpg,720,720,False,0,720
3161,3161.jpg,.jpg,960,960,True,3,960
3162,3162.png,.png,640,640,False,0,640
3163,3163.jpg,.jpg,960,960,True,2,960
3164,3164.png,.png,640,640,True,2,640
3165,3165.png,.png,640,640,False,0,640
3166,3166.png,.png,640,640,True,2,640
3167,3167.jpg,.jpg,960,960,True,3,960
3168,3168.png,.png,640,640,False,0,640
3169,3169.png,.png,640,640,True,1,640
3170,3170.jpg,.jpg,960,960,True,4,960
3171,3171.png,.png,640,640,False,0,640
3172,3172.jpg,.jpg,640,640,True,3,640
3173,3173.jpg,.jpg,960,960,True,2,960
3174,3174.jpg,.jpg,1080,1080,True,1,1080
3175,3175.png,.png,640,640,False,0,640
3176,3176.png,.png,640,640,True,6,640
3177,3177.jpg,.jpg,1600,1600,True,3,1600
3178,3178.png,.png,640,640,True,2,640
3179,3179.jpg,.jpg,960,960,True,2,960
3180,3180.png,.png,640,640,False,0,640
3181,3181.jpg,.jpg,960,960,True,2,960
3182,3182.jpg,.jpg,960,960,True,1,960
3183,3183.jpg,.jpg,960,960,True,9,960
3184,3184.jpg,.jpg,960,960,True,6,960
3185,3185.jpg,.jpg,960,960,True,2,960
3186,3186.jpg,.jpg,960,960,True,1,960
3187,3187.jpg,.jpg,960,960,False,0,960
3188,3188.png,.png,640,640,True,3,640
3189,3189.jpg,.jpg,1080,1080,True,3,1080
3190,3190.jpg,.jpg,1600,1600,True,5,1600
3191,3191.jpg,.jpg,960,960,True,1,960
3192,3192.jpg,.jpg,1600,1600,True,5,1600
3193,3193.jpg,.jpg,1080,1080,True,3,1080
3194,3194.jpg,.jpg,960,960,True,4,960
3195,3195.jpg,.jpg,1080,1080,True,1,1080
3196,3196.jpg,.jpg,960,960,True,5,960
3197,3197.jpg,.jpg,960,960,True,5,960
3198,3198.jpg,.jpg,960,960,True,3,960
3199,3199.png,.png,640,640,True,1,640
3200,3200.jpg,.jpg,1600,1600,True,3,1600
3201,3201.png,.png,640,640,True,2,640
3202,3202.png,.png,640,640,True,1,640
3203,3203.jpg,.jpg,960,960,True,1,960
3204,3204.jpg,.jpg,960,960,True,3,960
3205,3205.png,.png,640,640,False,0,640
3206,3206.jpg,.jpg,960,960,True,3,960
3207,3207.jpg,.jpg,960,960,False,0,960
3208,3208.jpg,.jpg,1080,1080,False,0,1080
3209,3209.jpg,.jpg,960,960,False,0,960
3210,3210.jpg,.jpg,1600,1600,False,0,1600
3211,3211.png,.png,640,640,False,0,640
3212,3212.png,.png,640,640,False,0,640
3213,3213.jpg,.jpg,1600,1600,True,1,1600
3214,3214.jpg,.jpg,960,960,False,0,960
3215,3215.jpg,.jpg,960,960,True,1,960
3216,3216.jpg,.jpg,960,960,False,0,960
3217,3217.jpg,.jpg,960,960,True,1,960
3218,3218.jpg,.jpg,640,640,False,0,640
3219,3219.jpg,.jpg,720,720,True,1,720
3220,3220.jpg,.jpg,960,960,True,2,960
3221,3221.jpg,.jpg,960,960,False,0,960
3222,3222.jpg,.jpg,960,960,False,0,960
3223,3223.png,.png,640,640,False,0,640
3224,3224.jpg,.jpg,960,960,True,2,960
3225,3225.jpg,.jpg,1600,1600,False,0,1600
3226,3226.jpg,.jpg,960,960,False,0,960
3227,3227.jpg,.jpg,720,720,False,0,720
3228,3228.jpg,.jpg,960,960,False,0,960
3229,3229.png,.png,640,640,False,0,640
3230,3230.jpg,.jpg,960,960,True,1,960
3231,3231.jpg,.jpg,960,960,False,0,960
3232,3232.jpg,.jpg,960,960,True,1,960
3233,3233.jpg,.jpg,960,960,True,1,960
3234,3234.jpg,.jpg,960,960,True,1,960
3235,3235.jpg,.jpg,960,960,True,1,960
3236,3236.jpg,.jpg,960,960,True,1,960
3237,3237.png,.png,640,640,False,0,640
3238,3238.jpg,.jpg,960,960,True,1,960
3239,3239.png,.png,640,640,False,0,640
3240,3240.png,.png,640,640,True,2,640
3241,3241.jpg,.jpg,960,960,False,0,960
3242,3242.jpg,.jpg,960,960,False,0,960
3243,3243.jpg,.jpg,720,720,False,0,720
3244,3244.jpg,.jpg,960,960,True,1,960
3245,3245.jpg,.jpg,1080,1080,True,2,1080
3246,3246.png,.png,640,640,True,1,640
3247,3247.jpg,.jpg,960,960,False,0,960
3248,3248.png,.png,640,640,True,1,640
3249,3249.jpg,.jpg,960,960,False,0,960
3250,3250.jpg,.jpg,960,960,False,0,960
3251,3251.png,.png,640,640,False,0,640
3252,3252.png,.png,640,640,False,0,640
3253,3253.png,.png,640,640,False,0,640
3254,3254.png,.png,640,640,True,1,640
3255,3255.jpg,.jpg,960,960,True,2,960
3256,3256.jpg,.jpg,1600,1600,False,0,1600
3257,3257.png,.png,640,640,False,0,640
3258,3258.png,.png,640,640,False,0,640
3259,3259.jpg,.jpg,960,960,True,2,960
3260,3260.png,.png,640,640,False,0,640
3261,3261.jpg,.jpg,960,960,True,1,960
3262,3262.jpg,.jpg,960,960,True,3,960
3263,3263.png,.png,640,640,True,1,640
3264,3264.jpg,.jpg,960,960,False,0,960
3265,3265.jpg,.jpg,960,960,False,0,960
3266,3266.png,.png,640,640,False,0,640
3267,3267.jpg,.jpg,960,960,True,1,960
3268,3268.jpg,.jpg,960,960,True,1,960
3269,3269.jpg,.jpg,960,960,True,1,960
3270,3270.png,.png,640,640,False,0,640
3271,3271.jpg,.jpg,1080,1080,True,1,1080
3272,3272.jpg,.jpg,960,960,False,0,960
3273,3273.png,.png,640,640,False,0,640
3274,3274.jpg,.jpg,1080,1080,True,3,1080
3275,3275.jpg,.jpg,1080,1080,False,0,1080
3276,3276.jpg,.jpg,1080,1080,True,1,1080
3277,3277.png,.png,640,640,False,0,640
3278,3278.jpg,.jpg,640,640,False,0,640
3279,3279.jpg,.jpg,960,960,False,0,960
3280,3280.jpg,.jpg,960,960,False,0,960
3281,3281.png,.png,640,640,False,0,640
3282,3282.jpg,.jpg,1080,1080,True,1,1080
3283,3283.png,.png,640,640,False,0,640
3284,3284.jpg,.jpg,1600,1600,False,0,1600
3285,3285.jpg,.jpg,960,960,False,0,960
3286,3286.jpg,.jpg,960,960,True,2,960
3287,3287.jpg,.jpg,960,960,True,3,960
3288,3288.jpg,.jpg,1080,1080,True,1,1080
3289,3289.png,.png,640,640,True,1,640
3290,3290.jpg,.jpg,960,960,True,1,960
3291,3291.jpg,.jpg,640,640,True,1,640
3292,3292.jpg,.jpg,1080,1080,False,0,1080
3293,3293.jpg,.jpg,960,960,False,0,960
3294,3294.jpg,.jpg,1080,1080,True,1,1080
3295,3295.png,.png,640,640,False,0,640
3296,3296.png,.png,640,640,False,0,640
3297,3297.jpg,.jpg,960,960,True,2,960
3298,3298.jpg,.jpg,960,960,False,0,960
3299,3299.jpg,.jpg,640,640,True,1,640
3300,3300.png,.png,640,640,False,0,640
3301,3301.png,.png,640,640,False,0,640
3302,3302.jpg,.jpg,640,640,True,3,640
3303,3303.jpg,.jpg,960,960,True,1,960
3304,3304.jpg,.jpg,960,960,True,3,960
3305,3305.jpg,.jpg,1600,1600,True,1,1600
3306,3306.png,.png,640,640,False,0,640
3307,3307.png,.png,640,640,True,1,640
3308,3308.jpg,.jpg,960,960,True,2,960
3309,3309.png,.png,640,640,False,0,640
3310,3310.jpg,.jpg,960,960,True,2,960
3311,3311.png,.png,640,640,False,0,640
3312,3312.png,.png,640,640,False,0,640
3313,3313.jpg,.jpg,960,960,True,2,960
3314,3314.png,.png,640,640,False,0,640
3315,3315.jpg,.jpg,960,960,False,0,960
3316,3316.jpg,.jpg,960,960,False,0,960
3317,3317.jpg,.jpg,1080,1080,True,1,1080
3318,3318.jpg,.jpg,960,960,False,0,960
3319,3319.jpg,.jpg,1080,1080,False,0,1080
3320,3320.png,.png,640,640,False,0,640
3321,3321.jpg,.jpg,960,960,True,1,960
3322,3322.jpg,.jpg,960,960,False,0,960
3323,3323.jpg,.jpg,960,960,True,3,960
3324,3324.jpg,.jpg,960,960,True,2,960
3325,3325.jpg,.jpg,960,960,True,4,960
3326,3326.jpg,.jpg,960,960,True,1,960
3327,3327.png,.png,640,640,False,0,640
3328,3328.jpg,.jpg,960,960,True,2,960
3329,3329.jpg,.jpg,640,640,True,1,640
3330,3330.png,.png,640,640,False,0,640
3331,3331.jpg,.jpg,1600,1600,True,1,1600
3332,3332.jpg,.jpg,960,960,True,1,960
3333,3333.jpg,.jpg,1600,1600,True,1,1600
3334,3334.jpg,.jpg,960,960,True,1,960
3335,3335.jpg,.jpg,960,960,True,1,960
3336,3336.jpg,.jpg,960,960,False,0,960
3337,3337.jpg,.jpg,960,960,True,2,960
3338,3338.jpg,.jpg,960,960,False,0,960
3339,3339.png,.png,640,640,False,0,640
3340,3340.jpg,.jpg,960,960,True,1,960
3341,3341.jpg,.jpg,960,960,True,1,960
3342,3342.jpg,.jpg,960,960,True,1,960
3343,3343.jpg,.jpg,960,960,True,1,960
3344,3344.jpg,.jpg,960,960,False,0,960
3345,3345.png,.png,640,640,False,0,640
3346,3346.jpg,.jpg,960,960,True,2,960
3347,3347.jpg,.jpg,960,960,True,1,960
3348,3348.jpg,.jpg,960,960,True,1,960
3349,3349.jpg,.jpg,960,960,True,1,960
3350,3350.jpg,.jpg,1080,1080,False,0,1080
3351,3351.jpg,.jpg,960,960,True,4,960
3352,3352.jpg,.jpg,960,960,True,3,960
3353,3353.jpg,.jpg,960,960,False,0,960
3354,3354.jpg,.jpg,960,960,True,2,960
3355,3355.jpg,.jpg,960,960,True,2,960
3356,3356.png,.png,640,640,False,0,640
3357,3357.jpg,.jpg,960,960,True,2,960
3358,3358.png,.png,640,640,False,0,640
3359,3359.jpg,.jpg,960,960,True,2,960
3360,3360.jpg,.jpg,1600,1600,True,2,1600
3361,3361.jpg,.jpg,1600,1600,False,0,1600
3362,3362.jpg,.jpg,1600,1600,True,3,1600
3363,3363.jpg,.jpg,960,960,True,1,960
3364,3364.jpg,.jpg,960,960,True,1,960
3365,3365.jpg,.jpg,640,640,False,0,640
3366,3366.png,.png,640,640,False,0,640
3367,3367.png,.png,640,640,False,0,640
3368,3368.jpg,.jpg,1600,1600,True,1,1600
3369,3369.png,.png,640,640,False,0,640
3370,3370.jpg,.jpg,960,960,True,2,960
3371,3371.jpg,.jpg,960,960,True,1,960
3372,3372.png,.png,640,640,True,1,640
3373,3373.png,.png,640,640,False,0,640
3374,3374.jpg,.jpg,640,640,False,0,640
3375,3375.png,.png,640,640,False,0,640
3376,3376.jpg,.jpg,960,960,True,1,960
3377,3377.jpg,.jpg,960,960,False,0,960
3378,3378.jpg,.jpg,960,960,True,1,960
3379,3379.jpg,.jpg,960,960,True,2,960
3380,3380.jpg,.jpg,960,960,True,2,960
3381,3381.jpg,.jpg,960,960,False,0,960
3382,3382.png,.png,640,640,True,1,640
3383,3383.png,.png,640,640,False,0,640
3384,3384.jpg,.jpg,960,960,False,0,960
3385,3385.jpg,.jpg,1080,1080,True,1,1080
3386,3386.jpg,.jpg,960,960,False,0,960
3387,3387.jpg,.jpg,960,960,False,0,960
3388,3388.png,.png,640,640,False,0,640
3389,3389.jpg,.jpg,960,960,True,1,960
3390,3390.png,.png,640,640,False,0,640
3391,3391.jpg,.jpg,960,960,False,0,960
3392,3392.jpg,.jpg,1080,1080,False,0,1080
3393,3393.jpg,.jpg,960,960,True,1,960
3394,3394.png,.png,640,640,False,0,640
3395,3395.jpg,.jpg,1080,1080,False,0,1080
3396,3396.jpg,.jpg,960,960,True,1,960
3397,3397.png,.png,640,640,True,1,640
3398,3398.jpg,.jpg,960,960,False,0,960
3399,3399.jpg,.jpg,960,960,True,2,960
3400,3400.jpg,.jpg,1080,1080,True,2,1080
3401,3401.jpg,.jpg,960,960,True,3,960
3402,3402.jpg,.jpg,960,960,True,2,960
3403,3403.jpg,.jpg,960,960,True,2,960
3404,3404.jpg,.jpg,960,960,True,3,960
3405,3405.jpg,.jpg,960,960,True,6,960
3406,3406.jpg,.jpg,960,960,True,4,960
3407,3407.jpg,.jpg,960,960,True,1,960
3408,3408.jpg,.jpg,960,960,True,6,960
3409,3409.jpg,.jpg,1080,1080,True,2,1080
3410,3410.jpg,.jpg,960,960,True,8,960
3411,3411.jpg,.jpg,1080,1080,True,8,1080
3412,3412.jpg,.jpg,1600,1600,True,1,1600
3413,3413.jpg,.jpg,960,960,True,1,960
3414,3414.jpg,.jpg,960,960,True,2,960
3415,3415.jpg,.jpg,640,640,True,2,640
3416,3416.jpg,.jpg,720,720,True,1,720
3417,3417.jpg,.jpg,960,960,True,6,960
3418,3418.jpg,.jpg,1600,1600,True,4,1600
3419,3419.jpg,.jpg,960,960,True,3,960
3420,3420.jpg,.jpg,960,960,True,2,960
3421,3421.jpg,.jpg,960,960,True,4,960
3422,3422.jpg,.jpg,960,960,True,4,960
3423,3423.jpg,.jpg,1080,1080,True,2,1080
3424,3424.jpg,.jpg,960,960,True,4,960
3425,3425.jpg,.jpg,960,960,True,2,960
3426,3426.jpg,.jpg,960,960,True,1,960
3427,3427.jpg,.jpg,640,640,True,1,640
3428,3428.jpg,.jpg,960,960,True,3,960
3429,3429.jpg,.jpg,1600,1600,True,2,1600
3430,3430.jpg,.jpg,1080,1080,True,2,1080
3431,3431.jpg,.jpg,720,720,True,1,720
3432,3432.jpg,.jpg,960,960,True,1,960
3433,3433.jpg,.jpg,1080,1080,True,4,1080
3434,3434.jpg,.jpg,720,720,True,1,720
3435,3435.jpg,.jpg,1600,1600,True,1,1600
3436,3436.jpg,.jpg,960,960,True,1,960
3437,3437.jpg,.jpg,960,960,True,5,960
3438,3438.jpg,.jpg,960,960,True,4,960
3439,3439.jpg,.jpg,960,960,True,3,960
3440,3440.jpg,.jpg,960,960,True,4,960
3441,3441.jpg,.jpg,960,960,True,11,960
3442,3442.jpg,.jpg,1080,1080,True,3,1080
3443,3443.jpg,.jpg,1600,1600,True,1,1600
3444,3444.jpg,.jpg,1080,1080,True,1,1080
3445,3445.jpg,.jpg,960,960,True,1,960
3446,3446.jpg,.jpg,960,960,True,1,960
3447,3447.jpg,.jpg,720,720,True,1,720
3448,3448.jpg,.jpg,960,960,True,1,960
3449,3449.jpg,.jpg,640,640,True,1,640
3450,3450.jpg,.jpg,960,960,True,2,960
3451,3451.jpg,.jpg,960,960,True,6,960
3452,3452.jpg,.jpg,960,960,True,2,960
3453,3453.jpg,.jpg,960,960,True,5,960
3454,3454.jpg,.jpg,960,960,True,4,960
3455,3455.jpg,.jpg,960,960,True,2,960
3456,3456.jpg,.jpg,960,960,True,1,960
3457,3457.jpg,.jpg,1080,1080,True,3,1080
3458,3458.jpg,.jpg,960,960,True,3,960
3459,3459.jpg,.jpg,640,640,True,1,640
3460,3460.jpg,.jpg,1600,1600,True,2,1600
3461,3461.jpg,.jpg,960,960,True,4,960
3462,3462.jpg,.jpg,960,960,True,1,960
3463,3463.jpg,.jpg,960,960,True,1,960
3464,3464.jpg,.jpg,960,960,True,4,960
3465,3465.jpg,.jpg,960,960,True,1,960
3466,3466.jpg,.jpg,960,960,True,4,960
3467,3467.jpg,.jpg,960,960,True,2,960
3468,3468.jpg,.jpg,960,960,True,1,960
3469,3469.jpg,.jpg,960,960,True,6,960
3470,3470.jpg,.jpg,960,960,True,3,960
3471,3471.jpg,.jpg,640,640,True,2,640
3472,3472.jpg,.jpg,1080,1080,True,1,1080
3473,3473.jpg,.jpg,960,960,True,3,960
3474,3474.jpg,.jpg,960,960,True,2,960
3475,3475.jpg,.jpg,960,960,True,4,960
3476,3476.jpg,.jpg,960,960,True,4,960
3477,3477.jpg,.jpg,640,640,True,2,640
3478,3478.jpg,.jpg,960,960,True,4,960
3479,3479.jpg,.jpg,960,960,True,2,960
3480,3480.jpg,.jpg,960,960,True,3,960
3481,3481.jpg,.jpg,960,960,True,2,960
3482,3482.jpg,.jpg,960,960,True,1,960
3483,3483.jpg,.jpg,960,960,True,5,960
3484,3484.jpg,.jpg,640,640,True,2,640
3485,3485.jpg,.jpg,960,960,True,3,960
3486,3486.jpg,.jpg,960,960,True,1,960
3487,3487.jpg,.jpg,1080,1080,True,3,1080
3488,3488.jpg,.jpg,960,960,True,1,960
3489,3489.jpg,.jpg,960,960,True,4,960
3490,3490.jpg,.jpg,960,960,True,2,960
3491,3491.jpg,.jpg,960,960,True,2,960
3492,3492.jpg,.jpg,960,960,True,1,960
3493,3493.jpg,.jpg,960,960,True,6,960
3494,3494.jpg,.jpg,960,960,True,5,960
3495,3495.jpg,.jpg,960,960,True,9,960
3496,3496.jpg,.jpg,960,960,True,1,960
3497,3497.jpg,.jpg,960,960,True,2,960
3498,3498.jpg,.jpg,960,960,True,1,960
3499,3499.jpg,.jpg,960,960,True,4,960
3500,3500.jpg,.jpg,1600,1600,True,2,1600
3501,3501.jpg,.jpg,640,640,True,1,640
3502,3502.jpg,.jpg,720,720,False,0,720
3503,3503.jpg,.jpg,960,960,True,1,960
3504,3504.jpg,.jpg,960,960,True,2,960
3505,3505.jpg,.jpg,960,960,True,3,960
3506,3506.jpg,.jpg,1600,1600,True,1,1600
3507,3507.jpg,.jpg,960,960,True,2,960
3508,3508.jpg,.jpg,960,960,True,5,960
3509,3509.jpg,.jpg,1080,1080,True,1,1080
3510,3510.jpg,.jpg,960,960,True,1,960
3511,3511.jpg,.jpg,960,960,True,2,960
3512,3512.jpg,.jpg,1600,1600,True,1,1600
3513,3513.jpg,.jpg,960,960,True,6,960
3514,3514.jpg,.jpg,1080,1080,True,1,1080
3515,3515.jpg,.jpg,960,960,True,11,960
3516,3516.jpg,.jpg,960,960,True,5,960
3517,3517.jpg,.jpg,960,960,True,2,960
3518,3518.jpg,.jpg,960,960,True,4,960
3519,3519.jpg,.jpg,960,960,True,6,960
3520,3520.jpg,.jpg,1080,1080,True,1,1080
3521,3521.jpg,.jpg,960,960,True,1,960
3522,3522.jpg,.jpg,960,960,True,4,960
3523,3523.jpg,.jpg,960,960,True,2,960
3524,3524.jpg,.jpg,960,960,True,2,960
3525,3525.jpg,.jpg,1600,1600,True,3,1600
3526,3526.jpg,.jpg,960,960,True,1,960
3527,3527.jpg,.jpg,960,960,True,4,960
3528,3528.jpg,.jpg,960,960,True,4,960
3529,3529.jpg,.jpg,960,960,True,1,960
3530,3530.jpg,.jpg,960,960,True,2,960
3531,3531.jpg,.jpg,960,960,True,1,960
3532,3532.jpg,.jpg,960,960,True,1,960
3533,3533.jpg,.jpg,960,960,True,3,960
3534,3534.jpg,.jpg,960,960,True,15,960
3535,3535.jpg,.jpg,1600,1600,True,1,1600
3536,3536.jpg,.jpg,960,960,True,9,960
3537,3537.jpg,.jpg,960,960,True,5,960
3538,3538.jpg,.jpg,1600,1600,True,3,1600
3539,3539.jpg,.jpg,1080,1080,True,1,1080
3540,3540.jpg,.jpg,960,960,True,2,960
3541,3541.jpg,.jpg,960,960,True,3,960
3542,3542.jpg,.jpg,960,960,True,1,960
3543,3543.jpg,.jpg,720,720,True,1,720
3544,3544.jpg,.jpg,960,960,True,2,960
3545,3545.jpg,.jpg,960,960,True,1,960
3546,3546.jpg,.jpg,960,960,True,4,960
3547,3547.jpg,.jpg,960,960,True,4,960
3548,3548.jpg,.jpg,640,640,True,1,640
3549,3549.jpg,.jpg,960,960,True,1,960
3550,3550.png,.png,640,640,True,5,640
3551,3551.png,.png,640,640,False,0,640
3552,3552.png,.png,640,640,True,3,640
3553,3553.jpg,.jpg,960,960,True,6,960
3554,3554.jpg,.jpg,960,960,False,0,960
3555,3555.jpg,.jpg,960,960,True,9,960
3556,3556.jpg,.jpg,960,960,True,1,960
3557,3557.jpg,.jpg,960,960,True,1,960
3558,3558.png,.png,640,640,False,0,640
3559,3559.jpg,.jpg,960,960,False,0,960
3560,3560.jpg,.jpg,960,960,True,12,960
3561,3561.png,.png,640,640,False,0,640
3562,3562.jpg,.jpg,960,960,True,4,960
3563,3563.png,.png,640,640,False,0,640
3564,3564.png,.png,640,640,False,0,640
3565,3565.jpg,.jpg,1080,1080,True,7,1080
3566,3566.jpg,.jpg,1080,1080,True,2,1080
3567,3567.png,.png,640,640,False,0,640
3568,3568.jpg,.jpg,960,960,True,2,960
3569,3569.jpg,.jpg,640,640,True,6,640
3570,3570.jpg,.jpg,1080,1080,True,3,1080
3571,3571.jpg,.jpg,960,960,False,0,960
3572,3572.jpg,.jpg,640,640,True,4,640
3573,3573.jpg,.jpg,960,960,True,5,960
3574,3574.jpg,.jpg,960,960,True,7,960
3575,3575.jpg,.jpg,960,960,True,12,960
3576,3576.jpg,.jpg,1080,1080,True,3,1080
3577,3577.jpg,.jpg,960,960,False,0,960
3578,3578.png,.png,640,640,False,0,640
3579,3579.jpg,.jpg,960,960,True,8,960
3580,3580.png,.png,640,640,True,2,640
3581,3581.jpg,.jpg,960,960,True,2,960
3582,3582.jpg,.jpg,640,640,True,1,640
3583,3583.jpg,.jpg,1600,1600,True,3,1600
3584,3584.jpg,.jpg,960,960,True,10,960
3585,3585.jpg,.jpg,960,960,True,5,960
3586,3586.png,.png,640,640,True,1,640
3587,3587.jpg,.jpg,960,960,True,8,960
3588,3588.jpg,.jpg,960,960,False,0,960
3589,3589.jpg,.jpg,960,960,False,0,960
3590,3590.jpg,.jpg,960,960,True,2,960
3591,3591.jpg,.jpg,960,960,False,0,960
3592,3592.jpg,.jpg,960,960,True,2,960
3593,3593.jpg,.jpg,960,960,True,8,960
3594,3594.png,.png,640,640,True,2,640
3595,3595.jpg,.jpg,960,960,True,8,960
3596,3596.jpg,.jpg,960,960,True,6,960
3597,3597.jpg,.jpg,1600,1600,False,0,1600
3598,3598.png,.png,640,640,False,0,640
3599,3599.jpg,.jpg,640,640,True,3,640
3600,3600.jpg,.jpg,960,960,True,4,960
3601,3601.jpg,.jpg,960,960,True,5,960
3602,3602.jpg,.jpg,960,960,True,3,960
3603,3603.png,.png,640,640,True,1,640
3604,3604.jpg,.jpg,960,960,True,2,960
3605,3605.png,.png,640,640,False,0,640
3606,3606.png,.png,640,640,True,2,640
3607,3607.jpg,.jpg,1080,1080,False,0,1080
3608,3608.jpg,.jpg,960,960,True,3,960
3609,3609.jpg,.jpg,960,960,True,2,960
3610,3610.jpg,.jpg,960,960,True,2,960
3611,3611.jpg,.jpg,960,960,True,4,960
3612,3612.png,.png,640,640,True,2,640
3613,3613.png,.png,640,640,True,1,640
3614,3614.jpg,.jpg,1080,1080,True,1,1080
3615,3615.jpg,.jpg,960,960,True,3,960
3616,3616.png,.png,640,640,False,0,640
3617,3617.jpg,.jpg,960,960,True,3,960
3618,3618.jpg,.jpg,1080,1080,True,1,1080
3619,3619.jpg,.jpg,960,960,True,1,960
3620,3620.png,.png,640,640,False,0,640
3621,3621.jpg,.jpg,960,960,False,0,960
3622,3622.png,.png,640,640,True,1,640
3623,3623.jpg,.jpg,640,640,True,3,640
3624,3624.jpg,.jpg,960,960,True,1,960
3625,3625.jpg,.jpg,1080,1080,False,0,1080
3626,3626.jpg,.jpg,960,960,True,6,960
3627,3627.jpg,.jpg,960,960,True,3,960
3628,3628.jpg,.jpg,1080,1080,True,4,1080
3629,3629.jpg,.jpg,960,960,True,4,960
3630,3630.jpg,.jpg,1080,1080,False,0,1080
3631,3631.jpg,.jpg,960,960,False,0,960
3632,3632.jpg,.jpg,1600,1600,True,2,1600
3633,3633.jpg,.jpg,960,960,True,6,960
3634,3634.png,.png,640,640,False,0,640
3635,3635.jpg,.jpg,960,960,True,5,960
3636,3636.jpg,.jpg,1600,1600,True,2,1600
3637,3637.jpg,.jpg,960,960,True,4,960
3638,3638.jpg,.jpg,960,960,True,4,960
3639,3639.jpg,.jpg,1080,1080,True,5,1080
3640,3640.jpg,.jpg,960,960,True,2,960
3641,3641.png,.png,640,640,False,0,640
3642,3642.jpg,.jpg,960,960,True,2,960
3643,3643.jpg,.jpg,720,720,True,4,720
3644,3644.jpg,.jpg,1080,1080,False,0,1080
3645,3645.png,.png,640,640,False,0,640
3646,3646.jpg,.jpg,1600,1600,True,1,1600
3647,3647.jpg,.jpg,960,960,True,3,960
3648,3648.jpg,.jpg,960,960,True,1,960
3649,3649.jpg,.jpg,960,960,True,5,960
3650,3650.jpg,.jpg,960,960,True,1,960
3651,3651.jpg,.jpg,960,960,True,2,960
3652,3652.png,.png,640,640,False,0,640
3653,3653.jpg,.jpg,1080,1080,True,1,1080
3654,3654.png,.png,640,640,False,0,640
3655,3655.png,.png,640,640,False,0,640
3656,3656.jpg,.jpg,960,960,False,0,960
3657,3657.jpg,.jpg,960,960,True,3,960
3658,3658.jpg,.jpg,960,960,True,7,960
3659,3659.jpg,.jpg,960,960,True,2,960
3660,3660.jpg,.jpg,960,960,True,1,960
3661,3661.jpg,.jpg,960,960,True,4,960
3662,3662.jpg,.jpg,1080,1080,True,2,1080
3663,3663.jpg,.jpg,960,960,True,4,960
3664,3664.jpg,.jpg,960,960,True,8,960
3665,3665.jpg,.jpg,960,960,True,10,960
3666,3666.png,.png,640,640,False,0,640
3667,3667.jpg,.jpg,1080,1080,True,14,1080
3668,3668.jpg,.jpg,960,960,True,4,960
3669,3669.png,.png,640,640,True,5,640
3670,3670.jpg,.jpg,960,960,True,4,960
3671,3671.jpg,.jpg,1600,1600,True,5,1600
3672,3672.jpg,.jpg,960,960,True,10,960
3673,3673.jpg,.jpg,960,960,True,7,960
3674,3674.jpg,.jpg,960,960,True,5,960
3675,3675.jpg,.jpg,960,960,True,4,960
3676,3676.png,.png,640,640,False,0,640
3677,3677.jpg,.jpg,1080,1080,True,5,1080
3678,3678.jpg,.jpg,960,960,True,5,960
3679,3679.jpg,.jpg,960,960,True,2,960
3680,3680.jpg,.jpg,960,960,True,1,960
3681,3681.jpg,.jpg,960,960,True,3,960
3682,3682.jpg,.jpg,960,960,True,2,960
3683,3683.jpg,.jpg,960,960,True,8,960
3684,3684.jpg,.jpg,1600,1600,True,7,1600
3685,3685.png,.png,640,640,False,0,640
3686,3686.jpg,.jpg,960,960,True,2,960
3687,3687.jpg,.jpg,1600,1600,True,6,1600
3688,3688.jpg,.jpg,960,960,True,4,960
3689,3689.png,.png,640,640,True,13,640
3690,3690.jpg,.jpg,960,960,True,6,960
3691,3691.jpg,.jpg,960,960,True,1,960
3692,3692.jpg,.jpg,960,960,True,15,960
3693,3693.png,.png,640,640,False,0,640
3694,3694.jpg,.jpg,960,960,True,15,960
3695,3695.png,.png,640,640,True,1,640
3696,3696.jpg,.jpg,960,960,False,0,960
3697,3697.png,.png,640,640,True,2,640
3698,3698.jpg,.jpg,640,640,True,1,640
3699,3699.jpg,.jpg,960,960,True,4,960
3700,3700.png,.png,640,640,False,0,640
3701,3701.jpg,.jpg,960,960,True,4,960
3702,3702.jpg,.jpg,960,960,True,7,960
3703,3703.jpg,.jpg,960,960,True,6,960
3704,3704.jpg,.jpg,960,960,True,2,960
3705,3705.jpg,.jpg,960,960,True,13,960
3706,3706.png,.png,640,640,True,1,640
3707,3707.jpg,.jpg,960,960,True,3,960
3708,3708.jpg,.jpg,960,960,True,23,960
3709,3709.jpg,.jpg,720,720,True,4,720
3710,3710.png,.png,640,640,True,3,640
3711,3711.jpg,.jpg,640,640,True,7,640
3712,3712.jpg,.jpg,960,960,True,4,960
3713,3713.png,.png,640,640,True,1,640
3714,3714.jpg,.jpg,960,960,True,4,960
3715,3715.png,.png,640,640,False,0,640
3716,3716.jpg,.jpg,960,960,True,2,960
3717,3717.jpg,.jpg,960,960,True,9,960
3718,3718.png,.png,640,640,True,1,640
3719,3719.jpg,.jpg,1600,1600,True,5,1600
3720,3720.png,.png,640,640,True,1,640
3721,3721.jpg,.jpg,960,960,True,15,960
3722,3722.jpg,.jpg,960,960,True,16,960
3723,3723.jpg,.jpg,960,960,True,6,960
3724,3724.png,.png,640,640,False,0,640
3725,3725.jpg,.jpg,960,960,True,6,960
3726,3726.jpg,.jpg,960,960,True,7,960
3727,3727.jpg,.jpg,1600,1600,True,1,1600
3728,3728.jpg,.jpg,960,960,True,7,960
3729,3729.jpg,.jpg,960,960,True,2,960
3730,3730.png,.png,640,640,False,0,640
3731,3731.jpg,.jpg,960,960,True,25,960
3732,3732.jpg,.jpg,960,960,True,1,960
3733,3733.jpg,.jpg,960,960,False,0,960
3734,3734.jpg,.jpg,960,960,True,15,960
3735,3735.jpg,.jpg,960,960,True,3,960
3736,3736.png,.png,640,640,True,2,640
3737,3737.png,.png,640,640,False,0,640
3738,3738.jpg,.jpg,960,960,True,15,960
3739,3739.png,.png,640,640,True,5,640
3740,3740.jpg,.jpg,960,960,False,0,960
3741,3741.jpg,.jpg,960,960,True,3,960
3742,3742.jpg,.jpg,1080,1080,True,5,1080
3743,3743.jpg,.jpg,960,960,True,3,960
3744,3744.jpg,.jpg,720,720,True,2,720
3745,3745.jpg,.jpg,640,640,True,6,640
3746,3746.jpg,.jpg,960,960,True,2,960
3747,3747.jpg,.jpg,960,960,True,4,960
3748,3748.png,.png,640,640,True,1,640
3749,3749.jpg,.jpg,960,960,True,17,960
3750,3750.png,.png,640,640,True,1,640
3751,3751.jpg,.jpg,1080,1080,True,1,1080
3752,3752.jpg,.jpg,720,720,False,0,720
3753,3753.png,.png,640,640,True,1,640
3754,3754.png,.png,640,640,False,0,640
3755,3755.jpg,.jpg,640,640,False,0,640
3756,3756.jpg,.jpg,960,960,True,4,960
3757,3757.jpg,.jpg,960,960,False,0,960
3758,3758.png,.png,640,640,False,0,640
3759,3759.jpg,.jpg,960,960,True,1,960
3760,3760.jpg,.jpg,640,640,False,0,640
3761,3761.jpg,.jpg,960,960,True,1,960
3762,3762.jpg,.jpg,1600,1600,True,1,1600
3763,3763.jpg,.jpg,1600,1600,True,1,1600
3764,3764.jpg,.jpg,960,960,True,1,960
3765,3765.png,.png,640,640,False,0,640
3766,3766.jpg,.jpg,960,960,True,3,960
3767,3767.jpg,.jpg,1080,1080,False,0,1080
3768,3768.png,.png,640,640,False,0,640
3769,3769.jpg,.jpg,960,960,False,0,960
3770,3770.jpg,.jpg,960,960,True,1,960
3771,3771.jpg,.jpg,640,640,True,3,640
3772,3772.jpg,.jpg,960,960,True,1,960
3773,3773.jpg,.jpg,1080,1080,True,3,1080
3774,3774.jpg,.jpg,960,960,True,5,960
3775,3775.jpg,.jpg,960,960,True,4,960
3776,3776.jpg,.jpg,960,960,True,8,960
3777,3777.jpg,.jpg,960,960,True,1,960
3778,3778.jpg,.jpg,960,960,False,0,960
3779,3779.png,.png,640,640,False,0,640
3780,3780.jpg,.jpg,960,960,False,0,960
3781,3781.jpg,.jpg,960,960,True,1,960
3782,3782.jpg,.jpg,960,960,True,3,960
3783,3783.jpg,.jpg,960,960,True,1,960
3784,3784.png,.png,640,640,True,2,640
3785,3785.jpg,.jpg,960,960,True,1,960
3786,3786.jpg,.jpg,960,960,False,0,960
3787,3787.jpg,.jpg,1600,1600,False,0,1600
3788,3788.jpg,.jpg,960,960,False,0,960
3789,3789.jpg,.jpg,1080,1080,False,0,1080
3790,3790.jpg,.jpg,1080,1080,True,1,1080
3791,3791.jpg,.jpg,960,960,True,1,960
3792,3792.png,.png,640,640,False,0,640
3793,3793.png,.png,640,640,True,1,640
3794,3794.jpg,.jpg,960,960,True,1,960
3795,3795.png,.png,640,640,False,0,640
3796,3796.png,.png,640,640,True,1,640
3797,3797.jpg,.jpg,960,960,True,2,960
3798,3798.png,.png,640,640,False,0,640
3799,3799.jpg,.jpg,1080,1080,True,6,1080
3800,3800.jpg,.jpg,960,960,True,1,960
3801,3801.jpg,.jpg,960,960,True,1,960
3802,3802.jpg,.jpg,960,960,True,4,960
3803,3803.png,.png,640,640,True,1,640
3804,3804.jpg,.jpg,960,960,True,4,960
3805,3805.jpg,.jpg,960,960,True,1,960
3806,3806.jpg,.jpg,1080,1080,False,0,1080
3807,3807.jpg,.jpg,640,640,True,1,640
3808,3808.jpg,.jpg,960,960,False,0,960
3809,3809.jpg,.jpg,960,960,True,1,960
3810,3810.png,.png,640,640,True,1,640
3811,3811.png,.png,640,640,False,0,640
3812,3812.jpg,.jpg,960,960,False,0,960
3813,3813.jpg,.jpg,1080,1080,True,5,1080
3814,3814.png,.png,640,640,False,0,640
3815,3815.jpg,.jpg,960,960,False,0,960
3816,3816.jpg,.jpg,960,960,True,3,960
3817,3817.jpg,.jpg,1080,1080,True,1,1080
3818,3818.jpg,.jpg,1080,1080,False,0,1080
3819,3819.jpg,.jpg,1600,1600,True,1,1600
3820,3820.jpg,.jpg,1080,1080,True,1,1080
3821,3821.jpg,.jpg,960,960,False,0,960
3822,3822.jpg,.jpg,960,960,False,0,960
3823,3823.jpg,.jpg,1080,1080,True,1,1080
3824,3824.png,.png,640,640,False,0,640
3825,3825.png,.png,640,640,False,0,640
3826,3826.jpg,.jpg,960,960,True,2,960
3827,3827.jpg,.jpg,960,960,False,0,960
3828,3828.jpg,.jpg,960,960,True,2,960
3829,3829.png,.png,640,640,True,1,640
3830,3830.png,.png,640,640,False,0,640
3831,3831.jpg,.jpg,1080,1080,False,0,1080
3832,3832.jpg,.jpg,960,960,True,6,960
3833,3833.png,.png,640,640,False,0,640
3834,3834.png,.png,640,640,False,0,640
3835,3835.jpg,.jpg,960,960,True,1,960
3836,3836.jpg,.jpg,960,960,True,4,960
3837,3837.jpg,.jpg,960,960,True,10,960
3838,3838.png,.png,640,640,False,0,640
3839,3839.png,.png,640,640,False,0,640
3840,3840.jpg,.jpg,720,720,False,0,720
3841,3841.jpg,.jpg,960,960,True,4,960
3842,3842.jpg,.jpg,960,960,False,0,960
3843,3843.jpg,.jpg,720,720,True,1,720
3844,3844.jpg,.jpg,1600,1600,True,1,1600
3845,3845.jpg,.jpg,960,960,False,0,960
3846,3846.jpg,.jpg,960,960,True,4,960
3847,3847.jpg,.jpg,960,960,True,2,960
3848,3848.jpg,.jpg,960,960,True,1,960
3849,3849.jpg,.jpg,1080,1080,False,0,1080
3850,3850.jpg,.jpg,960,960,True,3,960
3851,3851.jpg,.jpg,960,960,True,3,960
3852,3852.png,.png,640,640,True,3,640
3853,3853.jpg,.jpg,960,960,True,4,960
3854,3854.jpg,.jpg,1600,1600,False,0,1600
3855,3855.jpg,.jpg,960,960,True,2,960
3856,3856.jpg,.jpg,960,960,True,2,960
3857,3857.png,.png,640,640,False,0,640
3858,3858.jpg,.jpg,960,960,False,0,960
3859,3859.jpg,.jpg,960,960,False,0,960
3860,3860.jpg,.jpg,960,960,True,2,960
3861,3861.jpg,.jpg,960,960,False,0,960
3862,3862.jpg,.jpg,960,960,True,1,960
3863,3863.jpg,.jpg,960,960,False,0,960
3864,3864.jpg,.jpg,960,960,False,0,960
3865,3865.jpg,.jpg,960,960,True,3,960
3866,3866.png,.png,640,640,False,0,640
3867,3867.jpg,.jpg,960,960,True,8,960
3868,3868.jpg,.jpg,960,960,False,0,960
3869,3869.jpg,.jpg,640,640,True,2,640
3870,3870.jpg,.jpg,960,960,True,4,960
3871,3871.jpg,.jpg,960,960,True,1,960
3872,3872.jpg,.jpg,960,960,True,3,960
3873,3873.jpg,.jpg,960,960,True,1,960
3874,3874.png,.png,640,640,False,0,640
3875,3875.jpg,.jpg,1080,1080,False,0,1080
3876,3876.jpg,.jpg,1600,1600,True,2,1600
3877,3877.jpg,.jpg,1600,1600,True,1,1600
3878,3878.png,.png,640,640,True,4,640
3879,3879.jpg,.jpg,960,960,True,3,960
3880,3880.png,.png,640,640,True,2,640
3881,3881.png,.png,640,640,False,0,640
3882,3882.jpg,.jpg,960,960,False,0,960
3883,3883.png,.png,640,640,False,0,640
3884,3884.jpg,.jpg,960,960,True,2,960
3885,3885.jpg,.jpg,960,960,True,1,960
3886,3886.jpg,.jpg,960,960,True,3,960
3887,3887.jpg,.jpg,960,960,False,0,960
3888,3888.jpg,.jpg,960,960,False,0,960
3889,3889.jpg,.jpg,960,960,False,0,960
3890,3890.jpg,.jpg,960,960,True,5,960
3891,3891.jpg,.jpg,960,960,True,4,960
3892,3892.jpg,.jpg,960,960,True,2,960
3893,3893.jpg,.jpg,1080,1080,False,0,1080
3894,3894.jpg,.jpg,960,960,False,0,960
3895,3895.jpg,.jpg,960,960,True,5,960
3896,3896.jpg,.jpg,960,960,False,0,960
3897,3897.jpg,.jpg,1600,1600,True,1,1600
3898,3898.jpg,.jpg,960,960,True,3,960
3899,3899.png,.png,640,640,False,0,640
3900,3900.jpg,.jpg,960,960,True,1,960
3901,3901.jpg,.jpg,960,960,False,0,960
3902,3902.png,.png,640,640,True,4,640
3903,3903.png,.png,640,640,True,1,640
3904,3904.jpg,.jpg,960,960,True,1,960
3905,3905.jpg,.jpg,1080,1080,True,3,1080
3906,3906.png,.png,640,640,False,0,640
3907,3907.png,.png,640,640,False,0,640
3908,3908.png,.png,640,640,False,0,640
3909,3909.png,.png,640,640,False,0,640
3910,3910.png,.png,640,640,False,0,640
3911,3911.jpg,.jpg,960,960,True,1,960
3912,3912.png,.png,640,640,True,1,640
3913,3913.jpg,.jpg,960,960,True,2,960
3914,3914.jpg,.jpg,1600,1600,True,3,1600
3915,3915.jpg,.jpg,960,960,False,0,960
3916,3916.png,.png,640,640,False,0,640
3917,3917.jpg,.jpg,640,640,True,1,640
3918,3918.jpg,.jpg,960,960,False,0,960
3919,3919.jpg,.jpg,960,960,True,1,960
3920,3920.jpg,.jpg,960,960,True,1,960
3921,3921.png,.png,640,640,False,0,640
3922,3922.png,.png,640,640,False,0,640
3923,3923.png,.png,640,640,True,1,640
3924,3924.jpg,.jpg,960,960,True,6,960
3925,3925.jpg,.jpg,960,960,True,2,960
3926,3926.png,.png,640,640,False,0,640
3927,3927.jpg,.jpg,1080,1080,True,2,1080
3928,3928.png,.png,640,640,False,0,640
3929,3929.png,.png,640,640,False,0,640
3930,3930.jpg,.jpg,960,960,True,5,960
3931,3931.jpg,.jpg,960,960,False,0,960
3932,3932.png,.png,640,640,False,0,640
3933,3933.png,.png,640,640,False,0,640
3934,3934.jpg,.jpg,640,640,True,1,640
3935,3935.jpg,.jpg,960,960,True,2,960
3936,3936.jpg,.jpg,1080,1080,True,3,1080
3937,3937.jpg,.jpg,960,960,True,1,960
3938,3938.jpg,.jpg,1080,1080,True,1,1080
3939,3939.jpg,.jpg,720,720,True,1,720
3940,3940.jpg,.jpg,960,960,True,7,960
3941,3941.jpg,.jpg,960,960,False,0,960
3942,3942.jpg,.jpg,1080,1080,True,2,1080
3943,3943.jpg,.jpg,960,960,True,1,960
3944,3944.jpg,.jpg,1080,1080,True,1,1080
3945,3945.jpg,.jpg,960,960,False,0,960
3946,3946.jpg,.jpg,960,960,True,2,960
3947,3947.jpg,.jpg,960,960,True,2,960
3948,3948.jpg,.jpg,960,960,True,4,960
3949,3949.jpg,.jpg,960,960,True,5,960
3950,3950.jpg,.jpg,640,640,True,9,640
3951,3951.jpg,.jpg,960,960,True,4,960
3952,3952.jpg,.jpg,960,960,False,0,960
3953,3953.jpg,.jpg,1600,1600,True,3,1600
3954,3954.jpg,.jpg,960,960,True,1,960
3955,3955.jpg,.jpg,960,960,True,1,960
3956,3956.png,.png,640,640,True,1,640
3957,3957.png,.png,640,640,False,0,640
3958,3958.jpg,.jpg,960,960,False,0,960
3959,3959.jpg,.jpg,960,960,True,3,960
3960,3960.jpg,.jpg,1080,1080,True,2,1080
3961,3961.png,.png,640,640,False,0,640
3962,3962.png,.png,640,640,True,1,640
3963,3963.jpg,.jpg,960,960,True,2,960
3964,3964.jpg,.jpg,1080,1080,True,3,1080
3965,3965.jpg,.jpg,960,960,True,5,960
3966,3966.jpg,.jpg,960,960,True,3,960
3967,3967.jpg,.jpg,960,960,True,1,960
3968,3968.png,.png,640,640,True,3,640
3969,3969.jpg,.jpg,960,960,False,0,960
3970,3970.jpg,.jpg,960,960,True,2,960
3971,3971.jpg,.jpg,1600,1600,True,2,1600
3972,3972.png,.png,640,640,False,0,640
3973,3973.jpg,.jpg,960,960,True,7,960
3974,3974.jpg,.jpg,960,960,True,5,960
3975,3975.png,.png,640,640,False,0,640
3976,3976.jpg,.jpg,640,640,True,3,640
3977,3977.png,.png,640,640,False,0,640
3978,3978.jpg,.jpg,1080,1080,True,2,1080
3979,3979.jpg,.jpg,960,960,True,2,960
3980,3980.jpg,.jpg,960,960,False,0,960
3981,3981.png,.png,640,640,False,0,640
3982,3982.png,.png,640,640,False,0,640
3983,3983.jpg,.jpg,960,960,True,1,960
3984,3984.jpg,.jpg,960,960,True,5,960
3985,3985.jpg,.jpg,1600,1600,False,0,1600
3986,3986.png,.png,640,640,True,2,640
3987,3987.jpg,.jpg,1600,1600,True,2,1600
3988,3988.jpg,.jpg,960,960,False,0,960
3989,3989.jpg,.jpg,1080,1080,True,5,1080
3990,3990.jpg,.jpg,960,960,False,0,960
3991,3991.jpg,.jpg,960,960,True,3,960
3992,3992.jpg,.jpg,960,960,False,0,960
3993,3993.jpg,.jpg,960,960,True,9,960
3994,3994.jpg,.jpg,960,960,True,5,960
3995,3995.jpg,.jpg,960,960,True,2,960
3996,3996.jpg,.jpg,960,960,True,4,960
3997,3997.png,.png,640,640,False,0,640
3998,3998.jpg,.jpg,640,640,True,3,640
3999,3999.jpg,.jpg,1080,1080,True,1,1080
4000,4000.png,.png,640,640,True,1,640
4001,4001.png,.png,640,640,True,2,640
4002,4002.jpg,.jpg,960,960,True,1,960
4003,4003.jpg,.jpg,1600,1600,True,1,1600
4004,4004.png,.png,640,640,True,2,640
4005,4005.jpg,.jpg,960,960,False,0,960
4006,4006.jpg,.jpg,960,960,True,6,960
4007,4007.jpg,.jpg,1600,1600,True,1,1600
4008,4008.jpg,.jpg,1080,1080,True,1,1080
4009,4009.jpg,.jpg,960,960,True,3,960
4010,4010.jpg,.jpg,640,640,True,1,640
4011,4011.jpg,.jpg,960,960,True,1,960
4012,4012.jpg,.jpg,960,960,True,3,960
4013,4013.png,.png,640,640,True,1,640
4014,4014.png,.png,640,640,False,0,640
4015,4015.png,.png,640,640,False,0,640
4016,4016.jpg,.jpg,640,640,True,4,640
4017,4017.jpg,.jpg,960,960,True,1,960
4018,4018.png,.png,640,640,True,1,640
4019,4019.jpg,.jpg,960,960,True,4,960
4020,4020.jpg,.jpg,960,960,False,0,960
4021,4021.jpg,.jpg,720,720,True,2,720
4022,4022.jpg,.jpg,1080,1080,True,2,1080
4023,4023.png,.png,640,640,False,0,640
4024,4024.jpg,.jpg,1600,1600,True,3,1600
4025,4025.jpg,.jpg,640,640,True,5,640
4026,4026.jpg,.jpg,720,720,True,4,720
4027,4027.jpg,.jpg,960,960,False,0,960
4028,4028.jpg,.jpg,960,960,True,1,960
4029,4029.png,.png,640,640,False,0,640
4030,4030.jpg,.jpg,1080,1080,True,1,1080
4031,4031.jpg,.jpg,960,960,True,3,960
4032,4032.png,.png,640,640,True,1,640
4033,4033.jpg,.jpg,960,960,True,5,960
4034,4034.jpg,.jpg,960,960,True,3,960
4035,4035.jpg,.jpg,960,960,True,6,960
4036,4036.png,.png,640,640,True,2,640
4037,4037.png,.png,640,640,False,0,640
4038,4038.png,.png,640,640,True,1,640
4039,4039.jpg,.jpg,960,960,True,1,960
4040,4040.jpg,.jpg,960,960,True,1,960
4041,4041.jpg,.jpg,1080,1080,True,2,1080
4042,4042.jpg,.jpg,960,960,False,0,960
4043,4043.png,.png,640,640,True,2,640
4044,4044.png,.png,640,640,False,0,640
4045,4045.jpg,.jpg,960,960,True,2,960
4046,4046.jpg,.jpg,960,960,True,3,960
4047,4047.jpg,.jpg,1080,1080,True,1,1080
4048,4048.png,.png,640,640,True,2,640
4049,4049.jpg,.jpg,1080,1080,True,1,1080
4050,4050.jpg,.jpg,960,960,True,3,960
4051,4051.jpg,.jpg,1600,1600,True,2,1600
4052,4052.jpg,.jpg,1080,1080,True,3,1080
4053,4053.jpg,.jpg,960,960,False,0,960
4054,4054.jpg,.jpg,1600,1600,True,1,1600
4055,4055.png,.png,640,640,True,4,640
4056,4056.jpg,.jpg,960,960,True,1,960
4057,4057.jpg,.jpg,720,720,True,1,720
4058,4058.jpg,.jpg,640,640,True,2,640
4059,4059.jpg,.jpg,960,960,True,1,960
4060,4060.jpg,.jpg,960,960,True,5,960
4061,4061.jpg,.jpg,960,960,True,2,960
4062,4062.jpg,.jpg,960,960,True,2,960
4063,4063.jpg,.jpg,960,960,True,2,960
4064,4064.jpg,.jpg,1080,1080,True,4,1080
4065,4065.jpg,.jpg,960,960,True,3,960
4066,4066.jpg,.jpg,960,960,True,6,960
4067,4067.jpg,.jpg,1080,1080,True,1,1080
4068,4068.jpg,.jpg,960,960,True,15,960
4069,4069.png,.png,640,640,True,4,640
4070,4070.jpg,.jpg,960,960,True,4,960
4071,4071.jpg,.jpg,960,960,True,3,960
4072,4072.png,.png,640,640,True,1,640
4073,4073.jpg,.jpg,1080,1080,True,1,1080
4074,4074.jpg,.jpg,1080,1080,True,1,1080
4075,4075.jpg,.jpg,1080,1080,False,0,1080
4076,4076.png,.png,640,640,True,1,640
4077,4077.jpg,.jpg,960,960,True,3,960
4078,4078.jpg,.jpg,960,960,True,4,960
4079,4079.jpg,.jpg,640,640,True,8,640
4080,4080.jpg,.jpg,960,960,True,6,960
4081,4081.jpg,.jpg,960,960,True,2,960
4082,4082.jpg,.jpg,960,960,True,1,960
4083,4083.png,.png,640,640,True,1,640
4084,4084.jpg,.jpg,1600,1600,True,1,1600
4085,4085.jpg,.jpg,1600,1600,False,0,1600
4086,4086.jpg,.jpg,960,960,False,0,960
4087,4087.jpg,.jpg,1080,1080,True,3,1080
4088,4088.jpg,.jpg,960,960,True,1,960
4089,4089.jpg,.jpg,1080,1080,False,0,1080
4090,4090.jpg,.jpg,960,960,True,1,960
4091,4091.jpg,.jpg,960,960,True,1,960
4092,4092.png,.png,640,640,True,8,640
4093,4093.jpg,.jpg,960,960,True,7,960
4094,4094.jpg,.jpg,960,960,True,4,960
4095,4095.jpg,.jpg,960,960,True,1,960
4096,4096.jpg,.jpg,1080,1080,True,7,1080
4097,4097.jpg,.jpg,1600,1600,False,0,1600
4098,4098.jpg,.jpg,960,960,True,5,960
4099,4099.jpg,.jpg,1080,1080,True,4,1080
4100,4100.jpg,.jpg,960,960,False,0,960
4101,4101.jpg,.jpg,960,960,True,2,960
4102,4102.jpg,.jpg,960,960,True,3,960
4103,4103.jpg,.jpg,960,960,True,1,960
4104,4104.jpg,.jpg,960,960,True,3,960
4105,4105.png,.png,640,640,True,2,640
4106,4106.jpg,.jpg,1600,1600,True,2,1600
4107,4107.jpg,.jpg,960,960,True,9,960
4108,4108.jpg,.jpg,1600,1600,True,1,1600
4109,4109.jpg,.jpg,960,960,True,3,960
4110,4110.jpg,.jpg,1080,1080,True,1,1080
4111,4111.jpg,.jpg,960,960,False,0,960
4112,4112.jpg,.jpg,960,960,True,2,960
4113,4113.jpg,.jpg,640,640,True,3,640
4114,4114.png,.png,640,640,False,0,640
4115,4115.jpg,.jpg,640,640,True,3,640
4116,4116.jpg,.jpg,960,960,False,0,960
4117,4117.png,.png,640,640,False,0,640
4118,4118.png,.png,640,640,True,1,640
4119,4119.png,.png,640,640,True,1,640
4120,4120.jpg,.jpg,640,640,True,1,640
4121,4121.jpg,.jpg,960,960,True,1,960
4122,4122.jpg,.jpg,960,960,True,3,960
4123,4123.jpg,.jpg,640,640,True,2,640
4124,4124.jpg,.jpg,960,960,False,0,960
4125,4125.jpg,.jpg,960,960,True,2,960
4126,4126.png,.png,640,640,True,2,640
4127,4127.jpg,.jpg,1080,1080,True,4,1080
4128,4128.png,.png,640,640,False,0,640
4129,4129.jpg,.jpg,960,960,True,8,960
4130,4130.jpg,.jpg,960,960,True,8,960
4131,4131.jpg,.jpg,960,960,True,4,960
4132,4132.jpg,.jpg,1080,1080,True,3,1080
4133,4133.jpg,.jpg,1080,1080,True,1,1080
4134,4134.png,.png,640,640,False,0,640
4135,4135.jpg,.jpg,1600,1600,True,2,1600
4136,4136.jpg,.jpg,960,960,True,2,960
4137,4137.jpg,.jpg,960,960,True,1,960
4138,4138.png,.png,640,640,True,3,640
4139,4139.jpg,.jpg,960,960,True,3,960
4140,4140.jpg,.jpg,960,960,True,6,960
4141,4141.jpg,.jpg,1080,1080,True,2,1080
4142,4142.jpg,.jpg,960,960,False,0,960
4143,4143.jpg,.jpg,960,960,True,2,960
4144,4144.jpg,.jpg,960,960,True,2,960
4145,4145.png,.png,640,640,True,4,640
4146,4146.jpg,.jpg,1600,1600,True,3,1600
4147,4147.png,.png,640,640,True,1,640
4148,4148.jpg,.jpg,960,960,True,3,960
4149,4149.jpg,.jpg,960,960,True,4,960
4150,4150.jpg,.jpg,960,960,True,2,960
4151,4151.png,.png,960,960,True,2,960
4152,4152.png,.png,960,960,True,4,960
4153,4153.jpg,.jpg,960,960,True,5,960
4154,4154.jpg,.jpg,960,960,True,3,960
4155,4155.png,.png,960,960,True,3,960
4156,4156.jpg,.jpg,960,960,True,2,960
4157,4157.png,.png,960,960,True,3,960
4158,4158.png,.png,640,640,False,0,640
4159,4159.jpg,.jpg,960,960,False,0,960
4160,4160.jpg,.jpg,960,960,False,0,960
4161,4161.png,.png,960,960,True,1,960
4162,4162.jpg,.jpg,960,960,False,0,960
4163,4163.png,.png,640,640,True,1,640
4164,4164.jpg,.jpg,960,960,False,0,960
4165,4165.jpg,.jpg,960,960,False,0,960
4166,4166.png,.png,960,960,False,0,960
4167,4167.jpg,.jpg,960,960,False,0,960
4168,4168.png,.png,960,960,True,1,960
4169,4169.jpg,.jpg,960,960,True,2,960
4170,4170.png,.png,960,960,True,1,960
4171,4171.png,.png,640,640,True,1,640
4172,4172.jpg,.jpg,960,960,True,2,960
4173,4173.png,.png,640,640,True,1,640
4174,4174.png,.png,960,960,False,0,960
4175,4175.jpg,.jpg,960,960,False,0,960
4176,4176.jpg,.jpg,960,960,True,2,960
4177,4177.jpg,.jpg,960,960,True,1,960
4178,4178.jpg,.jpg,960,960,True,1,960
4179,4179.png,.png,640,640,True,3,640
4180,4180.png,.png,960,960,True,3,960
4181,4181.jpg,.jpg,960,960,True,1,960
4182,4182.jpg,.jpg,960,960,False,0,960
4183,4183.jpg,.jpg,960,960,False,0,960
4184,4184.jpg,.jpg,960,960,True,1,960
4185,4185.jpg,.jpg,960,960,False,0,960
4186,4186.png,.png,960,960,False,0,960
4187,4187.png,.png,640,640,True,1,640
4188,4188.png,.png,640,640,False,0,640
4189,4189.jpg,.jpg,960,960,True,3,960
4190,4190.png,.png,960,960,False,0,960
4191,4191.png,.png,960,960,True,1,960
4192,4192.jpg,.jpg,960,960,True,3,960
4193,4193.png,.png,960,960,True,3,960
4194,4194.jpg,.jpg,960,960,True,1,960
4195,4195.jpg,.jpg,960,960,True,2,960
4196,4196.png,.png,960,960,True,3,960
4197,4197.jpg,.jpg,960,960,True,2,960
4198,4198.png,.png,960,960,True,2,960
4199,4199.jpg,.jpg,960,960,True,2,960
4200,4200.jpg,.jpg,960,960,True,2,960
4201,4201.png,.png,960,960,False,0,960
4202,4202.jpg,.jpg,960,960,True,4,960
4203,4203.png,.png,640,640,True,1,640
4204,4204.jpg,.jpg,960,960,False,0,960
4205,4205.jpg,.jpg,960,960,True,1,960
4206,4206.jpg,.jpg,960,960,True,2,960
4207,4207.jpg,.jpg,960,960,False,0,960
4208,4208.jpg,.jpg,960,960,True,1,960
4209,4209.png,.png,640,640,True,1,640
4210,4210.png,.png,960,960,True,6,960
4211,4211.jpg,.jpg,960,960,False,0,960
4212,4212.jpg,.jpg,960,960,False,0,960
4213,4213.png,.png,960,960,False,0,960
4214,4214.jpg,.jpg,960,960,False,0,960
4215,4215.jpg,.jpg,960,960,True,2,960
4216,4216.png,.png,960,960,False,0,960
4217,4217.png,.png,960,960,False,0,960
4218,4218.png,.png,960,960,False,0,960
4219,4219.png,.png,960,960,False,0,960
4220,4220.png,.png,960,960,True,4,960
4221,4221.jpg,.jpg,960,960,True,2,960
4222,4222.png,.png,960,960,False,0,960
4223,4223.jpg,.jpg,960,960,True,3,960
4224,4224.jpg,.jpg,960,960,True,1,960
4225,4225.png,.png,960,960,True,1,960
4226,4226.jpg,.jpg,960,960,False,0,960
4227,4227.jpg,.jpg,960,960,True,2,960
4228,4228.jpg,.jpg,960,960,False,0,960
4229,4229.png,.png,960,960,True,1,960
4230,4230.png,.png,640,640,False,0,640
4231,4231.png,.png,960,960,False,0,960
4232,4232.png,.png,640,640,False,0,640
4233,4233.png,.png,960,960,True,1,960
4234,4234.png,.png,960,960,False,0,960
4235,4235.jpg,.jpg,960,960,True,6,960
4236,4236.jpg,.jpg,960,960,True,3,960
4237,4237.jpg,.jpg,960,960,True,1,960
4238,4238.png,.png,960,960,False,0,960
4239,4239.jpg,.jpg,960,960,False,0,960
4240,4240.jpg,.jpg,960,960,False,0,960
4241,4241.jpg,.jpg,960,960,True,1,960
4242,4242.jpg,.jpg,960,960,True,6,960
4243,4243.png,.png,960,960,True,2,960
4244,4244.jpg,.jpg,960,960,True,1,960
4245,4245.png,.png,960,960,True,6,960
4246,4246.png,.png,960,960,False,0,960
4247,4247.jpg,.jpg,960,960,True,2,960
4248,4248.jpg,.jpg,960,960,False,0,960
4249,4249.png,.png,960,960,False,0,960
4250,4250.jpg,.jpg,960,960,False,0,960
4251,4251.png,.png,960,960,False,0,960
4252,4252.jpg,.jpg,960,960,False,0,960
4253,4253.jpg,.jpg,960,960,True,1,960
4254,4254.png,.png,960,960,True,1,960
4255,4255.png,.png,960,960,True,1,960
4256,4256.jpg,.jpg,960,960,True,2,960
4257,4257.jpg,.jpg,960,960,True,1,960
4258,4258.png,.png,960,960,True,1,960
4259,4259.jpg,.jpg,960,960,False,0,960
4260,4260.jpg,.jpg,960,960,True,2,960
4261,4261.jpg,.jpg,960,960,False,0,960
4262,4262.jpg,.jpg,960,960,True,2,960
4263,4263.jpg,.jpg,960,960,False,0,960
4264,4264.jpg,.jpg,960,960,False,0,960
4265,4265.png,.png,960,960,True,4,960
4266,4266.jpg,.jpg,960,960,False,0,960
4267,4267.jpg,.jpg,960,960,True,3,960
4268,4268.jpg,.jpg,960,960,True,4,960
4269,4269.png,.png,960,960,True,1,960
4270,4270.png,.png,960,960,True,1,960
4271,4271.jpg,.jpg,960,960,True,1,960
4272,4272.jpg,.jpg,960,960,False,0,960
4273,4273.png,.png,640,640,False,0,640
4274,4274.jpg,.jpg,960,960,True,1,960
4275,4275.png,.png,960,960,True,3,960
4276,4276.png,.png,960,960,True,2,960
4277,4277.png,.png,960,960,False,0,960
4278,4278.png,.png,640,640,True,4,640
4279,4279.png,.png,960,960,False,0,960
4280,4280.jpg,.jpg,960,960,True,2,960
4281,4281.jpg,.jpg,960,960,True,1,960
4282,4282.png,.png,960,960,False,0,960
4283,4283.jpg,.jpg,960,960,True,1,960
4284,4284.png,.png,960,960,True,1,960
4285,4285.png,.png,960,960,False,0,960
4286,4286.jpg,.jpg,960,960,True,2,960
4287,4287.png,.png,960,960,True,5,960
4288,4288.jpg,.jpg,960,960,True,6,960
4289,4289.png,.png,640,640,False,0,640
4290,4290.jpg,.jpg,960,960,True,1,960
4291,4291.png,.png,960,960,True,1,960
4292,4292.jpg,.jpg,960,960,False,0,960
4293,4293.jpg,.jpg,960,960,False,0,960
4294,4294.png,.png,960,960,True,2,960
4295,4295.png,.png,640,640,True,4,640
4296,4296.png,.png,960,960,True,1,960
4297,4297.png,.png,960,960,True,7,960
4298,4298.png,.png,960,960,True,2,960
4299,4299.png,.png,960,960,False,0,960
4300,4300.png,.png,960,960,True,2,960
4301,4301.jpg,.jpg,960,960,True,2,960
4302,4302.jpg,.jpg,960,960,False,0,960
4303,4303.png,.png,640,640,True,1,640
4304,4304.jpg,.jpg,960,960,True,1,960
4305,4305.jpg,.jpg,960,960,True,1,960
4306,4306.png,.png,960,960,False,0,960
4307,4307.png,.png,960,960,False,0,960
4308,4308.jpg,.jpg,960,960,False,0,960
4309,4309.jpg,.jpg,960,960,False,0,960
4310,4310.jpg,.jpg,960,960,True,2,960
4311,4311.png,.png,960,960,True,2,960
4312,4312.png,.png,960,960,True,2,960
4313,4313.png,.png,960,960,False,0,960
4314,4314.png,.png,640,640,False,0,640
4315,4315.png,.png,960,960,False,0,960
4316,4316.jpg,.jpg,960,960,True,3,960
4317,4317.jpg,.jpg,960,960,True,5,960
4318,4318.jpg,.jpg,960,960,True,5,960
4319,4319.jpg,.jpg,960,960,False,0,960
4320,4320.jpg,.jpg,960,960,False,0,960
4321,4321.jpg,.jpg,960,960,False,0,960
4322,4322.jpg,.jpg,960,960,True,3,960
4323,4323.jpg,.jpg,960,960,False,0,960
4324,4324.jpg,.jpg,960,960,True,2,960
4325,4325.png,.png,960,960,False,0,960
4326,4326.jpg,.jpg,960,960,False,0,960
4327,4327.jpg,.jpg,960,960,False,0,960
4328,4328.jpg,.jpg,960,960,False,0,960
4329,4329.png,.png,960,960,True,4,960
4330,4330.jpg,.jpg,960,960,True,4,960
4331,4331.jpg,.jpg,960,960,True,2,960
4332,4332.png,.png,960,960,True,1,960
4333,4333.jpg,.jpg,960,960,False,0,960
4334,4334.jpg,.jpg,960,960,False,0,960
4335,4335.png,.png,960,960,True,1,960
4336,4336.png,.png,640,640,True,2,640
4337,4337.png,.png,960,960,False,0,960
4338,4338.png,.png,640,640,False,0,640
4339,4339.png,.png,960,960,False,0,960
4340,4340.jpg,.jpg,960,960,True,3,960
4341,4341.jpg,.jpg,960,960,True,4,960
4342,4342.jpg,.jpg,960,960,False,0,960
4343,4343.jpg,.jpg,960,960,False,0,960
4344,4344.png,.png,960,960,True,1,960
4345,4345.png,.png,960,960,False,0,960
4346,4346.jpg,.jpg,960,960,True,1,960
4347,4347.jpg,.jpg,960,960,False,0,960
4348,4348.png,.png,960,960,True,1,960
4349,4349.jpg,.jpg,960,960,True,5,960
4350,4350.jpg,.jpg,960,960,True,1,960
4351,4351.png,.png,640,640,False,0,640
4352,4352.jpg,.jpg,960,960,True,6,960
4353,4353.jpg,.jpg,1080,1080,True,2,1080
4354,4354.png,.png,640,640,False,0,640
4355,4355.png,.png,640,640,False,0,640
4356,4356.jpg,.jpg,960,960,False,0,960
4357,4357.jpg,.jpg,720,720,False,0,720
4358,4358.jpg,.jpg,960,960,False,0,960
4359,4359.png,.png,640,640,False,0,640
4360,4360.jpg,.jpg,640,640,True,3,640
4361,4361.jpg,.jpg,960,960,False,0,960
4362,4362.jpg,.jpg,960,960,True,2,960
4363,4363.jpg,.jpg,960,960,True,1,960
4364,4364.png,.png,640,640,False,0,640
4365,4365.jpg,.jpg,960,960,False,0,960
4366,4366.png,.png,640,640,True,1,640
4367,4367.png,.png,640,640,True,1,640
4368,4368.jpg,.jpg,720,720,False,0,720
4369,4369.jpg,.jpg,960,960,True,5,960
4370,4370.png,.png,640,640,False,0,640
4371,4371.jpg,.jpg,960,960,True,5,960
4372,4372.png,.png,640,640,False,0,640
4373,4373.jpg,.jpg,960,960,True,8,960
4374,4374.jpg,.jpg,960,960,True,1,960
4375,4375.png,.png,640,640,False,0,640
4376,4376.jpg,.jpg,1080,1080,True,2,1080
4377,4377.jpg,.jpg,960,960,True,8,960
4378,4378.jpg,.jpg,960,960,False,0,960
4379,4379.jpg,.jpg,960,960,True,1,960
4380,4380.png,.png,640,640,False,0,640
4381,4381.jpg,.jpg,960,960,True,1,960
4382,4382.jpg,.jpg,960,960,False,0,960
4383,4383.jpg,.jpg,960,960,True,1,960
4384,4384.jpg,.jpg,1080,1080,True,2,1080
4385,4385.jpg,.jpg,640,640,False,0,640
4386,4386.png,.png,640,640,False,0,640
4387,4387.png,.png,640,640,False,0,640
4388,4388.jpg,.jpg,1080,1080,False,0,1080
4389,4389.jpg,.jpg,640,640,True,1,640
4390,4390.jpg,.jpg,960,960,True,2,960
4391,4391.jpg,.jpg,960,960,True,3,960
4392,4392.png,.png,640,640,False,0,640
4393,4393.jpg,.jpg,640,640,False,0,640
4394,4394.jpg,.jpg,1600,1600,True,1,1600
4395,4395.png,.png,640,640,False,0,640
4396,4396.jpg,.jpg,960,960,True,1,960
4397,4397.jpg,.jpg,960,960,True,12,960
4398,4398.jpg,.jpg,1600,1600,True,2,1600
4399,4399.jpg,.jpg,1600,1600,False,0,1600
4400,4400.png,.png,640,640,True,1,640
4401,4401.png,.png,640,640,False,0,640
4402,4402.jpg,.jpg,1600,1600,True,2,1600
4403,4403.png,.png,640,640,False,0,640
4404,4404.jpg,.jpg,960,960,True,8,960
4405,4405.jpg,.jpg,960,960,True,5,960
4406,4406.jpg,.jpg,960,960,True,1,960
4407,4407.jpg,.jpg,960,960,True,1,960
4408,4408.png,.png,640,640,False,0,640
4409,4409.png,.png,640,640,False,0,640
4410,4410.jpg,.jpg,960,960,True,1,960
4411,4411.png,.png,640,640,False,0,640
4412,4412.jpg,.jpg,960,960,False,0,960
4413,4413.jpg,.jpg,960,960,True,7,960
4414,4414.jpg,.jpg,640,640,False,0,640
4415,4415.jpg,.jpg,960,960,False,0,960
4416,4416.jpg,.jpg,960,960,True,3,960
4417,4417.jpg,.jpg,960,960,False,0,960
4418,4418.png,.png,640,640,True,1,640
4419,4419.jpg,.jpg,960,960,True,1,960
4420,4420.jpg,.jpg,1080,1080,True,2,1080
4421,4421.jpg,.jpg,960,960,True,4,960
4422,4422.jpg,.jpg,960,960,False,0,960
4423,4423.jpg,.jpg,1080,1080,True,4,1080
4424,4424.png,.png,640,640,False,0,640
4425,4425.jpg,.jpg,960,960,True,1,960
4426,4426.png,.png,640,640,False,0,640
4427,4427.jpg,.jpg,1080,1080,False,0,1080
4428,4428.jpg,.jpg,1080,1080,True,4,1080
4429,4429.jpg,.jpg,960,960,True,5,960
4430,4430.jpg,.jpg,960,960,False,0,960
4431,4431.jpg,.jpg,960,960,False,0,960
4432,4432.jpg,.jpg,640,640,True,4,640
4433,4433.jpg,.jpg,960,960,True,4,960
4434,4434.jpg,.jpg,960,960,False,0,960
4435,4435.jpg,.jpg,960,960,True,5,960
4436,4436.png,.png,640,640,False,0,640
4437,4437.jpg,.jpg,1080,1080,False,0,1080
4438,4438.jpg,.jpg,960,960,True,5,960
4439,4439.jpg,.jpg,960,960,True,2,960
4440,4440.jpg,.jpg,960,960,True,2,960
4441,4441.png,.png,640,640,False,0,640
4442,4442.png,.png,640,640,False,0,640
4443,4443.jpg,.jpg,960,960,False,0,960
4444,4444.jpg,.jpg,1080,1080,True,3,1080
4445,4445.png,.png,640,640,False,0,640
4446,4446.jpg,.jpg,1080,1080,True,4,1080
4447,4447.jpg,.jpg,960,960,True,2,960
4448,4448.jpg,.jpg,640,640,True,3,640
4449,4449.jpg,.jpg,960,960,False,0,960
4450,4450.jpg,.jpg,960,960,True,10,960
4451,4451.jpg,.jpg,960,960,False,0,960
4452,4452.jpg,.jpg,960,960,True,3,960
4453,4453.jpg,.jpg,960,960,True,3,960
4454,4454.png,.png,640,640,False,0,640
4455,4455.jpg,.jpg,960,960,False,0,960
4456,4456.jpg,.jpg,1600,1600,True,3,1600
4457,4457.png,.png,640,640,False,0,640
4458,4458.jpg,.jpg,640,640,True,1,640
4459,4459.jpg,.jpg,1080,1080,True,2,1080
4460,4460.jpg,.jpg,960,960,True,8,960
4461,4461.jpg,.jpg,960,960,True,4,960
4462,4462.jpg,.jpg,1080,1080,True,1,1080
4463,4463.jpg,.jpg,960,960,True,6,960
4464,4464.png,.png,640,640,True,1,640
4465,4465.png,.png,640,640,False,0,640
4466,4466.png,.png,640,640,True,3,640
4467,4467.png,.png,640,640,True,2,640
4468,4468.jpg,.jpg,1080,1080,True,1,1080
4469,4469.jpg,.jpg,960,960,True,1,960
4470,4470.png,.png,640,640,True,1,640
4471,4471.jpg,.jpg,720,720,True,2,720
4472,4472.png,.png,640,640,False,0,640
4473,4473.jpg,.jpg,1080,1080,True,3,1080
4474,4474.jpg,.jpg,1600,1600,True,2,1600
4475,4475.png,.png,640,640,False,0,640
4476,4476.jpg,.jpg,960,960,False,0,960
4477,4477.png,.png,640,640,False,0,640
4478,4478.jpg,.jpg,960,960,True,4,960
4479,4479.png,.png,640,640,False,0,640
4480,4480.jpg,.jpg,960,960,True,5,960
4481,4481.jpg,.jpg,960,960,True,1,960
4482,4482.jpg,.jpg,1600,1600,True,2,1600
4483,4483.jpg,.jpg,960,960,True,1,960
4484,4484.jpg,.jpg,960,960,False,0,960
4485,4485.jpg,.jpg,960,960,True,1,960
4486,4486.jpg,.jpg,960,960,False,0,960
4487,4487.jpg,.jpg,960,960,True,5,960
4488,4488.jpg,.jpg,960,960,True,5,960
4489,4489.jpg,.jpg,960,960,True,1,960
4490,4490.jpg,.jpg,960,960,True,1,960
4491,4491.jpg,.jpg,1600,1600,True,4,1600
4492,4492.jpg,.jpg,960,960,True,3,960
4493,4493.jpg,.jpg,960,960,False,0,960
4494,4494.jpg,.jpg,960,960,True,5,960
4495,4495.jpg,.jpg,960,960,True,1,960
4496,4496.jpg,.jpg,960,960,True,6,960
4497,4497.jpg,.jpg,1080,1080,True,3,1080
4498,4498.png,.png,640,640,False,0,640
4499,4499.jpg,.jpg,960,960,True,14,960
4500,4500.png,.png,640,640,False,0,640
4501,4501.png,.png,640,640,False,0,640
4502,4502.jpg,.jpg,1080,1080,True,2,1080
4503,4503.png,.png,640,640,False,0,640
4504,4504.jpg,.jpg,1600,1600,False,0,1600
4505,4505.jpg,.jpg,960,960,True,8,960
4506,4506.jpg,.jpg,640,640,True,1,640
4507,4507.jpg,.jpg,1600,1600,True,4,1600
4508,4508.jpg,.jpg,960,960,True,2,960
4509,4509.png,.png,640,640,False,0,640
4510,4510.jpg,.jpg,960,960,True,6,960
4511,4511.jpg,.jpg,960,960,True,1,960
4512,4512.png,.png,640,640,False,0,640
4513,4513.jpg,.jpg,1600,1600,True,2,1600
4514,4514.jpg,.jpg,960,960,True,7,960
4515,4515.jpg,.jpg,960,960,False,0,960
4516,4516.jpg,.jpg,1600,1600,False,0,1600
4517,4517.jpg,.jpg,960,960,True,2,960
4518,4518.jpg,.jpg,960,960,True,4,960
4519,4519.jpg,.jpg,960,960,False,0,960
4520,4520.jpg,.jpg,960,960,True,6,960
4521,4521.jpg,.jpg,960,960,False,0,960
4522,4522.jpg,.jpg,960,960,True,1,960
4523,4523.jpg,.jpg,960,960,False,0,960
4524,4524.jpg,.jpg,960,960,True,6,960
4525,4525.jpg,.jpg,1600,1600,False,0,1600
4526,4526.png,.png,640,640,False,0,640
4527,4527.jpg,.jpg,640,640,True,1,640
4528,4528.jpg,.jpg,960,960,True,3,960
4529,4529.jpg,.jpg,960,960,True,4,960
4530,4530.png,.png,640,640,False,0,640
4531,4531.jpg,.jpg,960,960,False,0,960
4532,4532.jpg,.jpg,960,960,False,0,960
4533,4533.png,.png,640,640,False,0,640
4534,4534.jpg,.jpg,640,640,True,2,640
4535,4535.jpg,.jpg,960,960,True,4,960
4536,4536.jpg,.jpg,720,720,False,0,720
4537,4537.jpg,.jpg,1080,1080,True,1,1080
4538,4538.jpg,.jpg,960,960,False,0,960
4539,4539.jpg,.jpg,960,960,True,3,960
4540,4540.jpg,.jpg,960,960,False,0,960
4541,4541.png,.png,640,640,False,0,640
4542,4542.jpg,.jpg,960,960,True,1,960
4543,4543.png,.png,640,640,False,0,640
4544,4544.png,.png,640,640,False,0,640
4545,4545.png,.png,640,640,True,1,640
4546,4546.jpg,.jpg,960,960,True,6,960
4547,4547.jpg,.jpg,960,960,False,0,960
4548,4548.jpg,.jpg,960,960,False,0,960
4549,4549.jpg,.jpg,960,960,False,0,960
4550,4550.jpg,.jpg,720,720,True,2,720
4551,4551.jpg,.jpg,1080,1080,True,7,1080
4552,4552.jpg,.jpg,640,640,True,1,640
4553,4553.jpg,.jpg,960,960,False,0,960
4554,4554.jpg,.jpg,960,960,False,0,960
4555,4555.jpg,.jpg,960,960,True,6,960
4556,4556.jpg,.jpg,960,960,False,0,960
4557,4557.jpg,.jpg,960,960,False,0,960
4558,4558.jpg,.jpg,960,960,False,0,960
4559,4559.png,.png,640,640,True,1,640
4560,4560.jpg,.jpg,1080,1080,False,0,1080
4561,4561.jpg,.jpg,960,960,False,0,960
4562,4562.jpg,.jpg,960,960,True,7,960
4563,4563.png,.png,640,640,True,1,640
4564,4564.jpg,.jpg,960,960,False,0,960
4565,4565.jpg,.jpg,960,960,True,3,960
4566,4566.jpg,.jpg,960,960,False,0,960
4567,4567.jpg,.jpg,960,960,True,6,960
4568,4568.jpg,.jpg,960,960,False,0,960
4569,4569.jpg,.jpg,720,720,True,4,720
4570,4570.png,.png,640,640,True,1,640
4571,4571.png,.png,640,640,True,3,640
4572,4572.png,.png,640,640,True,1,640
4573,4573.png,.png,640,640,False,0,640
4574,4574.png,.png,640,640,True,1,640
4575,4575.png,.png,640,640,False,0,640
4576,4576.jpg,.jpg,960,960,True,2,960
4577,4577.jpg,.jpg,1600,1600,True,1,1600
4578,4578.jpg,.jpg,960,960,True,3,960
4579,4579.jpg,.jpg,960,960,False,0,960
4580,4580.jpg,.jpg,1600,1600,False,0,1600
4581,4581.jpg,.jpg,960,960,True,2,960
4582,4582.jpg,.jpg,960,960,True,3,960
4583,4583.jpg,.jpg,960,960,True,2,960
4584,4584.jpg,.jpg,720,720,False,0,720
4585,4585.jpg,.jpg,960,960,True,4,960
4586,4586.png,.png,640,640,True,2,640
4587,4587.png,.png,640,640,False,0,640
4588,4588.jpg,.jpg,720,720,False,0,720
4589,4589.jpg,.jpg,960,960,False,0,960
4590,4590.jpg,.jpg,960,960,True,3,960
4591,4591.jpg,.jpg,960,960,False,0,960
4592,4592.jpg,.jpg,960,960,True,4,960
4593,4593.jpg,.jpg,720,720,False,0,720
4594,4594.jpg,.jpg,1080,1080,False,0,1080
4595,4595.jpg,.jpg,960,960,True,3,960
4596,4596.jpg,.jpg,960,960,True,1,960
4597,4597.png,.png,640,640,True,2,640
4598,4598.jpg,.jpg,960,960,True,3,960
4599,4599.jpg,.jpg,960,960,True,6,960
4600,4600.jpg,.jpg,960,960,True,1,960
4601,4601.jpg,.jpg,960,960,False,0,960
4602,4602.jpg,.jpg,960,960,True,5,960
4603,4603.jpg,.jpg,960,960,False,0,960
4604,4604.jpg,.jpg,1600,1600,True,1,1600
4605,4605.png,.png,640,640,False,0,640
4606,4606.jpg,.jpg,960,960,True,5,960
4607,4607.png,.png,640,640,True,2,640
4608,4608.jpg,.jpg,1600,1600,True,2,1600
4609,4609.png,.png,640,640,False,0,640
4610,4610.jpg,.jpg,1600,1600,False,0,1600
4611,4611.png,.png,640,640,False,0,640
4612,4612.jpg,.jpg,960,960,True,1,960
4613,4613.jpg,.jpg,960,960,True,4,960
4614,4614.png,.png,640,640,False,0,640
4615,4615.jpg,.jpg,640,640,True,2,640
4616,4616.jpg,.jpg,960,960,True,2,960
4617,4617.jpg,.jpg,960,960,True,4,960
4618,4618.jpg,.jpg,1600,1600,False,0,1600
4619,4619.jpg,.jpg,1600,1600,False,0,1600
4620,4620.jpg,.jpg,960,960,False,0,960
4621,4621.png,.png,640,640,False,0,640
4622,4622.png,.png,640,640,False,0,640
4623,4623.png,.png,640,640,False,0,640
4624,4624.jpg,.jpg,960,960,True,3,960
4625,4625.jpg,.jpg,960,960,True,5,960
4626,4626.jpg,.jpg,960,960,True,3,960
4627,4627.jpg,.jpg,960,960,True,4,960
4628,4628.jpg,.jpg,1600,1600,True,2,1600
4629,4629.jpg,.jpg,1600,1600,True,1,1600
4630,4630.jpg,.jpg,960,960,True,7,960
4631,4631.png,.png,640,640,True,1,640
4632,4632.jpg,.jpg,960,960,False,0,960
4633,4633.jpg,.jpg,960,960,False,0,960
4634,4634.jpg,.jpg,960,960,False,0,960
4635,4635.jpg,.jpg,1080,1080,False,0,1080
4636,4636.jpg,.jpg,960,960,False,0,960
4637,4637.jpg,.jpg,640,640,False,0,640
4638,4638.png,.png,640,640,False,0,640
4639,4639.jpg,.jpg,960,960,True,5,960
4640,4640.jpg,.jpg,960,960,True,4,960
4641,4641.jpg,.jpg,960,960,True,3,960
4642,4642.png,.png,640,640,True,4,640
4643,4643.jpg,.jpg,960,960,True,2,960
4644,4644.png,.png,640,640,False,0,640
4645,4645.jpg,.jpg,960,960,True,2,960
4646,4646.jpg,.jpg,720,720,False,0,720
4647,4647.png,.png,640,640,False,0,640
4648,4648.png,.png,640,640,False,0,640
4649,4649.png,.png,640,640,True,2,640
4650,4650.jpg,.jpg,960,960,True,4,960
4651,4651.jpg,.jpg,960,960,True,3,960
4652,4652.jpg,.jpg,640,640,True,2,640
4653,4653.png,.png,640,640,True,1,640
4654,4654.png,.png,640,640,True,3,640
4655,4655.jpg,.jpg,960,960,True,5,960
4656,4656.jpg,.jpg,960,960,True,5,960
4657,4657.jpg,.jpg,960,960,True,3,960
4658,4658.jpg,.jpg,1080,1080,True,1,1080
4659,4659.jpg,.jpg,960,960,True,3,960
4660,4660.jpg,.jpg,960,960,True,2,960
4661,4661.jpg,.jpg,960,960,True,1,960
4662,4662.png,.png,640,640,False,0,640
4663,4663.jpg,.jpg,960,960,True,2,960
4664,4664.jpg,.jpg,960,960,True,4,960
4665,4665.png,.png,640,640,False,0,640
4666,4666.jpg,.jpg,960,960,True,4,960
4667,4667.jpg,.jpg,1080,1080,True,6,1080
4668,4668.jpg,.jpg,960,960,True,3,960
4669,4669.jpg,.jpg,960,960,True,3,960
4670,4670.jpg,.jpg,1600,1600,True,7,1600
4671,4671.jpg,.jpg,640,640,True,2,640
4672,4672.jpg,.jpg,960,960,False,0,960
4673,4673.jpg,.jpg,960,960,True,3,960
4674,4674.png,.png,640,640,False,0,640
4675,4675.jpg,.jpg,960,960,True,1,960
4676,4676.jpg,.jpg,960,960,True,1,960
4677,4677.png,.png,640,640,True,3,640
4678,4678.jpg,.jpg,960,960,True,5,960
4679,4679.png,.png,640,640,False,0,640
4680,4680.jpg,.jpg,1600,1600,True,2,1600
4681,4681.jpg,.jpg,960,960,True,2,960
4682,4682.jpg,.jpg,960,960,False,0,960
4683,4683.png,.png,640,640,False,0,640
4684,4684.png,.png,640,640,False,0,640
4685,4685.jpg,.jpg,960,960,True,1,960
4686,4686.jpg,.jpg,1080,1080,True,2,1080
4687,4687.jpg,.jpg,960,960,False,0,960
4688,4688.jpg,.jpg,960,960,True,2,960
4689,4689.jpg,.jpg,960,960,True,2,960
4690,4690.png,.png,640,640,False,0,640
4691,4691.jpg,.jpg,960,960,True,3,960
4692,4692.jpg,.jpg,960,960,True,1,960
4693,4693.jpg,.jpg,960,960,True,2,960
4694,4694.jpg,.jpg,1080,1080,False,0,1080
4695,4695.jpg,.jpg,960,960,False,0,960
4696,4696.jpg,.jpg,960,960,True,7,960
4697,4697.png,.png,640,640,True,2,640
4698,4698.jpg,.jpg,1600,1600,True,3,1600
4699,4699.jpg,.jpg,960,960,False,0,960
4700,4700.jpg,.jpg,1080,1080,False,0,1080
4701,4701.jpg,.jpg,960,960,False,0,960
4702,4702.jpg,.jpg,960,960,True,11,960
4703,4703.jpg,.jpg,640,640,False,0,640
4704,4704.jpg,.jpg,1080,1080,False,0,1080
4705,4705.jpg,.jpg,640,640,True,3,640
4706,4706.jpg,.jpg,1080,1080,True,2,1080
4707,4707.jpg,.jpg,1600,1600,True,2,1600
4708,4708.jpg,.jpg,1600,1600,True,3,1600
4709,4709.jpg,.jpg,960,960,True,2,960
4710,4710.png,.png,640,640,True,1,640
4711,4711.jpg,.jpg,640,640,True,3,640
4712,4712.jpg,.jpg,960,960,True,4,960
4713,4713.png,.png,640,640,True,2,640
4714,4714.jpg,.jpg,960,960,True,2,960
4715,4715.jpg,.jpg,960,960,True,4,960
4716,4716.jpg,.jpg,640,640,True,2,640
4717,4717.jpg,.jpg,960,960,True,3,960
4718,4718.jpg,.jpg,960,960,False,0,960
4719,4719.png,.png,640,640,False,0,640
4720,4720.jpg,.jpg,960,960,False,0,960
4721,4721.jpg,.jpg,960,960,False,0,960
4722,4722.png,.png,640,640,False,0,640
4723,4723.jpg,.jpg,960,960,False,0,960
4724,4724.jpg,.jpg,960,960,False,0,960
4725,4725.jpg,.jpg,960,960,False,0,960
4726,4726.png,.png,640,640,True,1,640
4727,4727.png,.png,640,640,True,3,640
4728,4728.png,.png,640,640,False,0,640
4729,4729.jpg,.jpg,960,960,True,4,960
4730,4730.png,.png,640,640,False,0,640
4731,4731.jpg,.jpg,960,960,False,0,960
4732,4732.jpg,.jpg,960,960,True,3,960
4733,4733.png,.png,640,640,True,1,640
4734,4734.png,.png,640,640,True,3,640
4735,4735.png,.png,640,640,True,2,640
4736,4736.png,.png,640,640,False,0,640
4737,4737.jpg,.jpg,960,960,False,0,960
4738,4738.jpg,.jpg,720,720,False,0,720
4739,4739.jpg,.jpg,960,960,False,0,960
4740,4740.jpg,.jpg,1080,1080,False,0,1080
4741,4741.jpg,.jpg,960,960,True,2,960
4742,4742.jpg,.jpg,960,960,True,2,960
4743,4743.jpg,.jpg,960,960,False,0,960
4744,4744.jpg,.jpg,1600,1600,True,2,1600
4745,4745.jpg,.jpg,960,960,False,0,960
4746,4746.jpg,.jpg,960,960,True,3,960
4747,4747.jpg,.jpg,1600,1600,True,3,1600
4748,4748.jpg,.jpg,960,960,False,0,960
4749,4749.png,.png,640,640,False,0,640
4750,4750.jpg,.jpg,960,960,False,0,960
4751,4751.jpg,.jpg,960,960,True,1,960
4752,4752.jpg,.jpg,1080,1080,True,5,1080
4753,4753.jpg,.jpg,960,960,True,2,960
4754,4754.jpg,.jpg,960,960,False,0,960
4755,4755.jpg,.jpg,960,960,True,1,960
4756,4756.jpg,.jpg,960,960,True,1,960
4757,4757.jpg,.jpg,1600,1600,True,1,1600
4758,4758.jpg,.jpg,960,960,True,3,960
4759,4759.jpg,.jpg,960,960,True,2,960
4760,4760.png,.png,640,640,False,0,640
4761,4761.jpg,.jpg,960,960,True,1,960
4762,4762.jpg,.jpg,1080,1080,True,2,1080
4763,4763.jpg,.jpg,960,960,True,3,960
4764,4764.jpg,.jpg,960,960,True,1,960
4765,4765.jpg,.jpg,960,960,False,0,960
4766,4766.jpg,.jpg,1080,1080,True,2,1080
4767,4767.png,.png,640,640,True,1,640
4768,4768.png,.png,640,640,True,1,640
4769,4769.png,.png,640,640,True,1,640
4770,4770.jpg,.jpg,960,960,True,2,960
4771,4771.png,.png,640,640,False,0,640
4772,4772.jpg,.jpg,1080,1080,True,5,1080
4773,4773.jpg,.jpg,960,960,True,1,960
4774,4774.jpg,.jpg,960,960,True,2,960
4775,4775.png,.png,640,640,False,0,640
4776,4776.jpg,.jpg,960,960,False,0,960
4777,4777.jpg,.jpg,1600,1600,False,0,1600
4778,4778.jpg,.jpg,1600,1600,True,2,1600
4779,4779.jpg,.jpg,960,960,True,2,960
4780,4780.png,.png,640,640,False,0,640
4781,4781.jpg,.jpg,960,960,False,0,960
4782,4782.png,.png,640,640,True,1,640
4783,4783.jpg,.jpg,1080,1080,True,3,1080
4784,4784.jpg,.jpg,1080,1080,True,3,1080
4785,4785.png,.png,640,640,True,1,640
4786,4786.jpg,.jpg,640,640,False,0,640
4787,4787.jpg,.jpg,960,960,False,0,960
4788,4788.png,.png,640,640,True,1,640
4789,4789.jpg,.jpg,960,960,True,5,960
4790,4790.jpg,.jpg,640,640,False,0,640
4791,4791.jpg,.jpg,960,960,True,1,960
4792,4792.png,.png,640,640,False,0,640
4793,4793.jpg,.jpg,1080,1080,True,2,1080
4794,4794.jpg,.jpg,960,960,True,1,960
4795,4795.jpg,.jpg,960,960,True,1,960
4796,4796.png,.png,640,640,False,0,640
4797,4797.png,.png,640,640,False,0,640
4798,4798.jpg,.jpg,960,960,False,0,960
4799,4799.jpg,.jpg,960,960,True,3,960
4800,4800.jpg,.jpg,1080,1080,False,0,1080
4801,4801.jpg,.jpg,960,960,False,0,960
4802,4802.jpg,.jpg,960,960,True,1,960
4803,4803.jpg,.jpg,960,960,True,1,960
4804,4804.png,.png,640,640,True,1,640
4805,4805.jpg,.jpg,960,960,False,0,960
4806,4806.png,.png,640,640,False,0,640
4807,4807.jpg,.jpg,960,960,True,1,960
4808,4808.png,.png,640,640,True,2,640
4809,4809.jpg,.jpg,960,960,True,3,960
4810,4810.png,.png,640,640,True,1,640
4811,4811.jpg,.jpg,960,960,True,2,960
4812,4812.jpg,.jpg,960,960,False,0,960
4813,4813.png,.png,640,640,True,1,640
4814,4814.jpg,.jpg,720,720,True,2,720
4815,4815.jpg,.jpg,960,960,True,5,960
4816,4816.jpg,.jpg,960,960,True,3,960
4817,4817.jpg,.jpg,1080,1080,False,0,1080
4818,4818.jpg,.jpg,960,960,True,1,960
4819,4819.jpg,.jpg,960,960,True,1,960
4820,4820.jpg,.jpg,960,960,True,2,960
4821,4821.png,.png,640,640,True,1,640
4822,4822.jpg,.jpg,960,960,True,2,960
4823,4823.jpg,.jpg,960,960,True,2,960
4824,4824.png,.png,640,640,False,0,640
4825,4825.jpg,.jpg,960,960,True,1,960
4826,4826.jpg,.jpg,640,640,False,0,640
4827,4827.jpg,.jpg,1080,1080,True,1,1080
4828,4828.jpg,.jpg,960,960,True,4,960
4829,4829.png,.png,640,640,True,2,640
4830,4830.jpg,.jpg,1600,1600,True,3,1600
4831,4831.jpg,.jpg,960,960,True,1,960
4832,4832.jpg,.jpg,960,960,True,2,960
4833,4833.jpg,.jpg,960,960,False,0,960
4834,4834.jpg,.jpg,960,960,False,0,960
4835,4835.png,.png,640,640,True,1,640
4836,4836.jpg,.jpg,1080,1080,False,0,1080
4837,4837.jpg,.jpg,960,960,True,2,960
4838,4838.jpg,.jpg,1600,1600,True,2,1600
4839,4839.jpg,.jpg,960,960,True,1,960
4840,4840.jpg,.jpg,1600,1600,True,4,1600
4841,4841.jpg,.jpg,1600,1600,False,0,1600
4842,4842.jpg,.jpg,1080,1080,True,2,1080
4843,4843.jpg,.jpg,960,960,True,1,960
4844,4844.jpg,.jpg,960,960,True,3,960
4845,4845.png,.png,640,640,False,0,640
4846,4846.jpg,.jpg,960,960,True,2,960
4847,4847.jpg,.jpg,960,960,True,1,960
4848,4848.jpg,.jpg,960,960,True,7,960
4849,4849.png,.png,640,640,True,1,640
4850,4850.jpg,.jpg,1600,1600,True,1,1600
4851,4851.jpg,.jpg,1600,1600,True,3,1600
4852,4852.png,.png,640,640,False,0,640
4853,4853.jpg,.jpg,1080,1080,True,1,1080
4854,4854.jpg,.jpg,960,960,False,0,960
4855,4855.png,.png,640,640,False,0,640
4856,4856.jpg,.jpg,960,960,False,0,960
4857,4857.jpg,.jpg,960,960,True,4,960
4858,4858.png,.png,640,640,False,0,640
4859,4859.jpg,.jpg,960,960,True,1,960
4860,4860.jpg,.jpg,960,960,True,2,960
4861,4861.jpg,.jpg,960,960,False,0,960
4862,4862.jpg,.jpg,960,960,True,2,960
4863,4863.jpg,.jpg,960,960,True,3,960
4864,4864.png,.png,640,640,False,0,640
4865,4865.jpg,.jpg,960,960,False,0,960
4866,4866.jpg,.jpg,960,960,False,0,960
4867,4867.jpg,.jpg,960,960,True,1,960
4868,4868.jpg,.jpg,960,960,True,2,960
4869,4869.jpg,.jpg,960,960,True,1,960
4870,4870.jpg,.jpg,640,640,True,2,640
4871,4871.jpg,.jpg,960,960,True,2,960
4872,4872.png,.png,640,640,True,1,640
4873,4873.jpg,.jpg,960,960,False,0,960
4874,4874.jpg,.jpg,960,960,True,2,960
4875,4875.jpg,.jpg,960,960,True,1,960
4876,4876.png,.png,640,640,False,0,640
4877,4877.png,.png,640,640,True,1,640
4878,4878.png,.png,640,640,False,0,640
4879,4879.jpg,.jpg,960,960,True,2,960
4880,4880.jpg,.jpg,1080,1080,True,1,1080
4881,4881.jpg,.jpg,960,960,False,0,960
4882,4882.jpg,.jpg,960,960,True,2,960
4883,4883.png,.png,640,640,False,0,640
4884,4884.jpg,.jpg,1080,1080,True,1,1080
4885,4885.jpg,.jpg,960,960,True,2,960
4886,4886.jpg,.jpg,1080,1080,True,1,1080
4887,4887.jpg,.jpg,1080,1080,True,1,1080
4888,4888.jpg,.jpg,640,640,True,1,640
4889,4889.png,.png,640,640,False,0,640
4890,4890.png,.png,640,640,True,1,640
4891,4891.jpg,.jpg,960,960,True,1,960
4892,4892.png,.png,640,640,False,0,640
4893,4893.jpg,.jpg,960,960,True,4,960
4894,4894.jpg,.jpg,1600,1600,True,1,1600
4895,4895.jpg,.jpg,960,960,True,1,960
4896,4896.png,.png,640,640,False,0,640
4897,4897.jpg,.jpg,960,960,True,2,960
4898,4898.jpg,.jpg,960,960,True,2,960
4899,4899.jpg,.jpg,960,960,True,1,960
4900,4900.png,.png,640,640,False,0,640
4901,4901.jpg,.jpg,1080,1080,True,3,1080
4902,4902.jpg,.jpg,960,960,False,0,960
4903,4903.jpg,.jpg,960,960,True,1,960
4904,4904.png,.png,640,640,True,2,640
4905,4905.jpg,.jpg,960,960,False,0,960
4906,4906.jpg,.jpg,960,960,True,3,960
4907,4907.jpg,.jpg,960,960,True,2,960
4908,4908.jpg,.jpg,960,960,True,1,960
4909,4909.jpg,.jpg,960,960,False,0,960
4910,4910.png,.png,640,640,True,1,640
4911,4911.jpg,.jpg,960,960,False,0,960
4912,4912.jpg,.jpg,1080,1080,True,1,1080
4913,4913.jpg,.jpg,1600,1600,True,4,1600
4914,4914.png,.png,640,640,False,0,640
4915,4915.png,.png,640,640,False,0,640
4916,4916.png,.png,640,640,False,0,640
4917,4917.jpg,.jpg,960,960,True,2,960
4918,4918.jpg,.jpg,960,960,False,0,960
4919,4919.jpg,.jpg,960,960,True,2,960
4920,4920.jpg,.jpg,1080,1080,True,1,1080
4921,4921.jpg,.jpg,960,960,True,3,960
4922,4922.jpg,.jpg,960,960,True,4,960
4923,4923.png,.png,640,640,True,4,640
4924,4924.jpg,.jpg,960,960,True,1,960
4925,4925.jpg,.jpg,1600,1600,True,2,1600
4926,4926.png,.png,640,640,True,1,640
4927,4927.jpg,.jpg,640,640,True,2,640
4928,4928.jpg,.jpg,1080,1080,False,0,1080
4929,4929.jpg,.jpg,960,960,True,2,960
4930,4930.jpg,.jpg,960,960,True,1,960
4931,4931.jpg,.jpg,960,960,True,1,960
4932,4932.jpg,.jpg,960,960,True,1,960
4933,4933.jpg,.jpg,960,960,True,1,960
4934,4934.jpg,.jpg,960,960,False,0,960
4935,4935.jpg,.jpg,640,640,True,1,640
4936,4936.jpg,.jpg,960,960,False,0,960
4937,4937.jpg,.jpg,960,960,True,1,960
4938,4938.png,.png,640,640,True,1,640
4939,4939.jpg,.jpg,960,960,True,6,960
4940,4940.png,.png,640,640,False,0,640
4941,4941.jpg,.jpg,960,960,True,1,960
4942,4942.jpg,.jpg,960,960,True,3,960
4943,4943.jpg,.jpg,1080,1080,True,2,1080
4944,4944.jpg,.jpg,1600,1600,True,7,1600
4945,4945.png,.png,640,640,True,1,640
4946,4946.jpg,.jpg,960,960,True,3,960
4947,4947.png,.png,640,640,True,2,640
4948,4948.png,.png,640,640,False,0,640
4949,4949.jpg,.jpg,960,960,True,2,960
4950,4950.jpg,.jpg,960,960,False,0,960
4951,4951.jpg,.jpg,1080,1080,False,0,1080
4952,4952.jpg,.jpg,960,960,False,0,960
4953,4953.jpg,.jpg,960,960,False,0,960
4954,4954.png,.png,640,640,True,1,640
4955,4955.jpg,.jpg,1600,1600,True,1,1600
4956,4956.png,.png,640,640,False,0,640
4957,4957.jpg,.jpg,640,640,True,1,640
4958,4958.png,.png,640,640,False,0,640
4959,4959.jpg,.jpg,960,960,True,1,960
4960,4960.jpg,.jpg,960,960,True,1,960
4961,4961.png,.png,640,640,True,1,640
4962,4962.jpg,.jpg,960,960,True,2,960
4963,4963.jpg,.jpg,960,960,True,1,960
4964,4964.jpg,.jpg,1600,1600,False,0,1600
4965,4965.jpg,.jpg,1080,1080,True,1,1080
4966,4966.jpg,.jpg,960,960,True,2,960
4967,4967.jpg,.jpg,960,960,True,1,960
4968,4968.jpg,.jpg,960,960,False,0,960
4969,4969.jpg,.jpg,1080,1080,True,1,1080
4970,4970.jpg,.jpg,960,960,False,0,960
4971,4971.jpg,.jpg,1600,1600,True,3,1600
4972,4972.jpg,.jpg,960,960,False,0,960
4973,4973.jpg,.jpg,960,960,True,1,960
4974,4974.jpg,.jpg,1080,1080,True,1,1080
4975,4975.jpg,.jpg,960,960,False,0,960
4976,4976.jpg,.jpg,960,960,False,0,960
4977,4977.jpg,.jpg,960,960,False,0,960
4978,4978.jpg,.jpg,960,960,True,3,960
4979,4979.jpg,.jpg,960,960,False,0,960
4980,4980.png,.png,640,640,False,0,640
4981,4981.jpg,.jpg,960,960,True,3,960
4982,4982.jpg,.jpg,960,960,True,2,960
4983,4983.jpg,.jpg,960,960,True,2,960
4984,4984.jpg,.jpg,1080,1080,True,1,1080
4985,4985.jpg,.jpg,960,960,False,0,960
4986,4986.jpg,.jpg,960,960,True,1,960
4987,4987.jpg,.jpg,960,960,True,1,960
4988,4988.jpg,.jpg,960,960,False,0,960
4989,4989.jpg,.jpg,960,960,False,0,960
4990,4990.jpg,.jpg,960,960,True,1,960
4991,4991.jpg,.jpg,960,960,True,1,960
4992,4992.png,.png,640,640,False,0,640
4993,4993.png,.png,640,640,False,0,640
4994,4994.jpg,.jpg,1600,1600,True,1,1600
4995,4995.jpg,.jpg,1080,1080,True,1,1080
4996,4996.jpg,.jpg,960,960,True,1,960
4997,4997.jpg,.jpg,960,960,True,3,960
4998,4998.jpg,.jpg,960,960,True,2,960
4999,4999.jpg,.jpg,960,960,True,1,960
5000,5000.jpg,.jpg,640,640,False,0,640
5001,5001.jpg,.jpg,960,960,True,3,960
5002,5002.png,.png,640,640,False,0,640
5003,5003.jpg,.jpg,720,720,True,1,720
5004,5004.jpg,.jpg,960,960,True,1,960
5005,5005.jpg,.jpg,960,960,True,1,960
5006,5006.jpg,.jpg,1080,1080,False,0,1080
5007,5007.jpg,.jpg,960,960,True,1,960
5008,5008.jpg,.jpg,960,960,True,2,960
5009,5009.jpg,.jpg,960,960,False,0,960
5010,5010.jpg,.jpg,1600,1600,True,2,1600
5011,5011.png,.png,640,640,False,0,640
5012,5012.jpg,.jpg,1080,1080,True,1,1080
5013,5013.jpg,.jpg,640,640,True,1,640
5014,5014.jpg,.jpg,960,960,True,3,960
5015,5015.jpg,.jpg,1080,1080,True,1,1080
5016,5016.png,.png,640,640,False,0,640
5017,5017.jpg,.jpg,1080,1080,True,1,1080
5018,5018.jpg,.jpg,960,960,False,0,960
5019,5019.png,.png,640,640,False,0,640
5020,5020.jpg,.jpg,1080,1080,True,1,1080
5021,5021.jpg,.jpg,960,960,True,3,960
5022,5022.jpg,.jpg,960,960,True,1,960
5023,5023.jpg,.jpg,720,720,False,0,720
5024,5024.jpg,.jpg,1600,1600,True,1,1600
5025,5025.jpg,.jpg,1080,1080,False,0,1080
5026,5026.jpg,.jpg,960,960,True,1,960
5027,5027.jpg,.jpg,960,960,True,1,960
5028,5028.png,.png,640,640,True,1,640
5029,5029.jpg,.jpg,960,960,False,0,960
5030,5030.png,.png,640,640,False,0,640
5031,5031.jpg,.jpg,960,960,True,2,960
5032,5032.jpg,.jpg,960,960,True,2,960
5033,5033.jpg,.jpg,960,960,False,0,960
5034,5034.jpg,.jpg,960,960,False,0,960
5035,5035.jpg,.jpg,1600,1600,False,0,1600
5036,5036.jpg,.jpg,960,960,True,1,960
5037,5037.jpg,.jpg,960,960,True,2,960
5038,5038.jpg,.jpg,960,960,True,1,960
5039,5039.jpg,.jpg,960,960,True,1,960
5040,5040.jpg,.jpg,1600,1600,True,1,1600
5041,5041.jpg,.jpg,960,960,False,0,960
5042,5042.png,.png,640,640,False,0,640
5043,5043.jpg,.jpg,960,960,True,2,960
5044,5044.jpg,.jpg,960,960,True,1,960
5045,5045.jpg,.jpg,960,960,True,1,960
5046,5046.jpg,.jpg,960,960,False,0,960
5047,5047.jpg,.jpg,960,960,True,3,960
5048,5048.jpg,.jpg,960,960,True,1,960
5049,5049.jpg,.jpg,960,960,True,1,960
5050,5050.jpg,.jpg,960,960,True,1,960
5051,5051.png,.png,640,640,False,0,640
5052,5052.jpg,.jpg,960,960,True,1,960
5053,5053.jpg,.jpg,1080,1080,True,1,1080
5054,5054.jpg,.jpg,960,960,True,2,960
5055,5055.jpg,.jpg,960,960,True,1,960
5056,5056.jpg,.jpg,640,640,True,1,640
5057,5057.png,.png,640,640,False,0,640
5058,5058.jpg,.jpg,960,960,True,6,960
5059,5059.png,.png,640,640,False,0,640
5060,5060.png,.png,640,640,False,0,640
5061,5061.jpg,.jpg,960,960,False,0,960
5062,5062.jpg,.jpg,960,960,True,5,960
5063,5063.jpg,.jpg,1080,1080,False,0,1080
5064,5064.jpg,.jpg,960,960,True,1,960
5065,5065.png,.png,640,640,False,0,640
5066,5066.jpg,.jpg,640,640,True,5,640
5067,5067.jpg,.jpg,960,960,True,1,960
5068,5068.jpg,.jpg,960,960,True,1,960
5069,5069.jpg,.jpg,960,960,False,0,960
5070,5070.jpg,.jpg,960,960,False,0,960
5071,5071.jpg,.jpg,960,960,True,2,960
5072,5072.jpg,.jpg,640,640,True,1,640
5073,5073.jpg,.jpg,1080,1080,True,1,1080
5074,5074.png,.png,640,640,False,0,640
5075,5075.jpg,.jpg,960,960,False,0,960
5076,5076.png,.png,640,640,True,1,640
5077,5077.jpg,.jpg,1080,1080,True,2,1080
5078,5078.jpg,.jpg,960,960,True,1,960
5079,5079.jpg,.jpg,960,960,True,1,960
5080,5080.png,.png,640,640,False,0,640
5081,5081.jpg,.jpg,640,640,False,0,640
5082,5082.jpg,.jpg,960,960,False,0,960
5083,5083.png,.png,640,640,False,0,640
5084,5084.jpg,.jpg,1600,1600,True,1,1600
5085,5085.jpg,.jpg,1080,1080,True,3,1080
5086,5086.jpg,.jpg,960,960,False,0,960
5087,5087.jpg,.jpg,960,960,True,2,960
5088,5088.png,.png,640,640,False,0,640
5089,5089.png,.png,640,640,False,0,640
5090,5090.png,.png,640,640,False,0,640
5091,5091.jpg,.jpg,1080,1080,False,0,1080
5092,5092.jpg,.jpg,1600,1600,True,2,1600
5093,5093.jpg,.jpg,960,960,True,1,960
5094,5094.png,.png,640,640,True,2,640
5095,5095.jpg,.jpg,960,960,True,1,960
5096,5096.jpg,.jpg,960,960,True,1,960
5097,5097.jpg,.jpg,960,960,False,0,960
5098,5098.png,.png,640,640,True,1,640
5099,5099.jpg,.jpg,960,960,True,2,960
5100,5100.png,.png,640,640,False,0,640
5101,5101.jpg,.jpg,960,960,True,1,960
5102,5102.jpg,.jpg,960,960,True,1,960
5103,5103.png,.png,640,640,False,0,640
5104,5104.jpg,.jpg,960,960,False,0,960
5105,5105.png,.png,640,640,True,1,640
5106,5106.jpg,.jpg,960,960,True,2,960
5107,5107.jpg,.jpg,960,960,False,0,960
5108,5108.jpg,.jpg,960,960,False,0,960
5109,5109.jpg,.jpg,960,960,True,1,960
5110,5110.png,.png,640,640,False,0,640
5111,5111.png,.png,640,640,True,1,640
5112,5112.png,.png,640,640,False,0,640
5113,5113.jpg,.jpg,640,640,True,1,640
5114,5114.jpg,.jpg,960,960,False,0,960
5115,5115.png,.png,640,640,False,0,640
5116,5116.jpg,.jpg,960,960,True,1,960
5117,5117.jpg,.jpg,960,960,False,0,960
5118,5118.png,.png,640,640,False,0,640
5119,5119.jpg,.jpg,1080,1080,False,0,1080
5120,5120.jpg,.jpg,960,960,True,2,960
5121,5121.png,.png,640,640,False,0,640
5122,5122.png,.png,640,640,True,1,640
5123,5123.png,.png,640,640,True,1,640
5124,5124.jpg,.jpg,960,960,True,2,960
5125,5125.png,.png,640,640,False,0,640
5126,5126.png,.png,640,640,False,0,640
5127,5127.jpg,.jpg,960,960,False,0,960
5128,5128.jpg,.jpg,1080,1080,False,0,1080
5129,5129.png,.png,640,640,True,1,640
5130,5130.jpg,.jpg,640,640,True,1,640
5131,5131.jpg,.jpg,960,960,True,3,960
5132,5132.png,.png,640,640,True,3,640
5133,5133.png,.png,640,640,False,0,640
5134,5134.jpg,.jpg,960,960,True,1,960
5135,5135.jpg,.jpg,960,960,True,1,960
5136,5136.jpg,.jpg,960,960,False,0,960
5137,5137.jpg,.jpg,960,960,True,1,960
5138,5138.png,.png,640,640,False,0,640
5139,5139.jpg,.jpg,720,720,False,0,720
5140,5140.png,.png,640,640,False,0,640
5141,5141.png,.png,640,640,True,1,640
5142,5142.jpg,.jpg,960,960,True,1,960
5143,5143.png,.png,640,640,False,0,640
5144,5144.jpg,.jpg,960,960,False,0,960
5145,5145.jpg,.jpg,960,960,True,1,960
5146,5146.jpg,.jpg,960,960,True,3,960
5147,5147.jpg,.jpg,960,960,True,2,960
5148,5148.jpg,.jpg,640,640,True,2,640
5149,5149.jpg,.jpg,640,640,True,1,640
5150,5150.png,.png,640,640,False,0,640
5151,5151.png,.png,640,640,False,0,640
5152,5152.jpg,.jpg,960,960,True,2,960
5153,5153.jpg,.jpg,960,960,False,0,960
5154,5154.jpg,.jpg,960,960,False,0,960
5155,5155.jpg,.jpg,960,960,True,1,960
5156,5156.jpg,.jpg,960,960,False,0,960
5157,5157.jpg,.jpg,960,960,False,0,960
5158,5158.jpg,.jpg,960,960,True,5,960
5159,5159.png,.png,640,640,True,1,640
5160,5160.png,.png,640,640,True,2,640
5161,5161.jpg,.jpg,960,960,True,2,960
5162,5162.jpg,.jpg,960,960,True,3,960
5163,5163.jpg,.jpg,960,960,True,1,960
5164,5164.jpg,.jpg,960,960,True,5,960
5165,5165.jpg,.jpg,960,960,True,1,960
5166,5166.png,.png,960,960,True,7,960
5167,5167.jpg,.jpg,960,960,True,3,960
5168,5168.jpg,.jpg,960,960,True,3,960
5169,5169.png,.png,640,640,True,1,640
5170,5170.png,.png,960,960,False,0,960
5171,5171.png,.png,960,960,True,7,960
5172,5172.jpg,.jpg,960,960,True,4,960
5173,5173.jpg,.jpg,960,960,True,4,960
5174,5174.png,.png,960,960,False,0,960
5175,5175.png,.png,960,960,True,1,960
5176,5176.jpg,.jpg,960,960,True,3,960
5177,5177.jpg,.jpg,960,960,True,2,960
5178,5178.png,.png,640,640,False,0,640
5179,5179.jpg,.jpg,960,960,False,0,960
5180,5180.jpg,.jpg,960,960,True,11,960
5181,5181.jpg,.jpg,960,960,True,7,960
5182,5182.jpg,.jpg,960,960,True,2,960
5183,5183.png,.png,960,960,True,1,960
5184,5184.jpg,.jpg,960,960,True,5,960
5185,5185.png,.png,640,640,True,3,640
5186,5186.png,.png,960,960,False,0,960
5187,5187.jpg,.jpg,960,960,True,2,960
5188,5188.png,.png,960,960,True,4,960
5189,5189.jpg,.jpg,960,960,False,0,960
5190,5190.png,.png,960,960,True,1,960
5191,5191.jpg,.jpg,960,960,True,2,960
5192,5192.jpg,.jpg,960,960,True,3,960
5193,5193.jpg,.jpg,960,960,True,2,960
5194,5194.jpg,.jpg,960,960,True,1,960
5195,5195.png,.png,960,960,False,0,960
5196,5196.png,.png,960,960,False,0,960
5197,5197.png,.png,640,640,True,1,640
5198,5198.png,.png,960,960,False,0,960
5199,5199.png,.png,960,960,True,1,960
5200,5200.png,.png,960,960,False,0,960
5201,5201.jpg,.jpg,960,960,True,2,960
5202,5202.jpg,.jpg,960,960,True,1,960
5203,5203.jpg,.jpg,960,960,True,2,960
5204,5204.png,.png,960,960,True,5,960
5205,5205.png,.png,960,960,True,2,960
5206,5206.jpg,.jpg,960,960,False,0,960
5207,5207.jpg,.jpg,960,960,True,2,960
5208,5208.jpg,.jpg,960,960,True,8,960
5209,5209.png,.png,960,960,False,0,960
5210,5210.png,.png,640,640,True,2,640
5211,5211.jpg,.jpg,960,960,True,2,960
5212,5212.png,.png,640,640,True,2,640
5213,5213.png,.png,960,960,False,0,960
5214,5214.jpg,.jpg,960,960,True,7,960
5215,5215.png,.png,960,960,False,0,960
5216,5216.png,.png,960,960,False,0,960
5217,5217.png,.png,960,960,False,0,960
5218,5218.png,.png,960,960,True,5,960
5219,5219.png,.png,640,640,True,10,640
5220,5220.jpg,.jpg,960,960,False,0,960
5221,5221.png,.png,640,640,True,1,640
5222,5222.png,.png,960,960,False,0,960
5223,5223.jpg,.jpg,960,960,True,3,960
5224,5224.jpg,.jpg,960,960,True,1,960
5225,5225.jpg,.jpg,960,960,True,3,960
5226,5226.jpg,.jpg,960,960,True,7,960
5227,5227.png,.png,640,640,True,1,640
5228,5228.png,.png,960,960,False,0,960
5229,5229.jpg,.jpg,960,960,True,1,960
5230,5230.jpg,.jpg,960,960,True,3,960
5231,5231.jpg,.jpg,960,960,True,6,960
5232,5232.jpg,.jpg,960,960,True,1,960
5233,5233.jpg,.jpg,960,960,True,2,960
5234,5234.jpg,.jpg,960,960,True,1,960
5235,5235.png,.png,960,960,True,6,960
5236,5236.png,.png,960,960,True,6,960
5237,5237.jpg,.jpg,960,960,True,6,960
5238,5238.jpg,.jpg,960,960,True,8,960
5239,5239.png,.png,960,960,True,3,960
5240,5240.jpg,.jpg,960,960,False,0,960
5241,5241.png,.png,960,960,True,5,960
5242,5242.png,.png,960,960,True,7,960
5243,5243.png,.png,960,960,False,0,960
5244,5244.jpg,.jpg,960,960,False,0,960
5245,5245.jpg,.jpg,960,960,True,5,960
5246,5246.png,.png,960,960,True,5,960
5247,5247.jpg,.jpg,960,960,True,9,960
5248,5248.jpg,.jpg,960,960,True,3,960
5249,5249.png,.png,960,960,True,2,960
5250,5250.jpg,.jpg,960,960,True,6,960
5251,5251.jpg,.jpg,960,960,False,0,960
5252,5252.jpg,.jpg,960,960,True,6,960
5253,5253.jpg,.jpg,960,960,True,8,960
5254,5254.jpg,.jpg,960,960,True,3,960
5255,5255.png,.png,640,640,True,1,640
5256,5256.png,.png,960,960,True,1,960
5257,5257.jpg,.jpg,960,960,True,2,960
5258,5258.jpg,.jpg,960,960,True,1,960
5259,5259.jpg,.jpg,960,960,True,1,960
5260,5260.png,.png,960,960,True,19,960
5261,5261.jpg,.jpg,960,960,True,1,960
5262,5262.png,.png,640,640,False,0,640
5263,5263.jpg,.jpg,960,960,True,5,960
5264,5264.png,.png,640,640,True,4,640
5265,5265.png,.png,960,960,True,1,960
5266,5266.jpg,.jpg,960,960,True,2,960
5267,5267.png,.png,960,960,True,9,960
5268,5268.png,.png,960,960,True,2,960
5269,5269.png,.png,960,960,True,6,960
5270,5270.png,.png,960,960,True,5,960
5271,5271.jpg,.jpg,960,960,True,1,960
5272,5272.png,.png,960,960,False,0,960
5273,5273.png,.png,960,960,True,7,960
5274,5274.jpg,.jpg,960,960,True,5,960
5275,5275.jpg,.jpg,960,960,True,2,960
5276,5276.png,.png,960,960,True,3,960
5277,5277.png,.png,640,640,False,0,640
5278,5278.jpg,.jpg,960,960,True,2,960
5279,5279.jpg,.jpg,960,960,True,3,960
5280,5280.png,.png,960,960,False,0,960
5281,5281.jpg,.jpg,960,960,True,1,960
5282,5282.jpg,.jpg,960,960,True,4,960
5283,5283.png,.png,640,640,True,6,640
5284,5284.png,.png,960,960,True,4,960
5285,5285.png,.png,640,640,True,4,640
5286,5286.jpg,.jpg,960,960,True,1,960
5287,5287.png,.png,640,640,False,0,640
5288,5288.png,.png,960,960,True,3,960
5289,5289.png,.png,640,640,True,1,640
5290,5290.png,.png,960,960,True,1,960
5291,5291.jpg,.jpg,960,960,False,0,960
5292,5292.jpg,.jpg,960,960,False,0,960
5293,5293.png,.png,960,960,True,3,960
5294,5294.png,.png,640,640,True,5,640
5295,5295.jpg,.jpg,960,960,True,2,960
5296,5296.jpg,.jpg,960,960,True,3,960
5297,5297.jpg,.jpg,960,960,True,3,960
5298,5298.png,.png,640,640,True,5,640
5299,5299.png,.png,960,960,False,0,960
5300,5300.png,.png,960,960,True,1,960
5301,5301.jpg,.jpg,960,960,True,2,960
5302,5302.png,.png,960,960,False,0,960
5303,5303.jpg,.jpg,960,960,False,0,960
5304,5304.jpg,.jpg,960,960,False,0,960
5305,5305.jpg,.jpg,960,960,True,3,960
5306,5306.jpg,.jpg,960,960,True,4,960
5307,5307.jpg,.jpg,960,960,True,2,960
5308,5308.jpg,.jpg,960,960,True,4,960
5309,5309.jpg,.jpg,960,960,True,2,960
5310,5310.png,.png,960,960,True,8,960
5311,5311.png,.png,640,640,True,2,640
5312,5312.jpg,.jpg,960,960,True,2,960
5313,5313.jpg,.jpg,960,960,True,8,960
5314,5314.png,.png,960,960,True,2,960
5315,5315.jpg,.jpg,960,960,False,0,960
5316,5316.png,.png,960,960,True,1,960
5317,5317.jpg,.jpg,960,960,True,1,960
5318,5318.png,.png,640,640,True,2,640
5319,5319.jpg,.jpg,960,960,True,7,960
5320,5320.jpg,.jpg,960,960,False,0,960
5321,5321.jpg,.jpg,960,960,True,4,960
5322,5322.jpg,.jpg,960,960,True,5,960
5323,5323.png,.png,960,960,True,4,960
5324,5324.jpg,.jpg,960,960,True,7,960
5325,5325.jpg,.jpg,960,960,True,4,960
5326,5326.jpg,.jpg,960,960,True,4,960
5327,5327.jpg,.jpg,960,960,True,5,960
5328,5328.jpg,.jpg,960,960,True,8,960
5329,5329.png,.png,960,960,False,0,960
5330,5330.png,.png,640,640,True,2,640
5331,5331.jpg,.jpg,960,960,True,2,960
5332,5332.png,.png,960,960,True,11,960
5333,5333.png,.png,960,960,True,4,960
5334,5334.png,.png,640,640,False,0,640
5335,5335.png,.png,960,960,True,1,960
5336,5336.jpg,.jpg,960,960,False,0,960
5337,5337.png,.png,640,640,True,4,640
5338,5338.jpg,.jpg,960,960,True,1,960
5339,5339.png,.png,960,960,False,0,960
5340,5340.png,.png,960,960,True,1,960
5341,5341.jpg,.jpg,960,960,True,4,960
5342,5342.jpg,.jpg,960,960,False,0,960
5343,5343.png,.png,960,960,False,0,960
5344,5344.png,.png,960,960,True,1,960
5345,5345.jpg,.jpg,960,960,True,4,960
5346,5346.png,.png,960,960,True,6,960
5347,5347.jpg,.jpg,960,960,True,4,960
5348,5348.png,.png,960,960,True,4,960
5349,5349.jpg,.jpg,960,960,True,2,960
5350,5350.jpg,.jpg,960,960,True,4,960
5351,5351.jpg,.jpg,960,960,True,2,960
5352,5352.png,.png,960,960,True,8,960
5353,5353.jpg,.jpg,960,960,True,2,960
5354,5354.jpg,.jpg,960,960,True,6,960
5355,5355.jpg,.jpg,960,960,True,1,960
5356,5356.png,.png,640,640,True,3,640
5357,5357.jpg,.jpg,960,960,True,3,960
5358,5358.jpg,.jpg,640,640,True,2,640
5359,5359.png,.png,640,640,True,9,640
5360,5360.jpg,.jpg,960,960,True,4,960
5361,5361.png,.png,640,640,True,3,640
5362,5362.jpg,.jpg,1600,1600,True,3,1600
5363,5363.jpg,.jpg,1600,1600,True,1,1600
5364,5364.jpg,.jpg,960,960,True,2,960
5365,5365.jpg,.jpg,1080,1080,True,3,1080
5366,5366.jpg,.jpg,960,960,True,7,960
5367,5367.jpg,.jpg,1600,1600,True,4,1600
5368,5368.jpg,.jpg,960,960,True,5,960
5369,5369.jpg,.jpg,960,960,True,5,960
5370,5370.png,.png,640,640,True,2,640
5371,5371.png,.png,640,640,True,4,640
5372,5372.jpg,.jpg,640,640,True,2,640
5373,5373.jpg,.jpg,960,960,True,4,960
5374,5374.jpg,.jpg,960,960,True,1,960
5375,5375.jpg,.jpg,960,960,True,7,960
5376,5376.png,.png,640,640,True,5,640
5377,5377.jpg,.jpg,960,960,True,8,960
5378,5378.jpg,.jpg,960,960,True,1,960
5379,5379.jpg,.jpg,1080,1080,True,3,1080
5380,5380.jpg,.jpg,960,960,True,1,960
5381,5381.jpg,.jpg,1080,1080,True,2,1080
5382,5382.jpg,.jpg,960,960,True,6,960
5383,5383.png,.png,640,640,True,3,640
5384,5384.jpg,.jpg,960,960,True,5,960
5385,5385.jpg,.jpg,640,640,True,1,640
5386,5386.png,.png,640,640,True,2,640
5387,5387.png,.png,640,640,True,4,640
5388,5388.png,.png,640,640,True,1,640
5389,5389.png,.png,640,640,True,3,640
5390,5390.jpg,.jpg,960,960,True,4,960
5391,5391.png,.png,640,640,True,4,640
5392,5392.jpg,.jpg,960,960,True,2,960
5393,5393.jpg,.jpg,960,960,True,3,960
5394,5394.jpg,.jpg,960,960,True,6,960
5395,5395.jpg,.jpg,960,960,True,2,960
5396,5396.jpg,.jpg,960,960,True,3,960
5397,5397.png,.png,640,640,True,1,640
5398,5398.jpg,.jpg,640,640,True,4,640
5399,5399.jpg,.jpg,960,960,True,5,960
5400,5400.jpg,.jpg,960,960,True,2,960
5401,5401.png,.png,640,640,True,3,640
5402,5402.jpg,.jpg,1080,1080,True,1,1080
5403,5403.jpg,.jpg,960,960,True,6,960
5404,5404.png,.png,640,640,True,5,640
5405,5405.jpg,.jpg,960,960,True,12,960
5406,5406.png,.png,640,640,True,2,640
5407,5407.jpg,.jpg,640,640,True,4,640
5408,5408.jpg,.jpg,960,960,True,1,960
5409,5409.jpg,.jpg,1600,1600,True,2,1600
5410,5410.png,.png,640,640,True,2,640
5411,5411.jpg,.jpg,960,960,True,2,960
5412,5412.jpg,.jpg,640,640,True,3,640
5413,5413.png,.png,640,640,True,3,640
5414,5414.jpg,.jpg,960,960,True,1,960
5415,5415.jpg,.jpg,960,960,False,0,960
5416,5416.png,.png,640,640,True,2,640
5417,5417.jpg,.jpg,960,960,True,2,960
5418,5418.jpg,.jpg,720,720,True,6,720
5419,5419.jpg,.jpg,960,960,True,2,960
5420,5420.jpg,.jpg,960,960,True,8,960
5421,5421.png,.png,640,640,True,4,640
5422,5422.jpg,.jpg,960,960,True,1,960
5423,5423.png,.png,640,640,True,3,640
5424,5424.png,.png,640,640,True,4,640
5425,5425.jpg,.jpg,960,960,True,3,960
5426,5426.jpg,.jpg,1080,1080,False,0,1080
5427,5427.jpg,.jpg,960,960,True,2,960
5428,5428.jpg,.jpg,960,960,True,5,960
5429,5429.png,.png,640,640,True,2,640
5430,5430.jpg,.jpg,1600,1600,True,3,1600
5431,5431.png,.png,640,640,True,1,640
5432,5432.jpg,.jpg,960,960,True,1,960
5433,5433.jpg,.jpg,960,960,True,3,960
5434,5434.jpg,.jpg,960,960,True,5,960
5435,5435.jpg,.jpg,960,960,True,5,960
5436,5436.jpg,.jpg,960,960,True,6,960
5437,5437.jpg,.jpg,960,960,True,7,960
5438,5438.png,.png,640,640,False,0,640
5439,5439.png,.png,640,640,True,3,640
5440,5440.png,.png,640,640,True,1,640
5441,5441.png,.png,640,640,True,4,640
5442,5442.png,.png,640,640,True,1,640
5443,5443.jpg,.jpg,960,960,True,3,960
5444,5444.png,.png,640,640,True,4,640
5445,5445.jpg,.jpg,640,640,True,6,640
5446,5446.png,.png,640,640,True,1,640
5447,5447.png,.png,640,640,True,1,640
5448,5448.jpg,.jpg,960,960,True,9,960
5449,5449.png,.png,640,640,True,5,640
5450,5450.png,.png,640,640,True,3,640
5451,5451.jpg,.jpg,960,960,True,4,960
5452,5452.jpg,.jpg,960,960,True,1,960
5453,5453.jpg,.jpg,960,960,True,2,960
5454,5454.jpg,.jpg,960,960,True,1,960
5455,5455.jpg,.jpg,1600,1600,True,6,1600
5456,5456.png,.png,640,640,True,3,640
5457,5457.jpg,.jpg,960,960,True,7,960
5458,5458.jpg,.jpg,960,960,True,8,960
5459,5459.jpg,.jpg,960,960,True,6,960
5460,5460.jpg,.jpg,960,960,True,3,960
5461,5461.png,.png,640,640,False,0,640
5462,5462.jpg,.jpg,960,960,True,3,960
5463,5463.jpg,.jpg,960,960,False,0,960
5464,5464.jpg,.jpg,960,960,True,3,960
5465,5465.jpg,.jpg,960,960,True,1,960
5466,5466.jpg,.jpg,960,960,True,1,960
5467,5467.jpg,.jpg,720,720,True,2,720
5468,5468.png,.png,640,640,True,8,640
5469,5469.jpg,.jpg,960,960,True,1,960
5470,5470.jpg,.jpg,960,960,True,2,960
5471,5471.jpg,.jpg,640,640,True,2,640
5472,5472.jpg,.jpg,960,960,True,3,960
5473,5473.png,.png,640,640,True,1,640
5474,5474.png,.png,640,640,True,2,640
5475,5475.jpg,.jpg,960,960,True,13,960
5476,5476.jpg,.jpg,960,960,True,3,960
5477,5477.png,.png,640,640,True,4,640
5478,5478.jpg,.jpg,640,640,True,1,640
5479,5479.png,.png,640,640,True,1,640
5480,5480.jpg,.jpg,960,960,True,3,960
5481,5481.jpg,.jpg,960,960,True,2,960
5482,5482.png,.png,640,640,True,4,640
5483,5483.jpg,.jpg,1600,1600,True,5,1600
5484,5484.png,.png,640,640,True,2,640
5485,5485.jpg,.jpg,960,960,True,1,960
5486,5486.jpg,.jpg,960,960,True,1,960
5487,5487.jpg,.jpg,960,960,True,2,960
5488,5488.png,.png,640,640,True,1,640
5489,5489.jpg,.jpg,960,960,False,0,960
5490,5490.png,.png,640,640,True,2,640
5491,5491.jpg,.jpg,960,960,True,7,960
5492,5492.jpg,.jpg,960,960,True,3,960
5493,5493.png,.png,640,640,True,2,640
5494,5494.jpg,.jpg,1080,1080,True,1,1080
5495,5495.png,.png,640,640,True,8,640
5496,5496.jpg,.jpg,960,960,True,4,960
5497,5497.jpg,.jpg,960,960,True,4,960
5498,5498.jpg,.jpg,1080,1080,True,5,1080
5499,5499.jpg,.jpg,720,720,True,2,720
5500,5500.jpg,.jpg,960,960,True,6,960
5501,5501.jpg,.jpg,960,960,True,6,960
5502,5502.jpg,.jpg,960,960,True,4,960
5503,5503.jpg,.jpg,960,960,True,1,960
5504,5504.jpg,.jpg,960,960,True,1,960
5505,5505.jpg,.jpg,1080,1080,True,3,1080
5506,5506.jpg,.jpg,640,640,True,2,640
5507,5507.jpg,.jpg,960,960,True,8,960
5508,5508.jpg,.jpg,960,960,True,1,960
5509,5509.jpg,.jpg,1080,1080,True,4,1080
5510,5510.jpg,.jpg,960,960,True,10,960
5511,5511.jpg,.jpg,1080,1080,True,1,1080
5512,5512.jpg,.jpg,960,960,True,4,960
5513,5513.png,.png,640,640,True,3,640
5514,5514.png,.png,640,640,True,2,640
5515,5515.jpg,.jpg,640,640,True,2,640
5516,5516.jpg,.jpg,960,960,True,5,960
5517,5517.jpg,.jpg,960,960,True,5,960
5518,5518.jpg,.jpg,960,960,True,6,960
5519,5519.jpg,.jpg,960,960,True,12,960
5520,5520.jpg,.jpg,960,960,True,2,960
5521,5521.png,.png,640,640,True,3,640
5522,5522.jpg,.jpg,960,960,True,5,960
5523,5523.jpg,.jpg,960,960,True,1,960
5524,5524.png,.png,640,640,True,4,640
5525,5525.jpg,.jpg,640,640,True,3,640
5526,5526.jpg,.jpg,960,960,True,2,960
5527,5527.png,.png,640,640,True,3,640
5528,5528.jpg,.jpg,960,960,True,10,960
5529,5529.jpg,.jpg,960,960,True,6,960
5530,5530.png,.png,640,640,True,5,640
5531,5531.jpg,.jpg,960,960,True,6,960
5532,5532.jpg,.jpg,960,960,True,4,960
5533,5533.jpg,.jpg,960,960,True,3,960
5534,5534.jpg,.jpg,960,960,True,3,960
5535,5535.png,.png,640,640,True,1,640
5536,5536.jpg,.jpg,960,960,True,2,960
5537,5537.jpg,.jpg,960,960,True,7,960
5538,5538.jpg,.jpg,960,960,True,6,960
5539,5539.jpg,.jpg,960,960,True,8,960
5540,5540.jpg,.jpg,1080,1080,True,2,1080
5541,5541.jpg,.jpg,960,960,True,1,960
5542,5542.jpg,.jpg,720,720,True,7,720
5543,5543.jpg,.jpg,960,960,True,5,960
5544,5544.jpg,.jpg,960,960,True,7,960
5545,5545.jpg,.jpg,960,960,True,2,960
5546,5546.png,.png,640,640,True,2,640
5547,5547.png,.png,640,640,True,1,640
5548,5548.jpg,.jpg,1080,1080,True,7,1080
5549,5549.jpg,.jpg,960,960,True,2,960
5550,5550.jpg,.jpg,960,960,True,4,960
5551,5551.jpg,.jpg,960,960,True,4,960
5552,5552.png,.png,640,640,True,6,640
5553,5553.jpg,.jpg,960,960,True,2,960
5554,5554.png,.png,640,640,True,5,640
5555,5555.png,.png,640,640,True,2,640
5556,5556.jpg,.jpg,960,960,True,31,960
5557,5557.jpg,.jpg,960,960,False,0,960
5558,5558.jpg,.jpg,960,960,True,1,960
5559,5559.png,.png,640,640,True,2,640
5560,5560.jpg,.jpg,960,960,False,0,960
5561,5561.jpg,.jpg,960,960,True,5,960
5562,5562.jpg,.jpg,960,960,True,2,960
5563,5563.jpg,.jpg,960,960,True,1,960
5564,5564.jpg,.jpg,960,960,True,9,960
5565,5565.png,.png,640,640,False,0,640
5566,5566.jpg,.jpg,1080,1080,True,3,1080
5567,5567.jpg,.jpg,960,960,True,6,960
5568,5568.jpg,.jpg,960,960,True,1,960
5569,5569.png,.png,640,640,True,3,640
5570,5570.jpg,.jpg,1080,1080,True,2,1080
5571,5571.jpg,.jpg,1080,1080,True,1,1080
5572,5572.png,.png,640,640,False,0,640
5573,5573.png,.png,640,640,False,0,640
5574,5574.jpg,.jpg,1080,1080,True,1,1080
5575,5575.jpg,.jpg,1600,1600,True,1,1600
5576,5576.jpg,.jpg,960,960,True,1,960
5577,5577.jpg,.jpg,960,960,True,2,960
5578,5578.jpg,.jpg,1080,1080,True,3,1080
5579,5579.jpg,.jpg,960,960,True,1,960
5580,5580.png,.png,640,640,False,0,640
5581,5581.jpg,.jpg,960,960,True,3,960
5582,5582.png,.png,640,640,False,0,640
5583,5583.jpg,.jpg,1080,1080,True,2,1080
5584,5584.png,.png,640,640,True,1,640
5585,5585.jpg,.jpg,960,960,True,11,960
5586,5586.png,.png,640,640,True,5,640
5587,5587.png,.png,640,640,True,1,640
5588,5588.jpg,.jpg,720,720,True,2,720
5589,5589.png,.png,640,640,True,12,640
5590,5590.jpg,.jpg,960,960,True,2,960
5591,5591.png,.png,640,640,True,1,640
5592,5592.png,.png,640,640,True,2,640
5593,5593.jpg,.jpg,1600,1600,True,2,1600
5594,5594.png,.png,640,640,True,1,640
5595,5595.jpg,.jpg,960,960,False,0,960
5596,5596.jpg,.jpg,960,960,True,9,960
5597,5597.jpg,.jpg,960,960,True,2,960
5598,5598.jpg,.jpg,960,960,True,2,960
5599,5599.jpg,.jpg,960,960,True,4,960
5600,5600.jpg,.jpg,960,960,True,4,960
5601,5601.png,.png,640,640,False,0,640
5602,5602.jpg,.jpg,960,960,True,1,960
5603,5603.jpg,.jpg,960,960,True,1,960
5604,5604.png,.png,640,640,True,1,640
5605,5605.png,.png,640,640,False,0,640
5606,5606.jpg,.jpg,1600,1600,False,0,1600
5607,5607.jpg,.jpg,960,960,False,0,960
5608,5608.jpg,.jpg,960,960,True,2,960
5609,5609.png,.png,640,640,True,1,640
5610,5610.jpg,.jpg,1600,1600,True,3,1600
5611,5611.jpg,.jpg,960,960,True,8,960
5612,5612.jpg,.jpg,960,960,True,1,960
5613,5613.jpg,.jpg,960,960,True,5,960
5614,5614.jpg,.jpg,640,640,True,1,640
5615,5615.jpg,.jpg,960,960,True,1,960
5616,5616.jpg,.jpg,1080,1080,True,1,1080
5617,5617.jpg,.jpg,960,960,True,6,960
5618,5618.jpg,.jpg,960,960,True,7,960
5619,5619.png,.png,640,640,False,0,640
5620,5620.png,.png,640,640,True,1,640
5621,5621.jpg,.jpg,1080,1080,True,4,1080
5622,5622.jpg,.jpg,640,640,True,5,640
5623,5623.png,.png,640,640,False,0,640
5624,5624.jpg,.jpg,960,960,False,0,960
5625,5625.jpg,.jpg,960,960,True,2,960
5626,5626.png,.png,640,640,True,2,640
5627,5627.jpg,.jpg,960,960,True,3,960
5628,5628.jpg,.jpg,960,960,True,10,960
5629,5629.jpg,.jpg,960,960,True,9,960
5630,5630.jpg,.jpg,960,960,True,2,960
5631,5631.jpg,.jpg,960,960,True,2,960
5632,5632.jpg,.jpg,960,960,True,2,960
5633,5633.jpg,.jpg,1600,1600,True,4,1600
5634,5634.jpg,.jpg,640,640,True,1,640
5635,5635.jpg,.jpg,1080,1080,True,4,1080
5636,5636.jpg,.jpg,1080,1080,True,3,1080
5637,5637.png,.png,640,640,True,1,640
5638,5638.jpg,.jpg,960,960,True,1,960
5639,5639.jpg,.jpg,960,960,True,3,960
5640,5640.png,.png,640,640,True,1,640
5641,5641.jpg,.jpg,1600,1600,False,0,1600
5642,5642.png,.png,640,640,True,1,640
5643,5643.jpg,.jpg,960,960,False,0,960
5644,5644.jpg,.jpg,960,960,True,13,960
5645,5645.jpg,.jpg,720,720,True,1,720
5646,5646.png,.png,640,640,True,3,640
5647,5647.jpg,.jpg,960,960,True,1,960
5648,5648.jpg,.jpg,1600,1600,True,1,1600
5649,5649.png,.png,640,640,False,0,640
5650,5650.jpg,.jpg,1080,1080,True,3,1080
5651,5651.jpg,.jpg,960,960,True,1,960
5652,5652.png,.png,640,640,False,0,640
5653,5653.jpg,.jpg,960,960,True,1,960
5654,5654.png,.png,640,640,True,2,640
5655,5655.jpg,.jpg,640,640,True,8,640
5656,5656.jpg,.jpg,960,960,True,6,960
5657,5657.jpg,.jpg,640,640,False,0,640
5658,5658.png,.png,640,640,True,3,640
5659,5659.jpg,.jpg,960,960,True,5,960
5660,5660.png,.png,640,640,False,0,640
5661,5661.jpg,.jpg,960,960,True,3,960
5662,5662.jpg,.jpg,960,960,True,3,960
5663,5663.jpg,.jpg,1080,1080,True,2,1080
5664,5664.jpg,.jpg,960,960,True,2,960
5665,5665.jpg,.jpg,960,960,True,1,960
5666,5666.png,.png,640,640,True,7,640
5667,5667.jpg,.jpg,1080,1080,True,2,1080
5668,5668.jpg,.jpg,1080,1080,True,2,1080
5669,5669.jpg,.jpg,1080,1080,True,3,1080
5670,5670.jpg,.jpg,960,960,True,7,960
5671,5671.jpg,.jpg,960,960,True,2,960
5672,5672.png,.png,640,640,True,5,640
5673,5673.jpg,.jpg,960,960,True,7,960
5674,5674.jpg,.jpg,1600,1600,True,7,1600
5675,5675.jpg,.jpg,960,960,True,1,960
5676,5676.jpg,.jpg,960,960,True,2,960
5677,5677.jpg,.jpg,960,960,True,4,960
5678,5678.png,.png,640,640,True,1,640
5679,5679.png,.png,640,640,False,0,640
5680,5680.jpg,.jpg,960,960,True,7,960
5681,5681.jpg,.jpg,960,960,True,2,960
5682,5682.jpg,.jpg,960,960,True,1,960
5683,5683.jpg,.jpg,960,960,True,1,960
5684,5684.png,.png,640,640,True,3,640
5685,5685.jpg,.jpg,960,960,True,1,960
5686,5686.jpg,.jpg,960,960,True,4,960
5687,5687.png,.png,640,640,True,2,640
5688,5688.jpg,.jpg,960,960,True,1,960
5689,5689.jpg,.jpg,960,960,True,11,960
5690,5690.jpg,.jpg,960,960,True,1,960
5691,5691.png,.png,640,640,True,2,640
5692,5692.jpg,.jpg,1080,1080,True,8,1080
5693,5693.jpg,.jpg,1080,1080,True,8,1080
5694,5694.jpg,.jpg,640,640,True,1,640
5695,5695.jpg,.jpg,1080,1080,True,6,1080
5696,5696.jpg,.jpg,960,960,True,4,960
5697,5697.jpg,.jpg,960,960,True,1,960
5698,5698.jpg,.jpg,960,960,True,12,960
5699,5699.jpg,.jpg,960,960,True,4,960
5700,5700.jpg,.jpg,960,960,True,15,960
5701,5701.jpg,.jpg,960,960,True,3,960
5702,5702.png,.png,640,640,True,1,640
5703,5703.jpg,.jpg,960,960,True,3,960
5704,5704.jpg,.jpg,1600,1600,True,2,1600
5705,5705.jpg,.jpg,960,960,True,8,960
5706,5706.jpg,.jpg,960,960,True,3,960
5707,5707.jpg,.jpg,960,960,True,2,960
5708,5708.jpg,.jpg,960,960,True,2,960
5709,5709.png,.png,640,640,True,1,640
5710,5710.png,.png,640,640,True,1,640
5711,5711.jpg,.jpg,1080,1080,True,4,1080
5712,5712.jpg,.jpg,960,960,False,0,960
5713,5713.jpg,.jpg,960,960,True,1,960
5714,5714.png,.png,640,640,True,2,640
5715,5715.jpg,.jpg,960,960,True,1,960
5716,5716.jpg,.jpg,960,960,True,23,960
5717,5717.jpg,.jpg,960,960,True,4,960
5718,5718.png,.png,640,640,True,1,640
5719,5719.jpg,.jpg,720,720,True,4,720
5720,5720.png,.png,640,640,True,1,640
5721,5721.jpg,.jpg,960,960,True,1,960
5722,5722.jpg,.jpg,960,960,True,17,960
5723,5723.jpg,.jpg,960,960,True,5,960
5724,5724.jpg,.jpg,960,960,True,3,960
5725,5725.jpg,.jpg,640,640,True,6,640
5726,5726.jpg,.jpg,960,960,True,2,960
5727,5727.png,.png,640,640,True,3,640
5728,5728.jpg,.jpg,960,960,True,4,960
5729,5729.jpg,.jpg,960,960,True,1,960
5730,5730.jpg,.jpg,960,960,True,3,960
5731,5731.png,.png,640,640,True,2,640
5732,5732.png,.png,640,640,True,1,640
5733,5733.jpg,.jpg,1080,1080,True,9,1080
5734,5734.jpg,.jpg,960,960,True,1,960
5735,5735.jpg,.jpg,960,960,True,3,960
5736,5736.jpg,.jpg,640,640,False,0,640
5737,5737.jpg,.jpg,960,960,True,3,960
5738,5738.jpg,.jpg,960,960,True,4,960
5739,5739.jpg,.jpg,1080,1080,True,1,1080
5740,5740.png,.png,640,640,True,1,640
5741,5741.jpg,.jpg,720,720,True,1,720
5742,5742.png,.png,640,640,False,0,640
5743,5743.png,.png,640,640,True,1,640
5744,5744.png,.png,640,640,True,4,640
5745,5745.png,.png,640,640,True,1,640
5746,5746.jpg,.jpg,960,960,True,6,960
5747,5747.png,.png,640,640,False,0,640
5748,5748.jpg,.jpg,960,960,True,7,960
5749,5749.jpg,.jpg,960,960,True,1,960
5750,5750.jpg,.jpg,1080,1080,True,1,1080
5751,5751.jpg,.jpg,640,640,True,1,640
5752,5752.png,.png,640,640,True,1,640
5753,5753.jpg,.jpg,960,960,False,0,960
5754,5754.jpg,.jpg,960,960,True,2,960
5755,5755.jpg,.jpg,960,960,True,3,960
5756,5756.png,.png,640,640,True,2,640
5757,5757.jpg,.jpg,960,960,True,3,960
5758,5758.jpg,.jpg,1080,1080,True,1,1080
5759,5759.png,.png,640,640,False,0,640
5760,5760.jpg,.jpg,960,960,True,3,960
5761,5761.jpg,.jpg,960,960,False,0,960
5762,5762.jpg,.jpg,960,960,True,1,960
5763,5763.png,.png,640,640,True,1,640
5764,5764.jpg,.jpg,1600,1600,True,2,1600
5765,5765.png,.png,640,640,False,0,640
5766,5766.jpg,.jpg,960,960,True,1,960
5767,5767.jpg,.jpg,720,720,True,5,720
5768,5768.png,.png,640,640,True,1,640
5769,5769.png,.png,640,640,False,0,640
5770,5770.jpg,.jpg,960,960,True,2,960
5771,5771.png,.png,640,640,False,0,640
5772,5772.jpg,.jpg,960,960,True,1,960
5773,5773.png,.png,640,640,True,1,640
5774,5774.jpg,.jpg,1080,1080,True,2,1080
5775,5775.jpg,.jpg,960,960,True,1,960
5776,5776.jpg,.jpg,1600,1600,True,1,1600
5777,5777.png,.png,640,640,False,0,640
5778,5778.jpg,.jpg,960,960,True,1,960
5779,5779.png,.png,640,640,False,0,640
5780,5780.jpg,.jpg,960,960,True,1,960
5781,5781.png,.png,640,640,True,1,640
5782,5782.jpg,.jpg,960,960,True,1,960
5783,5783.jpg,.jpg,1080,1080,True,1,1080
5784,5784.jpg,.jpg,1080,1080,True,2,1080
5785,5785.jpg,.jpg,960,960,True,3,960
5786,5786.jpg,.jpg,960,960,True,3,960
5787,5787.jpg,.jpg,1080,1080,True,1,1080
5788,5788.jpg,.jpg,960,960,True,4,960
5789,5789.jpg,.jpg,960,960,True,3,960
5790,5790.jpg,.jpg,960,960,True,4,960
5791,5791.jpg,.jpg,640,640,True,2,640
5792,5792.jpg,.jpg,960,960,True,3,960
5793,5793.jpg,.jpg,960,960,True,1,960
5794,5794.jpg,.jpg,960,960,True,4,960
5795,5795.png,.png,640,640,False,0,640
5796,5796.jpg,.jpg,1080,1080,True,4,1080
5797,5797.jpg,.jpg,960,960,True,2,960
5798,5798.jpg,.jpg,960,960,True,7,960
5799,5799.jpg,.jpg,960,960,True,1,960
5800,5800.jpg,.jpg,960,960,True,6,960
5801,5801.jpg,.jpg,960,960,True,1,960
5802,5802.jpg,.jpg,960,960,True,4,960
5803,5803.jpg,.jpg,960,960,True,5,960
5804,5804.jpg,.jpg,960,960,True,2,960
5805,5805.jpg,.jpg,640,640,False,0,640
5806,5806.jpg,.jpg,960,960,True,4,960
5807,5807.jpg,.jpg,960,960,True,1,960
5808,5808.png,.png,640,640,False,0,640
5809,5809.jpg,.jpg,960,960,True,4,960
5810,5810.jpg,.jpg,640,640,False,0,640
5811,5811.png,.png,640,640,False,0,640
5812,5812.jpg,.jpg,960,960,True,2,960
5813,5813.png,.png,640,640,False,0,640
5814,5814.jpg,.jpg,960,960,True,3,960
5815,5815.jpg,.jpg,960,960,True,3,960
5816,5816.jpg,.jpg,960,960,False,0,960
5817,5817.png,.png,640,640,False,0,640
5818,5818.jpg,.jpg,720,720,True,1,720
5819,5819.jpg,.jpg,960,960,True,1,960
5820,5820.png,.png,640,640,True,2,640
5821,5821.jpg,.jpg,1080,1080,True,1,1080
5822,5822.jpg,.jpg,960,960,True,2,960
5823,5823.png,.png,640,640,True,1,640
5824,5824.png,.png,640,640,False,0,640
5825,5825.jpg,.jpg,960,960,True,2,960
5826,5826.jpg,.jpg,960,960,True,1,960
5827,5827.png,.png,640,640,False,0,640
5828,5828.jpg,.jpg,960,960,True,3,960
5829,5829.jpg,.jpg,960,960,True,2,960
5830,5830.jpg,.jpg,960,960,True,1,960
5831,5831.jpg,.jpg,960,960,True,2,960
5832,5832.jpg,.jpg,960,960,False,0,960
5833,5833.jpg,.jpg,960,960,True,2,960
5834,5834.jpg,.jpg,960,960,True,2,960
5835,5835.png,.png,640,640,True,1,640
5836,5836.jpg,.jpg,960,960,True,4,960
5837,5837.png,.png,640,640,False,0,640
5838,5838.png,.png,640,640,False,0,640
5839,5839.jpg,.jpg,960,960,True,1,960
5840,5840.jpg,.jpg,960,960,True,1,960
5841,5841.jpg,.jpg,1600,1600,True,1,1600
5842,5842.jpg,.jpg,1080,1080,True,1,1080
5843,5843.jpg,.jpg,1600,1600,True,2,1600
5844,5844.jpg,.jpg,1080,1080,True,1,1080
5845,5845.jpg,.jpg,960,960,True,7,960
5846,5846.jpg,.jpg,720,720,True,1,720
5847,5847.png,.png,640,640,True,1,640
5848,5848.jpg,.jpg,960,960,False,0,960
5849,5849.jpg,.jpg,960,960,True,6,960
5850,5850.jpg,.jpg,960,960,True,4,960
5851,5851.png,.png,640,640,True,1,640
5852,5852.jpg,.jpg,640,640,True,1,640
5853,5853.jpg,.jpg,960,960,True,5,960
5854,5854.png,.png,640,640,True,1,640
5855,5855.jpg,.jpg,1600,1600,True,3,1600
5856,5856.jpg,.jpg,1600,1600,True,1,1600
5857,5857.jpg,.jpg,960,960,True,2,960
5858,5858.jpg,.jpg,960,960,True,1,960
5859,5859.jpg,.jpg,1080,1080,True,2,1080
5860,5860.jpg,.jpg,720,720,False,0,720
5861,5861.jpg,.jpg,960,960,True,3,960
5862,5862.jpg,.jpg,960,960,True,1,960
5863,5863.png,.png,640,640,True,1,640
5864,5864.jpg,.jpg,640,640,True,2,640
5865,5865.jpg,.jpg,1080,1080,True,1,1080
5866,5866.png,.png,640,640,False,0,640
5867,5867.jpg,.jpg,960,960,True,2,960
5868,5868.png,.png,640,640,True,1,640
5869,5869.png,.png,640,640,True,2,640
5870,5870.png,.png,640,640,True,1,640
5871,5871.jpg,.jpg,1080,1080,True,4,1080
5872,5872.jpg,.jpg,1080,1080,True,2,1080
5873,5873.png,.png,640,640,False,0,640
5874,5874.jpg,.jpg,960,960,True,4,960
5875,5875.jpg,.jpg,1600,1600,True,1,1600
5876,5876.jpg,.jpg,1080,1080,True,2,1080
5877,5877.jpg,.jpg,960,960,True,2,960
5878,5878.png,.png,640,640,False,0,640
5879,5879.jpg,.jpg,960,960,True,8,960
5880,5880.jpg,.jpg,960,960,True,11,960
5881,5881.png,.png,640,640,False,0,640
5882,5882.jpg,.jpg,1600,1600,True,2,1600
5883,5883.jpg,.jpg,1080,1080,True,1,1080
5884,5884.png,.png,640,640,True,1,640
5885,5885.png,.png,640,640,False,0,640
5886,5886.jpg,.jpg,960,960,True,1,960
5887,5887.jpg,.jpg,1600,1600,True,1,1600
5888,5888.jpg,.jpg,1080,1080,True,3,1080
5889,5889.jpg,.jpg,1600,1600,True,2,1600
5890,5890.jpg,.jpg,960,960,True,1,960
5891,5891.jpg,.jpg,960,960,True,2,960
5892,5892.jpg,.jpg,1080,1080,True,2,1080
5893,5893.jpg,.jpg,960,960,True,3,960
5894,5894.jpg,.jpg,960,960,False,0,960
5895,5895.png,.png,640,640,True,1,640
5896,5896.jpg,.jpg,960,960,True,1,960
5897,5897.jpg,.jpg,960,960,True,2,960
5898,5898.jpg,.jpg,960,960,False,0,960
5899,5899.jpg,.jpg,960,960,True,1,960
5900,5900.jpg,.jpg,1080,1080,True,1,1080
5901,5901.jpg,.jpg,960,960,True,4,960
5902,5902.jpg,.jpg,640,640,True,5,640
5903,5903.png,.png,640,640,False,0,640
5904,5904.jpg,.jpg,1080,1080,True,1,1080
5905,5905.jpg,.jpg,960,960,True,12,960
5906,5906.png,.png,640,640,True,1,640
5907,5907.jpg,.jpg,960,960,True,3,960
5908,5908.jpg,.jpg,960,960,False,0,960
5909,5909.png,.png,640,640,False,0,640
5910,5910.png,.png,640,640,True,1,640
5911,5911.jpg,.jpg,960,960,False,0,960
5912,5912.png,.png,640,640,True,1,640
5913,5913.png,.png,640,640,True,1,640
5914,5914.jpg,.jpg,720,720,True,5,720
5915,5915.png,.png,640,640,True,1,640
5916,5916.jpg,.jpg,960,960,True,1,960
5917,5917.jpg,.jpg,960,960,False,0,960
5918,5918.jpg,.jpg,960,960,True,1,960
5919,5919.jpg,.jpg,1080,1080,True,3,1080
5920,5920.jpg,.jpg,960,960,True,2,960
5921,5921.png,.png,640,640,False,0,640
5922,5922.png,.png,640,640,True,9,640
5923,5923.png,.png,640,640,False,0,640
5924,5924.jpg,.jpg,1080,1080,False,0,1080
5925,5925.png,.png,640,640,True,2,640
5926,5926.png,.png,640,640,False,0,640
5927,5927.jpg,.jpg,960,960,False,0,960
5928,5928.png,.png,640,640,True,1,640
5929,5929.jpg,.jpg,960,960,True,2,960
5930,5930.jpg,.jpg,960,960,True,2,960
5931,5931.jpg,.jpg,960,960,True,1,960
5932,5932.jpg,.jpg,960,960,True,1,960
5933,5933.jpg,.jpg,720,720,True,1,720
5934,5934.jpg,.jpg,960,960,True,2,960
5935,5935.jpg,.jpg,960,960,True,5,960
5936,5936.png,.png,640,640,True,1,640
5937,5937.jpg,.jpg,960,960,True,1,960
5938,5938.jpg,.jpg,960,960,True,4,960
5939,5939.jpg,.jpg,1080,1080,True,2,1080
5940,5940.jpg,.jpg,960,960,True,5,960
5941,5941.jpg,.jpg,960,960,False,0,960
5942,5942.jpg,.jpg,960,960,True,1,960
5943,5943.jpg,.jpg,960,960,True,2,960
5944,5944.jpg,.jpg,960,960,True,6,960
5945,5945.jpg,.jpg,960,960,False,0,960
5946,5946.jpg,.jpg,960,960,True,1,960
5947,5947.jpg,.jpg,960,960,True,1,960
5948,5948.jpg,.jpg,720,720,True,4,720
5949,5949.jpg,.jpg,960,960,True,2,960
5950,5950.jpg,.jpg,1080,1080,True,1,1080
5951,5951.jpg,.jpg,960,960,True,2,960
5952,5952.jpg,.jpg,1080,1080,True,3,1080
5953,5953.jpg,.jpg,960,960,True,1,960
5954,5954.png,.png,640,640,False,0,640
5955,5955.jpg,.jpg,960,960,False,0,960
5956,5956.png,.png,640,640,True,2,640
5957,5957.jpg,.jpg,960,960,True,4,960
5958,5958.jpg,.jpg,960,960,True,6,960
5959,5959.jpg,.jpg,640,640,True,1,640
5960,5960.jpg,.jpg,1080,1080,True,4,1080
5961,5961.jpg,.jpg,960,960,True,18,960
5962,5962.png,.png,640,640,False,0,640
5963,5963.jpg,.jpg,960,960,True,2,960
5964,5964.jpg,.jpg,640,640,True,6,640
5965,5965.jpg,.jpg,960,960,True,7,960
5966,5966.jpg,.jpg,960,960,True,15,960
5967,5967.jpg,.jpg,1600,1600,True,9,1600
5968,5968.jpg,.jpg,720,720,True,4,720
5969,5969.png,.png,640,640,True,4,640
5970,5970.png,.png,640,640,True,3,640
5971,5971.jpg,.jpg,960,960,True,2,960
5972,5972.jpg,.jpg,1600,1600,True,2,1600
5973,5973.jpg,.jpg,960,960,True,14,960
5974,5974.jpg,.jpg,960,960,True,4,960
5975,5975.png,.png,640,640,True,1,640
5976,5976.jpg,.jpg,720,720,True,3,720
5977,5977.jpg,.jpg,960,960,False,0,960
5978,5978.jpg,.jpg,960,960,True,12,960
5979,5979.jpg,.jpg,960,960,False,0,960
5980,5980.jpg,.jpg,960,960,True,2,960
5981,5981.jpg,.jpg,960,960,False,0,960
5982,5982.jpg,.jpg,960,960,True,2,960
5983,5983.jpg,.jpg,1600,1600,True,1,1600
5984,5984.jpg,.jpg,1080,1080,True,2,1080
5985,5985.png,.png,640,640,True,4,640
5986,5986.jpg,.jpg,720,720,True,2,720
5987,5987.jpg,.jpg,960,960,True,1,960
5988,5988.jpg,.jpg,960,960,True,5,960
5989,5989.jpg,.jpg,960,960,True,8,960
5990,5990.jpg,.jpg,960,960,True,2,960
5991,5991.png,.png,640,640,True,2,640
5992,5992.jpg,.jpg,960,960,True,1,960
5993,5993.jpg,.jpg,960,960,True,15,960
5994,5994.jpg,.jpg,960,960,True,3,960
5995,5995.jpg,.jpg,960,960,True,2,960
5996,5996.jpg,.jpg,960,960,True,6,960
5997,5997.jpg,.jpg,960,960,True,1,960
5998,5998.jpg,.jpg,960,960,True,2,960
5999,5999.png,.png,640,640,True,1,640
6000,6000.jpg,.jpg,1080,1080,True,7,1080
6001,6001.jpg,.jpg,960,960,True,9,960
6002,6002.jpg,.jpg,960,960,True,8,960
6003,6003.jpg,.jpg,960,960,True,12,960
6004,6004.jpg,.jpg,960,960,True,2,960
6005,6005.png,.png,640,640,False,0,640
6006,6006.jpg,.jpg,960,960,True,6,960
6007,6007.png,.png,640,640,True,3,640
6008,6008.jpg,.jpg,960,960,False,0,960
6009,6009.jpg,.jpg,960,960,False,0,960
6010,6010.jpg,.jpg,1080,1080,True,8,1080
6011,6011.jpg,.jpg,960,960,True,1,960
6012,6012.png,.png,640,640,True,3,640
6013,6013.jpg,.jpg,960,960,True,3,960
6014,6014.jpg,.jpg,960,960,True,4,960
6015,6015.jpg,.jpg,960,960,True,6,960
6016,6016.jpg,.jpg,960,960,True,7,960
6017,6017.jpg,.jpg,960,960,True,5,960
6018,6018.jpg,.jpg,960,960,True,5,960
6019,6019.jpg,.jpg,960,960,True,1,960
6020,6020.png,.png,640,640,True,3,640
6021,6021.jpg,.jpg,960,960,True,2,960
6022,6022.jpg,.jpg,960,960,True,5,960
6023,6023.png,.png,640,640,True,4,640
6024,6024.jpg,.jpg,960,960,True,19,960
6025,6025.png,.png,640,640,True,1,640
6026,6026.jpg,.jpg,960,960,True,3,960
6027,6027.png,.png,640,640,True,1,640
6028,6028.jpg,.jpg,960,960,True,9,960
6029,6029.jpg,.jpg,960,960,True,2,960
6030,6030.jpg,.jpg,960,960,False,0,960
6031,6031.jpg,.jpg,1600,1600,True,6,1600
6032,6032.jpg,.jpg,960,960,False,0,960
6033,6033.jpg,.jpg,960,960,True,11,960
6034,6034.jpg,.jpg,960,960,True,2,960
6035,6035.jpg,.jpg,1080,1080,True,2,1080
6036,6036.jpg,.jpg,960,960,True,2,960
6037,6037.jpg,.jpg,960,960,True,2,960
6038,6038.png,.png,640,640,True,6,640
6039,6039.jpg,.jpg,960,960,True,6,960
6040,6040.jpg,.jpg,640,640,True,6,640
6041,6041.jpg,.jpg,960,960,True,1,960
6042,6042.jpg,.jpg,1600,1600,True,1,1600
6043,6043.jpg,.jpg,720,720,True,4,720
6044,6044.jpg,.jpg,960,960,True,1,960
6045,6045.jpg,.jpg,960,960,True,2,960
6046,6046.png,.png,640,640,True,6,640
6047,6047.jpg,.jpg,720,720,True,4,720
6048,6048.jpg,.jpg,960,960,False,0,960
6049,6049.jpg,.jpg,960,960,True,5,960
6050,6050.jpg,.jpg,960,960,True,4,960
6051,6051.jpg,.jpg,960,960,True,3,960
6052,6052.jpg,.jpg,960,960,True,2,960
6053,6053.jpg,.jpg,960,960,False,0,960
6054,6054.png,.png,640,640,True,2,640
6055,6055.png,.png,640,640,True,2,640
6056,6056.jpg,.jpg,960,960,True,3,960
6057,6057.png,.png,640,640,True,15,640
6058,6058.jpg,.jpg,1600,1600,True,6,1600
6059,6059.jpg,.jpg,960,960,False,0,960
6060,6060.png,.png,640,640,True,2,640
6061,6061.png,.png,640,640,True,2,640
6062,6062.jpg,.jpg,640,640,False,0,640
6063,6063.jpg,.jpg,960,960,True,9,960
6064,6064.jpg,.jpg,640,640,False,0,640
6065,6065.jpg,.jpg,1600,1600,True,9,1600
6066,6066.png,.png,640,640,False,0,640
6067,6067.jpg,.jpg,960,960,True,4,960
6068,6068.jpg,.jpg,1600,1600,True,2,1600
6069,6069.png,.png,640,640,True,1,640
6070,6070.png,.png,640,640,True,7,640
6071,6071.png,.png,640,640,True,2,640
6072,6072.jpg,.jpg,960,960,True,8,960
6073,6073.png,.png,640,640,True,2,640
6074,6074.jpg,.jpg,1600,1600,True,5,1600
6075,6075.png,.png,640,640,True,5,640
6076,6076.jpg,.jpg,960,960,True,5,960
6077,6077.jpg,.jpg,960,960,True,10,960
6078,6078.png,.png,640,640,False,0,640
6079,6079.jpg,.jpg,960,960,True,6,960
6080,6080.jpg,.jpg,1080,1080,True,6,1080
6081,6081.jpg,.jpg,960,960,True,1,960
6082,6082.jpg,.jpg,1080,1080,True,4,1080
6083,6083.jpg,.jpg,1080,1080,True,2,1080
6084,6084.jpg,.jpg,1080,1080,True,5,1080
6085,6085.jpg,.jpg,960,960,True,13,960
6086,6086.jpg,.jpg,960,960,True,6,960
6087,6087.jpg,.jpg,640,640,True,5,640
6088,6088.jpg,.jpg,960,960,True,5,960
6089,6089.png,.png,640,640,True,3,640
6090,6090.jpg,.jpg,640,640,True,3,640
6091,6091.jpg,.jpg,960,960,True,7,960
6092,6092.jpg,.jpg,960,960,True,9,960
6093,6093.jpg,.jpg,960,960,True,15,960
6094,6094.png,.png,640,640,False,0,640
6095,6095.png,.png,640,640,False,0,640
6096,6096.jpg,.jpg,640,640,True,9,640
6097,6097.jpg,.jpg,960,960,True,8,960
6098,6098.jpg,.jpg,1080,1080,True,4,1080
6099,6099.png,.png,640,640,True,7,640
6100,6100.jpg,.jpg,720,720,True,2,720
6101,6101.jpg,.jpg,960,960,True,6,960
6102,6102.jpg,.jpg,960,960,True,1,960
6103,6103.jpg,.jpg,960,960,True,3,960
6104,6104.jpg,.jpg,960,960,True,6,960
6105,6105.jpg,.jpg,960,960,True,6,960
6106,6106.png,.png,640,640,True,4,640
6107,6107.jpg,.jpg,960,960,True,3,960
6108,6108.jpg,.jpg,960,960,True,7,960
6109,6109.jpg,.jpg,960,960,True,3,960
6110,6110.jpg,.jpg,640,640,False,0,640
6111,6111.jpg,.jpg,960,960,True,11,960
6112,6112.jpg,.jpg,960,960,True,7,960
6113,6113.png,.png,640,640,True,4,640
6114,6114.jpg,.jpg,960,960,True,4,960
6115,6115.png,.png,640,640,True,2,640
6116,6116.png,.png,640,640,False,0,640
6117,6117.png,.png,640,640,True,1,640
6118,6118.png,.png,640,640,True,4,640
6119,6119.png,.png,640,640,True,2,640
6120,6120.jpg,.jpg,960,960,True,7,960
6121,6121.jpg,.jpg,960,960,True,3,960
6122,6122.jpg,.jpg,960,960,True,3,960
6123,6123.jpg,.jpg,960,960,True,3,960
6124,6124.jpg,.jpg,960,960,True,2,960
6125,6125.png,.png,640,640,False,0,640
6126,6126.jpg,.jpg,960,960,True,6,960
6127,6127.jpg,.jpg,960,960,True,8,960
6128,6128.jpg,.jpg,960,960,False,0,960
6129,6129.jpg,.jpg,1080,1080,False,0,1080
6130,6130.jpg,.jpg,960,960,True,4,960
6131,6131.jpg,.jpg,960,960,True,1,960
6132,6132.png,.png,640,640,True,5,640
6133,6133.jpg,.jpg,960,960,True,5,960
6134,6134.jpg,.jpg,960,960,True,8,960
6135,6135.jpg,.jpg,960,960,True,4,960
6136,6136.png,.png,640,640,True,2,640
6137,6137.png,.png,640,640,True,3,640
6138,6138.png,.png,640,640,False,0,640
6139,6139.jpg,.jpg,1600,1600,True,2,1600
6140,6140.jpg,.jpg,1080,1080,True,6,1080
6141,6141.jpg,.jpg,640,640,True,6,640
6142,6142.png,.png,640,640,True,3,640
6143,6143.jpg,.jpg,1080,1080,True,6,1080
6144,6144.png,.png,640,640,True,3,640
6145,6145.png,.png,640,640,True,9,640
6146,6146.jpg,.jpg,720,720,True,3,720
6147,6147.jpg,.jpg,960,960,True,9,960
6148,6148.jpg,.jpg,960,960,False,0,960
6149,6149.jpg,.jpg,1080,1080,True,5,1080
6150,6150.jpg,.jpg,960,960,True,21,960
6151,6151.jpg,.jpg,960,960,True,8,960
6152,6152.jpg,.jpg,960,960,True,6,960
6153,6153.jpg,.jpg,960,960,True,7,960
6154,6154.jpg,.jpg,1080,1080,True,2,1080
6155,6155.jpg,.jpg,960,960,True,1,960
6156,6156.png,.png,640,640,False,0,640
6157,6157.jpg,.jpg,960,960,False,0,960
6158,6158.jpg,.jpg,960,960,True,1,960
6159,6159.jpg,.jpg,960,960,True,3,960
6160,6160.jpg,.jpg,960,960,True,4,960
6161,6161.jpg,.jpg,960,960,False,0,960
6162,6162.jpg,.jpg,960,960,True,1,960
6163,6163.jpg,.jpg,960,960,True,9,960
6164,6164.jpg,.jpg,960,960,True,3,960
6165,6165.jpg,.jpg,960,960,True,2,960
6166,6166.jpg,.jpg,1080,1080,True,1,1080
6167,6167.jpg,.jpg,960,960,True,3,960
6168,6168.jpg,.jpg,960,960,True,6,960
6169,6169.png,.png,640,640,True,1,640
6170,6170.jpg,.jpg,640,640,True,1,640
6171,6171.jpg,.jpg,960,960,True,3,960
6172,6172.png,.png,640,640,True,1,640
6173,6173.jpg,.jpg,1080,1080,True,1,1080
6174,6174.jpg,.jpg,960,960,True,1,960
6175,6175.jpg,.jpg,960,960,True,5,960
6176,6176.jpg,.jpg,960,960,True,4,960
6177,6177.jpg,.jpg,1080,1080,True,1,1080
6178,6178.jpg,.jpg,960,960,True,2,960
6179,6179.jpg,.jpg,960,960,True,3,960
6180,6180.jpg,.jpg,960,960,True,1,960
6181,6181.jpg,.jpg,960,960,True,2,960
6182,6182.jpg,.jpg,960,960,False,0,960
6183,6183.jpg,.jpg,960,960,True,1,960
6184,6184.jpg,.jpg,960,960,True,4,960
6185,6185.jpg,.jpg,1600,1600,True,1,1600
6186,6186.png,.png,640,640,False,0,640
6187,6187.jpg,.jpg,960,960,True,1,960
6188,6188.png,.png,640,640,True,1,640
6189,6189.jpg,.jpg,960,960,True,3,960
6190,6190.jpg,.jpg,960,960,True,4,960
6191,6191.jpg,.jpg,960,960,True,3,960
6192,6192.png,.png,640,640,False,0,640
6193,6193.jpg,.jpg,960,960,True,1,960
6194,6194.jpg,.jpg,960,960,True,2,960
6195,6195.jpg,.jpg,960,960,True,1,960
6196,6196.jpg,.jpg,960,960,True,1,960
6197,6197.jpg,.jpg,960,960,True,1,960
6198,6198.png,.png,640,640,True,1,640
6199,6199.jpg,.jpg,960,960,True,3,960
6200,6200.jpg,.jpg,640,640,True,2,640
6201,6201.jpg,.jpg,960,960,True,1,960
6202,6202.png,.png,640,640,False,0,640
6203,6203.jpg,.jpg,960,960,True,1,960
6204,6204.jpg,.jpg,960,960,True,4,960
6205,6205.jpg,.jpg,720,720,True,1,720
6206,6206.jpg,.jpg,960,960,True,1,960
6207,6207.jpg,.jpg,960,960,True,4,960
6208,6208.jpg,.jpg,960,960,False,0,960
6209,6209.png,.png,640,640,True,1,640
6210,6210.jpg,.jpg,960,960,True,6,960
6211,6211.jpg,.jpg,960,960,True,1,960
6212,6212.png,.png,640,640,True,1,640
6213,6213.jpg,.jpg,960,960,True,1,960
6214,6214.jpg,.jpg,960,960,True,3,960
6215,6215.jpg,.jpg,960,960,True,1,960
6216,6216.jpg,.jpg,960,960,True,1,960
6217,6217.jpg,.jpg,960,960,True,1,960
6218,6218.jpg,.jpg,960,960,True,2,960
6219,6219.jpg,.jpg,1600,1600,True,1,1600
6220,6220.jpg,.jpg,960,960,True,3,960
6221,6221.jpg,.jpg,960,960,True,2,960
6222,6222.jpg,.jpg,1080,1080,True,1,1080
6223,6223.jpg,.jpg,960,960,True,3,960
6224,6224.jpg,.jpg,960,960,True,2,960
6225,6225.png,.png,640,640,True,1,640
6226,6226.jpg,.jpg,960,960,True,2,960
6227,6227.jpg,.jpg,1080,1080,True,1,1080
6228,6228.jpg,.jpg,960,960,True,2,960
6229,6229.jpg,.jpg,960,960,True,3,960
6230,6230.jpg,.jpg,960,960,True,1,960
6231,6231.jpg,.jpg,1080,1080,True,2,1080
6232,6232.jpg,.jpg,960,960,True,4,960
6233,6233.png,.png,640,640,True,10,640
6234,6234.png,.png,640,640,False,0,640
6235,6235.jpg,.jpg,1080,1080,True,1,1080
6236,6236.png,.png,640,640,False,0,640
6237,6237.jpg,.jpg,1600,1600,True,1,1600
6238,6238.jpg,.jpg,1080,1080,True,2,1080
6239,6239.jpg,.jpg,720,720,False,0,720
6240,6240.jpg,.jpg,960,960,True,1,960
6241,6241.png,.png,640,640,True,1,640
6242,6242.jpg,.jpg,960,960,True,1,960
6243,6243.png,.png,640,640,False,0,640
6244,6244.jpg,.jpg,960,960,True,5,960
6245,6245.png,.png,640,640,False,0,640
6246,6246.jpg,.jpg,960,960,True,6,960
6247,6247.png,.png,640,640,False,0,640
6248,6248.jpg,.jpg,960,960,True,3,960
6249,6249.jpg,.jpg,1080,1080,True,1,1080
6250,6250.jpg,.jpg,960,960,True,4,960
6251,6251.jpg,.jpg,960,960,True,1,960
6252,6252.jpg,.jpg,960,960,True,3,960
6253,6253.jpg,.jpg,640,640,True,1,640
6254,6254.jpg,.jpg,960,960,True,3,960
6255,6255.png,.png,640,640,True,2,640
6256,6256.jpg,.jpg,960,960,True,1,960
6257,6257.jpg,.jpg,960,960,True,3,960
6258,6258.jpg,.jpg,720,720,True,1,720
6259,6259.png,.png,640,640,True,1,640
6260,6260.jpg,.jpg,960,960,True,3,960
6261,6261.png,.png,640,640,True,1,640
6262,6262.jpg,.jpg,640,640,True,3,640
6263,6263.png,.png,640,640,True,1,640
6264,6264.jpg,.jpg,960,960,True,1,960
6265,6265.jpg,.jpg,960,960,True,2,960
6266,6266.jpg,.jpg,960,960,True,2,960
6267,6267.png,.png,640,640,False,0,640
6268,6268.jpg,.jpg,640,640,False,0,640
6269,6269.jpg,.jpg,1080,1080,True,2,1080
6270,6270.jpg,.jpg,1080,1080,True,2,1080
6271,6271.png,.png,640,640,False,0,640
6272,6272.jpg,.jpg,1080,1080,True,4,1080
6273,6273.png,.png,640,640,True,2,640
6274,6274.jpg,.jpg,960,960,True,1,960
6275,6275.jpg,.jpg,960,960,True,3,960
6276,6276.png,.png,640,640,True,1,640
6277,6277.jpg,.jpg,720,720,True,1,720
6278,6278.png,.png,640,640,True,2,640
6279,6279.jpg,.jpg,960,960,True,1,960
6280,6280.png,.png,640,640,True,2,640
6281,6281.jpg,.jpg,1080,1080,True,1,1080
6282,6282.jpg,.jpg,960,960,True,6,960
6283,6283.jpg,.jpg,960,960,True,3,960
6284,6284.jpg,.jpg,960,960,True,5,960
6285,6285.jpg,.jpg,960,960,True,2,960
6286,6286.jpg,.jpg,1600,1600,False,0,1600
6287,6287.jpg,.jpg,960,960,True,5,960
6288,6288.jpg,.jpg,960,960,True,2,960
6289,6289.jpg,.jpg,960,960,True,2,960
6290,6290.jpg,.jpg,960,960,True,4,960
6291,6291.jpg,.jpg,960,960,True,4,960
6292,6292.jpg,.jpg,960,960,True,3,960
6293,6293.jpg,.jpg,640,640,True,1,640
6294,6294.png,.png,640,640,False,0,640
6295,6295.jpg,.jpg,960,960,True,1,960
6296,6296.jpg,.jpg,960,960,True,1,960
6297,6297.png,.png,640,640,True,1,640
6298,6298.jpg,.jpg,960,960,True,1,960
6299,6299.jpg,.jpg,960,960,True,1,960
6300,6300.jpg,.jpg,960,960,True,1,960
6301,6301.png,.png,640,640,True,1,640
6302,6302.jpg,.jpg,1600,1600,True,2,1600
6303,6303.png,.png,640,640,True,1,640
6304,6304.jpg,.jpg,960,960,True,3,960
6305,6305.png,.png,640,640,False,0,640
6306,6306.jpg,.jpg,960,960,True,10,960
6307,6307.png,.png,640,640,False,0,640
6308,6308.png,.png,640,640,True,5,640
6309,6309.jpg,.jpg,960,960,True,2,960
6310,6310.png,.png,640,640,False,0,640
6311,6311.png,.png,640,640,True,2,640
6312,6312.png,.png,640,640,True,1,640
6313,6313.jpg,.jpg,960,960,True,3,960
6314,6314.jpg,.jpg,960,960,True,4,960
6315,6315.jpg,.jpg,960,960,True,1,960
6316,6316.jpg,.jpg,960,960,True,12,960
6317,6317.jpg,.jpg,960,960,True,4,960
6318,6318.jpg,.jpg,960,960,True,13,960
6319,6319.jpg,.jpg,960,960,True,4,960
6320,6320.jpg,.jpg,1080,1080,True,1,1080
6321,6321.png,.png,640,640,False,0,640
6322,6322.jpg,.jpg,1080,1080,True,1,1080
6323,6323.jpg,.jpg,640,640,True,1,640
6324,6324.jpg,.jpg,960,960,True,4,960
6325,6325.jpg,.jpg,960,960,True,2,960
6326,6326.png,.png,640,640,True,1,640
6327,6327.jpg,.jpg,960,960,True,2,960
6328,6328.jpg,.jpg,960,960,True,3,960
6329,6329.jpg,.jpg,960,960,False,0,960
6330,6330.jpg,.jpg,960,960,True,1,960
6331,6331.jpg,.jpg,960,960,True,1,960
6332,6332.jpg,.jpg,960,960,True,1,960
6333,6333.jpg,.jpg,640,640,True,2,640
6334,6334.png,.png,640,640,True,2,640
6335,6335.jpg,.jpg,960,960,True,5,960
6336,6336.jpg,.jpg,640,640,False,0,640
6337,6337.jpg,.jpg,960,960,True,1,960
6338,6338.png,.png,640,640,False,0,640
6339,6339.jpg,.jpg,960,960,True,4,960
6340,6340.png,.png,640,640,True,1,640
6341,6341.png,.png,640,640,True,1,640
6342,6342.jpg,.jpg,1600,1600,True,1,1600
6343,6343.jpg,.jpg,640,640,False,0,640
6344,6344.jpg,.jpg,960,960,False,0,960
6345,6345.jpg,.jpg,640,640,True,2,640
6346,6346.jpg,.jpg,1600,1600,True,2,1600
6347,6347.jpg,.jpg,960,960,True,1,960
6348,6348.png,.png,640,640,False,0,640
6349,6349.png,.png,640,640,True,1,640
6350,6350.jpg,.jpg,960,960,True,5,960
6351,6351.png,.png,640,640,False,0,640
6352,6352.jpg,.jpg,960,960,True,1,960
6353,6353.jpg,.jpg,960,960,False,0,960
6354,6354.jpg,.jpg,960,960,True,6,960
6355,6355.png,.png,640,640,True,1,640
6356,6356.jpg,.jpg,960,960,True,1,960
6357,6357.jpg,.jpg,960,960,True,2,960
6358,6358.jpg,.jpg,1080,1080,True,3,1080
6359,6359.jpg,.jpg,960,960,True,3,960
6360,6360.jpg,.jpg,960,960,True,1,960
6361,6361.jpg,.jpg,720,720,True,1,720
6362,6362.jpg,.jpg,960,960,True,1,960
6363,6363.png,.png,640,640,False,0,640
6364,6364.jpg,.jpg,960,960,True,8,960
6365,6365.jpg,.jpg,960,960,True,1,960
6366,6366.jpg,.jpg,1080,1080,False,0,1080
6367,6367.png,.png,640,640,True,1,640
6368,6368.jpg,.jpg,1080,1080,False,0,1080
6369,6369.jpg,.jpg,960,960,True,4,960
6370,6370.jpg,.jpg,1600,1600,True,2,1600
6371,6371.jpg,.jpg,960,960,True,3,960
6372,6372.jpg,.jpg,960,960,True,3,960
6373,6373.jpg,.jpg,1080,1080,True,1,1080
6374,6374.jpg,.jpg,960,960,True,3,960
6375,6375.jpg,.jpg,960,960,True,2,960
6376,6376.png,.png,640,640,False,0,640
6377,6377.png,.png,640,640,True,1,640
6378,6378.png,.png,640,640,False,0,640
6379,6379.jpg,.jpg,1600,1600,False,0,1600
6380,6380.jpg,.jpg,960,960,True,1,960
6381,6381.jpg,.jpg,1080,1080,False,0,1080
6382,6382.jpg,.jpg,960,960,True,4,960
6383,6383.jpg,.jpg,640,640,True,2,640
6384,6384.jpg,.jpg,960,960,True,2,960
6385,6385.jpg,.jpg,960,960,True,5,960
6386,6386.jpg,.jpg,960,960,True,1,960
6387,6387.jpg,.jpg,960,960,True,1,960
6388,6388.jpg,.jpg,1600,1600,True,1,1600
6389,6389.jpg,.jpg,1600,1600,True,3,1600
6390,6390.jpg,.jpg,1080,1080,True,1,1080
6391,6391.jpg,.jpg,960,960,True,3,960
6392,6392.png,.png,640,640,False,0,640
6393,6393.jpg,.jpg,960,960,True,2,960
6394,6394.jpg,.jpg,640,640,True,7,640
6395,6395.jpg,.jpg,1080,1080,True,2,1080
6396,6396.png,.png,640,640,True,3,640
6397,6397.jpg,.jpg,1080,1080,True,2,1080
6398,6398.jpg,.jpg,960,960,True,3,960
6399,6399.jpg,.jpg,960,960,True,6,960
6400,6400.jpg,.jpg,960,960,True,3,960
6401,6401.jpg,.jpg,960,960,True,1,960
6402,6402.jpg,.jpg,1080,1080,False,0,1080
6403,6403.jpg,.jpg,960,960,True,6,960
6404,6404.png,.png,640,640,True,3,640
6405,6405.jpg,.jpg,960,960,True,3,960
6406,6406.jpg,.jpg,960,960,True,1,960
6407,6407.jpg,.jpg,960,960,True,4,960
6408,6408.jpg,.jpg,960,960,True,2,960
6409,6409.png,.png,640,640,True,1,640
6410,6410.jpg,.jpg,1600,1600,True,2,1600
6411,6411.png,.png,640,640,False,0,640
6412,6412.png,.png,640,640,True,1,640
6413,6413.png,.png,640,640,True,1,640
6414,6414.jpg,.jpg,960,960,True,2,960
6415,6415.jpg,.jpg,1080,1080,True,3,1080
6416,6416.png,.png,640,640,False,0,640
6417,6417.jpg,.jpg,960,960,True,1,960
6418,6418.jpg,.jpg,1600,1600,True,2,1600
6419,6419.jpg,.jpg,960,960,True,1,960
6420,6420.jpg,.jpg,960,960,True,2,960
6421,6421.jpg,.jpg,640,640,True,1,640
6422,6422.jpg,.jpg,1600,1600,True,1,1600
6423,6423.jpg,.jpg,960,960,False,0,960
6424,6424.png,.png,640,640,True,4,640
6425,6425.jpg,.jpg,960,960,True,2,960
6426,6426.png,.png,640,640,True,1,640
6427,6427.jpg,.jpg,960,960,True,3,960
6428,6428.jpg,.jpg,960,960,True,1,960
6429,6429.jpg,.jpg,960,960,True,1,960
6430,6430.png,.png,640,640,True,1,640
6431,6431.jpg,.jpg,960,960,True,1,960
6432,6432.jpg,.jpg,1080,1080,False,0,1080
6433,6433.jpg,.jpg,960,960,True,2,960
6434,6434.png,.png,640,640,True,1,640
6435,6435.jpg,.jpg,960,960,True,6,960
6436,6436.jpg,.jpg,960,960,True,2,960
6437,6437.jpg,.jpg,1600,1600,True,3,1600
6438,6438.jpg,.jpg,960,960,True,6,960
6439,6439.jpg,.jpg,960,960,True,3,960
6440,6440.png,.png,640,640,False,0,640
6441,6441.png,.png,640,640,True,1,640
6442,6442.jpg,.jpg,1080,1080,True,2,1080
6443,6443.jpg,.jpg,960,960,True,2,960
6444,6444.png,.png,640,640,True,2,640
6445,6445.jpg,.jpg,960,960,True,3,960
6446,6446.png,.png,640,640,True,1,640
6447,6447.jpg,.jpg,960,960,True,10,960
6448,6448.png,.png,640,640,False,0,640
6449,6449.jpg,.jpg,960,960,False,0,960
6450,6450.jpg,.jpg,1080,1080,False,0,1080
6451,6451.png,.png,640,640,False,0,640
6452,6452.jpg,.jpg,960,960,False,0,960
6453,6453.jpg,.jpg,960,960,True,1,960
6454,6454.png,.png,640,640,False,0,640
6455,6455.png,.png,640,640,True,1,640
6456,6456.jpg,.jpg,960,960,True,2,960
6457,6457.jpg,.jpg,1600,1600,True,2,1600
6458,6458.jpg,.jpg,640,640,True,1,640
6459,6459.jpg,.jpg,960,960,True,2,960
6460,6460.jpg,.jpg,960,960,True,1,960
6461,6461.png,.png,640,640,True,1,640
6462,6462.jpg,.jpg,960,960,True,6,960
6463,6463.jpg,.jpg,960,960,True,1,960
6464,6464.png,.png,640,640,True,1,640
6465,6465.jpg,.jpg,960,960,True,1,960
6466,6466.jpg,.jpg,1600,1600,True,2,1600
6467,6467.jpg,.jpg,1600,1600,True,1,1600
6468,6468.jpg,.jpg,960,960,True,2,960
6469,6469.jpg,.jpg,1080,1080,True,6,1080
6470,6470.jpg,.jpg,720,720,True,1,720
6471,6471.jpg,.jpg,1600,1600,True,2,1600
6472,6472.jpg,.jpg,960,960,True,1,960
6473,6473.jpg,.jpg,960,960,True,1,960
6474,6474.jpg,.jpg,960,960,True,6,960
6475,6475.png,.png,640,640,True,2,640
6476,6476.jpg,.jpg,1080,1080,True,1,1080
6477,6477.png,.png,640,640,True,2,640
6478,6478.jpg,.jpg,960,960,True,1,960
6479,6479.jpg,.jpg,960,960,True,2,960
6480,6480.jpg,.jpg,960,960,True,2,960
6481,6481.jpg,.jpg,640,640,False,0,640
6482,6482.jpg,.jpg,1080,1080,True,1,1080
6483,6483.jpg,.jpg,960,960,True,5,960
6484,6484.jpg,.jpg,960,960,True,2,960
6485,6485.jpg,.jpg,1080,1080,True,3,1080
6486,6486.png,.png,640,640,True,1,640
6487,6487.jpg,.jpg,1600,1600,True,2,1600
6488,6488.jpg,.jpg,1080,1080,True,1,1080
6489,6489.jpg,.jpg,960,960,True,3,960
6490,6490.jpg,.jpg,960,960,True,2,960
6491,6491.jpg,.jpg,1080,1080,True,3,1080
6492,6492.jpg,.jpg,1080,1080,True,6,1080
6493,6493.png,.png,640,640,True,3,640
6494,6494.jpg,.jpg,960,960,True,1,960
6495,6495.png,.png,640,640,True,2,640
6496,6496.png,.png,640,640,False,0,640
6497,6497.jpg,.jpg,1080,1080,True,1,1080
6498,6498.png,.png,640,640,True,1,640
6499,6499.jpg,.jpg,960,960,True,4,960
6500,6500.jpg,.jpg,1600,1600,True,2,1600
6501,6501.jpg,.jpg,1080,1080,True,1,1080
6502,6502.jpg,.jpg,640,640,True,4,640
6503,6503.png,.png,640,640,False,0,640
6504,6504.jpg,.jpg,1080,1080,True,6,1080
6505,6505.jpg,.jpg,960,960,True,1,960
6506,6506.jpg,.jpg,960,960,False,0,960
6507,6507.jpg,.jpg,960,960,True,1,960
6508,6508.png,.png,640,640,True,2,640
6509,6509.jpg,.jpg,1080,1080,True,1,1080
6510,6510.jpg,.jpg,960,960,True,1,960
6511,6511.jpg,.jpg,960,960,True,2,960
6512,6512.png,.png,640,640,True,1,640
6513,6513.jpg,.jpg,960,960,True,1,960
6514,6514.png,.png,640,640,True,1,640
6515,6515.jpg,.jpg,960,960,True,1,960
6516,6516.jpg,.jpg,960,960,True,1,960
6517,6517.jpg,.jpg,960,960,True,3,960
6518,6518.jpg,.jpg,960,960,True,7,960
6519,6519.jpg,.jpg,960,960,True,7,960
6520,6520.jpg,.jpg,1080,1080,True,1,1080
6521,6521.jpg,.jpg,1080,1080,False,0,1080
6522,6522.jpg,.jpg,1600,1600,False,0,1600
6523,6523.jpg,.jpg,1600,1600,True,4,1600
6524,6524.jpg,.jpg,1080,1080,False,0,1080
6525,6525.jpg,.jpg,960,960,True,2,960
6526,6526.png,.png,640,640,True,1,640
6527,6527.jpg,.jpg,960,960,True,2,960
6528,6528.jpg,.jpg,960,960,True,10,960
6529,6529.jpg,.jpg,960,960,True,1,960
6530,6530.jpg,.jpg,960,960,True,1,960
6531,6531.png,.png,640,640,True,4,640
6532,6532.jpg,.jpg,960,960,True,2,960
6533,6533.jpg,.jpg,960,960,True,4,960
6534,6534.jpg,.jpg,640,640,True,5,640
6535,6535.jpg,.jpg,1600,1600,True,1,1600
6536,6536.jpg,.jpg,640,640,False,0,640
6537,6537.png,.png,640,640,True,1,640
6538,6538.jpg,.jpg,960,960,True,1,960
6539,6539.jpg,.jpg,960,960,False,0,960
6540,6540.jpg,.jpg,1600,1600,True,1,1600
6541,6541.jpg,.jpg,720,720,True,1,720
6542,6542.jpg,.jpg,960,960,True,1,960
6543,6543.png,.png,640,640,False,0,640
6544,6544.jpg,.jpg,960,960,True,2,960
6545,6545.jpg,.jpg,1600,1600,True,1,1600
6546,6546.png,.png,640,640,True,1,640
6547,6547.jpg,.jpg,1080,1080,True,1,1080
6548,6548.jpg,.jpg,960,960,True,2,960
6549,6549.jpg,.jpg,640,640,True,7,640
6550,6550.jpg,.jpg,960,960,True,2,960
6551,6551.png,.png,640,640,False,0,640
6552,6552.png,.png,640,640,True,2,640
6553,6553.jpg,.jpg,960,960,True,1,960
6554,6554.jpg,.jpg,960,960,True,7,960
6555,6555.jpg,.jpg,960,960,True,7,960
6556,6556.jpg,.jpg,960,960,True,1,960
6557,6557.png,.png,640,640,True,2,640
6558,6558.png,.png,640,640,True,3,640
6559,6559.jpg,.jpg,960,960,True,2,960
6560,6560.png,.png,640,640,True,1,640
6561,6561.jpg,.jpg,960,960,True,1,960
6562,6562.jpg,.jpg,960,960,True,3,960
6563,6563.jpg,.jpg,960,960,True,3,960
6564,6564.jpg,.jpg,960,960,True,3,960
6565,6565.jpg,.jpg,960,960,True,2,960
6566,6566.jpg,.jpg,960,960,True,2,960
6567,6567.jpg,.jpg,960,960,True,5,960
6568,6568.jpg,.jpg,960,960,True,5,960
6569,6569.jpg,.jpg,960,960,True,2,960
6570,6570.jpg,.jpg,1080,1080,True,3,1080
6571,6571.jpg,.jpg,960,960,True,3,960
6572,6572.jpg,.jpg,960,960,True,2,960
6573,6573.jpg,.jpg,960,960,True,2,960
6574,6574.jpg,.jpg,1080,1080,True,1,1080
6575,6575.jpg,.jpg,960,960,True,2,960
6576,6576.png,.png,640,640,True,6,640
6577,6577.png,.png,640,640,True,3,640
6578,6578.jpg,.jpg,960,960,True,5,960
6579,6579.jpg,.jpg,1080,1080,True,1,1080
6580,6580.jpg,.jpg,960,960,True,3,960
6581,6581.jpg,.jpg,960,960,True,1,960
6582,6582.jpg,.jpg,960,960,True,2,960
6583,6583.jpg,.jpg,960,960,True,4,960
6584,6584.jpg,.jpg,960,960,True,1,960
6585,6585.jpg,.jpg,960,960,True,4,960
6586,6586.jpg,.jpg,960,960,True,2,960
6587,6587.jpg,.jpg,960,960,True,2,960
6588,6588.png,.png,640,640,True,1,640
6589,6589.png,.png,640,640,True,1,640
6590,6590.png,.png,640,640,True,3,640
6591,6591.png,.png,640,640,True,2,640
6592,6592.jpg,.jpg,960,960,True,3,960
6593,6593.jpg,.jpg,960,960,True,3,960
6594,6594.png,.png,640,640,True,2,640
6595,6595.png,.png,640,640,True,3,640
6596,6596.jpg,.jpg,1600,1600,True,4,1600
6597,6597.jpg,.jpg,960,960,True,4,960
6598,6598.jpg,.jpg,960,960,True,1,960
6599,6599.jpg,.jpg,1080,1080,True,1,1080
6600,6600.jpg,.jpg,960,960,True,2,960
6601,6601.jpg,.jpg,960,960,True,2,960
6602,6602.jpg,.jpg,960,960,True,2,960
6603,6603.jpg,.jpg,960,960,True,2,960
6604,6604.jpg,.jpg,960,960,True,6,960
6605,6605.png,.png,640,640,True,2,640
6606,6606.jpg,.jpg,1080,1080,True,1,1080
6607,6607.jpg,.jpg,960,960,True,2,960
6608,6608.png,.png,640,640,True,3,640
6609,6609.jpg,.jpg,960,960,True,1,960
6610,6610.jpg,.jpg,1080,1080,True,1,1080
6611,6611.png,.png,640,640,True,4,640
6612,6612.jpg,.jpg,640,640,True,3,640
6613,6613.jpg,.jpg,960,960,True,2,960
6614,6614.jpg,.jpg,1600,1600,True,2,1600
6615,6615.png,.png,640,640,True,1,640
6616,6616.png,.png,640,640,True,2,640
6617,6617.jpg,.jpg,960,960,True,1,960
6618,6618.jpg,.jpg,960,960,True,3,960
6619,6619.jpg,.jpg,960,960,True,1,960
6620,6620.jpg,.jpg,1080,1080,True,2,1080
6621,6621.jpg,.jpg,960,960,True,6,960
6622,6622.jpg,.jpg,960,960,True,2,960
6623,6623.jpg,.jpg,960,960,True,3,960
6624,6624.jpg,.jpg,960,960,True,4,960
6625,6625.jpg,.jpg,960,960,True,4,960
6626,6626.jpg,.jpg,960,960,True,2,960
6627,6627.jpg,.jpg,1600,1600,True,5,1600
6628,6628.jpg,.jpg,960,960,True,2,960
6629,6629.jpg,.jpg,960,960,True,1,960
6630,6630.png,.png,640,640,True,5,640
6631,6631.jpg,.jpg,960,960,True,2,960
6632,6632.jpg,.jpg,960,960,True,6,960
6633,6633.jpg,.jpg,1080,1080,True,4,1080
6634,6634.jpg,.jpg,640,640,True,1,640
6635,6635.jpg,.jpg,960,960,True,1,960
6636,6636.png,.png,640,640,True,1,640
6637,6637.png,.png,640,640,True,1,640
6638,6638.jpg,.jpg,640,640,True,3,640
6639,6639.jpg,.jpg,1080,1080,True,3,1080
6640,6640.jpg,.jpg,1600,1600,True,2,1600
6641,6641.png,.png,640,640,True,1,640
6642,6642.png,.png,640,640,True,1,640
6643,6643.jpg,.jpg,960,960,True,1,960
6644,6644.jpg,.jpg,1080,1080,True,2,1080
6645,6645.jpg,.jpg,1600,1600,True,2,1600
6646,6646.jpg,.jpg,960,960,True,2,960
6647,6647.jpg,.jpg,1080,1080,True,2,1080
6648,6648.jpg,.jpg,960,960,True,1,960
6649,6649.png,.png,640,640,True,3,640
6650,6650.jpg,.jpg,1080,1080,True,3,1080
6651,6651.jpg,.jpg,960,960,True,7,960
6652,6652.jpg,.jpg,960,960,True,4,960
6653,6653.jpg,.jpg,960,960,True,1,960
6654,6654.jpg,.jpg,960,960,True,4,960
6655,6655.jpg,.jpg,960,960,True,10,960
6656,6656.jpg,.jpg,960,960,True,3,960
6657,6657.png,.png,640,640,True,3,640
6658,6658.jpg,.jpg,960,960,True,2,960
6659,6659.jpg,.jpg,1080,1080,True,2,1080
6660,6660.png,.png,640,640,True,1,640
6661,6661.jpg,.jpg,1080,1080,True,3,1080
6662,6662.png,.png,640,640,True,1,640
6663,6663.jpg,.jpg,1080,1080,True,1,1080
6664,6664.png,.png,640,640,True,1,640
6665,6665.jpg,.jpg,960,960,True,4,960
6666,6666.png,.png,640,640,True,1,640
6667,6667.jpg,.jpg,1080,1080,True,1,1080
6668,6668.jpg,.jpg,960,960,True,5,960
6669,6669.jpg,.jpg,960,960,True,2,960
6670,6670.png,.png,640,640,True,1,640
6671,6671.png,.png,640,640,True,2,640
6672,6672.jpg,.jpg,960,960,True,2,960
6673,6673.jpg,.jpg,960,960,True,6,960
6674,6674.png,.png,640,640,True,1,640
6675,6675.jpg,.jpg,960,960,True,1,960
6676,6676.jpg,.jpg,720,720,True,2,720
6677,6677.jpg,.jpg,960,960,True,2,960
6678,6678.png,.png,640,640,True,5,640
6679,6679.jpg,.jpg,1080,1080,True,1,1080
6680,6680.png,.png,640,640,True,1,640
6681,6681.png,.png,640,640,True,1,640
6682,6682.png,.png,640,640,True,1,640
6683,6683.png,.png,640,640,True,1,640
6684,6684.jpg,.jpg,960,960,True,1,960
6685,6685.png,.png,640,640,True,4,640
6686,6686.jpg,.jpg,1600,1600,True,3,1600
6687,6687.png,.png,640,640,True,1,640
6688,6688.png,.png,640,640,True,1,640
6689,6689.jpg,.jpg,960,960,True,4,960
6690,6690.jpg,.jpg,960,960,True,1,960
6691,6691.png,.png,640,640,True,1,640
6692,6692.jpg,.jpg,960,960,True,5,960
6693,6693.png,.png,640,640,True,1,640
6694,6694.jpg,.jpg,640,640,True,2,640
6695,6695.jpg,.jpg,1600,1600,True,3,1600
6696,6696.jpg,.jpg,640,640,True,2,640
6697,6697.jpg,.jpg,960,960,True,2,960
6698,6698.jpg,.jpg,960,960,True,5,960
6699,6699.jpg,.jpg,720,720,True,2,720
6700,6700.jpg,.jpg,960,960,True,2,960
6701,6701.jpg,.jpg,960,960,True,7,960
6702,6702.jpg,.jpg,960,960,True,2,960
6703,6703.jpg,.jpg,960,960,True,4,960
6704,6704.jpg,.jpg,960,960,True,4,960
6705,6705.jpg,.jpg,1600,1600,True,2,1600
6706,6706.jpg,.jpg,960,960,True,5,960
6707,6707.jpg,.jpg,960,960,True,3,960
6708,6708.jpg,.jpg,960,960,True,5,960
6709,6709.png,.png,640,640,True,1,640
6710,6710.jpg,.jpg,960,960,True,3,960
6711,6711.jpg,.jpg,960,960,True,4,960
6712,6712.jpg,.jpg,960,960,True,2,960
6713,6713.jpg,.jpg,1600,1600,True,2,1600
6714,6714.jpg,.jpg,960,960,True,2,960
6715,6715.jpg,.jpg,1600,1600,True,1,1600
6716,6716.jpg,.jpg,960,960,True,2,960
6717,6717.jpg,.jpg,1600,1600,True,3,1600
6718,6718.jpg,.jpg,960,960,True,1,960
6719,6719.jpg,.jpg,960,960,True,1,960
6720,6720.jpg,.jpg,960,960,True,8,960
6721,6721.jpg,.jpg,640,640,True,3,640
6722,6722.jpg,.jpg,960,960,True,5,960
6723,6723.jpg,.jpg,960,960,True,3,960
6724,6724.png,.png,640,640,True,2,640
6725,6725.png,.png,640,640,True,2,640
6726,6726.jpg,.jpg,1080,1080,True,6,1080
6727,6727.jpg,.jpg,960,960,True,1,960
6728,6728.jpg,.jpg,640,640,True,1,640
6729,6729.jpg,.jpg,960,960,True,6,960
6730,6730.jpg,.jpg,960,960,True,1,960
6731,6731.png,.png,640,640,True,1,640
6732,6732.jpg,.jpg,960,960,True,3,960
6733,6733.jpg,.jpg,960,960,True,4,960
6734,6734.jpg,.jpg,960,960,True,5,960
6735,6735.jpg,.jpg,960,960,True,2,960
6736,6736.png,.png,640,640,True,1,640
6737,6737.png,.png,640,640,True,2,640
6738,6738.jpg,.jpg,640,640,True,3,640
6739,6739.jpg,.jpg,960,960,True,7,960
6740,6740.jpg,.jpg,1080,1080,True,2,1080
6741,6741.jpg,.jpg,960,960,True,3,960
6742,6742.jpg,.jpg,960,960,True,5,960
6743,6743.jpg,.jpg,960,960,True,1,960
6744,6744.png,.png,640,640,True,4,640
6745,6745.jpg,.jpg,640,640,True,3,640
6746,6746.jpg,.jpg,960,960,True,7,960
6747,6747.png,.png,640,640,True,2,640
6748,6748.jpg,.jpg,1600,1600,True,2,1600
6749,6749.jpg,.jpg,960,960,True,3,960
6750,6750.png,.png,640,640,True,4,640
6751,6751.jpg,.jpg,960,960,True,2,960
6752,6752.jpg,.jpg,1080,1080,True,1,1080
6753,6753.jpg,.jpg,960,960,True,1,960
6754,6754.jpg,.jpg,960,960,True,4,960
6755,6755.png,.png,960,960,True,2,960
6756,6756.jpg,.jpg,960,960,True,3,960
6757,6757.png,.png,960,960,True,1,960
6758,6758.jpg,.jpg,960,960,True,1,960
6759,6759.png,.png,960,960,True,3,960
6760,6760.png,.png,960,960,True,3,960
6761,6761.png,.png,960,960,True,6,960
6762,6762.png,.png,960,960,True,1,960
6763,6763.jpg,.jpg,960,960,True,4,960
6764,6764.jpg,.jpg,960,960,True,5,960
6765,6765.png,.png,640,640,True,3,640
6766,6766.png,.png,960,960,True,2,960
6767,6767.png,.png,640,640,True,6,640
6768,6768.png,.png,960,960,True,2,960
6769,6769.jpg,.jpg,960,960,True,3,960
6770,6770.jpg,.jpg,960,960,True,8,960
6771,6771.png,.png,960,960,True,2,960
6772,6772.png,.png,960,960,True,3,960
6773,6773.jpg,.jpg,960,960,True,2,960
6774,6774.jpg,.jpg,960,960,True,4,960
6775,6775.png,.png,960,960,True,2,960
6776,6776.png,.png,960,960,True,6,960
6777,6777.png,.png,960,960,True,3,960
6778,6778.jpg,.jpg,960,960,True,11,960
6779,6779.png,.png,960,960,True,2,960
6780,6780.jpg,.jpg,960,960,True,5,960
6781,6781.jpg,.jpg,960,960,True,3,960
6782,6782.png,.png,960,960,True,1,960
6783,6783.jpg,.jpg,960,960,True,3,960
6784,6784.jpg,.jpg,960,960,True,2,960
6785,6785.png,.png,960,960,True,1,960
6786,6786.jpg,.jpg,960,960,True,2,960
6787,6787.jpg,.jpg,960,960,True,5,960
6788,6788.jpg,.jpg,960,960,True,3,960
6789,6789.jpg,.jpg,960,960,True,4,960
6790,6790.png,.png,960,960,True,1,960
6791,6791.jpg,.jpg,960,960,True,2,960
6792,6792.jpg,.jpg,960,960,True,4,960
6793,6793.png,.png,640,640,True,1,640
6794,6794.jpg,.jpg,960,960,True,3,960
6795,6795.jpg,.jpg,960,960,True,2,960
6796,6796.png,.png,640,640,True,11,640
6797,6797.png,.png,640,640,True,2,640
6798,6798.jpg,.jpg,960,960,True,2,960
6799,6799.png,.png,960,960,True,2,960
6800,6800.png,.png,960,960,True,3,960
6801,6801.png,.png,960,960,True,2,960
6802,6802.png,.png,960,960,True,1,960
6803,6803.png,.png,960,960,True,2,960
6804,6804.png,.png,960,960,True,1,960
6805,6805.jpg,.jpg,960,960,True,5,960
6806,6806.jpg,.jpg,960,960,True,1,960
6807,6807.jpg,.jpg,960,960,True,6,960
6808,6808.jpg,.jpg,960,960,True,1,960
6809,6809.png,.png,960,960,True,3,960
6810,6810.jpg,.jpg,960,960,True,2,960
6811,6811.png,.png,960,960,True,1,960
6812,6812.png,.png,960,960,True,1,960
6813,6813.png,.png,960,960,True,1,960
6814,6814.png,.png,640,640,True,4,640
6815,6815.png,.png,640,640,True,7,640
6816,6816.jpg,.jpg,960,960,True,1,960
6817,6817.png,.png,960,960,True,2,960
6818,6818.jpg,.jpg,960,960,True,2,960
6819,6819.png,.png,960,960,False,0,960
6820,6820.jpg,.jpg,960,960,True,2,960
6821,6821.jpg,.jpg,960,960,True,3,960
6822,6822.png,.png,640,640,True,2,640
6823,6823.jpg,.jpg,960,960,True,4,960
6824,6824.jpg,.jpg,960,960,True,1,960
6825,6825.png,.png,960,960,True,2,960
6826,6826.jpg,.jpg,960,960,True,1,960
6827,6827.png,.png,640,640,True,1,640
6828,6828.png,.png,960,960,True,2,960
6829,6829.jpg,.jpg,960,960,True,3,960
6830,6830.png,.png,960,960,True,1,960
6831,6831.png,.png,960,960,False,0,960
6832,6832.jpg,.jpg,960,960,True,1,960
6833,6833.jpg,.jpg,960,960,True,4,960
6834,6834.png,.png,960,960,True,2,960
6835,6835.png,.png,960,960,True,5,960
6836,6836.png,.png,960,960,False,0,960
6837,6837.jpg,.jpg,960,960,False,0,960
6838,6838.jpg,.jpg,960,960,True,2,960
6839,6839.jpg,.jpg,960,960,True,4,960
6840,6840.png,.png,960,960,True,4,960
6841,6841.jpg,.jpg,960,960,True,1,960
6842,6842.png,.png,960,960,True,4,960
6843,6843.jpg,.jpg,960,960,True,4,960
6844,6844.jpg,.jpg,960,960,True,4,960
6845,6845.jpg,.jpg,960,960,False,0,960
6846,6846.png,.png,960,960,True,1,960
6847,6847.png,.png,960,960,True,1,960
6848,6848.png,.png,960,960,False,0,960
6849,6849.jpg,.jpg,960,960,True,7,960
6850,6850.jpg,.jpg,960,960,True,3,960
6851,6851.jpg,.jpg,960,960,True,2,960
6852,6852.jpg,.jpg,960,960,True,1,960
6853,6853.jpg,.jpg,960,960,True,5,960
6854,6854.jpg,.jpg,960,960,True,2,960
6855,6855.jpg,.jpg,960,960,True,1,960
6856,6856.png,.png,640,640,True,1,640
6857,6857.jpg,.jpg,960,960,False,0,960
6858,6858.jpg,.jpg,960,960,True,1,960
6859,6859.jpg,.jpg,960,960,True,3,960
6860,6860.png,.png,640,640,True,1,640
6861,6861.png,.png,960,960,True,1,960
6862,6862.png,.png,960,960,True,2,960
6863,6863.png,.png,640,640,False,0,640
6864,6864.png,.png,640,640,False,0,640
6865,6865.png,.png,960,960,True,1,960
6866,6866.jpg,.jpg,960,960,True,10,960
6867,6867.png,.png,960,960,True,1,960
6868,6868.png,.png,960,960,True,2,960
6869,6869.jpg,.jpg,960,960,True,2,960
6870,6870.png,.png,960,960,True,3,960
6871,6871.jpg,.jpg,960,960,True,1,960
6872,6872.jpg,.jpg,960,960,True,2,960
6873,6873.jpg,.jpg,960,960,True,2,960
6874,6874.jpg,.jpg,960,960,True,3,960
6875,6875.jpg,.jpg,960,960,True,1,960
6876,6876.png,.png,960,960,True,2,960
6877,6877.jpg,.jpg,960,960,True,2,960
6878,6878.jpg,.jpg,960,960,True,14,960
6879,6879.jpg,.jpg,960,960,True,1,960
6880,6880.png,.png,960,960,True,4,960
6881,6881.png,.png,960,960,True,1,960
6882,6882.jpg,.jpg,960,960,True,4,960
6883,6883.png,.png,960,960,True,6,960
6884,6884.jpg,.jpg,960,960,True,4,960
6885,6885.png,.png,960,960,True,4,960
6886,6886.png,.png,960,960,True,3,960
6887,6887.jpg,.jpg,960,960,True,2,960
6888,6888.png,.png,640,640,True,3,640
6889,6889.jpg,.jpg,960,960,True,2,960
6890,6890.jpg,.jpg,960,960,True,2,960
6891,6891.png,.png,960,960,True,1,960
6892,6892.jpg,.jpg,960,960,True,4,960
6893,6893.png,.png,960,960,True,2,960
6894,6894.jpg,.jpg,960,960,True,5,960
6895,6895.jpg,.jpg,960,960,True,1,960
6896,6896.jpg,.jpg,960,960,True,1,960
6897,6897.png,.png,960,960,True,6,960
6898,6898.png,.png,960,960,True,2,960
6899,6899.png,.png,960,960,True,2,960
6900,6900.jpg,.jpg,960,960,True,4,960
6901,6901.jpg,.jpg,960,960,True,1,960
6902,6902.jpg,.jpg,960,960,True,5,960
6903,6903.png,.png,640,640,True,1,640
6904,6904.jpg,.jpg,960,960,True,2,960
6905,6905.png,.png,960,960,True,1,960
6906,6906.jpg,.jpg,960,960,True,11,960
6907,6907.jpg,.jpg,960,960,True,3,960
6908,6908.jpg,.jpg,960,960,True,3,960
6909,6909.jpg,.jpg,960,960,True,2,960
6910,6910.png,.png,640,640,True,1,640
6911,6911.png,.png,960,960,True,8,960
6912,6912.jpg,.jpg,960,960,True,1,960
6913,6913.png,.png,640,640,True,1,640
6914,6914.jpg,.jpg,960,960,True,1,960
6915,6915.png,.png,640,640,True,2,640
6916,6916.png,.png,960,960,True,1,960
6917,6917.png,.png,960,960,True,2,960
6918,6918.jpg,.jpg,960,960,True,2,960
6919,6919.png,.png,960,960,True,2,960
6920,6920.png,.png,960,960,True,2,960
6921,6921.jpg,.jpg,960,960,True,5,960
6922,6922.png,.png,960,960,True,8,960
6923,6923.jpg,.jpg,960,960,True,1,960
6924,6924.png,.png,960,960,True,2,960
6925,6925.png,.png,960,960,True,1,960
6926,6926.jpg,.jpg,960,960,True,5,960
6927,6927.png,.png,960,960,True,2,960
6928,6928.png,.png,960,960,True,1,960
6929,6929.png,.png,640,640,True,1,640
6930,6930.jpg,.jpg,960,960,True,1,960
6931,6931.png,.png,960,960,True,2,960
6932,6932.png,.png,960,960,True,5,960
6933,6933.png,.png,640,640,True,2,640
6934,6934.jpg,.jpg,960,960,True,3,960
6935,6935.jpg,.jpg,960,960,True,3,960
6936,6936.png,.png,960,960,True,5,960
6937,6937.jpg,.jpg,960,960,True,3,960
6938,6938.png,.png,960,960,True,1,960
6939,6939.jpg,.jpg,960,960,True,2,960
6940,6940.jpg,.jpg,960,960,True,1,960
6941,6941.png,.png,960,960,True,3,960
6942,6942.png,.png,960,960,True,1,960
6943,6943.jpg,.jpg,960,960,True,2,960
6944,6944.jpg,.jpg,960,960,True,3,960
6945,6945.jpg,.jpg,960,960,True,3,960
6946,6946.jpg,.jpg,960,960,True,3,960
6947,6947.jpg,.jpg,960,960,True,1,960
6948,6948.jpg,.jpg,960,960,True,4,960
6949,6949.jpg,.jpg,960,960,True,3,960
6950,6950.png,.png,960,960,True,2,960
6951,6951.png,.png,960,960,True,3,960
6952,6952.jpg,.jpg,960,960,True,5,960
6953,6953.jpg,.jpg,960,960,True,3,960
6954,6954.jpg,.jpg,960,960,True,1,960
6955,6955.png,.png,640,640,False,0,640
6956,6956.jpg,.jpg,960,960,True,1,960
6957,6957.jpg,.jpg,960,960,True,1,960
6958,6958.jpg,.jpg,960,960,True,3,960
6959,6959.jpg,.jpg,960,960,True,3,960
6960,6960.jpg,.jpg,960,960,True,1,960
6961,6961.png,.png,640,640,False,0,640
6962,6962.jpg,.jpg,960,960,True,3,960
6963,6963.jpg,.jpg,960,960,True,1,960
6964,6964.png,.png,640,640,True,1,640
6965,6965.jpg,.jpg,960,960,False,0,960
6966,6966.png,.png,640,640,False,0,640
6967,6967.jpg,.jpg,960,960,True,2,960
6968,6968.png,.png,640,640,True,1,640
6969,6969.jpg,.jpg,960,960,True,3,960
6970,6970.jpg,.jpg,960,960,True,6,960
6971,6971.jpg,.jpg,960,960,True,1,960
6972,6972.jpg,.jpg,960,960,True,2,960
6973,6973.jpg,.jpg,960,960,True,3,960
6974,6974.jpg,.jpg,960,960,True,1,960
6975,6975.png,.png,640,640,True,1,640
6976,6976.png,.png,640,640,False,0,640
6977,6977.png,.png,640,640,True,1,640
6978,6978.png,.png,640,640,False,0,640
6979,6979.jpg,.jpg,960,960,True,1,960
6980,6980.jpg,.jpg,960,960,True,4,960
6981,6981.jpg,.jpg,960,960,True,1,960
6982,6982.jpg,.jpg,720,720,True,3,720
6983,6983.png,.png,640,640,True,1,640
6984,6984.jpg,.jpg,960,960,True,1,960
6985,6985.jpg,.jpg,1080,1080,False,0,1080
6986,6986.jpg,.jpg,960,960,True,3,960
6987,6987.png,.png,640,640,False,0,640
6988,6988.jpg,.jpg,960,960,True,1,960
6989,6989.jpg,.jpg,960,960,True,4,960
6990,6990.jpg,.jpg,960,960,True,6,960
6991,6991.jpg,.jpg,960,960,False,0,960
6992,6992.jpg,.jpg,1080,1080,True,2,1080
6993,6993.png,.png,640,640,True,2,640
6994,6994.jpg,.jpg,1600,1600,True,4,1600
6995,6995.jpg,.jpg,1600,1600,True,2,1600
6996,6996.jpg,.jpg,960,960,True,5,960
6997,6997.jpg,.jpg,1080,1080,False,0,1080
6998,6998.png,.png,640,640,False,0,640
6999,6999.png,.png,640,640,True,1,640
7000,7000.jpg,.jpg,960,960,True,2,960
7001,7001.jpg,.jpg,960,960,True,1,960
7002,7002.jpg,.jpg,960,960,True,3,960
7003,7003.jpg,.jpg,960,960,True,8,960
7004,7004.jpg,.jpg,960,960,True,1,960
7005,7005.jpg,.jpg,960,960,True,3,960
7006,7006.png,.png,640,640,False,0,640
7007,7007.jpg,.jpg,1080,1080,False,0,1080
7008,7008.jpg,.jpg,1600,1600,True,2,1600
7009,7009.jpg,.jpg,960,960,True,1,960
7010,7010.jpg,.jpg,960,960,True,2,960
7011,7011.jpg,.jpg,960,960,True,4,960
7012,7012.jpg,.jpg,1600,1600,True,3,1600
7013,7013.jpg,.jpg,1080,1080,True,1,1080
7014,7014.jpg,.jpg,960,960,False,0,960
7015,7015.png,.png,640,640,True,3,640
7016,7016.jpg,.jpg,960,960,True,5,960
7017,7017.png,.png,640,640,False,0,640
7018,7018.jpg,.jpg,1080,1080,False,0,1080
7019,7019.jpg,.jpg,960,960,True,6,960
7020,7020.jpg,.jpg,640,640,True,1,640
7021,7021.jpg,.jpg,960,960,False,0,960
7022,7022.jpg,.jpg,960,960,True,5,960
7023,7023.jpg,.jpg,960,960,True,4,960
7024,7024.jpg,.jpg,720,720,True,1,720
7025,7025.jpg,.jpg,1080,1080,True,1,1080
7026,7026.jpg,.jpg,720,720,True,1,720
7027,7027.jpg,.jpg,960,960,False,0,960
7028,7028.jpg,.jpg,960,960,True,1,960
7029,7029.png,.png,640,640,False,0,640
7030,7030.jpg,.jpg,1600,1600,True,2,1600
7031,7031.png,.png,640,640,False,0,640
7032,7032.jpg,.jpg,1080,1080,False,0,1080
7033,7033.jpg,.jpg,960,960,True,1,960
7034,7034.png,.png,640,640,False,0,640
7035,7035.jpg,.jpg,1600,1600,True,1,1600
7036,7036.png,.png,640,640,False,0,640
7037,7037.jpg,.jpg,1080,1080,True,1,1080
7038,7038.jpg,.jpg,960,960,True,6,960
7039,7039.png,.png,640,640,True,1,640
7040,7040.jpg,.jpg,960,960,True,2,960
7041,7041.png,.png,640,640,True,2,640
7042,7042.png,.png,640,640,True,1,640
7043,7043.png,.png,640,640,True,3,640
7044,7044.png,.png,640,640,True,1,640
7045,7045.png,.png,640,640,False,0,640
7046,7046.png,.png,640,640,True,1,640
7047,7047.jpg,.jpg,960,960,True,9,960
7048,7048.jpg,.jpg,1080,1080,False,0,1080
7049,7049.jpg,.jpg,960,960,True,1,960
7050,7050.jpg,.jpg,960,960,True,5,960
7051,7051.jpg,.jpg,960,960,True,2,960
7052,7052.png,.png,640,640,True,1,640
7053,7053.png,.png,640,640,True,1,640
7054,7054.png,.png,640,640,False,0,640
7055,7055.jpg,.jpg,1080,1080,True,11,1080
7056,7056.jpg,.jpg,640,640,False,0,640
7057,7057.jpg,.jpg,1080,1080,False,0,1080
7058,7058.jpg,.jpg,960,960,False,0,960
7059,7059.png,.png,640,640,True,1,640
7060,7060.jpg,.jpg,960,960,True,3,960
7061,7061.jpg,.jpg,1080,1080,False,0,1080
7062,7062.jpg,.jpg,960,960,True,3,960
7063,7063.jpg,.jpg,1600,1600,True,1,1600
7064,7064.jpg,.jpg,960,960,False,0,960
7065,7065.jpg,.jpg,960,960,False,0,960
7066,7066.png,.png,640,640,True,2,640
7067,7067.jpg,.jpg,960,960,True,3,960
7068,7068.jpg,.jpg,960,960,True,2,960
7069,7069.jpg,.jpg,720,720,False,0,720
7070,7070.jpg,.jpg,960,960,True,4,960
7071,7071.png,.png,640,640,False,0,640
7072,7072.png,.png,640,640,True,3,640
7073,7073.jpg,.jpg,1080,1080,True,1,1080
7074,7074.jpg,.jpg,1080,1080,True,7,1080
7075,7075.jpg,.jpg,960,960,True,5,960
7076,7076.jpg,.jpg,960,960,True,4,960
7077,7077.jpg,.jpg,960,960,True,2,960
7078,7078.png,.png,640,640,False,0,640
7079,7079.jpg,.jpg,960,960,False,0,960
7080,7080.jpg,.jpg,1080,1080,False,0,1080
7081,7081.jpg,.jpg,640,640,True,3,640
7082,7082.jpg,.jpg,960,960,False,0,960
7083,7083.jpg,.jpg,640,640,True,4,640
7084,7084.png,.png,640,640,True,1,640
7085,7085.png,.png,640,640,True,2,640
7086,7086.jpg,.jpg,1080,1080,False,0,1080
7087,7087.jpg,.jpg,1080,1080,True,1,1080
7088,7088.jpg,.jpg,960,960,True,1,960
7089,7089.jpg,.jpg,960,960,True,5,960
7090,7090.jpg,.jpg,960,960,True,4,960
7091,7091.jpg,.jpg,960,960,True,3,960
7092,7092.jpg,.jpg,1080,1080,False,0,1080
7093,7093.png,.png,640,640,True,2,640
7094,7094.jpg,.jpg,960,960,True,2,960
7095,7095.jpg,.jpg,960,960,True,13,960
7096,7096.jpg,.jpg,960,960,True,2,960
7097,7097.jpg,.jpg,640,640,True,2,640
7098,7098.jpg,.jpg,960,960,True,21,960
7099,7099.jpg,.jpg,960,960,True,5,960
7100,7100.jpg,.jpg,960,960,True,3,960
7101,7101.jpg,.jpg,960,960,True,1,960
7102,7102.jpg,.jpg,960,960,True,1,960
7103,7103.jpg,.jpg,960,960,False,0,960
7104,7104.jpg,.jpg,960,960,True,1,960
7105,7105.jpg,.jpg,1600,1600,True,3,1600
7106,7106.jpg,.jpg,960,960,False,0,960
7107,7107.jpg,.jpg,960,960,True,2,960
7108,7108.png,.png,640,640,False,0,640
7109,7109.jpg,.jpg,960,960,True,7,960
7110,7110.jpg,.jpg,1080,1080,True,2,1080
7111,7111.jpg,.jpg,1080,1080,True,2,1080
7112,7112.jpg,.jpg,960,960,True,4,960
7113,7113.png,.png,640,640,True,2,640
7114,7114.png,.png,640,640,True,3,640
7115,7115.png,.png,640,640,False,0,640
7116,7116.jpg,.jpg,960,960,True,2,960
7117,7117.jpg,.jpg,960,960,True,3,960
7118,7118.jpg,.jpg,960,960,True,5,960
7119,7119.jpg,.jpg,960,960,True,3,960
7120,7120.png,.png,640,640,True,2,640
7121,7121.jpg,.jpg,960,960,True,2,960
7122,7122.jpg,.jpg,960,960,True,1,960
7123,7123.png,.png,640,640,True,2,640
7124,7124.jpg,.jpg,960,960,True,3,960
7125,7125.jpg,.jpg,960,960,False,0,960
7126,7126.jpg,.jpg,960,960,True,2,960
7127,7127.jpg,.jpg,960,960,False,0,960
7128,7128.png,.png,640,640,False,0,640
7129,7129.jpg,.jpg,1080,1080,False,0,1080
7130,7130.jpg,.jpg,960,960,True,4,960
7131,7131.jpg,.jpg,960,960,False,0,960
7132,7132.jpg,.jpg,960,960,True,3,960
7133,7133.jpg,.jpg,960,960,False,0,960
7134,7134.jpg,.jpg,960,960,True,3,960
7135,7135.png,.png,640,640,True,4,640
7136,7136.jpg,.jpg,960,960,True,4,960
7137,7137.jpg,.jpg,960,960,True,1,960
7138,7138.jpg,.jpg,960,960,True,3,960
7139,7139.jpg,.jpg,640,640,False,0,640
7140,7140.jpg,.jpg,960,960,True,2,960
7141,7141.jpg,.jpg,960,960,True,2,960
7142,7142.jpg,.jpg,1080,1080,True,3,1080
7143,7143.png,.png,640,640,True,2,640
7144,7144.jpg,.jpg,960,960,True,4,960
7145,7145.jpg,.jpg,960,960,True,1,960
7146,7146.jpg,.jpg,960,960,True,7,960
7147,7147.png,.png,640,640,True,1,640
7148,7148.jpg,.jpg,960,960,True,1,960
7149,7149.png,.png,640,640,False,0,640
7150,7150.png,.png,640,640,False,0,640
7151,7151.jpg,.jpg,960,960,True,2,960
7152,7152.png,.png,640,640,False,0,640
7153,7153.jpg,.jpg,960,960,True,6,960
7154,7154.jpg,.jpg,960,960,True,2,960
7155,7155.png,.png,640,640,False,0,640
7156,7156.jpg,.jpg,1080,1080,True,1,1080
7157,7157.jpg,.jpg,960,960,True,4,960
7158,7158.png,.png,640,640,True,1,640
7159,7159.jpg,.jpg,960,960,True,2,960
7160,7160.jpg,.jpg,960,960,True,3,960
7161,7161.jpg,.jpg,640,640,True,2,640
7162,7162.jpg,.jpg,1080,1080,True,1,1080
7163,7163.jpg,.jpg,960,960,True,2,960
7164,7164.jpg,.jpg,960,960,True,1,960
7165,7165.jpg,.jpg,1600,1600,True,4,1600
7166,7166.png,.png,640,640,True,3,640
7167,7167.jpg,.jpg,1600,1600,True,1,1600
7168,7168.jpg,.jpg,960,960,True,1,960
7169,7169.png,.png,640,640,False,0,640
7170,7170.jpg,.jpg,960,960,True,2,960
7171,7171.png,.png,640,640,False,0,640
7172,7172.jpg,.jpg,960,960,True,1,960
7173,7173.jpg,.jpg,960,960,True,3,960
7174,7174.jpg,.jpg,720,720,True,2,720
7175,7175.jpg,.jpg,640,640,True,2,640
7176,7176.png,.png,640,640,True,1,640
7177,7177.jpg,.jpg,720,720,True,3,720
7178,7178.jpg,.jpg,960,960,True,3,960
7179,7179.jpg,.jpg,960,960,True,2,960
7180,7180.jpg,.jpg,960,960,True,1,960
7181,7181.jpg,.jpg,960,960,True,1,960
7182,7182.jpg,.jpg,960,960,True,2,960
7183,7183.jpg,.jpg,960,960,True,3,960
7184,7184.jpg,.jpg,1080,1080,True,1,1080
7185,7185.png,.png,640,640,True,1,640
7186,7186.jpg,.jpg,960,960,True,3,960
7187,7187.jpg,.jpg,960,960,True,2,960
7188,7188.jpg,.jpg,960,960,True,2,960
7189,7189.jpg,.jpg,960,960,True,2,960
7190,7190.jpg,.jpg,1080,1080,True,1,1080
7191,7191.jpg,.jpg,960,960,True,1,960
7192,7192.png,.png,640,640,False,0,640
7193,7193.jpg,.jpg,960,960,True,1,960
7194,7194.jpg,.jpg,960,960,True,1,960
7195,7195.jpg,.jpg,1080,1080,True,3,1080
7196,7196.jpg,.jpg,640,640,True,1,640
7197,7197.jpg,.jpg,1080,1080,True,2,1080
7198,7198.jpg,.jpg,960,960,True,2,960
7199,7199.jpg,.jpg,960,960,True,1,960
7200,7200.jpg,.jpg,1080,1080,True,2,1080
7201,7201.jpg,.jpg,960,960,True,1,960
7202,7202.jpg,.jpg,960,960,True,4,960
7203,7203.jpg,.jpg,960,960,True,2,960
7204,7204.jpg,.jpg,640,640,True,2,640
7205,7205.jpg,.jpg,960,960,True,1,960
7206,7206.jpg,.jpg,960,960,True,3,960
7207,7207.jpg,.jpg,1600,1600,True,2,1600
7208,7208.jpg,.jpg,960,960,False,0,960
7209,7209.jpg,.jpg,1080,1080,True,4,1080
7210,7210.jpg,.jpg,960,960,True,4,960
7211,7211.jpg,.jpg,960,960,True,3,960
7212,7212.jpg,.jpg,960,960,True,1,960
7213,7213.jpg,.jpg,1600,1600,True,3,1600
7214,7214.jpg,.jpg,720,720,True,1,720
7215,7215.jpg,.jpg,960,960,True,1,960
7216,7216.jpg,.jpg,960,960,True,2,960
7217,7217.jpg,.jpg,640,640,True,1,640
7218,7218.jpg,.jpg,960,960,True,1,960
7219,7219.png,.png,640,640,True,2,640
7220,7220.jpg,.jpg,1600,1600,False,0,1600
7221,7221.png,.png,640,640,False,0,640
7222,7222.png,.png,640,640,True,2,640
7223,7223.jpg,.jpg,960,960,True,1,960
7224,7224.jpg,.jpg,960,960,True,3,960
7225,7225.jpg,.jpg,960,960,True,3,960
7226,7226.jpg,.jpg,960,960,True,3,960
7227,7227.png,.png,640,640,True,2,640
7228,7228.jpg,.jpg,960,960,True,1,960
7229,7229.jpg,.jpg,960,960,False,0,960
7230,7230.jpg,.jpg,640,640,True,1,640
7231,7231.png,.png,640,640,True,1,640
7232,7232.jpg,.jpg,960,960,True,1,960
7233,7233.jpg,.jpg,1080,1080,True,3,1080
7234,7234.jpg,.jpg,960,960,True,2,960
7235,7235.jpg,.jpg,960,960,True,1,960
7236,7236.jpg,.jpg,960,960,True,6,960
7237,7237.jpg,.jpg,960,960,True,1,960
7238,7238.png,.png,640,640,False,0,640
7239,7239.jpg,.jpg,960,960,True,5,960
7240,7240.jpg,.jpg,1600,1600,True,1,1600
7241,7241.png,.png,640,640,True,1,640
7242,7242.png,.png,640,640,True,2,640
7243,7243.jpg,.jpg,960,960,True,2,960
7244,7244.jpg,.jpg,960,960,True,1,960
7245,7245.png,.png,640,640,True,2,640
7246,7246.png,.png,640,640,False,0,640
7247,7247.jpg,.jpg,960,960,True,5,960
7248,7248.jpg,.jpg,960,960,True,3,960
7249,7249.png,.png,640,640,False,0,640
7250,7250.jpg,.jpg,960,960,True,5,960
7251,7251.jpg,.jpg,960,960,True,1,960
7252,7252.jpg,.jpg,960,960,True,3,960
7253,7253.jpg,.jpg,960,960,True,2,960
7254,7254.jpg,.jpg,960,960,True,2,960
7255,7255.jpg,.jpg,960,960,True,3,960
7256,7256.jpg,.jpg,960,960,True,2,960
7257,7257.png,.png,640,640,True,1,640
7258,7258.jpg,.jpg,1080,1080,True,2,1080
7259,7259.jpg,.jpg,1080,1080,True,1,1080
7260,7260.png,.png,640,640,False,0,640
7261,7261.jpg,.jpg,960,960,True,2,960
7262,7262.jpg,.jpg,960,960,False,0,960
7263,7263.jpg,.jpg,960,960,True,4,960
7264,7264.jpg,.jpg,960,960,True,2,960
7265,7265.jpg,.jpg,640,640,True,1,640
7266,7266.png,.png,640,640,True,1,640
7267,7267.jpg,.jpg,1600,1600,True,1,1600
7268,7268.png,.png,640,640,True,1,640
7269,7269.png,.png,640,640,False,0,640
7270,7270.png,.png,640,640,True,1,640
7271,7271.jpg,.jpg,1600,1600,True,2,1600
7272,7272.jpg,.jpg,960,960,True,7,960
7273,7273.jpg,.jpg,960,960,True,1,960
7274,7274.png,.png,640,640,True,1,640
7275,7275.jpg,.jpg,1080,1080,True,3,1080
7276,7276.jpg,.jpg,960,960,True,1,960
7277,7277.png,.png,640,640,True,1,640
7278,7278.jpg,.jpg,1600,1600,True,2,1600
7279,7279.jpg,.jpg,960,960,True,2,960
7280,7280.png,.png,640,640,True,3,640
7281,7281.jpg,.jpg,960,960,True,1,960
7282,7282.png,.png,640,640,True,3,640
7283,7283.jpg,.jpg,960,960,False,0,960
7284,7284.jpg,.jpg,960,960,True,2,960
7285,7285.jpg,.jpg,1600,1600,True,5,1600
7286,7286.png,.png,640,640,False,0,640
7287,7287.jpg,.jpg,960,960,True,4,960
7288,7288.jpg,.jpg,1080,1080,True,1,1080
7289,7289.jpg,.jpg,960,960,True,2,960
7290,7290.jpg,.jpg,960,960,True,2,960
7291,7291.jpg,.jpg,960,960,True,3,960
7292,7292.png,.png,640,640,True,1,640
7293,7293.jpg,.jpg,1600,1600,True,1,1600
7294,7294.jpg,.jpg,1080,1080,True,1,1080
7295,7295.jpg,.jpg,960,960,True,2,960
7296,7296.png,.png,640,640,True,1,640
7297,7297.png,.png,640,640,True,1,640
7298,7298.jpg,.jpg,960,960,True,4,960
7299,7299.jpg,.jpg,960,960,False,0,960
7300,7300.jpg,.jpg,960,960,True,1,960
7301,7301.jpg,.jpg,1080,1080,True,2,1080
7302,7302.jpg,.jpg,960,960,True,2,960
7303,7303.png,.png,640,640,True,1,640
7304,7304.jpg,.jpg,960,960,True,2,960
7305,7305.jpg,.jpg,960,960,True,1,960
7306,7306.jpg,.jpg,960,960,True,1,960
7307,7307.png,.png,640,640,True,1,640
7308,7308.png,.png,640,640,False,0,640
7309,7309.jpg,.jpg,960,960,True,5,960
7310,7310.png,.png,640,640,True,1,640
7311,7311.jpg,.jpg,960,960,True,4,960
7312,7312.jpg,.jpg,960,960,True,1,960
7313,7313.jpg,.jpg,960,960,True,4,960
7314,7314.jpg,.jpg,960,960,True,1,960
7315,7315.jpg,.jpg,960,960,True,1,960
7316,7316.png,.png,640,640,True,1,640
7317,7317.jpg,.jpg,960,960,True,1,960
7318,7318.jpg,.jpg,960,960,True,2,960
7319,7319.jpg,.jpg,960,960,True,1,960
7320,7320.jpg,.jpg,720,720,True,2,720
7321,7321.png,.png,640,640,True,1,640
7322,7322.jpg,.jpg,640,640,True,1,640
7323,7323.png,.png,640,640,False,0,640
7324,7324.png,.png,640,640,True,1,640
7325,7325.jpg,.jpg,640,640,True,2,640
7326,7326.jpg,.jpg,960,960,True,2,960
7327,7327.jpg,.jpg,640,640,True,1,640
7328,7328.jpg,.jpg,960,960,True,5,960
7329,7329.jpg,.jpg,640,640,True,1,640
7330,7330.jpg,.jpg,960,960,True,1,960
7331,7331.png,.png,640,640,False,0,640
7332,7332.jpg,.jpg,720,720,True,2,720
7333,7333.png,.png,640,640,False,0,640
7334,7334.png,.png,640,640,True,2,640
7335,7335.jpg,.jpg,960,960,True,5,960
7336,7336.jpg,.jpg,960,960,True,3,960
7337,7337.jpg,.jpg,640,640,True,2,640
7338,7338.jpg,.jpg,960,960,True,1,960
7339,7339.jpg,.jpg,960,960,True,1,960
7340,7340.jpg,.jpg,960,960,True,3,960
7341,7341.jpg,.jpg,960,960,False,0,960
7342,7342.jpg,.jpg,1600,1600,True,1,1600
7343,7343.jpg,.jpg,960,960,True,1,960
7344,7344.jpg,.jpg,960,960,True,2,960
7345,7345.jpg,.jpg,960,960,True,2,960
7346,7346.png,.png,640,640,False,0,640
7347,7347.jpg,.jpg,640,640,True,1,640
7348,7348.jpg,.jpg,960,960,True,2,960
7349,7349.jpg,.jpg,960,960,True,3,960
7350,7350.jpg,.jpg,960,960,True,1,960
7351,7351.jpg,.jpg,960,960,True,1,960
7352,7352.jpg,.jpg,960,960,True,2,960
7353,7353.png,.png,640,640,False,0,640
7354,7354.jpg,.jpg,960,960,True,1,960
7355,7355.jpg,.jpg,960,960,True,1,960
7356,7356.jpg,.jpg,960,960,True,7,960
7357,7357.png,.png,640,640,False,0,640
7358,7358.jpg,.jpg,960,960,True,1,960
7359,7359.jpg,.jpg,960,960,False,0,960
7360,7360.jpg,.jpg,960,960,True,4,960
7361,7361.jpg,.jpg,960,960,True,1,960
7362,7362.jpg,.jpg,960,960,True,2,960
7363,7363.jpg,.jpg,960,960,True,2,960
7364,7364.jpg,.jpg,960,960,True,1,960
7365,7365.jpg,.jpg,960,960,True,5,960
7366,7366.png,.png,640,640,False,0,640
7367,7367.jpg,.jpg,960,960,True,1,960
7368,7368.jpg,.jpg,960,960,True,4,960
7369,7369.jpg,.jpg,960,960,True,7,960
7370,7370.jpg,.jpg,960,960,True,3,960
7371,7371.png,.png,640,640,True,2,640
7372,7372.jpg,.jpg,1080,1080,True,1,1080
7373,7373.jpg,.jpg,960,960,True,2,960
7374,7374.jpg,.jpg,1600,1600,True,1,1600
7375,7375.png,.png,640,640,True,1,640
7376,7376.png,.png,640,640,True,1,640
7377,7377.jpg,.jpg,1080,1080,True,1,1080
7378,7378.jpg,.jpg,960,960,True,4,960
7379,7379.jpg,.jpg,720,720,False,0,720
7380,7380.jpg,.jpg,960,960,True,1,960
7381,7381.png,.png,640,640,True,2,640
7382,7382.jpg,.jpg,960,960,True,3,960
7383,7383.jpg,.jpg,960,960,True,3,960
7384,7384.png,.png,640,640,True,1,640
7385,7385.png,.png,640,640,True,2,640
7386,7386.jpg,.jpg,1600,1600,False,0,1600
7387,7387.jpg,.jpg,1600,1600,True,1,1600
7388,7388.jpg,.jpg,960,960,True,2,960
7389,7389.jpg,.jpg,640,640,True,1,640
7390,7390.jpg,.jpg,960,960,True,3,960
7391,7391.jpg,.jpg,960,960,True,1,960
7392,7392.jpg,.jpg,1600,1600,True,2,1600
7393,7393.jpg,.jpg,960,960,True,2,960
7394,7394.jpg,.jpg,960,960,True,1,960
7395,7395.jpg,.jpg,960,960,True,2,960
7396,7396.jpg,.jpg,960,960,True,1,960
7397,7397.jpg,.jpg,960,960,True,2,960
7398,7398.png,.png,640,640,True,2,640
7399,7399.jpg,.jpg,1600,1600,True,2,1600
7400,7400.jpg,.jpg,960,960,False,0,960
7401,7401.jpg,.jpg,1600,1600,True,3,1600
7402,7402.jpg,.jpg,960,960,True,2,960
7403,7403.png,.png,640,640,True,1,640
7404,7404.jpg,.jpg,960,960,True,3,960
7405,7405.jpg,.jpg,960,960,True,1,960
7406,7406.jpg,.jpg,1080,1080,True,2,1080
7407,7407.jpg,.jpg,1600,1600,True,1,1600
7408,7408.jpg,.jpg,960,960,False,0,960
7409,7409.png,.png,640,640,False,0,640
7410,7410.jpg,.jpg,1600,1600,True,4,1600
7411,7411.jpg,.jpg,960,960,True,1,960
7412,7412.jpg,.jpg,1600,1600,True,2,1600
7413,7413.png,.png,640,640,True,1,640
7414,7414.png,.png,640,640,True,1,640
7415,7415.png,.png,640,640,False,0,640
7416,7416.jpg,.jpg,960,960,True,7,960
7417,7417.jpg,.jpg,1600,1600,True,1,1600
7418,7418.jpg,.jpg,960,960,True,2,960
7419,7419.jpg,.jpg,640,640,True,4,640
7420,7420.jpg,.jpg,960,960,True,1,960
7421,7421.png,.png,640,640,False,0,640
7422,7422.jpg,.jpg,960,960,True,2,960
7423,7423.png,.png,640,640,True,1,640
7424,7424.jpg,.jpg,960,960,True,1,960
7425,7425.png,.png,640,640,True,1,640
7426,7426.jpg,.jpg,960,960,True,4,960
7427,7427.jpg,.jpg,960,960,True,5,960
7428,7428.jpg,.jpg,640,640,True,1,640
7429,7429.jpg,.jpg,1600,1600,True,1,1600
7430,7430.png,.png,640,640,True,1,640
7431,7431.jpg,.jpg,960,960,True,1,960
7432,7432.png,.png,640,640,False,0,640
7433,7433.jpg,.jpg,960,960,True,2,960
7434,7434.jpg,.jpg,960,960,True,1,960
7435,7435.jpg,.jpg,960,960,True,1,960
7436,7436.jpg,.jpg,960,960,True,1,960
7437,7437.jpg,.jpg,960,960,True,4,960
7438,7438.png,.png,640,640,False,0,640
7439,7439.jpg,.jpg,960,960,True,2,960
7440,7440.jpg,.jpg,960,960,True,1,960
7441,7441.jpg,.jpg,960,960,True,2,960
7442,7442.jpg,.jpg,960,960,True,1,960
7443,7443.jpg,.jpg,1080,1080,True,1,1080
7444,7444.jpg,.jpg,960,960,True,1,960
7445,7445.png,.png,640,640,True,2,640
7446,7446.jpg,.jpg,960,960,True,1,960
7447,7447.png,.png,640,640,True,1,640
7448,7448.png,.png,640,640,False,0,640
7449,7449.png,.png,640,640,True,1,640
7450,7450.png,.png,640,640,True,1,640
7451,7451.png,.png,640,640,True,1,640
7452,7452.jpg,.jpg,1080,1080,True,1,1080
7453,7453.jpg,.jpg,960,960,True,1,960
7454,7454.jpg,.jpg,1600,1600,True,1,1600
7455,7455.jpg,.jpg,960,960,True,1,960
7456,7456.png,.png,640,640,False,0,640
7457,7457.jpg,.jpg,960,960,False,0,960
7458,7458.jpg,.jpg,1600,1600,True,1,1600
7459,7459.jpg,.jpg,960,960,True,1,960
7460,7460.png,.png,640,640,True,1,640
7461,7461.png,.png,640,640,True,3,640
7462,7462.jpg,.jpg,1600,1600,True,3,1600
7463,7463.jpg,.jpg,960,960,True,2,960
7464,7464.jpg,.jpg,1080,1080,True,1,1080
7465,7465.jpg,.jpg,960,960,True,1,960
7466,7466.jpg,.jpg,960,960,True,1,960
7467,7467.jpg,.jpg,960,960,True,3,960
7468,7468.jpg,.jpg,960,960,True,5,960
7469,7469.jpg,.jpg,960,960,True,2,960
7470,7470.jpg,.jpg,960,960,True,2,960
7471,7471.jpg,.jpg,960,960,True,1,960
7472,7472.jpg,.jpg,1080,1080,True,2,1080
7473,7473.jpg,.jpg,960,960,True,6,960
7474,7474.jpg,.jpg,1600,1600,True,3,1600
7475,7475.jpg,.jpg,960,960,True,2,960
7476,7476.jpg,.jpg,640,640,True,2,640
7477,7477.jpg,.jpg,960,960,True,3,960
7478,7478.jpg,.jpg,960,960,True,1,960
7479,7479.jpg,.jpg,960,960,True,1,960
7480,7480.jpg,.jpg,960,960,True,4,960
7481,7481.png,.png,640,640,True,1,640
7482,7482.jpg,.jpg,960,960,True,1,960
7483,7483.jpg,.jpg,960,960,True,2,960
7484,7484.jpg,.jpg,960,960,True,4,960
7485,7485.png,.png,640,640,False,0,640
7486,7486.jpg,.jpg,960,960,True,1,960
7487,7487.jpg,.jpg,1600,1600,True,1,1600
7488,7488.png,.png,640,640,False,0,640
7489,7489.png,.png,640,640,True,1,640
7490,7490.jpg,.jpg,960,960,True,1,960
7491,7491.jpg,.jpg,960,960,True,4,960
7492,7492.jpg,.jpg,960,960,True,1,960
7493,7493.jpg,.jpg,960,960,True,1,960
7494,7494.jpg,.jpg,960,960,True,1,960
7495,7495.png,.png,640,640,True,1,640
7496,7496.jpg,.jpg,960,960,True,1,960
7497,7497.jpg,.jpg,960,960,True,1,960
7498,7498.png,.png,640,640,False,0,640
7499,7499.png,.png,640,640,True,1,640
7500,7500.jpg,.jpg,1600,1600,True,5,1600
7501,7501.jpg,.jpg,960,960,True,1,960
7502,7502.jpg,.jpg,960,960,False,0,960
7503,7503.png,.png,640,640,True,1,640
7504,7504.png,.png,640,640,True,1,640
7505,7505.png,.png,640,640,False,0,640
7506,7506.jpg,.jpg,960,960,False,0,960
7507,7507.png,.png,640,640,False,0,640
7508,7508.jpg,.jpg,960,960,True,1,960
7509,7509.jpg,.jpg,960,960,True,1,960
7510,7510.jpg,.jpg,960,960,True,1,960
7511,7511.jpg,.jpg,960,960,True,2,960
7512,7512.png,.png,640,640,True,1,640
7513,7513.jpg,.jpg,960,960,False,0,960
7514,7514.jpg,.jpg,960,960,False,0,960
7515,7515.jpg,.jpg,960,960,True,2,960
7516,7516.jpg,.jpg,640,640,True,2,640
7517,7517.png,.png,640,640,True,1,640
7518,7518.jpg,.jpg,960,960,True,1,960
7519,7519.jpg,.jpg,960,960,True,1,960
7520,7520.png,.png,640,640,True,1,640
7521,7521.png,.png,640,640,False,0,640
7522,7522.png,.png,640,640,True,1,640
7523,7523.jpg,.jpg,960,960,True,1,960
7524,7524.png,.png,640,640,True,1,640
7525,7525.jpg,.jpg,1600,1600,True,2,1600
7526,7526.jpg,.jpg,960,960,True,1,960
7527,7527.jpg,.jpg,1080,1080,True,5,1080
7528,7528.jpg,.jpg,720,720,True,1,720
7529,7529.jpg,.jpg,1600,1600,True,1,1600
7530,7530.png,.png,640,640,True,7,640
7531,7531.png,.png,640,640,True,1,640
7532,7532.png,.png,640,640,True,3,640
7533,7533.jpg,.jpg,960,960,True,1,960
7534,7534.jpg,.jpg,960,960,True,1,960
7535,7535.jpg,.jpg,1600,1600,True,1,1600
7536,7536.png,.png,640,640,True,2,640
7537,7537.jpg,.jpg,1080,1080,True,2,1080
7538,7538.jpg,.jpg,960,960,True,2,960
7539,7539.png,.png,640,640,True,1,640
7540,7540.png,.png,640,640,True,1,640
7541,7541.jpg,.jpg,960,960,True,1,960
7542,7542.jpg,.jpg,960,960,True,4,960
7543,7543.jpg,.jpg,960,960,True,4,960
7544,7544.png,.png,640,640,False,0,640
7545,7545.jpg,.jpg,960,960,True,1,960
7546,7546.jpg,.jpg,960,960,True,6,960
7547,7547.png,.png,640,640,False,0,640
7548,7548.jpg,.jpg,960,960,True,1,960
7549,7549.jpg,.jpg,1080,1080,True,2,1080
7550,7550.png,.png,640,640,True,1,640
7551,7551.jpg,.jpg,960,960,True,1,960
7552,7552.jpg,.jpg,960,960,True,2,960
7553,7553.jpg,.jpg,960,960,True,1,960
7554,7554.jpg,.jpg,960,960,True,2,960
7555,7555.jpg,.jpg,960,960,True,6,960
7556,7556.png,.png,640,640,False,0,640
7557,7557.png,.png,640,640,True,2,640
7558,7558.jpg,.jpg,1080,1080,True,3,1080
7559,7559.jpg,.jpg,960,960,True,8,960
7560,7560.jpg,.jpg,960,960,True,2,960
7561,7561.jpg,.jpg,960,960,True,2,960
7562,7562.png,.png,640,640,True,2,640
7563,7563.jpg,.jpg,1600,1600,True,4,1600
7564,7564.jpg,.jpg,960,960,True,2,960
7565,7565.jpg,.jpg,960,960,False,0,960
7566,7566.jpg,.jpg,960,960,True,3,960
7567,7567.jpg,.jpg,960,960,True,2,960
7568,7568.jpg,.jpg,960,960,False,0,960
7569,7569.jpg,.jpg,720,720,True,3,720
7570,7570.png,.png,640,640,True,2,640
7571,7571.jpg,.jpg,1600,1600,True,2,1600
7572,7572.png,.png,640,640,True,1,640
7573,7573.png,.png,640,640,True,1,640
7574,7574.png,.png,640,640,True,4,640
7575,7575.jpg,.jpg,960,960,False,0,960
7576,7576.png,.png,640,640,False,0,640
7577,7577.png,.png,640,640,False,0,640
7578,7578.jpg,.jpg,1080,1080,True,1,1080
7579,7579.jpg,.jpg,960,960,True,2,960
7580,7580.jpg,.jpg,960,960,True,13,960
7581,7581.jpg,.jpg,960,960,True,6,960
7582,7582.jpg,.jpg,960,960,False,0,960
7583,7583.jpg,.jpg,960,960,True,1,960
7584,7584.png,.png,640,640,False,0,640
7585,7585.jpg,.jpg,960,960,False,0,960
7586,7586.jpg,.jpg,1080,1080,True,4,1080
7587,7587.jpg,.jpg,1080,1080,True,4,1080
7588,7588.jpg,.jpg,1080,1080,False,0,1080
7589,7589.png,.png,640,640,True,1,640
7590,7590.jpg,.jpg,960,960,True,1,960
7591,7591.png,.png,640,640,False,0,640
7592,7592.jpg,.jpg,1600,1600,True,1,1600
7593,7593.jpg,.jpg,640,640,True,2,640
7594,7594.jpg,.jpg,960,960,True,1,960
7595,7595.jpg,.jpg,1080,1080,True,2,1080
7596,7596.jpg,.jpg,960,960,True,2,960
7597,7597.png,.png,640,640,False,0,640
7598,7598.png,.png,640,640,False,0,640
7599,7599.jpg,.jpg,1080,1080,True,2,1080
7600,7600.jpg,.jpg,960,960,True,2,960
7601,7601.png,.png,640,640,False,0,640
7602,7602.jpg,.jpg,960,960,True,4,960
7603,7603.jpg,.jpg,640,640,True,2,640
7604,7604.jpg,.jpg,1080,1080,False,0,1080
7605,7605.png,.png,640,640,True,1,640
7606,7606.jpg,.jpg,960,960,True,2,960
7607,7607.jpg,.jpg,1080,1080,True,1,1080
7608,7608.jpg,.jpg,1600,1600,True,3,1600
7609,7609.jpg,.jpg,960,960,True,1,960
7610,7610.jpg,.jpg,1080,1080,True,3,1080
7611,7611.jpg,.jpg,1080,1080,True,1,1080
7612,7612.jpg,.jpg,960,960,True,1,960
7613,7613.jpg,.jpg,960,960,True,2,960
7614,7614.jpg,.jpg,640,640,True,1,640
7615,7615.jpg,.jpg,1080,1080,True,1,1080
7616,7616.jpg,.jpg,960,960,False,0,960
7617,7617.jpg,.jpg,960,960,True,3,960
7618,7618.jpg,.jpg,1080,1080,True,3,1080
7619,7619.png,.png,640,640,False,0,640
7620,7620.png,.png,640,640,True,2,640
7621,7621.jpg,.jpg,960,960,True,2,960
7622,7622.jpg,.jpg,960,960,True,2,960
7623,7623.jpg,.jpg,960,960,False,0,960
7624,7624.png,.png,640,640,True,1,640
7625,7625.png,.png,640,640,True,1,640
7626,7626.png,.png,640,640,False,0,640
7627,7627.jpg,.jpg,960,960,True,1,960
7628,7628.jpg,.jpg,960,960,False,0,960
7629,7629.png,.png,640,640,True,1,640
7630,7630.jpg,.jpg,960,960,True,4,960
7631,7631.jpg,.jpg,960,960,True,1,960
7632,7632.jpg,.jpg,960,960,True,4,960
7633,7633.png,.png,640,640,False,0,640
7634,7634.jpg,.jpg,960,960,True,10,960
7635,7635.jpg,.jpg,960,960,True,2,960
7636,7636.jpg,.jpg,960,960,True,3,960
7637,7637.jpg,.jpg,960,960,True,1,960
7638,7638.jpg,.jpg,960,960,True,1,960
7639,7639.jpg,.jpg,960,960,True,12,960
7640,7640.jpg,.jpg,1080,1080,True,2,1080
7641,7641.jpg,.jpg,960,960,True,2,960
7642,7642.jpg,.jpg,960,960,True,3,960
7643,7643.jpg,.jpg,960,960,True,6,960
7644,7644.jpg,.jpg,1600,1600,True,2,1600
7645,7645.jpg,.jpg,960,960,True,4,960
7646,7646.jpg,.jpg,960,960,True,2,960
7647,7647.jpg,.jpg,1080,1080,False,0,1080
7648,7648.png,.png,640,640,False,0,640
7649,7649.png,.png,640,640,True,1,640
7650,7650.jpg,.jpg,1080,1080,True,3,1080
7651,7651.jpg,.jpg,960,960,True,5,960
7652,7652.png,.png,640,640,False,0,640
7653,7653.jpg,.jpg,1080,1080,True,1,1080
7654,7654.jpg,.jpg,960,960,True,1,960
7655,7655.png,.png,640,640,False,0,640
7656,7656.png,.png,640,640,False,0,640
7657,7657.png,.png,640,640,True,3,640
7658,7658.jpg,.jpg,1080,1080,True,3,1080
7659,7659.jpg,.jpg,1600,1600,True,1,1600
7660,7660.jpg,.jpg,960,960,True,1,960
7661,7661.jpg,.jpg,960,960,False,0,960
7662,7662.jpg,.jpg,1080,1080,True,3,1080
7663,7663.jpg,.jpg,640,640,True,1,640
7664,7664.jpg,.jpg,960,960,True,2,960
7665,7665.jpg,.jpg,960,960,True,2,960
7666,7666.jpg,.jpg,960,960,True,5,960
7667,7667.png,.png,640,640,True,1,640
7668,7668.jpg,.jpg,960,960,True,1,960
7669,7669.jpg,.jpg,960,960,False,0,960
7670,7670.jpg,.jpg,640,640,True,4,640
7671,7671.jpg,.jpg,960,960,True,1,960
7672,7672.jpg,.jpg,960,960,True,5,960
7673,7673.png,.png,640,640,True,1,640
7674,7674.jpg,.jpg,640,640,True,1,640
7675,7675.jpg,.jpg,960,960,True,2,960
7676,7676.png,.png,640,640,True,1,640
7677,7677.jpg,.jpg,1080,1080,True,2,1080
7678,7678.jpg,.jpg,960,960,True,1,960
7679,7679.jpg,.jpg,1600,1600,True,3,1600
7680,7680.jpg,.jpg,960,960,True,6,960
7681,7681.png,.png,640,640,False,0,640
7682,7682.jpg,.jpg,960,960,False,0,960
7683,7683.jpg,.jpg,1080,1080,True,1,1080
7684,7684.png,.png,640,640,False,0,640
7685,7685.png,.png,640,640,False,0,640
7686,7686.jpg,.jpg,960,960,True,1,960
7687,7687.jpg,.jpg,960,960,True,1,960
7688,7688.jpg,.jpg,1080,1080,False,0,1080
7689,7689.jpg,.jpg,1080,1080,False,0,1080
7690,7690.jpg,.jpg,960,960,True,5,960
7691,7691.jpg,.jpg,960,960,True,3,960
7692,7692.jpg,.jpg,960,960,True,2,960
7693,7693.jpg,.jpg,960,960,True,1,960
7694,7694.jpg,.jpg,1600,1600,False,0,1600
7695,7695.jpg,.jpg,960,960,False,0,960
7696,7696.jpg,.jpg,960,960,True,8,960
7697,7697.jpg,.jpg,960,960,True,1,960
7698,7698.png,.png,640,640,False,0,640
7699,7699.jpg,.jpg,1600,1600,True,3,1600
7700,7700.jpg,.jpg,1080,1080,True,4,1080
7701,7701.png,.png,640,640,False,0,640
7702,7702.jpg,.jpg,960,960,True,6,960
7703,7703.jpg,.jpg,960,960,True,5,960
7704,7704.png,.png,640,640,False,0,640
7705,7705.jpg,.jpg,960,960,True,6,960
7706,7706.jpg,.jpg,960,960,True,1,960
7707,7707.jpg,.jpg,960,960,True,1,960
7708,7708.jpg,.jpg,960,960,True,6,960
7709,7709.png,.png,640,640,False,0,640
7710,7710.png,.png,640,640,False,0,640
7711,7711.jpg,.jpg,1600,1600,True,1,1600
7712,7712.jpg,.jpg,960,960,False,0,960
7713,7713.jpg,.jpg,960,960,True,1,960
7714,7714.jpg,.jpg,960,960,True,2,960
7715,7715.jpg,.jpg,960,960,True,1,960
7716,7716.png,.png,640,640,False,0,640
7717,7717.jpg,.jpg,960,960,True,2,960
7718,7718.jpg,.jpg,960,960,True,1,960
7719,7719.png,.png,640,640,False,0,640
7720,7720.jpg,.jpg,1080,1080,True,1,1080
7721,7721.jpg,.jpg,720,720,True,4,720
7722,7722.jpg,.jpg,960,960,True,1,960
7723,7723.jpg,.jpg,960,960,True,6,960
7724,7724.jpg,.jpg,1600,1600,True,1,1600
7725,7725.jpg,.jpg,960,960,False,0,960
7726,7726.jpg,.jpg,1600,1600,True,2,1600
7727,7727.jpg,.jpg,960,960,True,1,960
7728,7728.jpg,.jpg,960,960,True,1,960
7729,7729.jpg,.jpg,1600,1600,True,3,1600
7730,7730.jpg,.jpg,960,960,True,1,960
7731,7731.png,.png,640,640,True,1,640
7732,7732.jpg,.jpg,960,960,False,0,960
7733,7733.jpg,.jpg,960,960,False,0,960
7734,7734.jpg,.jpg,960,960,True,2,960
7735,7735.jpg,.jpg,960,960,True,1,960
7736,7736.jpg,.jpg,1080,1080,True,2,1080
7737,7737.jpg,.jpg,960,960,True,2,960
7738,7738.png,.png,640,640,True,2,640
7739,7739.jpg,.jpg,960,960,True,3,960
7740,7740.jpg,.jpg,960,960,True,1,960
7741,7741.png,.png,640,640,False,0,640
7742,7742.jpg,.jpg,960,960,True,5,960
7743,7743.jpg,.jpg,1080,1080,True,5,1080
7744,7744.jpg,.jpg,1600,1600,True,4,1600
7745,7745.jpg,.jpg,1600,1600,True,1,1600
7746,7746.jpg,.jpg,960,960,True,8,960
7747,7747.png,.png,640,640,False,0,640
7748,7748.jpg,.jpg,960,960,True,2,960
7749,7749.png,.png,640,640,False,0,640
7750,7750.png,.png,640,640,True,2,640
7751,7751.jpg,.jpg,960,960,True,2,960
7752,7752.jpg,.jpg,960,960,False,0,960
7753,7753.jpg,.jpg,960,960,True,3,960
7754,7754.png,.png,640,640,False,0,640
7755,7755.jpg,.jpg,1600,1600,True,1,1600
7756,7756.jpg,.jpg,1080,1080,True,2,1080
7757,7757.jpg,.jpg,1600,1600,True,1,1600
7758,7758.jpg,.jpg,1600,1600,True,1,1600
7759,7759.jpg,.jpg,1600,1600,True,3,1600
7760,7760.png,.png,640,640,False,0,640
7761,7761.png,.png,640,640,True,1,640
7762,7762.png,.png,640,640,False,0,640
7763,7763.png,.png,640,640,False,0,640
7764,7764.jpg,.jpg,960,960,True,1,960
7765,7765.jpg,.jpg,960,960,True,5,960
7766,7766.jpg,.jpg,640,640,True,1,640
7767,7767.png,.png,640,640,False,0,640
7768,7768.png,.png,640,640,False,0,640
7769,7769.jpg,.jpg,960,960,True,1,960
7770,7770.jpg,.jpg,960,960,True,1,960
7771,7771.jpg,.jpg,640,640,False,0,640
7772,7772.png,.png,640,640,False,0,640
7773,7773.png,.png,640,640,False,0,640
7774,7774.jpg,.jpg,960,960,True,5,960
7775,7775.jpg,.jpg,1600,1600,True,1,1600
7776,7776.png,.png,640,640,False,0,640
7777,7777.jpg,.jpg,960,960,True,1,960
7778,7778.jpg,.jpg,960,960,True,4,960
7779,7779.png,.png,640,640,False,0,640
7780,7780.jpg,.jpg,960,960,True,1,960
7781,7781.jpg,.jpg,1080,1080,False,0,1080
7782,7782.jpg,.jpg,960,960,False,0,960
7783,7783.jpg,.jpg,960,960,True,3,960
7784,7784.jpg,.jpg,960,960,True,2,960
7785,7785.jpg,.jpg,1080,1080,False,0,1080
7786,7786.jpg,.jpg,960,960,True,2,960
7787,7787.jpg,.jpg,960,960,True,8,960
7788,7788.jpg,.jpg,960,960,True,2,960
7789,7789.jpg,.jpg,960,960,True,6,960
7790,7790.jpg,.jpg,1080,1080,True,1,1080
7791,7791.jpg,.jpg,960,960,True,1,960
7792,7792.jpg,.jpg,640,640,False,0,640
7793,7793.jpg,.jpg,960,960,True,1,960
7794,7794.jpg,.jpg,640,640,True,1,640
7795,7795.jpg,.jpg,960,960,True,2,960
7796,7796.jpg,.jpg,960,960,True,2,960
7797,7797.jpg,.jpg,960,960,True,3,960
7798,7798.jpg,.jpg,1080,1080,True,2,1080
7799,7799.jpg,.jpg,1600,1600,True,1,1600
7800,7800.jpg,.jpg,960,960,True,1,960
7801,7801.png,.png,640,640,False,0,640
7802,7802.jpg,.jpg,960,960,False,0,960
7803,7803.png,.png,640,640,False,0,640
7804,7804.jpg,.jpg,960,960,True,3,960
7805,7805.jpg,.jpg,960,960,True,3,960
7806,7806.jpg,.jpg,960,960,True,3,960
7807,7807.jpg,.jpg,960,960,True,4,960
7808,7808.jpg,.jpg,960,960,True,5,960
7809,7809.png,.png,640,640,True,1,640
7810,7810.jpg,.jpg,720,720,False,0,720
7811,7811.jpg,.jpg,640,640,True,1,640
7812,7812.jpg,.jpg,960,960,False,0,960
7813,7813.jpg,.jpg,960,960,True,1,960
7814,7814.jpg,.jpg,960,960,True,13,960
7815,7815.jpg,.jpg,960,960,True,1,960
7816,7816.jpg,.jpg,1600,1600,False,0,1600
7817,7817.jpg,.jpg,960,960,True,6,960
7818,7818.jpg,.jpg,640,640,False,0,640
7819,7819.jpg,.jpg,640,640,True,2,640
7820,7820.jpg,.jpg,1600,1600,True,2,1600
7821,7821.jpg,.jpg,960,960,True,3,960
7822,7822.jpg,.jpg,960,960,True,3,960
7823,7823.jpg,.jpg,720,720,True,1,720
7824,7824.png,.png,640,640,True,7,640
7825,7825.jpg,.jpg,960,960,True,8,960
7826,7826.jpg,.jpg,960,960,True,1,960
7827,7827.jpg,.jpg,960,960,True,2,960
7828,7828.jpg,.jpg,960,960,True,4,960
7829,7829.jpg,.jpg,640,640,True,9,640
7830,7830.png,.png,640,640,False,0,640
7831,7831.jpg,.jpg,960,960,True,2,960
7832,7832.jpg,.jpg,960,960,True,12,960
7833,7833.jpg,.jpg,960,960,True,5,960
7834,7834.png,.png,640,640,False,0,640
7835,7835.jpg,.jpg,960,960,True,1,960
7836,7836.png,.png,640,640,True,1,640
7837,7837.jpg,.jpg,960,960,True,14,960
7838,7838.jpg,.jpg,960,960,True,2,960
7839,7839.png,.png,640,640,True,3,640
7840,7840.jpg,.jpg,960,960,False,0,960
7841,7841.jpg,.jpg,960,960,True,2,960
7842,7842.jpg,.jpg,1600,1600,True,1,1600
7843,7843.jpg,.jpg,720,720,True,1,720
7844,7844.jpg,.jpg,960,960,True,4,960
7845,7845.jpg,.jpg,1080,1080,True,1,1080
7846,7846.png,.png,640,640,False,0,640
7847,7847.jpg,.jpg,960,960,True,9,960
7848,7848.jpg,.jpg,1080,1080,True,2,1080
7849,7849.jpg,.jpg,1600,1600,True,1,1600
7850,7850.jpg,.jpg,960,960,True,1,960
7851,7851.jpg,.jpg,960,960,False,0,960
7852,7852.jpg,.jpg,960,960,False,0,960
7853,7853.png,.png,640,640,True,1,640
7854,7854.jpg,.jpg,1600,1600,True,1,1600
7855,7855.jpg,.jpg,960,960,False,0,960
7856,7856.png,.png,640,640,False,0,640
7857,7857.png,.png,640,640,False,0,640
7858,7858.jpg,.jpg,960,960,True,4,960
7859,7859.jpg,.jpg,640,640,True,4,640
7860,7860.jpg,.jpg,960,960,True,3,960
7861,7861.png,.png,640,640,True,6,640
7862,7862.jpg,.jpg,960,960,True,3,960
7863,7863.jpg,.jpg,960,960,True,1,960
7864,7864.jpg,.jpg,960,960,False,0,960
7865,7865.jpg,.jpg,960,960,True,5,960
7866,7866.jpg,.jpg,960,960,True,3,960
7867,7867.jpg,.jpg,960,960,True,1,960
7868,7868.jpg,.jpg,960,960,True,2,960
7869,7869.png,.png,640,640,True,1,640
7870,7870.jpg,.jpg,960,960,True,1,960
7871,7871.jpg,.jpg,1080,1080,True,4,1080
7872,7872.jpg,.jpg,960,960,True,5,960
7873,7873.jpg,.jpg,1080,1080,False,0,1080
7874,7874.jpg,.jpg,960,960,True,1,960
7875,7875.jpg,.jpg,1600,1600,True,1,1600
7876,7876.jpg,.jpg,1080,1080,False,0,1080
7877,7877.png,.png,640,640,False,0,640
7878,7878.jpg,.jpg,960,960,True,6,960
7879,7879.png,.png,640,640,False,0,640
7880,7880.jpg,.jpg,640,640,True,3,640
7881,7881.png,.png,640,640,False,0,640
7882,7882.jpg,.jpg,960,960,True,6,960
7883,7883.jpg,.jpg,960,960,True,4,960
7884,7884.jpg,.jpg,960,960,True,1,960
7885,7885.jpg,.jpg,960,960,True,1,960
7886,7886.jpg,.jpg,960,960,True,1,960
7887,7887.png,.png,640,640,False,0,640
7888,7888.png,.png,640,640,False,0,640
7889,7889.jpg,.jpg,640,640,True,3,640
7890,7890.png,.png,640,640,True,4,640
7891,7891.png,.png,640,640,False,0,640
7892,7892.jpg,.jpg,960,960,True,1,960
7893,7893.jpg,.jpg,960,960,True,3,960
7894,7894.jpg,.jpg,960,960,True,5,960
7895,7895.jpg,.jpg,960,960,True,3,960
7896,7896.jpg,.jpg,1080,1080,True,2,1080
7897,7897.jpg,.jpg,960,960,True,10,960
7898,7898.jpg,.jpg,1080,1080,True,2,1080
7899,7899.jpg,.jpg,960,960,True,1,960
7900,7900.jpg,.jpg,960,960,False,0,960
7901,7901.jpg,.jpg,960,960,True,2,960
7902,7902.jpg,.jpg,1600,1600,True,1,1600
7903,7903.jpg,.jpg,960,960,False,0,960
7904,7904.jpg,.jpg,960,960,True,2,960
7905,7905.jpg,.jpg,1600,1600,True,1,1600
7906,7906.jpg,.jpg,960,960,True,4,960
7907,7907.png,.png,640,640,False,0,640
7908,7908.png,.png,640,640,True,2,640
7909,7909.png,.png,640,640,True,1,640
7910,7910.png,.png,640,640,False,0,640
7911,7911.jpg,.jpg,960,960,True,2,960
7912,7912.jpg,.jpg,960,960,True,2,960
7913,7913.png,.png,640,640,True,1,640
7914,7914.jpg,.jpg,960,960,True,2,960
7915,7915.png,.png,640,640,False,0,640
7916,7916.jpg,.jpg,960,960,True,1,960
7917,7917.png,.png,640,640,False,0,640
7918,7918.png,.png,640,640,False,0,640
7919,7919.jpg,.jpg,960,960,False,0,960
7920,7920.jpg,.jpg,1080,1080,True,3,1080
7921,7921.jpg,.jpg,960,960,False,0,960
7922,7922.png,.png,640,640,False,0,640
7923,7923.jpg,.jpg,960,960,True,1,960
7924,7924.jpg,.jpg,960,960,False,0,960
7925,7925.png,.png,640,640,False,0,640
7926,7926.jpg,.jpg,1080,1080,True,8,1080
7927,7927.jpg,.jpg,960,960,True,2,960
7928,7928.png,.png,640,640,False,0,640
7929,7929.jpg,.jpg,1080,1080,True,1,1080
7930,7930.jpg,.jpg,960,960,False,0,960
7931,7931.jpg,.jpg,1080,1080,True,2,1080
7932,7932.png,.png,640,640,False,0,640
7933,7933.png,.png,640,640,True,1,640
7934,7934.jpg,.jpg,960,960,False,0,960
7935,7935.png,.png,640,640,False,0,640
7936,7936.jpg,.jpg,960,960,False,0,960
7937,7937.jpg,.jpg,960,960,True,1,960
7938,7938.jpg,.jpg,1600,1600,True,4,1600
7939,7939.jpg,.jpg,640,640,True,5,640
7940,7940.jpg,.jpg,960,960,False,0,960
7941,7941.jpg,.jpg,960,960,True,3,960
7942,7942.png,.png,640,640,False,0,640
7943,7943.jpg,.jpg,640,640,True,7,640
7944,7944.png,.png,640,640,True,5,640
7945,7945.jpg,.jpg,640,640,True,2,640
7946,7946.jpg,.jpg,960,960,True,2,960
7947,7947.jpg,.jpg,960,960,True,2,960
7948,7948.png,.png,640,640,False,0,640
7949,7949.jpg,.jpg,960,960,True,4,960
7950,7950.jpg,.jpg,960,960,True,3,960
7951,7951.jpg,.jpg,960,960,True,1,960
7952,7952.jpg,.jpg,960,960,True,1,960
7953,7953.jpg,.jpg,1600,1600,True,1,1600
7954,7954.jpg,.jpg,960,960,True,2,960
7955,7955.jpg,.jpg,960,960,True,9,960
7956,7956.png,.png,640,640,True,1,640
7957,7957.png,.png,640,640,False,0,640
7958,7958.jpg,.jpg,1600,1600,True,3,1600
7959,7959.jpg,.jpg,1600,1600,True,3,1600
7960,7960.jpg,.jpg,640,640,True,2,640
7961,7961.jpg,.jpg,960,960,True,1,960
7962,7962.png,.png,640,640,True,2,640
7963,7963.jpg,.jpg,640,640,False,0,640
7964,7964.png,.png,640,640,True,3,640
7965,7965.jpg,.jpg,960,960,True,3,960
7966,7966.jpg,.jpg,960,960,True,6,960
7967,7967.jpg,.jpg,960,960,True,1,960
7968,7968.jpg,.jpg,960,960,False,0,960
7969,7969.jpg,.jpg,1080,1080,True,7,1080
7970,7970.jpg,.jpg,960,960,True,4,960
7971,7971.jpg,.jpg,1080,1080,True,2,1080
7972,7972.png,.png,640,640,False,0,640
7973,7973.png,.png,640,640,False,0,640
7974,7974.jpg,.jpg,960,960,True,3,960
7975,7975.jpg,.jpg,960,960,True,7,960
7976,7976.jpg,.jpg,960,960,True,1,960
7977,7977.jpg,.jpg,1600,1600,True,2,1600
7978,7978.png,.png,640,640,True,1,640
7979,7979.jpg,.jpg,960,960,True,1,960
7980,7980.png,.png,640,640,False,0,640
7981,7981.jpg,.jpg,960,960,True,5,960
7982,7982.png,.png,640,640,True,2,640
7983,7983.jpg,.jpg,1080,1080,True,2,1080
7984,7984.png,.png,640,640,True,3,640
7985,7985.png,.png,640,640,False,0,640
7986,7986.jpg,.jpg,960,960,True,2,960
7987,7987.jpg,.jpg,960,960,True,5,960
7988,7988.jpg,.jpg,960,960,True,1,960
7989,7989.png,.png,640,640,True,2,640
7990,7990.jpg,.jpg,960,960,True,1,960
7991,7991.png,.png,640,640,True,1,640
7992,7992.jpg,.jpg,960,960,True,2,960
7993,7993.jpg,.jpg,960,960,True,6,960
7994,7994.jpg,.jpg,640,640,True,5,640
7995,7995.png,.png,640,640,True,1,640
7996,7996.png,.png,640,640,True,1,640
7997,7997.png,.png,640,640,False,0,640
7998,7998.png,.png,640,640,False,0,640
7999,7999.png,.png,640,640,False,0,640
8000,8000.jpg,.jpg,1080,1080,True,2,1080
8001,8001.jpg,.jpg,960,960,True,1,960
8002,8002.jpg,.jpg,960,960,True,1,960
8003,8003.jpg,.jpg,960,960,True,1,960
8004,8004.jpg,.jpg,960,960,True,1,960
8005,8005.png,.png,640,640,False,0,640
8006,8006.jpg,.jpg,960,960,True,4,960
8007,8007.jpg,.jpg,960,960,True,3,960
8008,8008.jpg,.jpg,960,960,True,8,960
8009,8009.jpg,.jpg,720,720,True,2,720
8010,8010.jpg,.jpg,1080,1080,True,2,1080
8011,8011.jpg,.jpg,1080,1080,True,3,1080
8012,8012.jpg,.jpg,960,960,True,4,960
8013,8013.jpg,.jpg,960,960,True,14,960
8014,8014.jpg,.jpg,960,960,True,3,960
8015,8015.png,.png,640,640,True,5,640
8016,8016.jpg,.jpg,960,960,True,1,960
8017,8017.jpg,.jpg,960,960,True,9,960
8018,8018.jpg,.jpg,960,960,True,1,960
8019,8019.jpg,.jpg,960,960,True,1,960
8020,8020.png,.png,640,640,True,2,640
8021,8021.png,.png,640,640,True,11,640
8022,8022.jpg,.jpg,1600,1600,True,1,1600
8023,8023.jpg,.jpg,1600,1600,True,2,1600
8024,8024.png,.png,640,640,True,3,640
8025,8025.jpg,.jpg,960,960,True,4,960
8026,8026.jpg,.jpg,960,960,True,4,960
8027,8027.jpg,.jpg,960,960,True,6,960
8028,8028.jpg,.jpg,960,960,True,2,960
8029,8029.png,.png,640,640,False,0,640
8030,8030.png,.png,640,640,True,2,640
8031,8031.jpg,.jpg,1600,1600,True,2,1600
8032,8032.jpg,.jpg,960,960,True,4,960
8033,8033.jpg,.jpg,1600,1600,True,1,1600
8034,8034.jpg,.jpg,960,960,True,3,960
8035,8035.png,.png,640,640,False,0,640
8036,8036.jpg,.jpg,960,960,True,3,960
8037,8037.jpg,.jpg,960,960,True,4,960
8038,8038.jpg,.jpg,1080,1080,True,1,1080
8039,8039.jpg,.jpg,960,960,True,4,960
8040,8040.jpg,.jpg,640,640,False,0,640
8041,8041.jpg,.jpg,1080,1080,True,1,1080
8042,8042.png,.png,640,640,True,2,640
8043,8043.png,.png,640,640,True,1,640
8044,8044.jpg,.jpg,960,960,True,1,960
8045,8045.jpg,.jpg,960,960,True,3,960
8046,8046.jpg,.jpg,960,960,True,1,960
8047,8047.jpg,.jpg,1080,1080,True,4,1080
8048,8048.jpg,.jpg,960,960,True,3,960
8049,8049.jpg,.jpg,960,960,True,5,960
8050,8050.jpg,.jpg,960,960,True,1,960
8051,8051.png,.png,640,640,True,1,640
8052,8052.jpg,.jpg,960,960,True,6,960
8053,8053.jpg,.jpg,960,960,True,2,960
8054,8054.jpg,.jpg,640,640,True,1,640
8055,8055.jpg,.jpg,960,960,True,1,960
8056,8056.png,.png,640,640,False,0,640
8057,8057.jpg,.jpg,960,960,True,2,960
8058,8058.jpg,.jpg,960,960,False,0,960
8059,8059.png,.png,640,640,True,3,640
8060,8060.png,.png,640,640,True,3,640
8061,8061.png,.png,640,640,True,2,640
8062,8062.jpg,.jpg,960,960,True,3,960
8063,8063.jpg,.jpg,1600,1600,True,1,1600
8064,8064.jpg,.jpg,720,720,True,4,720
8065,8065.jpg,.jpg,960,960,True,1,960
8066,8066.jpg,.jpg,960,960,True,12,960
8067,8067.jpg,.jpg,960,960,True,6,960
8068,8068.jpg,.jpg,960,960,True,3,960
8069,8069.png,.png,640,640,True,3,640
8070,8070.jpg,.jpg,960,960,True,3,960
8071,8071.png,.png,640,640,True,4,640
8072,8072.jpg,.jpg,1080,1080,True,1,1080
8073,8073.jpg,.jpg,1080,1080,True,2,1080
8074,8074.jpg,.jpg,1080,1080,True,1,1080
8075,8075.jpg,.jpg,960,960,True,2,960
8076,8076.png,.png,640,640,True,1,640
8077,8077.jpg,.jpg,960,960,True,11,960
8078,8078.jpg,.jpg,1080,1080,True,2,1080
8079,8079.jpg,.jpg,960,960,True,7,960
8080,8080.png,.png,640,640,False,0,640
8081,8081.jpg,.jpg,1080,1080,True,1,1080
8082,8082.png,.png,640,640,True,1,640
8083,8083.jpg,.jpg,960,960,True,1,960
8084,8084.jpg,.jpg,1080,1080,True,6,1080
8085,8085.jpg,.jpg,1600,1600,True,2,1600
8086,8086.jpg,.jpg,1080,1080,True,2,1080
8087,8087.jpg,.jpg,960,960,True,10,960
8088,8088.png,.png,640,640,True,3,640
8089,8089.png,.png,640,640,True,3,640
8090,8090.png,.png,640,640,True,4,640
8091,8091.jpg,.jpg,1080,1080,True,9,1080
8092,8092.png,.png,640,640,True,2,640
8093,8093.jpg,.jpg,960,960,True,2,960
8094,8094.jpg,.jpg,960,960,True,1,960
8095,8095.jpg,.jpg,960,960,True,8,960
8096,8096.jpg,.jpg,960,960,True,3,960
8097,8097.jpg,.jpg,960,960,True,1,960
8098,8098.jpg,.jpg,960,960,True,1,960
8099,8099.jpg,.jpg,960,960,True,4,960
8100,8100.png,.png,640,640,False,0,640
8101,8101.jpg,.jpg,960,960,True,3,960
8102,8102.jpg,.jpg,960,960,True,4,960
8103,8103.jpg,.jpg,1600,1600,True,4,1600
8104,8104.png,.png,640,640,False,0,640
8105,8105.jpg,.jpg,960,960,True,1,960
8106,8106.jpg,.jpg,960,960,True,3,960
8107,8107.jpg,.jpg,960,960,True,4,960
8108,8108.png,.png,640,640,True,2,640
8109,8109.jpg,.jpg,960,960,True,4,960
8110,8110.jpg,.jpg,960,960,True,3,960
8111,8111.png,.png,640,640,True,7,640
8112,8112.jpg,.jpg,1080,1080,False,0,1080
8113,8113.jpg,.jpg,960,960,False,0,960
8114,8114.jpg,.jpg,960,960,True,6,960
8115,8115.png,.png,640,640,True,1,640
8116,8116.jpg,.jpg,960,960,True,8,960
8117,8117.png,.png,640,640,False,0,640
8118,8118.jpg,.jpg,960,960,True,1,960
8119,8119.jpg,.jpg,1600,1600,True,2,1600
8120,8120.png,.png,640,640,True,1,640
8121,8121.jpg,.jpg,720,720,True,3,720
8122,8122.jpg,.jpg,960,960,True,7,960
8123,8123.jpg,.jpg,960,960,False,0,960
8124,8124.jpg,.jpg,960,960,True,3,960
8125,8125.png,.png,640,640,False,0,640
8126,8126.jpg,.jpg,1600,1600,True,6,1600
8127,8127.jpg,.jpg,1600,1600,True,3,1600
8128,8128.jpg,.jpg,960,960,True,1,960
8129,8129.png,.png,640,640,True,1,640
8130,8130.jpg,.jpg,960,960,True,2,960
8131,8131.jpg,.jpg,1600,1600,True,1,1600
8132,8132.jpg,.jpg,1080,1080,True,2,1080
8133,8133.jpg,.jpg,1080,1080,True,1,1080
8134,8134.jpg,.jpg,960,960,True,4,960
8135,8135.jpg,.jpg,720,720,True,2,720
8136,8136.jpg,.jpg,960,960,True,9,960
8137,8137.jpg,.jpg,640,640,True,2,640
8138,8138.jpg,.jpg,1080,1080,True,4,1080
8139,8139.jpg,.jpg,960,960,True,1,960
8140,8140.png,.png,640,640,True,1,640
8141,8141.jpg,.jpg,640,640,True,2,640
8142,8142.jpg,.jpg,640,640,False,0,640
8143,8143.jpg,.jpg,960,960,True,7,960
8144,8144.png,.png,640,640,False,0,640
8145,8145.jpg,.jpg,960,960,True,2,960
8146,8146.jpg,.jpg,1080,1080,True,2,1080
8147,8147.png,.png,640,640,True,1,640
8148,8148.png,.png,640,640,True,1,640
8149,8149.jpg,.jpg,960,960,True,2,960
8150,8150.jpg,.jpg,960,960,False,0,960
8151,8151.jpg,.jpg,960,960,True,7,960
8152,8152.jpg,.jpg,1080,1080,False,0,1080
8153,8153.jpg,.jpg,960,960,False,0,960
8154,8154.png,.png,640,640,True,2,640
8155,8155.jpg,.jpg,960,960,True,8,960
8156,8156.png,.png,640,640,False,0,640
8157,8157.jpg,.jpg,960,960,False,0,960
8158,8158.jpg,.jpg,960,960,False,0,960
8159,8159.png,.png,640,640,True,4,640
8160,8160.jpg,.jpg,960,960,True,1,960
8161,8161.png,.png,640,640,True,1,640
8162,8162.jpg,.jpg,960,960,True,6,960
8163,8163.jpg,.jpg,960,960,False,0,960
8164,8164.jpg,.jpg,640,640,False,0,640
8165,8165.png,.png,640,640,False,0,640
8166,8166.png,.png,640,640,True,1,640
8167,8167.png,.png,640,640,False,0,640
8168,8168.jpg,.jpg,960,960,False,0,960
8169,8169.png,.png,640,640,False,0,640
8170,8170.jpg,.jpg,960,960,True,4,960
8171,8171.jpg,.jpg,960,960,False,0,960
8172,8172.png,.png,640,640,False,0,640
8173,8173.jpg,.jpg,960,960,True,2,960
8174,8174.jpg,.jpg,960,960,True,2,960
8175,8175.jpg,.jpg,960,960,True,2,960
8176,8176.jpg,.jpg,960,960,True,3,960
8177,8177.jpg,.jpg,960,960,False,0,960
8178,8178.jpg,.jpg,960,960,True,7,960
8179,8179.jpg,.jpg,960,960,True,6,960
8180,8180.jpg,.jpg,720,720,True,2,720
8181,8181.png,.png,640,640,True,1,640
8182,8182.jpg,.jpg,960,960,False,0,960
8183,8183.jpg,.jpg,1080,1080,True,8,1080
8184,8184.jpg,.jpg,960,960,True,7,960
8185,8185.jpg,.jpg,960,960,True,6,960
8186,8186.jpg,.jpg,960,960,False,0,960
8187,8187.jpg,.jpg,960,960,True,2,960
8188,8188.jpg,.jpg,960,960,True,1,960
8189,8189.jpg,.jpg,1600,1600,True,1,1600
8190,8190.jpg,.jpg,960,960,True,1,960
8191,8191.png,.png,640,640,False,0,640
8192,8192.png,.png,640,640,False,0,640
8193,8193.jpg,.jpg,960,960,False,0,960
8194,8194.png,.png,640,640,False,0,640
8195,8195.jpg,.jpg,960,960,True,3,960
8196,8196.png,.png,640,640,False,0,640
8197,8197.png,.png,640,640,True,3,640
8198,8198.jpg,.jpg,960,960,True,2,960
8199,8199.png,.png,640,640,True,1,640
8200,8200.jpg,.jpg,960,960,True,1,960
8201,8201.jpg,.jpg,960,960,True,1,960
8202,8202.jpg,.jpg,960,960,False,0,960
8203,8203.jpg,.jpg,960,960,False,0,960
8204,8204.png,.png,640,640,False,0,640
8205,8205.jpg,.jpg,1080,1080,True,1,1080
8206,8206.jpg,.jpg,960,960,True,1,960
8207,8207.jpg,.jpg,960,960,True,1,960
8208,8208.jpg,.jpg,960,960,True,2,960
8209,8209.jpg,.jpg,960,960,True,2,960
8210,8210.jpg,.jpg,1080,1080,False,0,1080
8211,8211.jpg,.jpg,960,960,True,3,960
8212,8212.jpg,.jpg,1080,1080,True,1,1080
8213,8213.jpg,.jpg,1080,1080,True,2,1080
8214,8214.jpg,.jpg,1600,1600,True,1,1600
8215,8215.jpg,.jpg,960,960,True,1,960
8216,8216.jpg,.jpg,960,960,True,1,960
8217,8217.jpg,.jpg,960,960,True,3,960
8218,8218.png,.png,640,640,False,0,640
8219,8219.jpg,.jpg,960,960,True,5,960
8220,8220.jpg,.jpg,960,960,True,1,960
8221,8221.jpg,.jpg,960,960,True,6,960
8222,8222.jpg,.jpg,960,960,True,1,960
8223,8223.jpg,.jpg,960,960,False,0,960
8224,8224.jpg,.jpg,1080,1080,True,2,1080
8225,8225.jpg,.jpg,720,720,False,0,720
8226,8226.png,.png,640,640,True,1,640
8227,8227.jpg,.jpg,960,960,True,3,960
8228,8228.jpg,.jpg,1080,1080,True,1,1080
8229,8229.png,.png,640,640,True,2,640
8230,8230.jpg,.jpg,960,960,True,1,960
8231,8231.jpg,.jpg,640,640,True,4,640
8232,8232.jpg,.jpg,640,640,True,2,640
8233,8233.jpg,.jpg,1080,1080,True,3,1080
8234,8234.jpg,.jpg,960,960,True,1,960
8235,8235.png,.png,640,640,False,0,640
8236,8236.jpg,.jpg,640,640,True,2,640
8237,8237.jpg,.jpg,960,960,True,1,960
8238,8238.jpg,.jpg,1080,1080,True,2,1080
8239,8239.jpg,.jpg,960,960,False,0,960
8240,8240.jpg,.jpg,960,960,True,2,960
8241,8241.jpg,.jpg,960,960,True,1,960
8242,8242.jpg,.jpg,960,960,True,1,960
8243,8243.jpg,.jpg,960,960,True,4,960
8244,8244.jpg,.jpg,960,960,True,6,960
8245,8245.jpg,.jpg,960,960,True,1,960
8246,8246.jpg,.jpg,960,960,True,2,960
8247,8247.jpg,.jpg,960,960,True,2,960
8248,8248.jpg,.jpg,640,640,True,1,640
8249,8249.jpg,.jpg,960,960,True,2,960
8250,8250.jpg,.jpg,960,960,True,1,960
8251,8251.jpg,.jpg,1600,1600,False,0,1600
8252,8252.jpg,.jpg,960,960,True,1,960
8253,8253.jpg,.jpg,1600,1600,True,1,1600
8254,8254.jpg,.jpg,960,960,False,0,960
8255,8255.jpg,.jpg,960,960,True,2,960
8256,8256.jpg,.jpg,960,960,True,1,960
8257,8257.jpg,.jpg,720,720,True,1,720
8258,8258.jpg,.jpg,960,960,True,1,960
8259,8259.png,.png,640,640,True,1,640
8260,8260.jpg,.jpg,960,960,True,3,960
8261,8261.jpg,.jpg,960,960,True,4,960
8262,8262.jpg,.jpg,960,960,True,2,960
8263,8263.png,.png,640,640,True,1,640
8264,8264.png,.png,640,640,False,0,640
8265,8265.png,.png,640,640,False,0,640
8266,8266.png,.png,640,640,False,0,640
8267,8267.jpg,.jpg,960,960,True,3,960
8268,8268.jpg,.jpg,960,960,True,10,960
8269,8269.jpg,.jpg,960,960,False,0,960
8270,8270.jpg,.jpg,960,960,True,5,960
8271,8271.jpg,.jpg,1600,1600,True,2,1600
8272,8272.jpg,.jpg,1080,1080,True,2,1080
8273,8273.png,.png,640,640,True,1,640
8274,8274.jpg,.jpg,1600,1600,True,2,1600
8275,8275.jpg,.jpg,960,960,True,2,960
8276,8276.jpg,.jpg,960,960,True,1,960
8277,8277.jpg,.jpg,960,960,True,5,960
8278,8278.png,.png,640,640,False,0,640
8279,8279.jpg,.jpg,960,960,True,1,960
8280,8280.jpg,.jpg,960,960,True,1,960
8281,8281.png,.png,640,640,False,0,640
8282,8282.jpg,.jpg,960,960,True,9,960
8283,8283.jpg,.jpg,960,960,True,1,960
8284,8284.jpg,.jpg,960,960,True,1,960
8285,8285.png,.png,640,640,False,0,640
8286,8286.jpg,.jpg,1600,1600,True,2,1600
8287,8287.jpg,.jpg,960,960,True,2,960
8288,8288.png,.png,640,640,False,0,640
8289,8289.jpg,.jpg,960,960,True,3,960
8290,8290.png,.png,640,640,True,3,640
8291,8291.png,.png,640,640,False,0,640
8292,8292.png,.png,640,640,False,0,640
8293,8293.jpg,.jpg,640,640,False,0,640
8294,8294.png,.png,640,640,True,1,640
8295,8295.jpg,.jpg,960,960,True,3,960
8296,8296.jpg,.jpg,960,960,True,1,960
8297,8297.jpg,.jpg,640,640,True,2,640
8298,8298.jpg,.jpg,960,960,False,0,960
8299,8299.png,.png,640,640,True,2,640
8300,8300.jpg,.jpg,960,960,True,3,960
8301,8301.png,.png,640,640,False,0,640
8302,8302.jpg,.jpg,960,960,True,3,960
8303,8303.jpg,.jpg,640,640,False,0,640
8304,8304.jpg,.jpg,1080,1080,False,0,1080
8305,8305.jpg,.jpg,960,960,True,4,960
8306,8306.jpg,.jpg,960,960,True,9,960
8307,8307.jpg,.jpg,960,960,True,5,960
8308,8308.jpg,.jpg,1600,1600,True,1,1600
8309,8309.jpg,.jpg,640,640,True,1,640
8310,8310.png,.png,640,640,False,0,640
8311,8311.jpg,.jpg,1080,1080,True,1,1080
8312,8312.jpg,.jpg,960,960,True,3,960
8313,8313.jpg,.jpg,960,960,True,2,960
8314,8314.jpg,.jpg,960,960,True,2,960
8315,8315.png,.png,640,640,False,0,640
8316,8316.jpg,.jpg,1080,1080,False,0,1080
8317,8317.jpg,.jpg,960,960,True,3,960
8318,8318.jpg,.jpg,960,960,False,0,960
8319,8319.jpg,.jpg,960,960,True,1,960
8320,8320.png,.png,640,640,True,2,640
8321,8321.jpg,.jpg,960,960,True,3,960
8322,8322.jpg,.jpg,960,960,True,2,960
8323,8323.jpg,.jpg,960,960,True,2,960
8324,8324.jpg,.jpg,960,960,True,6,960
8325,8325.png,.png,640,640,False,0,640
8326,8326.jpg,.jpg,960,960,True,3,960
8327,8327.jpg,.jpg,960,960,True,2,960
8328,8328.jpg,.jpg,640,640,True,1,640
8329,8329.jpg,.jpg,640,640,True,2,640
8330,8330.jpg,.jpg,960,960,True,3,960
8331,8331.jpg,.jpg,960,960,True,6,960
8332,8332.jpg,.jpg,960,960,True,5,960
8333,8333.jpg,.jpg,960,960,False,0,960
8334,8334.jpg,.jpg,960,960,False,0,960
8335,8335.jpg,.jpg,1600,1600,True,1,1600
8336,8336.jpg,.jpg,1080,1080,False,0,1080
8337,8337.png,.png,640,640,True,1,640
8338,8338.jpg,.jpg,1080,1080,True,12,1080
8339,8339.jpg,.jpg,1080,1080,False,0,1080
8340,8340.png,.png,640,640,False,0,640
8341,8341.jpg,.jpg,960,960,True,3,960
8342,8342.jpg,.jpg,960,960,True,2,960
8343,8343.png,.png,640,640,False,0,640
8344,8344.jpg,.jpg,960,960,True,8,960
8345,8345.png,.png,640,640,True,8,640
8346,8346.jpg,.jpg,960,960,True,2,960
8347,8347.jpg,.jpg,960,960,True,10,960
8348,8348.jpg,.jpg,960,960,True,1,960
8349,8349.png,.png,640,640,False,0,640
8350,8350.png,.png,640,640,True,1,640
8351,8351.jpg,.jpg,960,960,True,2,960
8352,8352.jpg,.jpg,640,640,True,3,640
8353,8353.jpg,.jpg,640,640,True,6,640
8354,8354.jpg,.jpg,1600,1600,True,2,1600
8355,8355.png,.png,640,640,True,1,640
8356,8356.jpg,.jpg,960,960,True,2,960
8357,8357.jpg,.jpg,1080,1080,True,2,1080
8358,8358.png,.png,640,640,True,1,640
8359,8359.jpg,.jpg,960,960,False,0,960
8360,8360.png,.png,640,640,False,0,640
8361,8361.png,.png,640,640,False,0,640
8362,8362.jpg,.jpg,960,960,True,1,960
8363,8363.jpg,.jpg,960,960,True,1,960
8364,8364.jpg,.jpg,960,960,True,1,960
8365,8365.png,.png,640,640,True,1,640
8366,8366.jpg,.jpg,960,960,True,1,960
8367,8367.png,.png,640,640,True,4,640
8368,8368.jpg,.jpg,960,960,True,1,960
8369,8369.jpg,.jpg,960,960,False,0,960
8370,8370.jpg,.jpg,1080,1080,True,1,1080
8371,8371.png,.png,640,640,False,0,640
8372,8372.jpg,.jpg,1080,1080,True,1,1080
8373,8373.jpg,.jpg,960,960,True,2,960
8374,8374.jpg,.jpg,960,960,True,1,960
8375,8375.png,.png,640,640,True,1,640
8376,8376.jpg,.jpg,1600,1600,True,6,1600
8377,8377.jpg,.jpg,1600,1600,True,1,1600
8378,8378.jpg,.jpg,960,960,True,2,960
8379,8379.jpg,.jpg,1080,1080,False,0,1080
8380,8380.jpg,.jpg,960,960,True,1,960
8381,8381.jpg,.jpg,960,960,False,0,960
8382,8382.png,.png,640,640,False,0,640
8383,8383.jpg,.jpg,720,720,False,0,720
8384,8384.jpg,.jpg,960,960,True,1,960
8385,8385.jpg,.jpg,1080,1080,True,1,1080
8386,8386.jpg,.jpg,960,960,True,2,960
8387,8387.jpg,.jpg,960,960,True,1,960
8388,8388.jpg,.jpg,960,960,False,0,960
8389,8389.jpg,.jpg,1080,1080,True,1,1080
8390,8390.jpg,.jpg,960,960,False,0,960
8391,8391.jpg,.jpg,1600,1600,True,5,1600
8392,8392.png,.png,640,640,False,0,640
8393,8393.png,.png,640,640,False,0,640
8394,8394.jpg,.jpg,960,960,True,5,960
8395,8395.jpg,.jpg,960,960,False,0,960
8396,8396.jpg,.jpg,1080,1080,True,1,1080
8397,8397.png,.png,640,640,True,1,640
8398,8398.jpg,.jpg,960,960,True,4,960
8399,8399.jpg,.jpg,960,960,True,5,960
8400,8400.jpg,.jpg,640,640,True,1,640
8401,8401.jpg,.jpg,960,960,True,2,960
8402,8402.jpg,.jpg,960,960,True,3,960
8403,8403.jpg,.jpg,1080,1080,True,1,1080
8404,8404.jpg,.jpg,960,960,True,4,960
8405,8405.png,.png,640,640,False,0,640
8406,8406.jpg,.jpg,1080,1080,True,1,1080
8407,8407.jpg,.jpg,960,960,True,5,960
8408,8408.jpg,.jpg,960,960,False,0,960
8409,8409.png,.png,640,640,False,0,640
8410,8410.jpg,.jpg,960,960,True,3,960
8411,8411.jpg,.jpg,960,960,True,5,960
8412,8412.jpg,.jpg,1080,1080,True,3,1080
8413,8413.jpg,.jpg,960,960,True,1,960
8414,8414.jpg,.jpg,960,960,True,3,960
8415,8415.jpg,.jpg,960,960,True,1,960
8416,8416.jpg,.jpg,960,960,True,1,960
8417,8417.png,.png,640,640,False,0,640
8418,8418.jpg,.jpg,1080,1080,False,0,1080
8419,8419.jpg,.jpg,960,960,True,6,960
8420,8420.jpg,.jpg,960,960,False,0,960
8421,8421.png,.png,640,640,True,1,640
8422,8422.jpg,.jpg,960,960,True,3,960
8423,8423.jpg,.jpg,1080,1080,True,1,1080
8424,8424.jpg,.jpg,960,960,True,15,960
8425,8425.jpg,.jpg,960,960,True,2,960
8426,8426.png,.png,640,640,False,0,640
8427,8427.png,.png,640,640,True,1,640
8428,8428.jpg,.jpg,960,960,True,2,960
8429,8429.png,.png,640,640,True,4,640
8430,8430.png,.png,640,640,False,0,640
8431,8431.png,.png,640,640,False,0,640
8432,8432.png,.png,640,640,True,1,640
8433,8433.png,.png,640,640,False,0,640
8434,8434.jpg,.jpg,960,960,True,3,960
8435,8435.jpg,.jpg,960,960,True,2,960
8436,8436.jpg,.jpg,960,960,True,1,960
8437,8437.jpg,.jpg,1080,1080,True,1,1080
8438,8438.jpg,.jpg,960,960,True,4,960
8439,8439.png,.png,640,640,False,0,640
8440,8440.jpg,.jpg,960,960,True,1,960
8441,8441.jpg,.jpg,960,960,True,4,960
8442,8442.png,.png,640,640,False,0,640
8443,8443.jpg,.jpg,960,960,True,1,960
8444,8444.png,.png,640,640,True,1,640
8445,8445.jpg,.jpg,640,640,False,0,640
8446,8446.png,.png,640,640,False,0,640
8447,8447.png,.png,640,640,False,0,640
8448,8448.jpg,.jpg,1600,1600,True,2,1600
8449,8449.jpg,.jpg,1080,1080,False,0,1080
8450,8450.jpg,.jpg,640,640,False,0,640
8451,8451.jpg,.jpg,960,960,True,1,960
8452,8452.png,.png,640,640,False,0,640
8453,8453.jpg,.jpg,720,720,True,1,720
8454,8454.png,.png,640,640,True,1,640
8455,8455.jpg,.jpg,960,960,True,6,960
8456,8456.png,.png,640,640,False,0,640
8457,8457.jpg,.jpg,960,960,False,0,960
8458,8458.jpg,.jpg,960,960,True,5,960
8459,8459.jpg,.jpg,960,960,True,2,960
8460,8460.jpg,.jpg,960,960,True,10,960
8461,8461.jpg,.jpg,960,960,True,2,960
8462,8462.jpg,.jpg,960,960,True,5,960
8463,8463.jpg,.jpg,960,960,True,10,960
8464,8464.jpg,.jpg,1080,1080,True,2,1080
8465,8465.jpg,.jpg,960,960,True,1,960
8466,8466.jpg,.jpg,960,960,True,2,960
8467,8467.jpg,.jpg,960,960,True,1,960
8468,8468.jpg,.jpg,1080,1080,True,6,1080
8469,8469.jpg,.jpg,960,960,True,2,960
8470,8470.png,.png,640,640,False,0,640
8471,8471.jpg,.jpg,960,960,True,6,960
8472,8472.png,.png,640,640,False,0,640
8473,8473.jpg,.jpg,960,960,True,1,960
8474,8474.png,.png,640,640,True,2,640
8475,8475.jpg,.jpg,960,960,True,1,960
8476,8476.jpg,.jpg,1600,1600,True,2,1600
8477,8477.png,.png,640,640,True,1,640
8478,8478.jpg,.jpg,960,960,True,1,960
8479,8479.jpg,.jpg,960,960,True,3,960
8480,8480.jpg,.jpg,960,960,True,2,960
8481,8481.jpg,.jpg,960,960,True,9,960
8482,8482.jpg,.jpg,1600,1600,True,2,1600
8483,8483.jpg,.jpg,640,640,True,1,640
8484,8484.jpg,.jpg,960,960,False,0,960
8485,8485.jpg,.jpg,1600,1600,True,1,1600
8486,8486.jpg,.jpg,960,960,False,0,960
8487,8487.jpg,.jpg,960,960,False,0,960
8488,8488.jpg,.jpg,960,960,True,3,960
8489,8489.jpg,.jpg,960,960,True,2,960
8490,8490.png,.png,640,640,False,0,640
8491,8491.jpg,.jpg,960,960,True,3,960
8492,8492.jpg,.jpg,1600,1600,True,4,1600
8493,8493.jpg,.jpg,1080,1080,True,4,1080
8494,8494.jpg,.jpg,1600,1600,True,2,1600
8495,8495.jpg,.jpg,960,960,False,0,960
8496,8496.png,.png,640,640,False,0,640
8497,8497.png,.png,640,640,False,0,640
8498,8498.png,.png,640,640,True,6,640
8499,8499.png,.png,640,640,True,1,640
8500,8500.jpg,.jpg,960,960,True,3,960
8501,8501.jpg,.jpg,1600,1600,True,2,1600
8502,8502.jpg,.jpg,1600,1600,True,3,1600
8503,8503.jpg,.jpg,960,960,True,1,960
8504,8504.jpg,.jpg,1080,1080,True,1,1080
8505,8505.png,.png,640,640,False,0,640
8506,8506.jpg,.jpg,960,960,True,2,960
8507,8507.jpg,.jpg,960,960,True,1,960
8508,8508.jpg,.jpg,960,960,True,1,960
8509,8509.png,.png,640,640,False,0,640
8510,8510.jpg,.jpg,960,960,True,3,960
8511,8511.jpg,.jpg,1080,1080,False,0,1080
8512,8512.jpg,.jpg,960,960,True,4,960
8513,8513.png,.png,640,640,True,6,640
8514,8514.jpg,.jpg,960,960,False,0,960
8515,8515.png,.png,640,640,True,1,640
8516,8516.jpg,.jpg,960,960,False,0,960
8517,8517.png,.png,640,640,False,0,640
8518,8518.png,.png,640,640,True,1,640
8519,8519.jpg,.jpg,960,960,False,0,960
8520,8520.jpg,.jpg,960,960,False,0,960
8521,8521.jpg,.jpg,960,960,True,2,960
8522,8522.png,.png,640,640,False,0,640
8523,8523.jpg,.jpg,1080,1080,False,0,1080
8524,8524.jpg,.jpg,960,960,True,1,960
8525,8525.png,.png,640,640,False,0,640
8526,8526.jpg,.jpg,1080,1080,True,1,1080
8527,8527.png,.png,640,640,False,0,640
8528,8528.jpg,.jpg,1080,1080,True,1,1080
8529,8529.jpg,.jpg,640,640,False,0,640
8530,8530.jpg,.jpg,960,960,True,1,960
8531,8531.png,.png,640,640,False,0,640
8532,8532.png,.png,640,640,True,1,640
8533,8533.jpg,.jpg,1080,1080,True,4,1080
8534,8534.jpg,.jpg,960,960,True,1,960
8535,8535.jpg,.jpg,960,960,True,6,960
8536,8536.jpg,.jpg,1600,1600,True,2,1600
8537,8537.png,.png,640,640,False,0,640
8538,8538.jpg,.jpg,960,960,True,4,960
8539,8539.jpg,.jpg,960,960,True,1,960
8540,8540.jpg,.jpg,960,960,True,1,960
8541,8541.png,.png,640,640,False,0,640
8542,8542.jpg,.jpg,960,960,True,5,960
8543,8543.jpg,.jpg,960,960,False,0,960
8544,8544.jpg,.jpg,960,960,True,2,960
8545,8545.jpg,.jpg,960,960,True,3,960
8546,8546.jpg,.jpg,960,960,True,3,960
8547,8547.jpg,.jpg,720,720,True,1,720
8548,8548.jpg,.jpg,1600,1600,False,0,1600
8549,8549.jpg,.jpg,960,960,True,2,960
8550,8550.jpg,.jpg,960,960,False,0,960
8551,8551.jpg,.jpg,1600,1600,True,2,1600
8552,8552.jpg,.jpg,960,960,True,7,960
8553,8553.jpg,.jpg,960,960,False,0,960
8554,8554.jpg,.jpg,960,960,True,1,960
8555,8555.jpg,.jpg,960,960,True,6,960
8556,8556.jpg,.jpg,960,960,True,1,960
8557,8557.jpg,.jpg,960,960,False,0,960
8558,8558.jpg,.jpg,640,640,True,2,640
8559,8559.jpg,.jpg,960,960,True,1,960
8560,8560.jpg,.jpg,960,960,True,1,960
8561,8561.jpg,.jpg,1080,1080,True,2,1080
8562,8562.jpg,.jpg,1080,1080,True,3,1080
8563,8563.jpg,.jpg,960,960,True,2,960
8564,8564.png,.png,640,640,False,0,640
8565,8565.jpg,.jpg,960,960,True,1,960
8566,8566.jpg,.jpg,960,960,True,5,960
8567,8567.png,.png,640,640,True,1,640
8568,8568.jpg,.jpg,960,960,True,2,960
8569,8569.png,.png,640,640,True,1,640
8570,8570.jpg,.jpg,960,960,True,2,960
8571,8571.png,.png,640,640,False,0,640
8572,8572.png,.png,640,640,False,0,640
8573,8573.png,.png,640,640,True,2,640
8574,8574.jpg,.jpg,960,960,False,0,960
8575,8575.jpg,.jpg,960,960,True,3,960
8576,8576.jpg,.jpg,720,720,True,1,720
8577,8577.jpg,.jpg,960,960,False,0,960
8578,8578.jpg,.jpg,960,960,True,3,960
8579,8579.jpg,.jpg,960,960,True,3,960
8580,8580.jpg,.jpg,960,960,True,3,960
8581,8581.jpg,.jpg,960,960,True,2,960
8582,8582.jpg,.jpg,1600,1600,True,1,1600
8583,8583.png,.png,640,640,True,1,640
8584,8584.jpg,.jpg,960,960,False,0,960
8585,8585.jpg,.jpg,960,960,True,3,960
8586,8586.jpg,.jpg,960,960,True,6,960
8587,8587.jpg,.jpg,720,720,True,2,720
8588,8588.png,.png,640,640,False,0,640
8589,8589.jpg,.jpg,960,960,True,2,960
8590,8590.png,.png,640,640,False,0,640
8591,8591.png,.png,640,640,True,1,640
8592,8592.jpg,.jpg,960,960,True,2,960
8593,8593.jpg,.jpg,640,640,False,0,640
8594,8594.jpg,.jpg,960,960,True,4,960
8595,8595.jpg,.jpg,960,960,True,3,960
8596,8596.jpg,.jpg,960,960,True,3,960
8597,8597.png,.png,640,640,True,1,640
8598,8598.jpg,.jpg,720,720,True,2,720
8599,8599.jpg,.jpg,640,640,True,3,640
8600,8600.png,.png,640,640,True,2,640
8601,8601.jpg,.jpg,960,960,True,6,960
8602,8602.jpg,.jpg,960,960,False,0,960
8603,8603.png,.png,640,640,True,1,640
8604,8604.png,.png,640,640,False,0,640
8605,8605.jpg,.jpg,960,960,True,1,960
8606,8606.jpg,.jpg,960,960,True,3,960
8607,8607.jpg,.jpg,1600,1600,True,2,1600
8608,8608.png,.png,640,640,True,1,640
8609,8609.png,.png,640,640,False,0,640
8610,8610.jpg,.jpg,960,960,True,3,960
8611,8611.png,.png,640,640,False,0,640
8612,8612.png,.png,640,640,True,3,640
8613,8613.jpg,.jpg,960,960,True,4,960
8614,8614.jpg,.jpg,960,960,False,0,960
8615,8615.jpg,.jpg,1080,1080,True,1,1080
8616,8616.jpg,.jpg,640,640,True,1,640
8617,8617.png,.png,640,640,False,0,640
8618,8618.jpg,.jpg,960,960,True,4,960
8619,8619.jpg,.jpg,960,960,True,1,960
8620,8620.png,.png,640,640,False,0,640
8621,8621.jpg,.jpg,960,960,True,3,960
8622,8622.jpg,.jpg,960,960,True,2,960
8623,8623.jpg,.jpg,960,960,True,2,960
8624,8624.png,.png,640,640,False,0,640
8625,8625.jpg,.jpg,960,960,True,2,960
8626,8626.jpg,.jpg,960,960,True,4,960
8627,8627.png,.png,640,640,True,2,640
8628,8628.jpg,.jpg,960,960,True,1,960
8629,8629.png,.png,640,640,True,1,640
8630,8630.png,.png,640,640,True,2,640
8631,8631.jpg,.jpg,960,960,True,1,960
8632,8632.jpg,.jpg,1600,1600,True,3,1600
8633,8633.jpg,.jpg,960,960,True,2,960
8634,8634.png,.png,640,640,True,1,640
8635,8635.jpg,.jpg,960,960,True,1,960
8636,8636.jpg,.jpg,960,960,False,0,960
8637,8637.jpg,.jpg,960,960,True,1,960
8638,8638.jpg,.jpg,960,960,True,3,960
8639,8639.jpg,.jpg,1080,1080,True,1,1080
8640,8640.jpg,.jpg,960,960,True,4,960
8641,8641.jpg,.jpg,960,960,True,2,960
8642,8642.jpg,.jpg,1080,1080,False,0,1080
8643,8643.jpg,.jpg,1080,1080,True,2,1080
8644,8644.jpg,.jpg,960,960,True,10,960
8645,8645.jpg,.jpg,960,960,True,1,960
8646,8646.jpg,.jpg,1080,1080,True,1,1080
8647,8647.jpg,.jpg,960,960,False,0,960
8648,8648.jpg,.jpg,1600,1600,True,1,1600
8649,8649.jpg,.jpg,1080,1080,True,2,1080
8650,8650.jpg,.jpg,960,960,True,1,960
8651,8651.jpg,.jpg,960,960,True,2,960
8652,8652.jpg,.jpg,960,960,False,0,960
8653,8653.png,.png,640,640,False,0,640
8654,8654.png,.png,640,640,True,1,640
8655,8655.jpg,.jpg,1600,1600,True,6,1600
8656,8656.png,.png,640,640,True,2,640
8657,8657.jpg,.jpg,960,960,True,1,960
8658,8658.jpg,.jpg,1080,1080,True,2,1080
8659,8659.png,.png,640,640,True,2,640
8660,8660.jpg,.jpg,960,960,True,1,960
8661,8661.png,.png,640,640,True,2,640
8662,8662.jpg,.jpg,1600,1600,True,2,1600
8663,8663.jpg,.jpg,960,960,True,2,960
8664,8664.png,.png,640,640,True,1,640
8665,8665.jpg,.jpg,960,960,True,1,960
8666,8666.png,.png,640,640,True,7,640
8667,8667.png,.png,640,640,False,0,640
8668,8668.png,.png,640,640,False,0,640
8669,8669.jpg,.jpg,960,960,False,0,960
8670,8670.jpg,.jpg,960,960,True,6,960
8671,8671.png,.png,640,640,True,1,640
8672,8672.jpg,.jpg,960,960,True,3,960
8673,8673.jpg,.jpg,960,960,True,3,960
8674,8674.jpg,.jpg,1080,1080,True,6,1080
8675,8675.jpg,.jpg,960,960,True,1,960
8676,8676.jpg,.jpg,960,960,True,5,960
8677,8677.png,.png,640,640,True,2,640
8678,8678.png,.png,640,640,True,2,640
8679,8679.jpg,.jpg,1080,1080,True,2,1080
8680,8680.jpg,.jpg,1600,1600,False,0,1600
8681,8681.jpg,.jpg,640,640,True,4,640
8682,8682.jpg,.jpg,960,960,True,3,960
8683,8683.jpg,.jpg,960,960,True,1,960
8684,8684.jpg,.jpg,960,960,True,3,960
8685,8685.png,.png,640,640,True,3,640
8686,8686.jpg,.jpg,960,960,True,1,960
8687,8687.jpg,.jpg,960,960,True,1,960
8688,8688.jpg,.jpg,1080,1080,True,2,1080
8689,8689.jpg,.jpg,960,960,True,2,960
8690,8690.jpg,.jpg,960,960,True,3,960
8691,8691.png,.png,640,640,True,3,640
8692,8692.jpg,.jpg,1080,1080,True,3,1080
8693,8693.jpg,.jpg,960,960,True,2,960
8694,8694.jpg,.jpg,960,960,True,1,960
8695,8695.png,.png,640,640,False,0,640
8696,8696.jpg,.jpg,1080,1080,True,7,1080
8697,8697.jpg,.jpg,960,960,True,4,960
8698,8698.jpg,.jpg,960,960,True,1,960
8699,8699.jpg,.jpg,960,960,True,1,960
8700,8700.jpg,.jpg,960,960,True,8,960
8701,8701.jpg,.jpg,640,640,False,0,640
8702,8702.jpg,.jpg,960,960,True,4,960
8703,8703.jpg,.jpg,960,960,True,4,960
8704,8704.png,.png,640,640,True,1,640
8705,8705.jpg,.jpg,1600,1600,False,0,1600
8706,8706.jpg,.jpg,1600,1600,True,1,1600
8707,8707.jpg,.jpg,960,960,True,2,960
8708,8708.jpg,.jpg,960,960,True,1,960
8709,8709.png,.png,640,640,True,1,640
8710,8710.jpg,.jpg,960,960,True,3,960
8711,8711.jpg,.jpg,960,960,True,1,960
8712,8712.jpg,.jpg,960,960,True,1,960
8713,8713.jpg,.jpg,1080,1080,False,0,1080
8714,8714.jpg,.jpg,960,960,True,4,960
8715,8715.jpg,.jpg,960,960,True,3,960
8716,8716.jpg,.jpg,1600,1600,True,3,1600
8717,8717.png,.png,640,640,True,2,640
8718,8718.jpg,.jpg,960,960,True,4,960
8719,8719.jpg,.jpg,1080,1080,True,2,1080
8720,8720.jpg,.jpg,720,720,True,2,720
8721,8721.jpg,.jpg,960,960,True,4,960
8722,8722.jpg,.jpg,960,960,True,5,960
8723,8723.jpg,.jpg,960,960,True,3,960
8724,8724.jpg,.jpg,1080,1080,False,0,1080
8725,8725.jpg,.jpg,960,960,True,3,960
8726,8726.jpg,.jpg,960,960,True,2,960
8727,8727.jpg,.jpg,960,960,True,7,960
8728,8728.jpg,.jpg,960,960,True,5,960
8729,8729.jpg,.jpg,960,960,True,2,960
8730,8730.png,.png,640,640,True,2,640
8731,8731.jpg,.jpg,1080,1080,True,1,1080
8732,8732.jpg,.jpg,960,960,True,2,960
8733,8733.jpg,.jpg,1080,1080,True,2,1080
8734,8734.jpg,.jpg,1080,1080,True,1,1080
8735,8735.jpg,.jpg,960,960,True,1,960
8736,8736.jpg,.jpg,960,960,True,5,960
8737,8737.png,.png,640,640,False,0,640
8738,8738.png,.png,640,640,False,0,640
8739,8739.jpg,.jpg,640,640,False,0,640
8740,8740.png,.png,640,640,True,6,640
8741,8741.jpg,.jpg,1080,1080,False,0,1080
8742,8742.jpg,.jpg,960,960,True,3,960
8743,8743.jpg,.jpg,640,640,True,4,640
8744,8744.jpg,.jpg,960,960,True,5,960
8745,8745.jpg,.jpg,960,960,True,3,960
8746,8746.jpg,.jpg,1600,1600,True,1,1600
8747,8747.jpg,.jpg,960,960,True,1,960
8748,8748.jpg,.jpg,960,960,True,1,960
8749,8749.jpg,.jpg,640,640,True,1,640
8750,8750.jpg,.jpg,1600,1600,True,1,1600
8751,8751.jpg,.jpg,960,960,True,4,960
8752,8752.png,.png,640,640,False,0,640
8753,8753.png,.png,640,640,True,1,640
8754,8754.png,.png,640,640,True,1,640
8755,8755.jpg,.jpg,1600,1600,True,1,1600
8756,8756.jpg,.jpg,960,960,True,2,960
8757,8757.jpg,.jpg,640,640,False,0,640
8758,8758.png,.png,640,640,True,2,640
8759,8759.jpg,.jpg,960,960,True,5,960
8760,8760.jpg,.jpg,960,960,False,0,960
8761,8761.png,.png,640,640,True,2,640
8762,8762.png,.png,640,640,True,3,640
8763,8763.png,.png,640,640,True,1,640
8764,8764.jpg,.jpg,1080,1080,True,2,1080
8765,8765.jpg,.jpg,960,960,True,1,960
8766,8766.jpg,.jpg,960,960,True,1,960
8767,8767.jpg,.jpg,640,640,False,0,640
8768,8768.png,.png,640,640,True,1,640
8769,8769.jpg,.jpg,960,960,True,1,960
8770,8770.jpg,.jpg,960,960,True,2,960
8771,8771.jpg,.jpg,960,960,True,5,960
8772,8772.png,.png,640,640,True,2,640
8773,8773.jpg,.jpg,960,960,True,2,960
8774,8774.jpg,.jpg,960,960,True,1,960
8775,8775.jpg,.jpg,1080,1080,True,2,1080
8776,8776.jpg,.jpg,960,960,True,1,960
8777,8777.png,.png,640,640,True,1,640
8778,8778.jpg,.jpg,960,960,True,9,960
8779,8779.jpg,.jpg,960,960,True,5,960
8780,8780.jpg,.jpg,1080,1080,True,1,1080
8781,8781.jpg,.jpg,960,960,False,0,960
8782,8782.png,.png,640,640,True,1,640
8783,8783.jpg,.jpg,960,960,True,1,960
8784,8784.jpg,.jpg,960,960,True,2,960
8785,8785.png,.png,640,640,True,1,640
8786,8786.jpg,.jpg,960,960,False,0,960
8787,8787.jpg,.jpg,960,960,True,4,960
8788,8788.jpg,.jpg,960,960,True,1,960
8789,8789.png,.png,640,640,False,0,640
8790,8790.png,.png,640,640,True,1,640
8791,8791.jpg,.jpg,960,960,True,2,960
8792,8792.jpg,.jpg,960,960,True,1,960
8793,8793.jpg,.jpg,960,960,True,2,960
8794,8794.png,.png,640,640,True,1,640
8795,8795.jpg,.jpg,960,960,False,0,960
8796,8796.png,.png,640,640,False,0,640
8797,8797.jpg,.jpg,1080,1080,True,2,1080
8798,8798.jpg,.jpg,960,960,True,5,960
8799,8799.jpg,.jpg,960,960,True,1,960
8800,8800.jpg,.jpg,960,960,True,1,960
8801,8801.jpg,.jpg,960,960,True,2,960
8802,8802.jpg,.jpg,960,960,True,1,960
8803,8803.jpg,.jpg,960,960,True,3,960
8804,8804.jpg,.jpg,960,960,True,3,960
8805,8805.png,.png,640,640,False,0,640
8806,8806.jpg,.jpg,960,960,True,2,960
8807,8807.jpg,.jpg,640,640,True,1,640
8808,8808.jpg,.jpg,960,960,True,3,960
8809,8809.jpg,.jpg,960,960,True,5,960
8810,8810.jpg,.jpg,960,960,True,2,960
8811,8811.jpg,.jpg,960,960,True,5,960
8812,8812.jpg,.jpg,960,960,True,1,960
8813,8813.jpg,.jpg,1080,1080,False,0,1080
8814,8814.png,.png,640,640,False,0,640
8815,8815.jpg,.jpg,640,640,False,0,640
8816,8816.jpg,.jpg,1600,1600,True,2,1600
8817,8817.png,.png,640,640,True,1,640
8818,8818.jpg,.jpg,960,960,True,1,960
8819,8819.png,.png,640,640,True,2,640
8820,8820.jpg,.jpg,1080,1080,True,2,1080
8821,8821.jpg,.jpg,960,960,True,1,960
8822,8822.jpg,.jpg,960,960,True,6,960
8823,8823.jpg,.jpg,1600,1600,True,3,1600
8824,8824.jpg,.jpg,960,960,True,3,960
8825,8825.jpg,.jpg,960,960,False,0,960
8826,8826.png,.png,640,640,True,2,640
8827,8827.jpg,.jpg,960,960,True,3,960
8828,8828.png,.png,640,640,True,3,640
8829,8829.png,.png,640,640,False,0,640
8830,8830.jpg,.jpg,960,960,True,1,960
8831,8831.jpg,.jpg,960,960,True,8,960
8832,8832.jpg,.jpg,960,960,True,4,960
8833,8833.jpg,.jpg,960,960,True,2,960
8834,8834.jpg,.jpg,960,960,True,4,960
8835,8835.jpg,.jpg,720,720,True,1,720
8836,8836.jpg,.jpg,960,960,True,1,960
8837,8837.png,.png,640,640,True,1,640
8838,8838.png,.png,640,640,False,0,640
8839,8839.jpg,.jpg,1080,1080,True,3,1080
8840,8840.jpg,.jpg,720,720,True,2,720
8841,8841.jpg,.jpg,960,960,True,2,960
8842,8842.jpg,.jpg,960,960,True,2,960
8843,8843.jpg,.jpg,960,960,True,1,960
8844,8844.jpg,.jpg,960,960,True,2,960
8845,8845.png,.png,640,640,True,1,640
8846,8846.png,.png,640,640,True,4,640
8847,8847.jpg,.jpg,960,960,True,4,960
8848,8848.jpg,.jpg,1080,1080,False,0,1080
8849,8849.jpg,.jpg,960,960,True,2,960
8850,8850.png,.png,640,640,True,4,640
8851,8851.png,.png,640,640,False,0,640
8852,8852.jpg,.jpg,640,640,False,0,640
8853,8853.jpg,.jpg,1080,1080,True,2,1080
8854,8854.jpg,.jpg,960,960,True,2,960
8855,8855.jpg,.jpg,960,960,True,4,960
8856,8856.jpg,.jpg,1080,1080,True,2,1080
8857,8857.png,.png,640,640,True,1,640
8858,8858.jpg,.jpg,960,960,True,5,960
8859,8859.png,.png,640,640,True,1,640
8860,8860.jpg,.jpg,960,960,True,1,960
8861,8861.jpg,.jpg,960,960,False,0,960
8862,8862.jpg,.jpg,960,960,True,5,960
8863,8863.jpg,.jpg,960,960,True,7,960
8864,8864.jpg,.jpg,960,960,True,5,960
8865,8865.jpg,.jpg,960,960,True,3,960
8866,8866.jpg,.jpg,960,960,True,2,960
8867,8867.jpg,.jpg,640,640,True,1,640
8868,8868.jpg,.jpg,960,960,True,3,960
8869,8869.jpg,.jpg,960,960,True,1,960
8870,8870.png,.png,640,640,True,2,640
8871,8871.jpg,.jpg,960,960,True,8,960
8872,8872.jpg,.jpg,1080,1080,True,4,1080
8873,8873.png,.png,640,640,False,0,640
8874,8874.jpg,.jpg,960,960,True,1,960
8875,8875.jpg,.jpg,960,960,True,1,960
8876,8876.png,.png,640,640,True,1,640
8877,8877.jpg,.jpg,960,960,True,2,960
8878,8878.jpg,.jpg,1080,1080,True,1,1080
8879,8879.jpg,.jpg,960,960,True,2,960
8880,8880.jpg,.jpg,960,960,True,7,960
8881,8881.jpg,.jpg,960,960,True,3,960
8882,8882.png,.png,640,640,True,6,640
8883,8883.jpg,.jpg,1080,1080,True,1,1080
8884,8884.png,.png,640,640,True,4,640
8885,8885.jpg,.jpg,1600,1600,True,1,1600
8886,8886.jpg,.jpg,1080,1080,True,4,1080
8887,8887.jpg,.jpg,960,960,True,4,960
8888,8888.png,.png,640,640,True,2,640
8889,8889.jpg,.jpg,960,960,True,4,960
8890,8890.jpg,.jpg,720,720,True,2,720
8891,8891.jpg,.jpg,1600,1600,True,6,1600
8892,8892.jpg,.jpg,960,960,True,5,960
8893,8893.jpg,.jpg,960,960,True,2,960
8894,8894.jpg,.jpg,960,960,True,6,960
8895,8895.png,.png,640,640,True,2,640
8896,8896.jpg,.jpg,960,960,True,3,960
8897,8897.jpg,.jpg,960,960,True,2,960
8898,8898.jpg,.jpg,640,640,False,0,640
8899,8899.png,.png,640,640,True,2,640
8900,8900.jpg,.jpg,960,960,True,9,960
8901,8901.jpg,.jpg,960,960,True,4,960
8902,8902.jpg,.jpg,1600,1600,True,4,1600
8903,8903.jpg,.jpg,640,640,True,1,640
8904,8904.jpg,.jpg,960,960,True,3,960
8905,8905.jpg,.jpg,1080,1080,True,3,1080
8906,8906.png,.png,640,640,True,1,640
8907,8907.jpg,.jpg,960,960,True,1,960
8908,8908.png,.png,640,640,True,1,640
8909,8909.jpg,.jpg,960,960,True,1,960
8910,8910.jpg,.jpg,960,960,True,1,960
8911,8911.jpg,.jpg,960,960,True,4,960
8912,8912.jpg,.jpg,640,640,True,4,640
8913,8913.jpg,.jpg,960,960,True,6,960
8914,8914.jpg,.jpg,960,960,True,2,960
8915,8915.jpg,.jpg,960,960,True,4,960
8916,8916.jpg,.jpg,960,960,True,5,960
8917,8917.jpg,.jpg,960,960,True,3,960
8918,8918.png,.png,640,640,True,5,640
8919,8919.jpg,.jpg,1080,1080,True,2,1080
8920,8920.jpg,.jpg,960,960,True,4,960
8921,8921.jpg,.jpg,960,960,True,2,960
8922,8922.jpg,.jpg,1600,1600,True,3,1600
8923,8923.jpg,.jpg,1080,1080,True,1,1080
8924,8924.jpg,.jpg,960,960,True,2,960
8925,8925.jpg,.jpg,1080,1080,True,4,1080
8926,8926.jpg,.jpg,1600,1600,True,3,1600
8927,8927.jpg,.jpg,960,960,True,2,960
8928,8928.png,.png,640,640,True,1,640
8929,8929.png,.png,640,640,True,4,640
8930,8930.jpg,.jpg,960,960,True,9,960
8931,8931.jpg,.jpg,960,960,True,2,960
8932,8932.jpg,.jpg,960,960,True,1,960
8933,8933.png,.png,640,640,True,6,640
8934,8934.jpg,.jpg,960,960,True,1,960
8935,8935.jpg,.jpg,960,960,True,3,960
8936,8936.jpg,.jpg,960,960,True,1,960
8937,8937.jpg,.jpg,1080,1080,True,1,1080
8938,8938.png,.png,640,640,True,4,640
8939,8939.jpg,.jpg,960,960,True,4,960
8940,8940.jpg,.jpg,960,960,True,2,960
8941,8941.jpg,.jpg,960,960,True,3,960
8942,8942.jpg,.jpg,960,960,True,4,960
8943,8943.jpg,.jpg,960,960,True,2,960
8944,8944.jpg,.jpg,960,960,True,4,960
8945,8945.jpg,.jpg,640,640,True,5,640
8946,8946.png,.png,640,640,True,3,640
8947,8947.jpg,.jpg,960,960,True,5,960
8948,8948.jpg,.jpg,960,960,True,2,960
8949,8949.jpg,.jpg,960,960,True,2,960
8950,8950.jpg,.jpg,960,960,True,5,960
8951,8951.jpg,.jpg,960,960,True,2,960
8952,8952.jpg,.jpg,960,960,True,3,960
8953,8953.png,.png,640,640,True,1,640
8954,8954.png,.png,640,640,False,0,640
8955,8955.jpg,.jpg,1600,1600,True,3,1600
8956,8956.png,.png,640,640,True,1,640
8957,8957.jpg,.jpg,960,960,False,0,960
8958,8958.jpg,.jpg,1600,1600,True,2,1600
8959,8959.jpg,.jpg,960,960,True,1,960
8960,8960.jpg,.jpg,640,640,True,2,640
8961,8961.png,.png,640,640,True,2,640
8962,8962.jpg,.jpg,960,960,True,1,960
8963,8963.jpg,.jpg,960,960,True,2,960
8964,8964.jpg,.jpg,960,960,True,6,960
8965,8965.jpg,.jpg,1600,1600,True,2,1600
8966,8966.jpg,.jpg,960,960,True,4,960
8967,8967.jpg,.jpg,960,960,True,2,960
8968,8968.png,.png,640,640,True,5,640
8969,8969.png,.png,640,640,True,1,640
8970,8970.jpg,.jpg,960,960,True,2,960
8971,8971.png,.png,640,640,True,3,640
8972,8972.jpg,.jpg,720,720,False,0,720
8973,8973.jpg,.jpg,960,960,True,1,960
8974,8974.jpg,.jpg,960,960,True,2,960
8975,8975.jpg,.jpg,640,640,True,1,640
8976,8976.png,.png,640,640,True,2,640
8977,8977.jpg,.jpg,960,960,True,1,960
8978,8978.jpg,.jpg,1600,1600,True,2,1600
8979,8979.png,.png,640,640,True,1,640
8980,8980.jpg,.jpg,640,640,True,5,640
8981,8981.jpg,.jpg,1600,1600,True,3,1600
8982,8982.jpg,.jpg,960,960,True,1,960
8983,8983.jpg,.jpg,1080,1080,True,6,1080
8984,8984.jpg,.jpg,1080,1080,True,4,1080
8985,8985.png,.png,640,640,True,2,640
8986,8986.png,.png,640,640,True,1,640
8987,8987.jpg,.jpg,960,960,True,4,960
8988,8988.jpg,.jpg,960,960,False,0,960
8989,8989.jpg,.jpg,960,960,True,5,960
8990,8990.jpg,.jpg,960,960,True,5,960
8991,8991.jpg,.jpg,640,640,True,2,640
8992,8992.jpg,.jpg,960,960,False,0,960
8993,8993.jpg,.jpg,1600,1600,True,3,1600
8994,8994.png,.png,640,640,True,1,640
8995,8995.jpg,.jpg,960,960,True,1,960
8996,8996.jpg,.jpg,960,960,True,5,960
8997,8997.jpg,.jpg,960,960,True,3,960
8998,8998.jpg,.jpg,960,960,True,3,960
8999,8999.png,.png,640,640,True,2,640
9000,9000.jpg,.jpg,960,960,True,4,960
9001,9001.jpg,.jpg,1080,1080,True,4,1080
9002,9002.jpg,.jpg,960,960,True,1,960
9003,9003.jpg,.jpg,960,960,True,5,960
9004,9004.jpg,.jpg,640,640,True,2,640
9005,9005.jpg,.jpg,960,960,True,7,960
9006,9006.png,.png,640,640,True,1,640
9007,9007.jpg,.jpg,960,960,True,1,960
9008,9008.jpg,.jpg,1080,1080,True,2,1080
9009,9009.png,.png,640,640,True,1,640
9010,9010.png,.png,640,640,True,1,640
9011,9011.jpg,.jpg,960,960,True,1,960
9012,9012.jpg,.jpg,640,640,True,1,640
9013,9013.png,.png,640,640,True,2,640
9014,9014.jpg,.jpg,960,960,True,3,960
9015,9015.jpg,.jpg,960,960,True,1,960
9016,9016.jpg,.jpg,960,960,True,3,960
9017,9017.png,.png,640,640,True,1,640
9018,9018.png,.png,640,640,True,4,640
9019,9019.jpg,.jpg,1600,1600,False,0,1600
9020,9020.jpg,.jpg,960,960,True,3,960
9021,9021.png,.png,640,640,True,2,640
9022,9022.jpg,.jpg,960,960,True,1,960
9023,9023.jpg,.jpg,960,960,True,7,960
9024,9024.jpg,.jpg,960,960,True,5,960
9025,9025.jpg,.jpg,960,960,True,4,960
9026,9026.jpg,.jpg,1080,1080,True,2,1080
9027,9027.jpg,.jpg,960,960,True,11,960
9028,9028.png,.png,640,640,True,2,640
9029,9029.jpg,.jpg,960,960,True,1,960
9030,9030.jpg,.jpg,960,960,True,2,960
9031,9031.jpg,.jpg,960,960,True,3,960
9032,9032.jpg,.jpg,1600,1600,True,5,1600
9033,9033.png,.png,640,640,True,6,640
9034,9034.jpg,.jpg,1600,1600,True,4,1600
9035,9035.png,.png,640,640,True,2,640
9036,9036.jpg,.jpg,1080,1080,True,5,1080
9037,9037.png,.png,640,640,True,5,640
9038,9038.jpg,.jpg,960,960,True,3,960
9039,9039.jpg,.jpg,960,960,True,2,960
9040,9040.png,.png,640,640,True,4,640
9041,9041.png,.png,640,640,True,1,640
9042,9042.jpg,.jpg,1600,1600,True,3,1600
9043,9043.jpg,.jpg,960,960,True,3,960
9044,9044.jpg,.jpg,960,960,True,3,960
9045,9045.jpg,.jpg,640,640,True,2,640
9046,9046.jpg,.jpg,960,960,True,2,960
9047,9047.jpg,.jpg,640,640,True,2,640
9048,9048.jpg,.jpg,960,960,True,2,960
