id,group,group_size,core_group,res,labeled
1,0,104,0,960,True
2,1,24,1,960,True
3,397,67,2,640,True
4,41,218,3,960,True
5,2,3,4,960,True
6,3,8,5,960,True
7,4,2,6,640,True
8,5,43,7,960,True
9,6,2,8,960,True
10,475,20,9,960,True
11,7,1,10,960,True
12,41,218,11,960,True
13,8,4,12,960,True
14,9,19,13,640,True
15,10,11,14,960,True
16,11,30,15,960,True
17,12,34,16,960,True
18,13,4,17,960,True
19,14,3,18,960,True
20,15,4,19,960,True
21,16,4,20,960,True
22,17,1,21,640,True
23,18,6,22,960,True
24,19,1,23,960,True
25,41,218,11,960,True
26,20,1,24,640,True
27,21,18,25,960,True
28,144,49,26,960,True
29,12,34,16,960,True
30,22,3,27,960,True
31,23,3,28,640,True
32,24,246,29,960,True
33,25,16,30,960,True
34,106,78,31,960,True
35,24,246,32,960,True
36,26,1,33,960,True
37,27,25,34,960,True
38,28,50,35,960,True
39,29,2,36,960,True
40,30,1,37,960,True
41,63,30,38,960,True
42,320,15,39,640,True
43,505,5,40,960,True
44,31,35,41,960,True
45,41,218,11,960,True
46,73,55,42,640,True
47,391,22,43,960,True
48,96,57,44,960,True
49,11,30,15,960,True
50,5,43,7,960,True
51,32,6,45,640,True
52,33,7,46,960,True
53,106,78,31,960,True
54,9,19,13,640,True
55,60,71,47,960,True
56,41,218,48,960,True
57,0,104,0,960,True
58,41,218,11,960,True
59,34,3,49,960,True
60,57,22,50,960,True
61,35,12,51,960,True
62,36,9,52,960,True
63,37,2,53,960,True
64,397,67,54,640,True
65,38,2,55,960,True
66,39,6,56,640,False
67,51,30,57,960,True
68,41,218,3,960,True
69,10,11,14,960,True
70,397,67,2,640,True
71,41,218,11,960,True
72,165,19,58,960,True
73,40,2,59,960,True
74,10,11,14,960,True
75,41,218,60,960,True
76,42,26,61,960,True
77,43,20,62,960,True
78,44,1,63,960,True
79,45,20,64,960,True
80,24,246,65,960,True
81,46,37,66,960,True
82,47,3,67,960,True
83,24,246,68,960,True
84,48,3,69,960,True
85,0,104,0,960,True
86,49,10,70,960,True
87,11,30,15,960,True
88,0,104,0,960,True
89,50,4,71,640,True
90,51,30,72,960,True
91,35,12,51,960,True
92,52,6,73,960,True
93,53,1,74,640,True
94,54,3,75,640,True
95,9,19,13,640,True
96,55,1,76,960,True
97,31,35,77,960,True
98,147,78,78,960,True
99,165,19,58,960,True
100,56,8,79,960,True
101,57,22,80,960,True
102,58,1,81,960,True
103,183,24,82,960,True
104,59,2,83,640,True
105,175,5,84,960,True
106,42,26,85,960,True
107,60,71,86,960,True
108,61,4,87,640,True
109,62,41,88,960,True
110,305,33,89,960,True
111,49,10,70,960,True
112,11,30,15,960,True
113,63,30,90,960,True
114,64,25,91,960,True
115,41,218,92,960,True
116,24,246,68,960,True
117,65,8,93,960,True
118,66,6,94,960,True
119,0,104,0,960,True
120,67,4,95,960,True
121,41,218,60,960,True
122,24,246,96,960,True
123,144,49,26,960,True
124,5,43,7,960,True
125,68,1,97,640,True
126,0,104,0,960,True
127,69,7,98,960,True
128,70,1,99,960,True
129,459,6,100,960,True
130,71,8,101,960,True
131,72,1,102,640,False
132,73,55,103,640,True
133,74,21,104,960,True
134,75,2,105,960,True
135,106,78,106,960,True
136,45,20,107,960,True
137,24,246,108,960,True
138,76,4,109,960,True
139,6,2,8,960,True
140,12,34,16,960,True
141,8,4,12,960,True
142,77,1,110,640,True
143,0,104,0,960,True
144,78,6,111,960,True
145,79,3,112,960,True
146,33,7,46,960,True
147,144,49,26,960,True
148,80,2,113,960,True
149,24,246,114,960,True
150,81,2,115,960,False
151,12,34,16,960,True
152,74,21,104,960,True
153,60,71,47,960,True
154,73,55,42,640,True
155,12,34,16,960,True
156,82,2,116,960,True
157,83,2,117,960,True
158,84,2,118,960,True
159,85,3,119,960,True
160,86,1,120,640,True
161,88,11,121,960,True
162,41,218,48,960,True
163,320,15,39,640,True
164,41,218,11,960,True
165,171,24,122,960,True
166,144,49,26,960,True
167,87,8,123,960,True
168,88,11,124,960,True
169,89,45,125,960,True
170,60,71,47,960,True
171,90,8,126,960,True
172,391,22,43,960,True
173,16,4,20,960,True
174,91,6,127,960,True
175,24,246,128,960,True
176,24,246,68,960,True
177,0,104,0,960,True
178,177,33,129,960,True
179,92,3,130,960,False
180,41,218,11,960,True
181,28,50,35,960,True
182,24,246,114,960,True
183,93,4,131,640,True
184,94,8,132,960,True
185,41,218,3,960,True
186,95,1,133,960,True
187,96,57,134,960,True
188,24,246,68,960,True
189,97,27,135,960,True
190,31,35,77,960,True
191,397,67,2,640,True
192,97,27,136,960,True
193,98,7,137,960,True
194,99,5,138,960,True
195,100,2,139,960,True
196,64,25,91,960,True
197,63,30,90,960,True
198,60,71,47,960,True
199,101,2,140,640,True
200,24,246,141,960,True
201,102,2,142,640,True
202,43,20,62,960,True
203,103,31,143,960,True
204,104,2,144,960,True
205,105,15,145,960,True
206,41,218,60,960,True
207,91,6,127,960,True
208,0,104,0,960,True
209,31,35,77,960,True
210,106,78,146,960,True
211,27,25,34,960,True
212,107,9,147,960,True
213,108,1,148,640,True
214,109,1,149,960,True
215,110,2,150,960,True
216,111,5,151,960,True
217,112,2,152,960,True
218,113,2,153,640,True
219,106,78,31,960,True
220,0,104,0,960,True
221,1,24,154,960,True
222,0,104,0,960,True
223,320,15,39,640,True
224,114,19,155,960,True
225,147,78,156,960,True
226,60,71,47,960,True
227,115,1,157,640,True
228,116,5,158,960,True
229,60,71,159,960,True
230,5,43,7,960,True
231,73,55,103,640,True
232,147,78,78,960,True
233,117,3,160,960,True
234,94,8,132,960,True
235,145,18,161,960,True
236,118,2,162,640,True
237,206,15,163,960,True
238,119,7,164,640,True
239,120,1,165,960,True
240,105,15,145,960,True
241,428,4,166,960,True
242,206,15,163,960,True
243,71,8,101,960,True
244,147,78,167,960,True
245,41,218,60,960,True
246,121,1,168,960,True
247,0,104,0,960,True
248,122,7,169,960,True
249,41,218,11,960,True
250,25,16,30,960,True
251,73,55,42,640,True
252,183,24,82,960,True
253,123,2,170,640,True
254,73,55,171,640,True
255,73,55,42,640,True
256,106,78,31,960,True
257,124,1,172,640,True
258,125,6,173,960,True
259,24,246,108,960,True
260,12,34,16,960,True
261,60,71,47,960,True
262,126,18,174,960,True
263,64,25,91,960,True
264,119,7,164,640,True
265,127,3,175,640,True
266,24,246,176,960,True
267,60,71,159,960,True
268,106,78,31,960,True
269,144,49,26,960,True
270,21,18,25,960,True
271,24,246,68,960,True
272,12,34,16,960,True
273,128,5,177,960,True
274,147,78,178,960,True
275,24,246,68,960,True
276,272,83,179,960,True
277,129,14,180,960,True
278,49,10,70,960,True
279,130,2,181,960,True
280,24,246,114,960,True
281,96,57,134,960,True
282,131,5,182,960,True
283,132,6,183,960,True
284,60,71,159,960,True
285,133,8,184,960,True
286,134,4,185,960,True
287,5,43,186,960,True
288,31,35,77,960,True
289,91,6,127,960,True
290,135,20,187,960,True
291,136,2,188,640,True
292,137,4,189,960,True
293,397,67,54,640,True
294,69,7,98,960,True
295,96,57,134,960,True
296,138,1,190,640,True
297,166,13,191,960,True
298,139,18,192,960,True
299,25,16,30,960,True
300,140,4,193,960,True
301,141,1,194,640,True
302,73,55,42,640,True
303,31,35,77,960,True
304,177,33,129,960,True
305,24,246,68,960,True
306,42,26,85,960,True
307,142,12,195,960,True
308,397,67,196,640,True
309,143,2,197,960,True
310,272,83,179,960,True
311,144,49,198,960,True
312,135,20,199,960,True
313,71,8,101,960,True
314,145,18,200,960,True
315,24,246,201,960,True
316,146,1,202,960,True
317,147,78,203,960,True
318,16,4,20,960,True
319,24,246,114,960,True
320,148,2,204,640,True
321,149,2,205,960,True
322,73,55,206,640,True
323,150,1,207,640,True
324,151,1,208,960,True
325,74,21,104,960,True
326,305,33,209,640,True
327,152,8,210,960,True
328,153,3,211,960,True
329,154,3,212,640,True
330,32,6,213,640,True
331,5,43,7,960,True
332,155,2,214,960,True
333,24,246,68,960,True
334,24,246,68,960,True
335,156,1,215,960,True
336,46,37,66,960,True
337,24,246,216,960,True
338,0,104,0,960,True
339,60,71,47,960,True
340,157,1,217,960,True
341,397,67,2,640,True
342,158,5,218,640,True
343,25,16,30,960,True
344,159,17,219,960,True
345,73,55,42,640,True
346,305,33,89,960,True
347,41,218,220,960,True
348,41,218,48,960,True
349,0,104,0,960,True
350,0,104,0,960,True
351,160,4,221,960,True
352,41,218,220,960,True
353,161,3,222,960,True
354,103,31,143,960,True
355,162,10,223,960,True
356,163,1,224,960,True
357,45,20,107,960,True
358,106,78,225,960,True
359,62,41,88,960,True
360,379,12,226,640,True
361,206,15,227,960,True
362,164,4,228,960,True
363,5,43,7,960,True
364,127,3,175,640,True
365,135,20,187,960,True
366,96,57,229,960,True
367,96,57,230,960,True
368,32,6,213,640,True
369,165,19,231,960,True
370,139,18,192,960,True
371,119,7,164,640,True
372,166,13,232,960,True
373,24,246,233,960,True
374,144,49,26,960,True
375,96,57,234,960,True
376,87,8,123,960,True
377,167,3,235,960,True
378,305,33,209,640,True
379,24,246,236,960,True
380,87,8,123,960,True
381,168,11,237,960,True
382,24,246,233,960,True
383,41,218,11,960,True
384,39,6,56,640,True
385,73,55,42,640,True
386,0,104,0,960,True
387,41,218,238,960,True
388,56,8,79,960,True
389,169,1,239,960,True
390,170,2,240,960,True
391,24,246,241,960,True
392,171,24,242,960,True
393,172,5,243,960,True
394,28,50,35,960,True
395,106,78,31,960,True
396,96,57,244,960,True
397,173,3,245,640,True
398,64,25,91,960,True
399,174,3,246,960,True
400,73,55,42,640,True
401,5,43,7,960,True
402,175,5,247,960,True
403,28,50,35,960,False
404,176,5,248,960,True
405,89,45,125,960,True
406,144,49,26,960,True
407,57,22,50,960,True
408,12,34,16,960,False
409,144,49,26,960,True
410,41,218,48,960,True
411,147,78,78,960,False
412,5,43,7,960,True
413,177,33,249,960,True
414,24,246,250,960,True
415,134,4,185,960,True
416,178,1,251,960,True
417,179,3,252,960,True
418,180,2,253,640,True
419,272,83,179,960,True
420,181,5,254,960,True
421,24,246,68,960,True
422,182,2,255,960,True
423,45,20,107,960,False
424,183,24,256,960,True
425,183,24,257,960,True
426,184,1,258,960,True
427,185,1,259,640,True
428,36,9,52,960,True
429,144,49,198,960,True
430,28,50,35,960,True
431,126,18,174,960,True
432,186,10,260,960,False
433,52,6,73,960,False
434,62,41,88,960,True
435,24,246,29,960,True
436,160,4,221,960,False
437,545,25,261,960,False
438,187,1,262,960,False
439,63,30,38,960,True
440,96,57,230,960,True
441,11,30,15,960,False
442,103,31,143,960,True
443,107,9,147,960,False
444,188,2,263,640,False
445,189,2,264,960,False
446,107,9,147,960,False
447,190,1,265,960,False
448,191,1,266,960,False
449,1,24,1,960,False
450,391,22,43,960,True
451,88,11,121,960,True
452,45,20,107,960,False
453,45,20,107,960,True
454,89,45,125,960,True
455,192,1,267,640,True
456,135,20,199,960,True
457,42,26,85,960,True
458,193,6,268,960,False
459,28,50,35,960,True
460,194,4,269,960,True
461,195,2,270,960,True
462,96,57,271,960,False
463,106,78,31,960,True
464,103,31,143,960,True
465,41,218,60,960,True
466,152,8,210,960,True
467,63,30,90,960,True
468,196,4,272,640,True
469,147,78,273,960,False
470,197,2,274,640,True
471,89,45,125,960,True
472,198,1,275,960,True
473,199,1,276,640,False
474,96,57,134,960,True
475,200,2,277,960,False
476,0,104,0,960,True
477,201,2,278,960,True
478,202,1,279,640,True
479,78,6,111,960,True
480,475,20,280,960,True
481,203,7,281,640,True
482,0,104,0,960,True
483,1,24,154,960,True
484,27,25,34,960,True
485,204,1,282,960,False
486,96,57,134,960,False
487,71,8,101,960,True
488,91,6,127,960,True
489,320,15,39,640,False
490,205,8,283,640,False
491,24,246,284,960,True
492,145,18,285,960,True
493,89,45,125,960,True
494,397,67,2,640,True
495,545,25,261,960,False
496,272,83,179,960,True
497,545,25,261,960,False
498,41,218,60,960,True
499,89,45,125,960,True
500,41,218,48,960,False
501,137,4,189,960,True
502,153,3,211,960,False
503,28,50,35,960,True
504,41,218,11,960,False
505,206,15,286,960,True
506,74,21,104,960,True
507,370,4,287,960,False
508,207,5,288,960,False
509,21,18,25,960,False
510,177,33,289,960,True
511,208,2,290,640,False
512,63,30,38,960,True
513,36,9,52,960,True
514,41,218,3,960,True
515,41,218,48,960,True
516,11,30,15,960,True
517,41,218,48,960,True
518,62,41,88,960,True
519,137,4,189,960,True
520,5,43,186,960,True
521,209,12,291,960,True
522,24,246,233,960,True
523,210,2,292,640,False
524,52,6,73,960,True
525,211,4,293,960,True
526,64,25,91,960,True
527,212,2,294,960,True
528,96,57,229,960,True
529,397,67,295,640,False
530,89,45,125,960,True
531,213,6,296,960,False
532,89,45,125,960,True
533,89,45,125,960,True
534,28,50,35,960,True
535,24,246,29,960,True
536,172,5,243,960,False
537,98,7,137,960,False
538,147,78,78,960,True
539,214,2,297,960,True
540,45,20,107,960,False
541,41,218,48,960,True
542,21,18,25,960,True
543,147,78,78,960,True
544,215,1,298,640,True
545,216,4,299,960,False
546,24,246,114,960,True
547,158,5,218,640,False
548,217,2,300,960,True
549,24,246,301,960,True
550,272,83,179,960,True
551,218,1,302,640,False
552,219,2,303,960,True
553,24,246,176,960,True
554,24,246,304,960,True
555,46,37,66,960,True
556,21,18,25,960,False
557,106,78,305,960,True
558,105,15,145,960,True
559,220,4,306,960,True
560,147,78,203,960,False
561,221,6,307,960,False
562,1,24,1,960,False
563,39,6,56,640,False
564,41,218,238,960,True
565,222,4,308,960,True
566,139,18,192,960,True
567,31,35,41,960,False
568,24,246,309,960,False
569,63,30,90,960,True
570,41,218,60,960,True
571,0,104,0,960,True
572,73,55,310,640,False
573,24,246,108,960,True
574,223,1,311,640,True
575,46,37,66,960,True
576,397,67,2,640,True
577,28,50,35,960,False
578,89,45,125,960,True
579,24,246,312,960,True
580,224,12,313,960,True
581,24,246,108,960,True
582,125,6,173,960,True
583,183,24,256,960,True
584,225,2,314,960,True
585,3,8,5,960,True
586,21,18,25,960,True
587,226,3,315,960,False
588,733,248,316,640,False
589,24,246,114,960,True
590,205,8,317,640,True
591,60,71,47,960,True
592,227,1,318,960,True
593,135,20,199,960,True
594,41,218,11,960,True
595,60,71,47,960,False
596,228,1,319,640,True
597,41,218,11,960,True
598,25,16,30,960,False
599,106,78,320,960,True
600,96,57,134,960,False
601,329,12,321,960,True
602,229,2,322,960,False
603,230,2,323,640,True
604,162,10,324,960,True
605,231,1,325,960,True
606,60,71,47,960,True
607,82,2,116,960,True
608,24,246,326,960,True
609,28,50,35,960,True
610,305,33,209,640,True
611,139,18,192,960,True
612,67,4,95,960,True
613,232,2,327,960,True
614,233,2,328,960,True
615,144,49,26,960,True
616,5,43,7,960,True
617,39,6,56,640,False
618,1,24,329,960,False
619,171,24,330,960,True
620,144,49,26,960,True
621,24,246,331,960,True
622,135,20,187,960,True
623,126,18,174,960,True
624,73,55,42,640,True
625,63,30,90,960,True
626,96,57,134,960,False
627,126,18,174,960,True
628,234,3,332,960,True
629,1,24,1,960,True
630,235,5,333,640,False
631,236,4,334,960,False
632,142,12,335,960,True
633,147,78,167,960,True
634,397,67,54,640,True
635,475,20,336,960,True
636,272,83,179,960,True
637,0,104,0,960,True
638,41,218,11,960,True
639,64,25,91,960,True
640,237,1,337,960,False
641,238,1,338,640,True
642,41,218,48,960,True
643,106,78,31,960,True
644,475,20,9,960,True
645,106,78,320,960,True
646,64,25,91,960,True
647,24,246,68,960,True
648,239,3,339,960,True
649,240,8,340,960,True
650,64,25,91,960,False
651,272,83,179,960,True
652,62,41,88,960,True
653,241,1,341,960,True
654,205,8,342,640,True
655,52,6,73,960,True
656,242,1,343,960,False
657,209,12,291,960,True
658,24,246,233,960,True
659,24,246,233,960,True
660,0,104,0,960,True
661,12,34,16,960,True
662,28,50,35,960,True
663,240,8,340,960,True
664,135,20,199,960,True
665,129,14,180,960,True
666,88,11,121,960,True
667,243,3,344,640,False
668,244,4,345,960,True
669,245,2,346,640,True
670,162,10,223,960,True
671,168,11,347,960,True
672,42,26,85,960,True
673,60,71,159,960,True
674,1,24,348,960,True
675,96,57,134,960,False
676,51,30,349,960,True
677,193,6,268,960,False
678,51,30,350,960,False
679,186,10,260,960,True
680,31,35,77,960,True
681,50,4,71,640,True
682,41,218,220,960,True
683,96,57,134,960,True
684,1,24,348,960,True
685,27,25,34,960,True
686,43,20,62,960,True
687,159,17,219,960,False
688,397,67,351,640,False
689,246,1,352,960,True
690,475,20,336,960,True
691,5,43,7,960,True
692,11,30,353,960,True
693,247,3,354,960,False
694,272,83,179,960,True
695,41,218,60,960,True
696,160,4,221,960,True
697,248,2,355,960,True
698,135,20,356,960,True
699,106,78,357,960,True
700,211,4,293,960,True
701,475,20,336,960,True
702,249,5,358,960,False
703,250,6,359,960,True
704,144,49,26,960,True
705,96,57,234,960,True
706,122,7,169,960,True
707,251,7,360,960,True
708,252,2,361,640,False
709,41,218,11,960,True
710,272,83,362,960,True
711,46,37,66,960,True
712,73,55,42,640,True
713,89,45,125,960,True
714,272,83,179,960,True
715,87,8,123,960,True
716,24,246,363,960,True
717,253,7,364,960,True
718,397,67,351,640,False
719,63,30,90,960,True
720,206,15,163,960,False
721,41,218,60,960,True
722,41,218,48,960,True
723,24,246,233,960,True
724,254,1,365,960,True
725,96,57,134,960,False
726,397,67,54,640,True
727,69,7,98,960,True
728,320,15,39,640,True
729,73,55,42,640,True
730,61,4,87,640,True
731,24,246,309,960,True
732,545,25,366,960,True
733,28,50,35,960,True
734,255,3,367,960,True
735,106,78,31,960,True
736,244,4,345,960,True
737,256,2,368,640,True
738,257,2,369,640,False
739,103,31,143,960,True
740,258,2,370,960,False
741,259,4,371,960,False
742,31,35,77,960,True
743,272,83,179,960,True
744,305,33,209,640,False
745,177,33,129,960,True
746,224,12,313,960,True
747,135,20,199,960,True
748,260,1,372,960,True
749,54,3,75,640,True
750,165,19,58,960,True
751,261,1,373,640,False
752,262,1,374,640,True
753,9,19,13,640,True
754,183,24,82,960,True
755,97,27,375,640,False
756,263,1,376,960,True
757,249,5,358,960,True
758,264,1,377,960,False
759,265,4,378,960,True
760,545,25,366,960,True
761,133,8,184,960,False
762,329,12,321,960,True
763,105,15,145,960,True
764,266,1,379,640,True
765,114,19,380,960,True
766,173,3,245,640,True
767,41,218,11,960,True
768,0,104,0,960,True
769,114,19,380,960,True
770,106,78,31,960,True
771,41,218,11,960,True
772,73,55,103,640,True
773,145,18,381,960,True
774,267,10,382,960,True
775,5,43,7,960,True
776,268,1,383,960,True
777,733,248,384,640,True
778,0,104,0,960,True
779,24,246,385,960,True
780,142,12,195,960,True
781,14,3,18,960,False
782,269,6,386,960,False
783,129,14,180,960,True
784,46,37,66,960,True
785,270,4,387,960,True
786,177,33,129,960,True
787,24,246,68,960,True
788,60,71,86,960,False
789,41,218,11,960,True
790,126,18,174,960,True
791,271,3,388,960,True
792,41,218,92,960,True
793,79,3,112,960,False
794,60,71,47,960,True
795,62,41,88,960,True
796,90,8,126,960,True
797,5,43,186,960,True
798,97,27,135,960,True
799,272,83,389,960,True
800,43,20,62,960,True
801,221,6,307,960,False
802,122,7,169,960,True
803,73,55,42,640,True
804,62,41,88,960,True
805,24,246,68,960,True
806,273,1,390,960,True
807,177,33,129,960,True
808,24,246,391,960,True
809,139,18,192,960,True
810,545,25,392,960,True
811,24,246,393,960,True
812,272,83,179,960,True
813,11,30,15,960,True
814,274,1,394,960,True
815,105,15,145,960,True
816,275,1,395,640,False
817,276,1,396,640,False
818,41,218,11,960,True
819,277,3,397,640,True
820,171,24,242,960,True
821,278,7,398,960,True
822,78,6,111,960,True
823,279,3,399,960,True
824,144,49,26,960,True
825,114,19,155,960,True
826,103,31,143,960,True
827,214,2,297,960,True
828,305,33,209,640,False
829,280,5,400,960,True
830,147,78,78,960,True
831,475,20,9,960,True
832,144,49,26,960,True
833,281,1,401,960,True
834,159,17,219,960,False
835,282,1,402,960,True
836,283,3,403,640,True
837,5,43,186,960,True
838,41,218,11,960,True
839,65,8,404,960,False
840,147,78,167,960,True
841,235,5,333,640,True
842,267,10,382,960,True
843,284,1,405,960,False
844,46,37,66,960,True
845,96,57,229,960,True
846,285,1,406,640,True
847,186,10,260,960,True
848,177,33,289,960,True
849,73,55,42,640,True
850,89,45,125,960,True
851,126,18,174,960,False
852,63,30,90,960,True
853,43,20,62,960,True
854,1,24,154,960,True
855,60,71,47,960,True
856,286,7,407,960,True
857,159,17,219,960,False
858,147,78,203,960,True
859,21,18,25,960,True
860,57,22,50,960,True
861,63,30,90,960,True
862,287,2,408,960,True
863,288,3,409,960,True
864,289,1,410,640,False
865,56,8,79,960,True
866,89,45,125,960,True
867,280,5,400,960,True
868,42,26,85,960,True
869,5,43,186,960,True
870,177,33,129,960,True
871,43,20,62,960,True
872,144,49,26,960,True
873,57,22,50,960,True
874,290,4,411,960,True
875,24,246,412,960,True
876,111,5,151,960,False
877,24,246,68,960,True
878,0,104,0,960,True
879,62,41,88,960,True
880,159,17,219,960,False
881,9,19,13,640,True
882,128,5,177,960,True
883,291,2,413,960,True
884,63,30,90,960,True
885,96,57,229,960,True
886,24,246,114,960,True
887,28,50,35,960,True
888,272,83,179,960,True
889,379,12,226,640,True
890,97,27,136,960,True
891,252,2,361,640,True
892,147,78,78,960,True
893,62,41,88,960,True
894,46,37,66,960,True
895,292,1,414,640,True
896,293,1,415,640,False
897,294,3,416,960,True
898,147,78,156,960,True
899,105,15,145,960,True
900,41,218,220,960,True
901,295,2,417,640,True
902,272,83,418,960,True
903,296,7,419,960,True
904,297,1,420,960,True
905,298,2,421,640,False
906,114,19,380,960,True
907,545,25,366,960,True
908,73,55,42,640,True
909,24,246,68,960,True
910,106,78,305,960,True
911,41,218,238,960,True
912,299,2,422,960,True
913,300,1,423,960,False
914,89,45,125,960,True
915,27,25,34,960,True
916,51,30,424,960,True
917,73,55,171,640,True
918,41,218,11,960,True
919,301,1,425,960,True
920,302,1,426,640,True
921,303,2,427,960,True
922,32,6,213,640,True
923,177,33,129,960,True
924,304,1,428,960,True
925,166,13,191,960,True
926,25,16,30,960,True
927,103,31,143,960,True
928,0,104,0,960,True
929,97,27,136,960,True
930,126,18,174,960,True
931,5,43,7,960,True
932,305,33,429,960,True
933,259,4,371,960,True
934,10,11,14,960,True
935,205,8,283,640,True
936,106,78,31,960,True
937,24,246,430,960,True
938,259,4,371,960,True
939,103,31,143,960,True
940,41,218,11,960,True
941,3,8,5,960,True
942,46,37,66,960,True
943,306,1,431,960,False
944,307,2,432,640,True
945,41,218,48,960,True
946,308,2,433,960,True
947,39,6,56,640,False
948,309,5,434,960,True
949,60,71,159,960,True
950,144,49,26,960,True
951,235,5,333,640,True
952,475,20,9,960,True
953,28,50,35,960,True
954,89,45,435,960,True
955,152,8,210,960,True
956,310,1,436,960,True
957,311,2,437,960,True
958,21,18,25,960,True
959,329,12,321,960,True
960,312,1,438,640,False
961,313,5,439,960,True
962,106,78,31,960,True
963,89,45,125,960,True
964,314,2,440,960,True
965,315,2,441,960,True
966,144,49,26,960,True
967,316,2,442,960,True
968,24,246,301,960,True
969,64,25,91,960,True
970,36,9,52,960,True
971,317,2,443,960,True
972,74,21,104,960,True
973,89,45,125,960,True
974,73,55,42,640,True
975,24,246,236,960,True
976,318,3,444,960,True
977,73,55,42,640,True
978,147,78,78,960,True
979,0,104,0,960,True
980,147,78,78,960,True
981,181,5,254,960,True
982,64,25,91,960,True
983,296,7,419,960,True
984,316,2,442,960,True
985,206,15,163,960,True
986,12,34,16,960,True
987,319,1,445,960,True
988,0,104,0,960,True
989,320,15,446,640,True
990,36,9,52,960,True
991,13,4,17,960,True
992,321,2,447,960,True
993,106,78,320,960,True
994,322,3,448,960,True
995,171,24,449,960,True
996,323,2,450,960,True
997,324,1,451,960,False
998,62,41,88,960,True
999,27,25,34,960,True
1000,103,31,143,960,True
1001,3,8,5,960,True
1002,250,6,359,960,True
1003,33,7,46,960,True
1004,41,218,48,960,True
1005,325,1,452,960,False
1006,41,218,220,960,True
1007,391,22,453,960,True
1008,106,78,454,960,True
1009,106,78,31,960,True
1010,99,5,138,960,True
1011,144,49,26,960,True
1012,103,31,143,960,True
1013,41,218,48,960,True
1014,326,3,455,960,False
1015,168,11,237,960,True
1016,196,4,272,640,True
1017,171,24,242,960,True
1018,48,3,69,960,True
1019,309,5,434,960,True
1020,327,3,456,960,True
1021,41,218,92,960,True
1022,31,35,77,960,True
1023,186,10,260,960,True
1024,147,78,78,960,True
1025,278,7,398,960,True
1026,171,24,242,960,True
1027,186,10,260,960,True
1028,328,5,457,960,True
1029,0,104,0,960,True
1030,9,19,13,640,True
1031,305,33,429,960,False
1032,147,78,156,960,True
1033,24,246,458,960,True
1034,96,57,229,960,True
1035,267,10,382,960,True
1036,235,5,459,640,True
1037,329,12,460,960,True
1038,283,3,403,640,True
1039,320,15,446,640,True
1040,24,246,68,960,True
1041,330,1,461,960,True
1042,331,3,462,960,True
1043,56,8,79,960,True
1044,46,37,66,960,True
1045,171,24,242,960,True
1046,272,83,389,960,True
1047,62,41,88,960,True
1048,89,45,435,960,True
1049,41,218,3,960,True
1050,129,14,180,960,True
1051,332,1,463,960,True
1052,333,1,464,960,True
1053,334,1,465,960,True
1054,24,246,309,960,True
1055,335,1,466,960,True
1056,31,35,77,960,True
1057,183,24,82,960,True
1058,64,25,91,960,True
1059,24,246,29,960,True
1060,27,25,34,960,True
1061,41,218,48,960,True
1062,272,83,179,960,True
1063,139,18,192,960,True
1064,106,78,467,960,True
1065,397,67,351,640,True
1066,106,78,31,960,True
1067,733,248,384,640,True
1068,41,218,238,960,True
1069,21,18,25,960,True
1070,41,218,11,960,True
1071,133,8,184,960,True
1072,165,19,58,960,True
1073,336,1,468,960,True
1074,5,43,7,960,True
1075,171,24,242,960,True
1076,147,78,178,960,True
1077,337,4,469,640,True
1078,24,246,470,960,True
1079,338,1,471,960,True
1080,0,104,0,960,True
1081,339,4,472,960,True
1082,340,2,473,960,True
1083,84,2,118,960,True
1084,144,49,26,960,True
1085,341,1,474,640,True
1086,342,3,475,960,True
1087,328,5,457,960,True
1088,29,2,36,960,True
1089,74,21,104,960,True
1090,24,246,68,960,True
1091,147,78,167,960,True
1092,41,218,238,960,True
1093,24,246,128,960,True
1094,343,2,476,960,False
1095,57,22,50,960,True
1096,106,78,320,960,True
1097,51,30,477,960,False
1098,212,2,294,960,True
1099,93,4,131,640,False
1100,174,3,246,960,True
1101,28,50,35,960,True
1102,117,3,160,960,False
1103,62,41,88,960,True
1104,298,2,421,640,False
1105,41,218,220,960,True
1106,344,2,478,960,False
1107,345,1,479,960,True
1108,165,19,480,960,True
1109,166,13,481,960,True
1110,42,26,85,960,True
1111,41,218,3,960,True
1112,245,2,346,640,False
1113,31,35,77,960,True
1114,346,3,482,960,True
1115,41,218,11,960,True
1116,41,218,48,960,True
1117,347,3,483,960,True
1118,106,78,31,960,True
1119,89,45,125,960,True
1120,326,3,455,960,True
1121,12,34,16,960,True
1122,206,15,286,960,True
1123,24,246,484,960,True
1124,0,104,0,960,True
1125,159,17,219,960,True
1126,31,35,77,960,True
1127,35,12,51,960,True
1128,348,2,485,960,True
1129,203,7,281,640,True
1130,24,246,458,960,True
1131,41,218,3,960,True
1132,21,18,25,960,True
1133,135,20,199,960,True
1134,73,55,42,640,True
1135,283,3,403,640,True
1136,349,1,486,960,True
1137,0,104,0,960,True
1138,350,2,487,960,True
1139,27,25,34,960,True
1140,97,27,136,960,True
1141,41,218,48,960,True
1142,46,37,66,960,True
1143,351,1,488,960,True
1144,0,104,0,960,True
1145,352,3,489,960,True
1146,60,71,86,960,True
1147,0,104,0,960,True
1148,353,3,490,960,True
1149,147,78,156,960,False
1150,1,24,329,960,True
1151,62,41,88,960,True
1152,24,246,114,960,True
1153,327,3,456,960,True
1154,339,4,472,960,True
1155,24,246,114,960,True
1156,144,49,26,960,True
1157,139,18,192,960,True
1158,290,4,411,960,True
1159,272,83,179,960,True
1160,63,30,90,960,True
1161,354,2,491,960,True
1162,379,12,226,640,True
1163,22,3,27,960,True
1164,355,6,492,640,True
1165,224,12,313,960,True
1166,356,1,493,960,True
1167,41,218,11,960,True
1168,96,57,134,960,True
1169,51,30,349,960,True
1170,15,4,19,960,True
1171,0,104,0,960,True
1172,286,7,407,960,True
1173,272,83,418,960,True
1174,357,2,494,640,False
1175,545,25,366,960,True
1176,11,30,15,960,True
1177,106,78,357,960,True
1178,11,30,15,960,True
1179,358,9,495,960,True
1180,147,78,78,960,True
1181,106,78,31,960,True
1182,359,1,496,960,True
1183,158,5,218,640,True
1184,360,1,497,640,False
1185,62,41,88,960,True
1186,361,1,498,960,True
1187,65,8,404,960,False
1188,362,6,499,960,True
1189,363,1,500,960,True
1190,62,41,88,960,True
1191,28,50,35,960,True
1192,0,104,0,960,True
1193,18,6,22,960,True
1194,89,45,125,960,True
1195,364,3,501,960,True
1196,14,3,18,960,True
1197,89,45,125,960,True
1198,267,10,382,960,True
1199,172,5,243,960,True
1200,397,67,295,640,True
1201,365,3,502,960,True
1202,366,1,503,960,True
1203,320,15,39,640,True
1204,367,2,504,960,False
1205,42,26,61,960,True
1206,10,11,14,960,True
1207,41,218,60,960,True
1208,147,78,156,960,False
1209,171,24,242,960,True
1210,144,49,26,960,True
1211,41,218,3,960,True
1212,28,50,35,960,True
1213,24,246,309,960,True
1214,89,45,435,960,True
1215,272,83,389,960,True
1216,42,26,61,960,True
1217,28,50,35,960,True
1218,24,246,505,960,True
1219,368,1,506,640,False
1220,60,71,47,960,True
1221,3,8,5,960,True
1222,41,218,92,960,True
1223,144,49,26,960,True
1224,97,27,136,960,True
1225,369,5,507,960,True
1226,209,12,291,960,True
1227,244,4,345,960,True
1228,63,30,90,960,True
1229,390,6,508,960,True
1230,165,19,231,960,True
1231,73,55,42,640,False
1232,370,4,509,960,False
1233,233,2,328,960,True
1234,73,55,171,640,True
1235,371,5,510,960,True
1236,24,246,511,960,True
1237,372,1,512,640,True
1238,272,83,179,960,True
1239,371,5,510,960,False
1240,373,2,513,640,False
1241,374,3,514,960,False
1242,79,3,112,960,False
1243,41,218,11,960,True
1244,375,2,515,960,True
1245,41,218,60,960,True
1246,189,2,264,960,True
1247,376,1,516,960,False
1248,272,83,418,960,True
1249,377,1,517,960,True
1250,107,9,147,960,True
1251,183,24,82,960,False
1252,378,2,518,960,True
1253,379,12,519,640,True
1254,147,78,78,960,True
1255,24,246,96,960,True
1256,41,218,60,960,True
1257,36,9,52,960,True
1258,186,10,260,960,True
1259,270,4,387,960,True
1260,272,83,179,960,True
1261,475,20,280,960,True
1262,380,1,520,960,False
1263,379,12,226,640,True
1264,41,218,11,960,True
1265,46,37,66,960,True
1266,37,2,53,960,True
1267,381,4,521,640,True
1268,382,1,522,960,True
1269,94,8,132,960,False
1270,28,50,35,960,True
1271,5,43,7,960,True
1272,383,2,523,640,True
1273,357,2,494,640,False
1274,343,2,476,960,False
1275,129,14,180,960,True
1276,251,7,360,960,False
1277,123,2,170,640,True
1278,147,78,78,960,True
1279,51,30,524,960,True
1280,384,1,525,960,False
1281,385,2,526,960,True
1282,60,71,86,960,False
1283,45,20,107,960,True
1284,331,3,462,960,True
1285,144,49,198,960,True
1286,41,218,48,960,True
1287,24,246,304,960,True
1288,0,104,0,960,True
1289,386,1,527,960,False
1290,387,3,528,960,True
1291,388,3,529,960,True
1292,62,41,88,960,True
1293,381,4,530,640,False
1294,272,83,389,960,True
1295,179,3,252,960,True
1296,362,6,499,960,True
1297,305,33,209,640,False
1298,139,18,192,960,True
1299,305,33,429,960,True
1300,128,5,177,960,True
1301,122,7,169,960,True
1302,389,3,531,960,True
1303,390,6,532,960,True
1304,250,6,359,960,False
1305,391,22,533,960,True
1306,41,218,11,960,True
1307,87,8,123,960,True
1308,397,67,54,640,False
1309,309,5,434,960,True
1310,62,41,88,960,True
1311,392,3,534,960,True
1312,393,1,535,960,False
1313,5,43,7,960,True
1314,54,3,75,640,True
1315,475,20,9,960,True
1316,362,6,499,960,True
1317,41,218,11,960,True
1318,24,246,250,960,True
1319,62,41,88,960,True
1320,11,30,15,960,True
1321,145,18,536,960,True
1322,133,8,184,960,True
1323,394,1,537,960,False
1324,395,1,538,960,True
1325,24,246,250,960,True
1326,397,67,2,640,True
1327,41,218,11,960,True
1328,46,37,66,960,True
1329,396,5,539,960,True
1330,397,67,351,640,True
1331,41,218,220,960,True
1332,139,18,192,960,True
1333,267,10,382,960,True
1334,63,30,90,960,True
1335,139,18,192,960,True
1336,88,11,121,960,True
1337,240,8,340,960,True
1338,220,4,306,960,True
1339,45,20,107,960,True
1340,144,49,26,960,False
1341,51,30,350,960,False
1342,50,4,71,640,False
1343,76,4,109,960,True
1344,397,67,54,640,True
1345,397,67,540,640,False
1346,147,78,78,960,True
1347,9,19,13,640,False
1348,147,78,541,960,True
1349,272,83,418,960,True
1350,24,246,312,960,True
1351,398,1,542,960,True
1352,24,246,114,960,True
1353,105,15,145,960,True
1354,106,78,31,960,True
1355,28,50,35,960,True
1356,389,3,531,960,True
1357,249,5,358,960,True
1358,59,2,83,640,True
1359,106,78,305,960,True
1360,545,25,366,960,True
1361,96,57,234,960,False
1362,399,2,543,960,False
1363,346,3,482,960,True
1364,43,20,62,960,False
1365,400,5,544,960,True
1366,78,6,111,960,True
1367,401,3,545,960,False
1368,402,2,546,640,True
1369,45,20,107,960,True
1370,41,218,11,960,True
1371,177,33,289,960,True
1372,5,43,7,960,True
1373,144,49,26,960,True
1374,272,83,179,960,True
1375,358,9,495,960,True
1376,69,7,98,960,False
1377,96,57,134,960,False
1378,299,2,422,960,True
1379,41,218,92,960,True
1380,159,17,219,960,True
1381,0,104,0,960,True
1382,28,50,35,960,True
1383,60,71,159,960,True
1384,63,30,90,960,True
1385,57,22,80,960,False
1386,403,2,547,960,True
1387,404,3,548,960,False
1388,197,2,274,640,True
1389,405,1,549,960,False
1390,406,1,550,960,True
1391,74,21,104,960,True
1392,89,45,125,960,True
1393,24,246,68,960,True
1394,78,6,111,960,True
1395,407,1,551,960,True
1396,111,5,151,960,True
1397,60,71,47,960,True
1398,31,35,77,960,False
1399,0,104,0,960,True
1400,408,1,552,960,True
1401,4,2,6,640,True
1402,60,71,47,960,True
1403,475,20,9,960,True
1404,18,6,22,960,True
1405,409,1,553,640,True
1406,147,78,167,960,True
1407,106,78,320,960,True
1408,177,33,289,960,True
1409,114,19,155,960,True
1410,63,30,90,960,True
1411,131,5,182,960,True
1412,96,57,134,960,True
1413,27,25,34,960,True
1414,24,246,391,960,False
1415,410,1,554,960,True
1416,28,50,35,960,True
1417,278,7,398,960,True
1418,24,246,176,960,True
1419,97,27,136,960,True
1420,147,78,78,960,True
1421,45,20,107,960,True
1422,89,45,435,960,True
1423,411,2,555,960,True
1424,24,246,68,960,True
1425,24,246,114,960,True
1426,272,83,179,960,True
1427,0,104,0,960,True
1428,412,1,556,640,False
1429,397,67,540,640,False
1430,171,24,242,960,True
1431,11,30,15,960,True
1432,413,2,557,960,False
1433,12,34,16,960,True
1434,24,246,391,960,True
1435,24,246,558,960,True
1436,41,218,3,960,True
1437,24,246,331,960,True
1438,98,7,137,960,True
1439,96,57,44,960,True
1440,66,6,94,960,True
1441,414,1,559,640,True
1442,307,2,432,640,True
1443,49,10,70,960,True
1444,209,12,291,960,True
1445,49,10,70,960,True
1446,24,246,68,960,True
1447,63,30,90,960,True
1448,73,55,171,640,True
1449,51,30,560,960,True
1450,415,1,561,640,True
1451,103,31,143,960,True
1452,416,1,562,640,True
1453,132,6,183,960,True
1454,23,3,28,640,True
1455,417,1,563,640,True
1456,186,10,260,960,True
1457,102,2,142,640,True
1458,24,246,114,960,True
1459,320,15,39,640,True
1460,21,18,25,960,True
1461,51,30,564,960,True
1462,132,6,183,960,True
1463,171,24,242,960,True
1464,418,1,565,960,True
1465,0,104,0,960,True
1466,144,49,26,960,True
1467,545,25,366,960,True
1468,41,218,11,960,True
1469,41,218,11,960,True
1470,305,33,566,960,True
1471,205,8,283,640,True
1472,165,19,231,960,True
1473,272,83,179,960,True
1474,24,246,141,960,True
1475,11,30,15,960,True
1476,145,18,567,960,True
1477,99,5,138,960,True
1478,419,1,568,960,True
1479,51,30,350,960,True
1480,240,8,340,960,True
1481,291,2,413,960,True
1482,420,1,569,960,True
1483,21,18,25,960,True
1484,96,57,134,960,True
1485,255,3,367,960,True
1486,62,41,88,960,True
1487,280,5,400,960,True
1488,177,33,570,960,True
1489,60,71,47,960,True
1490,24,246,114,960,True
1491,41,218,11,960,True
1492,391,22,571,960,True
1493,23,3,28,640,True
1494,272,83,179,960,True
1495,28,50,35,960,True
1496,28,50,35,960,True
1497,397,67,351,640,True
1498,73,55,42,640,True
1499,64,25,91,960,True
1500,421,1,572,960,True
1501,168,11,347,960,True
1502,57,22,50,960,True
1503,422,2,573,960,True
1504,24,246,304,960,True
1505,27,25,34,960,True
1506,423,1,574,960,False
1507,144,49,198,960,True
1508,24,246,391,960,True
1509,67,4,95,960,True
1510,422,2,573,960,True
1511,424,4,575,960,True
1512,96,57,234,960,True
1513,45,20,107,960,True
1514,41,218,11,960,True
1515,116,5,158,960,True
1516,425,1,576,960,True
1517,89,45,125,960,True
1518,426,2,577,960,False
1519,427,2,578,960,True
1520,305,33,209,640,True
1521,0,104,0,960,True
1522,428,4,579,960,True
1523,62,41,88,960,True
1524,355,6,492,640,True
1525,429,1,580,960,True
1526,60,71,47,960,True
1527,41,218,11,960,True
1528,132,6,183,960,True
1529,41,218,48,960,True
1530,305,33,581,960,False
1531,73,55,42,640,True
1532,88,11,121,960,True
1533,430,1,582,960,True
1534,431,1,583,640,True
1535,203,7,281,640,True
1536,24,246,430,960,True
1537,329,12,321,960,True
1538,62,41,88,960,True
1539,89,45,125,960,True
1540,432,1,584,960,True
1541,24,246,68,960,True
1542,433,2,585,960,False
1543,62,41,88,960,True
1544,358,9,495,960,True
1545,272,83,179,960,True
1546,62,41,88,960,True
1547,269,6,386,960,True
1548,126,18,174,960,True
1549,475,20,336,960,True
1550,51,30,586,960,True
1551,0,104,0,960,True
1552,381,4,530,640,True
1553,181,5,254,960,True
1554,64,25,91,960,True
1555,60,71,47,960,True
1556,339,4,472,960,True
1557,27,25,34,960,True
1558,272,83,179,960,True
1559,265,4,378,960,True
1560,434,1,587,640,True
1561,103,31,143,960,True
1562,41,218,60,960,True
1563,329,12,321,960,True
1564,56,8,79,960,True
1565,177,33,570,960,True
1566,41,218,11,960,True
1567,435,3,588,960,False
1568,24,246,470,960,True
1569,71,8,101,960,True
1570,369,5,507,960,True
1571,475,20,280,960,True
1572,89,45,125,960,True
1573,358,9,495,960,True
1574,97,27,136,960,True
1575,1,24,154,960,True
1576,12,34,16,960,True
1577,88,11,121,960,True
1578,183,24,82,960,True
1579,24,246,589,960,True
1580,505,5,40,960,True
1581,46,37,66,960,True
1582,41,218,11,960,True
1583,147,78,78,960,True
1584,216,4,299,960,True
1585,5,43,7,960,True
1586,106,78,31,960,True
1587,24,246,511,960,True
1588,436,1,590,960,True
1589,96,57,229,960,True
1590,11,30,15,960,True
1591,437,4,591,960,True
1592,89,45,125,960,True
1593,397,67,54,640,True
1594,122,7,169,960,True
1595,57,22,80,960,True
1596,41,218,11,960,True
1597,203,7,281,640,True
1598,89,45,125,960,True
1599,27,25,34,960,True
1600,96,57,134,960,True
1601,165,19,592,960,True
1602,0,104,0,960,True
1603,397,67,2,640,True
1604,305,33,581,960,False
1605,42,26,85,960,True
1606,41,218,11,960,False
1607,35,12,51,960,False
1608,0,104,0,960,True
1609,438,2,593,960,True
1610,272,83,418,960,True
1611,126,18,174,960,False
1612,41,218,48,960,True
1613,439,2,594,960,True
1614,24,246,326,960,False
1615,147,78,78,960,True
1616,106,78,31,960,False
1617,440,1,595,640,False
1618,96,57,134,960,False
1619,41,218,11,960,False
1620,46,37,66,960,False
1621,258,2,370,960,False
1622,267,10,382,960,True
1623,441,1,596,960,False
1624,154,3,212,640,True
1625,166,13,191,960,True
1626,165,19,480,960,True
1627,33,7,46,960,False
1628,354,2,491,960,True
1629,442,1,597,960,True
1630,106,78,31,960,True
1631,144,49,198,960,False
1632,443,1,598,960,False
1633,385,2,526,960,True
1634,365,3,502,960,True
1635,118,2,162,640,False
1636,0,104,0,960,True
1637,96,57,44,960,False
1638,342,3,475,960,True
1639,222,4,308,960,False
1640,140,4,193,960,False
1641,27,25,34,960,True
1642,328,5,457,960,False
1643,91,6,127,960,True
1644,5,43,7,960,True
1645,2,3,4,960,False
1646,24,246,201,960,True
1647,272,83,179,960,False
1648,444,1,599,960,False
1649,445,5,600,960,True
1650,171,24,122,960,False
1651,106,78,31,960,True
1652,446,1,601,960,True
1653,96,57,234,960,False
1654,112,2,152,960,True
1655,427,2,578,960,False
1656,272,83,179,960,False
1657,145,18,200,960,True
1658,447,1,602,960,False
1659,448,1,603,960,False
1660,358,9,495,960,True
1661,24,246,114,960,True
1662,250,6,359,960,False
1663,24,246,68,960,True
1664,3,8,5,960,True
1665,24,246,114,960,True
1666,449,1,604,960,True
1667,31,35,77,960,False
1668,379,12,226,640,True
1669,51,30,57,960,True
1670,391,22,43,960,True
1671,60,71,47,960,False
1672,164,4,228,960,True
1673,35,12,51,960,True
1674,147,78,167,960,True
1675,41,218,60,960,True
1676,63,30,38,960,True
1677,24,246,304,960,True
1678,437,4,591,960,False
1679,391,22,43,960,True
1680,0,104,0,960,True
1681,450,3,605,960,True
1682,144,49,26,960,False
1683,41,218,11,960,True
1684,74,21,104,960,True
1685,60,71,47,960,False
1686,24,246,68,960,True
1687,451,4,606,960,False
1688,253,7,364,960,True
1689,41,218,48,960,False
1690,76,4,109,960,True
1691,125,6,173,960,False
1692,106,78,31,960,True
1693,96,57,134,960,True
1694,96,57,229,960,False
1695,158,5,218,640,True
1696,247,3,354,960,False
1697,41,218,60,960,True
1698,272,83,179,960,False
1699,41,218,48,960,False
1700,60,71,159,960,True
1701,183,24,82,960,True
1702,31,35,77,960,True
1703,452,1,607,960,True
1704,24,246,68,960,True
1705,131,5,182,960,True
1706,160,4,221,960,True
1707,5,43,186,960,True
1708,60,71,47,960,True
1709,104,2,144,960,True
1710,27,25,34,960,True
1711,545,25,608,960,True
1712,453,1,609,640,True
1713,24,246,68,960,True
1714,209,12,291,960,True
1715,1,24,348,960,True
1716,145,18,200,960,True
1717,41,218,238,960,True
1718,329,12,460,960,True
1719,103,31,143,960,True
1720,133,8,184,960,False
1721,73,55,42,640,True
1722,11,30,15,960,True
1723,147,78,156,960,False
1724,387,3,528,960,True
1725,135,20,199,960,True
1726,426,2,577,960,False
1727,129,14,180,960,True
1728,62,41,88,960,True
1729,224,12,313,960,True
1730,31,35,41,960,False
1731,265,4,378,960,True
1732,96,57,134,960,True
1733,367,2,504,960,True
1734,12,34,16,960,True
1735,290,4,411,960,True
1736,60,71,159,960,True
1737,24,246,610,960,True
1738,9,19,13,640,True
1739,371,5,611,960,False
1740,62,41,88,960,True
1741,24,246,412,960,True
1742,97,27,136,960,True
1743,183,24,256,960,True
1744,24,246,331,960,True
1745,391,22,43,960,True
1746,271,3,388,960,True
1747,159,17,219,960,False
1748,41,218,11,960,True
1749,145,18,200,960,True
1750,267,10,382,960,True
1751,397,67,2,640,False
1752,41,218,48,960,True
1753,41,218,11,960,True
1754,135,20,199,960,True
1755,161,3,222,960,True
1756,28,50,35,960,False
1757,60,71,47,960,True
1758,309,5,434,960,True
1759,454,6,612,960,True
1760,290,4,411,960,True
1761,24,246,613,960,True
1762,329,12,460,960,True
1763,455,2,614,960,False
1764,370,4,509,960,True
1765,397,67,615,640,False
1766,60,71,159,960,True
1767,397,67,54,640,False
1768,24,246,616,960,True
1769,196,4,272,640,True
1770,13,4,17,960,False
1771,41,218,3,960,True
1772,62,41,88,960,True
1773,397,67,54,640,False
1774,97,27,136,960,True
1775,46,37,66,960,False
1776,41,218,92,960,False
1777,456,1,617,960,True
1778,224,12,618,960,True
1779,221,6,307,960,False
1780,60,71,47,960,True
1781,89,45,435,960,True
1782,41,218,238,960,True
1783,41,218,11,960,True
1784,457,1,619,960,True
1785,106,78,31,960,True
1786,358,9,495,960,True
1787,272,83,179,960,True
1788,24,246,128,960,True
1789,45,20,107,960,False
1790,181,5,254,960,True
1791,5,43,7,960,True
1792,458,1,620,960,True
1793,450,3,605,960,True
1794,24,246,29,960,False
1795,103,31,143,960,True
1796,0,104,0,960,True
1797,459,6,621,960,False
1798,28,50,35,960,True
1799,460,3,622,960,False
1800,733,248,384,640,False
1801,46,37,66,960,False
1802,461,1,623,960,True
1803,147,78,78,960,True
1804,278,7,398,960,True
1805,205,8,283,640,True
1806,206,15,163,960,True
1807,126,18,174,960,False
1808,424,4,575,960,True
1809,90,8,126,960,False
1810,92,3,130,960,False
1811,66,6,94,960,False
1812,24,246,68,960,True
1813,462,1,624,960,True
1814,463,1,625,640,True
1815,400,5,544,960,True
1816,43,20,62,960,False
1817,12,34,16,960,True
1818,464,1,626,960,True
1819,465,5,627,960,True
1820,74,21,104,960,True
1821,106,78,305,960,True
1822,41,218,48,960,False
1823,64,25,91,960,False
1824,51,30,628,960,True
1825,295,2,417,640,True
1826,12,34,16,960,True
1827,46,37,66,960,False
1828,466,1,629,640,False
1829,0,104,0,960,True
1830,103,31,143,960,True
1831,287,2,408,960,True
1832,41,218,11,960,False
1833,313,5,439,960,False
1834,1,24,348,960,True
1835,12,34,16,960,True
1836,42,26,85,960,False
1837,305,33,209,640,False
1838,391,22,630,960,False
1839,9,19,13,640,False
1840,73,55,42,640,False
1841,24,246,128,960,False
1842,73,55,310,640,False
1843,71,8,101,960,False
1844,0,104,0,960,True
1845,272,83,362,960,True
1846,24,246,631,960,True
1847,272,83,179,960,True
1848,253,7,364,960,True
1849,106,78,31,960,True
1850,205,8,632,640,False
1851,62,41,88,960,True
1852,465,5,627,960,True
1853,438,2,593,960,False
1854,9,19,13,640,True
1855,97,27,136,960,True
1856,106,78,305,960,True
1857,328,5,457,960,True
1858,96,57,633,960,True
1859,5,43,186,960,True
1860,165,19,231,960,True
1861,51,30,424,960,False
1862,240,8,340,960,False
1863,379,12,634,640,False
1864,171,24,635,960,False
1865,272,83,179,960,True
1866,392,3,534,960,False
1867,467,6,636,960,False
1868,5,43,7,960,True
1869,177,33,129,960,True
1870,41,218,11,960,True
1871,269,6,386,960,True
1872,309,5,434,960,False
1873,106,78,637,960,False
1874,383,2,523,640,True
1875,468,1,638,960,False
1876,272,83,418,960,True
1877,36,9,52,960,False
1878,397,67,639,640,False
1879,303,2,427,960,True
1880,391,22,43,960,True
1881,103,31,143,960,True
1882,127,3,175,640,True
1883,272,83,179,960,True
1884,305,33,209,640,False
1885,25,16,30,960,True
1886,313,5,439,960,False
1887,106,78,31,960,True
1888,162,10,223,960,True
1889,144,49,26,960,False
1890,24,246,558,960,True
1891,459,6,621,960,True
1892,12,34,16,960,True
1893,0,104,0,960,True
1894,390,6,532,960,False
1895,21,18,25,960,False
1896,24,246,68,960,True
1897,168,11,347,960,True
1898,469,1,640,960,False
1899,89,45,125,960,True
1900,49,10,70,960,True
1901,71,8,101,960,False
1902,24,246,484,960,True
1903,470,1,641,960,False
1904,43,20,62,960,False
1905,60,71,159,960,True
1906,114,19,155,960,True
1907,24,246,430,960,True
1908,73,55,171,640,True
1909,424,4,575,960,True
1910,176,5,248,960,True
1911,445,5,600,960,True
1912,106,78,642,960,True
1913,353,3,490,960,True
1914,10,11,14,960,True
1915,41,218,60,960,True
1916,133,8,184,960,True
1917,41,218,60,960,False
1918,21,18,25,960,True
1919,41,218,11,960,True
1920,165,19,592,960,True
1921,51,30,72,960,True
1922,94,8,132,960,True
1923,34,3,49,960,False
1924,89,45,125,960,True
1925,73,55,42,640,True
1926,24,246,304,960,True
1927,471,1,643,640,True
1928,472,1,644,960,True
1929,439,2,594,960,True
1930,473,2,645,960,True
1931,24,246,68,960,True
1932,255,3,367,960,True
1933,88,11,121,960,True
1934,467,6,636,960,True
1935,62,41,88,960,True
1936,74,21,104,960,True
1937,24,246,610,960,False
1938,474,2,646,960,True
1939,5,43,7,960,True
1940,272,83,389,960,True
1941,159,17,219,960,False
1942,51,30,349,960,True
1943,206,15,163,960,True
1944,28,50,35,960,True
1945,369,5,507,960,True
1946,65,8,404,960,False
1947,103,31,143,960,True
1948,390,6,532,960,True
1949,94,8,132,960,False
1950,103,31,143,960,True
1951,41,218,3,960,True
1952,445,5,600,960,True
1953,119,7,164,640,False
1954,362,6,499,960,True
1955,114,19,380,960,True
1956,397,67,351,640,True
1957,24,246,96,960,True
1958,296,7,419,960,True
1959,1,24,348,960,True
1960,1,24,647,960,False
1961,147,78,167,960,True
1962,5,43,7,960,True
1963,42,26,85,960,True
1964,106,78,642,960,True
1965,43,20,62,960,False
1966,105,15,145,960,False
1967,379,12,634,640,True
1968,396,5,539,960,False
1969,96,57,229,960,True
1970,46,37,66,960,False
1971,391,22,43,960,True
1972,413,2,557,960,False
1973,475,20,648,960,True
1974,106,78,637,960,True
1975,64,25,91,960,False
1976,41,218,11,960,False
1977,267,10,382,960,True
1978,98,7,649,960,True
1979,74,21,104,960,True
1980,103,31,143,960,True
1981,9,19,13,640,False
1982,25,16,30,960,True
1983,113,2,153,640,True
1984,41,218,11,960,True
1985,9,19,13,640,True
1986,280,5,400,960,True
1987,196,4,272,640,True
1988,41,218,11,960,False
1989,128,5,177,960,False
1990,476,1,650,960,True
1991,73,55,42,640,True
1992,390,6,508,960,True
1993,315,2,441,960,True
1994,213,6,296,960,True
1995,147,78,78,960,True
1996,477,1,651,640,False
1997,478,2,652,960,False
1998,96,57,234,960,True
1999,41,218,11,960,True
2000,391,22,453,960,False
2001,1,24,647,960,False
2002,24,246,653,960,True
2003,170,2,240,960,True
2004,479,1,654,960,True
2005,224,12,618,960,True
2006,286,7,407,960,True
2007,0,104,0,960,True
2008,480,4,655,960,True
2009,143,2,197,960,False
2010,201,2,278,960,False
2011,428,4,579,960,True
2012,424,4,575,960,True
2013,96,57,244,960,True
2014,116,5,158,960,True
2015,397,67,2,640,True
2016,328,5,457,960,False
2017,481,2,656,960,True
2018,24,246,96,960,True
2019,402,2,546,640,True
2020,43,20,62,960,True
2021,129,14,180,960,True
2022,0,104,0,960,True
2023,224,12,313,960,True
2024,24,246,233,960,False
2025,24,246,505,960,False
2026,278,7,398,960,False
2027,144,49,26,960,False
2028,219,2,303,960,False
2029,0,104,0,960,True
2030,9,19,13,640,False
2031,0,104,0,960,True
2032,397,67,540,640,False
2033,545,25,366,960,True
2034,236,4,334,960,False
2035,41,218,92,960,False
2036,24,246,32,960,False
2037,5,43,7,960,True
2038,244,4,345,960,True
2039,545,25,392,960,True
2040,166,13,191,960,False
2041,206,15,286,960,True
2042,144,49,26,960,False
2043,24,246,114,960,True
2044,482,2,657,960,True
2045,41,218,11,960,False
2046,483,2,658,960,True
2047,484,1,659,960,True
2048,485,1,660,640,True
2049,251,7,360,960,False
2050,348,2,485,960,False
2051,64,25,91,960,False
2052,0,104,0,960,True
2053,42,26,61,960,False
2054,89,45,125,960,True
2055,41,218,48,960,False
2056,147,78,203,960,False
2057,486,1,661,960,False
2058,437,4,591,960,False
2059,60,71,159,960,True
2060,388,3,529,960,False
2061,397,67,351,640,False
2062,239,3,339,960,True
2063,177,33,249,960,True
2064,355,6,492,640,True
2065,397,67,2,640,False
2066,272,83,179,960,True
2067,98,7,137,960,True
2068,114,19,380,960,True
2069,60,71,47,960,False
2070,182,2,255,960,False
2071,487,1,662,640,True
2072,488,1,663,960,True
2073,207,5,288,960,False
2074,12,34,16,960,False
2075,46,37,66,960,False
2076,31,35,77,960,False
2077,256,2,368,640,False
2078,0,104,0,960,True
2079,85,3,119,960,True
2080,24,246,114,960,True
2081,489,1,664,960,False
2082,12,34,16,960,True
2083,135,20,187,960,True
2084,490,1,665,960,False
2085,96,57,44,960,False
2086,147,78,178,960,True
2087,294,3,416,960,True
2088,209,12,291,960,False
2089,491,1,666,960,False
2090,24,246,391,960,True
2091,177,33,129,960,True
2092,492,1,667,640,False
2093,342,3,475,960,True
2094,473,2,645,960,False
2095,171,24,635,960,False
2096,24,246,176,960,True
2097,493,1,668,640,False
2098,172,5,243,960,False
2099,144,49,26,960,False
2100,305,33,209,640,False
2101,288,3,409,960,False
2102,10,11,14,960,False
2103,134,4,185,960,True
2104,494,2,669,640,True
2105,60,71,159,960,True
2106,24,246,68,960,True
2107,5,43,7,960,True
2108,11,30,15,960,True
2109,57,22,80,960,True
2110,96,57,271,960,False
2111,495,1,670,640,False
2112,496,1,671,960,True
2113,42,26,61,960,False
2114,209,12,291,960,True
2115,126,18,174,960,True
2116,10,11,14,960,False
2117,162,10,223,960,True
2118,162,10,223,960,True
2119,105,15,145,960,False
2120,41,218,3,960,False
2121,51,30,564,960,False
2122,74,21,104,960,True
2123,11,30,15,960,True
2124,158,5,218,640,True
2125,96,57,672,960,True
2126,42,26,61,960,True
2127,41,218,3,960,False
2128,129,14,180,960,True
2129,497,1,673,960,False
2130,498,1,674,960,False
2131,97,27,136,960,True
2132,24,246,68,960,False
2133,499,1,675,960,False
2134,106,78,637,960,False
2135,63,30,90,960,False
2136,73,55,42,640,False
2137,63,30,90,960,True
2138,373,2,513,640,False
2139,234,3,332,960,True
2140,176,5,248,960,False
2141,106,78,31,960,True
2142,152,8,210,960,True
2143,397,67,54,640,False
2144,500,2,676,960,False
2145,171,24,677,960,False
2146,217,2,300,960,True
2147,60,71,47,960,False
2148,41,218,11,960,False
2149,18,6,22,960,True
2150,501,1,678,640,False
2151,139,18,192,960,True
2152,28,50,35,960,True
2153,41,218,60,960,False
2154,206,15,227,960,True
2155,502,2,679,960,False
2156,66,6,94,960,False
2157,73,55,42,640,True
2158,28,50,35,960,False
2159,265,4,378,960,True
2160,0,104,0,960,True
2161,60,71,159,960,True
2162,25,16,30,960,True
2163,226,3,315,960,False
2164,503,1,680,640,False
2165,504,1,681,960,False
2166,183,24,256,960,True
2167,43,20,62,960,False
2168,397,67,2,640,True
2169,278,7,398,960,False
2170,41,218,11,960,False
2171,117,3,160,960,False
2172,0,104,0,960,True
2173,1,24,1,960,True
2174,222,4,308,960,False
2175,329,12,321,960,True
2176,88,11,121,960,False
2177,397,67,2,640,True
2178,505,5,682,960,False
2179,41,218,11,960,False
2180,545,25,683,960,True
2181,85,3,119,960,True
2182,0,104,0,960,True
2183,0,104,0,960,True
2184,147,78,78,960,False
2185,0,104,0,960,True
2186,24,246,684,960,False
2187,0,104,0,960,True
2188,94,8,132,960,False
2189,24,246,68,960,False
2190,279,3,399,960,True
2191,506,2,685,640,False
2192,47,3,67,960,True
2193,397,67,2,640,False
2194,106,78,31,960,True
2195,507,2,686,960,True
2196,358,9,495,960,False
2197,508,1,687,960,False
2198,32,6,45,640,False
2199,106,78,31,960,True
2200,165,19,592,960,True
2201,509,1,688,960,True
2202,230,2,323,640,True
2203,0,104,0,960,True
2204,467,6,636,960,True
2205,51,30,350,960,True
2206,27,25,34,960,False
2207,327,3,456,960,True
2208,144,49,198,960,True
2209,454,6,689,960,True
2210,11,30,15,960,True
2211,510,2,690,960,True
2212,96,57,691,960,True
2213,106,78,31,960,True
2214,89,45,125,960,True
2215,60,71,159,960,True
2216,73,55,103,640,True
2217,41,218,60,960,True
2218,267,10,382,960,True
2219,391,22,43,960,True
2220,511,1,692,640,True
2221,60,71,47,960,True
2222,24,246,114,960,True
2223,203,7,281,640,True
2224,545,25,366,960,True
2225,0,104,0,960,True
2226,28,50,35,960,True
2227,12,34,16,960,True
2228,313,5,439,960,False
2229,200,2,277,960,True
2230,152,8,210,960,True
2231,145,18,381,960,True
2232,98,7,649,960,True
2233,512,1,693,960,True
2234,397,67,54,640,True
2235,513,1,694,640,True
2236,41,218,60,960,True
2237,147,78,78,960,True
2238,25,16,30,960,True
2239,45,20,107,960,True
2240,279,3,399,960,True
2241,63,30,90,960,True
2242,379,12,519,640,True
2243,88,11,121,960,True
2244,0,104,0,960,True
2245,42,26,61,960,True
2246,213,6,296,960,True
2247,397,67,2,640,False
2248,97,27,136,960,True
2249,15,4,19,960,True
2250,56,8,79,960,True
2251,60,71,47,960,True
2252,379,12,226,640,True
2253,0,104,0,960,True
2254,41,218,11,960,True
2255,137,4,189,960,True
2256,41,218,238,960,True
2257,64,25,91,960,True
2258,454,6,689,960,True
2259,41,218,3,960,True
2260,24,246,114,960,True
2261,57,22,50,960,True
2262,90,8,126,960,True
2263,435,3,588,960,False
2264,203,7,281,640,True
2265,41,218,92,960,True
2266,206,15,163,960,True
2267,243,3,344,640,True
2268,11,30,15,960,True
2269,322,3,448,960,True
2270,46,37,66,960,True
2271,62,41,88,960,True
2272,161,3,222,960,True
2273,24,246,236,960,True
2274,240,8,340,960,True
2275,41,218,48,960,True
2276,397,67,2,640,True
2277,460,3,622,960,True
2278,206,15,286,960,True
2279,159,17,219,960,False
2280,9,19,13,640,True
2281,0,104,0,960,True
2282,454,6,689,960,True
2283,253,7,364,960,True
2284,63,30,90,960,True
2285,5,43,7,960,True
2286,514,2,695,960,True
2287,455,2,614,960,True
2288,43,20,62,960,True
2289,33,7,46,960,True
2290,515,1,696,640,True
2291,340,2,473,960,True
2292,144,49,26,960,True
2293,103,31,143,960,True
2294,213,6,296,960,True
2295,516,1,697,960,True
2296,240,8,340,960,True
2297,11,30,15,960,True
2298,96,57,134,960,True
2299,5,43,186,960,True
2300,171,24,635,960,True
2301,73,55,42,640,True
2302,106,78,31,960,True
2303,517,2,698,960,True
2304,166,13,232,960,True
2305,11,30,15,960,True
2306,177,33,570,960,True
2307,152,8,210,960,True
2308,475,20,280,960,True
2309,106,78,31,960,True
2310,63,30,90,960,True
2311,193,6,268,960,True
2312,114,19,155,960,True
2313,106,78,31,960,True
2314,12,34,16,960,True
2315,24,246,505,960,True
2316,0,104,0,960,True
2317,60,71,47,960,True
2318,224,12,313,960,True
2319,177,33,129,960,True
2320,24,246,412,960,True
2321,0,104,0,960,True
2322,60,71,159,960,True
2323,159,17,219,960,False
2324,152,8,210,960,True
2325,41,218,11,960,True
2326,518,1,699,960,True
2327,125,6,173,960,True
2328,167,3,235,960,True
2329,73,55,42,640,False
2330,162,10,223,960,True
2331,51,30,72,960,True
2332,519,1,700,640,True
2333,69,7,98,960,True
2334,24,246,430,960,True
2335,305,33,209,640,True
2336,272,83,179,960,True
2337,545,25,366,960,True
2338,171,24,449,960,True
2339,391,22,533,960,True
2340,211,4,293,960,True
2341,142,12,335,960,True
2342,24,246,241,960,True
2343,111,5,151,960,True
2344,63,30,90,960,True
2345,397,67,54,640,False
2346,31,35,77,960,True
2347,24,246,391,960,True
2348,371,5,611,960,True
2349,474,2,646,960,True
2350,0,104,0,960,True
2351,183,24,82,960,True
2352,251,7,360,960,True
2353,147,78,203,960,True
2354,35,12,51,960,True
2355,105,15,145,960,True
2356,454,6,612,960,True
2357,520,2,701,640,False
2358,49,10,70,960,True
2359,521,1,702,640,True
2360,177,33,570,960,True
2361,401,3,545,960,False
2362,522,1,703,960,True
2363,270,4,387,960,True
2364,51,30,477,960,True
2365,171,24,122,960,True
2366,24,246,68,960,True
2367,272,83,179,960,True
2368,523,1,704,640,True
2369,0,104,0,960,True
2370,9,19,13,640,True
2371,451,4,606,960,False
2372,397,67,2,640,True
2373,24,246,176,960,True
2374,272,83,179,960,True
2375,41,218,11,960,True
2376,524,1,705,960,True
2377,96,57,134,960,True
2378,272,83,179,960,True
2379,36,9,52,960,True
2380,24,246,29,960,True
2381,90,8,126,960,True
2382,321,2,447,960,True
2383,24,246,114,960,True
2384,183,24,256,960,True
2385,41,218,60,960,True
2386,51,30,349,960,True
2387,236,4,334,960,False
2388,24,246,68,960,True
2389,296,7,419,960,True
2390,31,35,77,960,True
2391,41,218,220,960,True
2392,12,34,16,960,True
2393,46,37,66,960,True
2394,525,1,706,960,True
2395,28,50,35,960,True
2396,60,71,47,960,True
2397,27,25,34,960,True
2398,28,50,35,960,True
2399,39,6,56,640,False
2400,43,20,62,960,True
2401,41,218,11,960,True
2402,24,246,707,960,True
2403,126,18,174,960,True
2404,24,246,391,960,True
2405,106,78,31,960,True
2406,31,35,77,960,True
2407,526,1,708,960,True
2408,193,6,268,960,True
2409,527,1,709,960,True
2410,64,25,91,960,True
2411,11,30,15,960,True
2412,42,26,85,960,True
2413,369,5,507,960,True
2414,90,8,126,960,True
2415,43,20,62,960,True
2416,296,7,419,960,True
2417,24,246,710,960,True
2418,56,8,79,960,True
2419,251,7,360,960,True
2420,528,1,711,960,True
2421,46,37,66,960,True
2422,381,4,521,640,True
2423,24,246,114,960,True
2424,64,25,91,960,True
2425,31,35,77,960,True
2426,42,26,85,960,True
2427,46,37,66,960,True
2428,529,1,712,960,True
2429,296,7,419,960,True
2430,0,104,0,960,True
2431,97,27,375,960,True
2432,89,45,125,960,True
2433,106,78,31,960,True
2434,475,20,336,960,True
2435,272,83,179,960,True
2436,194,4,269,960,True
2437,272,83,418,960,True
2438,530,4,713,960,True
2439,0,104,0,960,True
2440,531,1,714,960,True
2441,532,1,715,960,True
2442,272,83,179,960,True
2443,533,1,716,960,True
2444,135,20,199,960,True
2445,41,218,48,960,True
2446,42,26,61,960,True
2447,42,26,61,960,True
2448,41,218,11,960,True
2449,73,55,42,640,True
2450,114,19,155,960,True
2451,73,55,171,640,True
2452,251,7,360,960,True
2453,534,1,717,640,True
2454,397,67,351,640,True
2455,24,246,284,960,True
2456,379,12,226,640,True
2457,535,1,718,960,False
2458,483,2,658,960,False
2459,96,57,229,960,True
2460,397,67,2,640,True
2461,240,8,340,960,True
2462,0,104,0,960,True
2463,27,25,34,960,True
2464,397,67,2,640,True
2465,24,246,505,960,True
2466,286,7,407,960,True
2467,60,71,47,960,True
2468,183,24,256,960,True
2469,27,25,34,960,True
2470,216,4,299,960,True
2471,140,4,193,960,True
2472,60,71,159,960,True
2473,41,218,11,960,True
2474,249,5,358,960,True
2475,57,22,719,960,True
2476,272,83,179,960,True
2477,24,246,250,960,True
2478,60,71,47,960,True
2479,451,4,606,960,True
2480,5,43,7,960,True
2481,148,2,204,640,True
2482,159,17,219,960,True
2483,41,218,11,960,True
2484,272,83,179,960,True
2485,64,25,91,960,True
2486,41,218,3,960,True
2487,536,1,720,960,True
2488,67,4,95,960,True
2489,46,37,66,960,True
2490,125,6,173,960,True
2491,537,2,721,960,True
2492,41,218,11,960,True
2493,272,83,179,960,True
2494,538,5,722,960,True
2495,28,50,35,960,True
2496,24,246,610,960,True
2497,539,2,723,960,True
2498,73,55,42,640,True
2499,272,83,179,960,True
2500,139,18,192,960,True
2501,46,37,66,960,True
2502,0,104,0,960,True
2503,259,4,371,960,True
2504,337,4,469,640,True
2505,114,19,155,960,True
2506,41,218,238,960,True
2507,41,218,11,960,True
2508,0,104,0,960,True
2509,540,1,724,640,True
2510,541,1,725,640,True
2511,352,3,489,960,True
2512,106,78,305,960,True
2513,41,218,48,960,True
2514,41,218,60,960,True
2515,41,218,11,960,True
2516,147,78,78,960,True
2517,88,11,124,960,True
2518,226,3,315,960,True
2519,57,22,50,960,True
2520,539,2,723,960,True
2521,142,12,335,960,True
2522,41,218,48,960,True
2523,542,1,726,640,True
2524,305,33,209,640,True
2525,543,1,727,960,True
2526,131,5,182,960,True
2527,41,218,3,960,True
2528,544,1,728,960,True
2529,545,25,729,960,True
2530,546,1,730,640,True
2531,28,50,35,960,True
2532,1,24,329,960,True
2533,475,20,280,960,True
2534,106,78,31,960,True
2535,329,12,321,960,True
2536,60,71,159,960,True
2537,371,5,611,960,True
2538,181,5,254,960,True
2539,65,8,93,960,True
2540,0,104,0,960,True
2541,35,12,51,960,True
2542,24,246,458,960,True
2543,144,49,26,960,True
2544,165,19,592,960,True
2545,210,2,292,640,True
2546,175,5,247,960,True
2547,18,6,22,960,True
2548,60,71,47,960,True
2549,46,37,66,960,True
2550,27,25,34,960,True
2551,114,19,380,960,True
2552,28,50,35,960,True
2553,547,1,731,640,True
2554,89,45,435,960,True
2555,272,83,179,960,True
2556,24,246,505,960,True
2557,358,9,495,960,True
2558,147,78,167,960,True
2559,209,12,291,960,True
2560,106,78,31,960,True
2561,41,218,48,960,True
2562,105,15,145,960,True
2563,41,218,92,960,True
2564,105,15,145,960,True
2565,41,218,11,960,True
2566,74,21,104,960,True
2567,28,50,35,960,True
2568,548,1,732,640,True
2569,45,20,107,960,True
2570,549,3,733,960,True
2571,62,41,88,960,True
2572,305,33,734,960,True
2573,64,25,91,960,True
2574,355,6,492,640,True
2575,216,4,299,960,True
2576,329,12,460,960,True
2577,119,7,164,640,False
2578,97,27,136,960,True
2579,550,2,735,960,True
2580,41,218,238,960,True
2581,253,7,364,960,True
2582,193,6,268,960,True
2583,551,1,736,960,True
2584,103,31,143,960,True
2585,129,14,180,960,True
2586,0,104,0,960,True
2587,24,246,114,960,True
2588,35,12,51,960,True
2589,552,1,737,960,True
2590,41,218,60,960,True
2591,21,18,25,960,True
2592,139,18,192,960,True
2593,553,1,738,960,True
2594,41,218,3,960,True
2595,33,7,46,960,True
2596,494,2,669,640,True
2597,65,8,404,960,True
2598,0,104,0,960,True
2599,41,218,48,960,True
2600,1,24,329,960,False
2601,554,1,739,960,False
2602,145,18,381,960,False
2603,555,2,740,960,True
2604,556,1,741,960,False
2605,272,83,179,960,True
2606,24,246,176,960,True
2607,272,83,389,960,True
2608,12,34,16,960,True
2609,11,30,15,960,True
2610,24,246,201,960,False
2611,142,12,335,960,False
2612,24,246,29,960,False
2613,43,20,62,960,True
2614,27,25,34,960,True
2615,177,33,129,960,False
2616,41,218,11,960,False
2617,35,12,51,960,False
2618,62,41,88,960,True
2619,0,104,0,960,True
2620,183,24,82,960,False
2621,12,34,16,960,True
2622,57,22,80,960,False
2623,390,6,532,960,True
2624,24,246,114,960,True
2625,183,24,82,960,True
2626,43,20,62,960,False
2627,93,4,131,640,False
2628,397,67,351,640,False
2629,467,6,636,960,False
2630,93,4,131,640,False
2631,28,50,35,960,False
2632,545,25,729,960,True
2633,97,27,136,960,False
2634,557,1,742,640,False
2635,391,22,571,960,True
2636,558,1,743,960,False
2637,74,21,104,960,False
2638,28,50,35,960,False
2639,144,49,26,960,False
2640,64,25,91,960,True
2641,24,246,301,960,False
2642,391,22,43,960,False
2643,31,35,77,960,False
2644,139,18,192,960,False
2645,135,20,187,960,True
2646,24,246,96,960,True
2647,502,2,679,960,False
2648,94,8,132,960,True
2649,272,83,179,960,False
2650,63,30,90,960,False
2651,559,1,744,640,False
2652,459,6,100,960,True
2653,177,33,129,960,False
2654,401,3,545,960,False
2655,41,218,11,960,True
2656,243,3,344,640,True
2657,0,104,0,960,True
2658,207,5,288,960,False
2659,90,8,126,960,True
2660,31,35,77,960,False
2661,41,218,11,960,False
2662,142,12,335,960,True
2663,350,2,487,960,False
2664,379,12,226,640,False
2665,126,18,174,960,True
2666,31,35,77,960,True
2667,103,31,143,960,True
2668,136,2,188,640,False
2669,347,3,483,960,False
2670,45,20,107,960,False
2671,514,2,695,960,True
2672,272,83,179,960,False
2673,28,50,35,960,False
2674,106,78,225,960,True
2675,24,246,745,960,False
2676,51,30,350,960,False
2677,24,246,558,960,False
2678,13,4,17,960,True
2679,106,78,31,960,True
2680,57,22,50,960,True
2681,560,1,746,960,False
2682,437,4,591,960,False
2683,475,20,9,960,False
2684,506,2,685,640,True
2685,153,3,211,960,True
2686,211,4,293,960,True
2687,162,10,223,960,True
2688,135,20,199,960,True
2689,32,6,45,640,True
2690,561,1,747,960,False
2691,389,3,531,960,True
2692,272,83,389,960,True
2693,24,246,304,960,False
2694,450,3,605,960,False
2695,562,1,748,960,True
2696,145,18,161,960,False
2697,454,6,689,960,False
2698,563,3,749,960,False
2699,128,5,177,960,True
2700,147,78,203,960,False
2701,164,4,228,960,True
2702,73,55,42,640,False
2703,43,20,62,960,False
2704,103,31,143,960,True
2705,74,21,104,960,False
2706,147,78,167,960,False
2707,207,5,288,960,False
2708,46,37,66,960,False
2709,97,27,136,960,False
2710,24,246,68,960,True
2711,205,8,750,640,False
2712,500,2,676,960,False
2713,103,31,143,960,True
2714,24,246,631,960,True
2715,208,2,290,640,False
2716,41,218,11,960,False
2717,564,1,751,640,True
2718,11,30,15,960,True
2719,166,13,191,960,True
2720,209,12,291,960,False
2721,106,78,31,960,True
2722,545,25,752,960,True
2723,24,246,114,960,False
2724,41,218,3,960,False
2725,177,33,570,960,True
2726,180,2,253,640,False
2727,166,13,191,960,True
2728,396,5,539,960,False
2729,41,218,48,960,False
2730,31,35,77,960,False
2731,565,1,753,960,True
2732,92,3,130,960,True
2733,89,45,435,960,True
2734,103,31,143,960,True
2735,566,1,754,960,True
2736,96,57,44,960,False
2737,433,2,585,960,False
2738,73,55,42,640,False
2739,159,17,219,960,False
2740,445,5,600,960,True
2741,147,78,273,960,False
2742,272,83,179,960,False
2743,567,1,755,960,True
2744,396,5,539,960,False
2745,24,246,68,960,False
2746,568,1,756,960,False
2747,278,7,398,960,True
2748,313,5,439,960,True
2749,569,1,757,960,True
2750,370,4,287,960,True
2751,253,7,364,960,True
2752,272,83,179,960,False
2753,103,31,143,960,True
2754,0,104,0,960,True
2755,74,21,104,960,True
2756,42,26,85,960,False
2757,147,78,78,960,True
2758,62,41,88,960,True
2759,107,9,147,960,True
2760,21,18,25,960,True
2761,400,5,758,960,True
2762,96,57,134,960,True
2763,733,248,384,640,True
2764,272,83,179,960,False
2765,73,55,42,640,True
2766,129,14,180,960,True
2767,73,55,103,640,True
2768,5,43,7,960,True
2769,69,7,98,960,False
2770,103,31,143,960,True
2771,24,246,391,960,False
2772,41,218,238,960,False
2773,5,43,7,960,True
2774,24,246,29,960,True
2775,24,246,68,960,False
2776,147,78,178,960,False
2777,28,50,35,960,True
2778,159,17,219,960,False
2779,24,246,589,960,False
2780,378,2,518,960,False
2781,5,43,7,960,True
2782,555,2,740,960,True
2783,475,20,280,960,False
2784,505,5,682,960,False
2785,144,49,26,960,False
2786,46,37,66,960,False
2787,89,45,125,960,False
2788,89,45,125,960,True
2789,563,3,749,960,False
2790,391,22,571,960,True
2791,1,24,1,960,True
2792,213,6,296,960,True
2793,24,246,710,960,False
2794,305,33,209,640,False
2795,545,25,366,960,True
2796,171,24,242,960,False
2797,166,13,191,960,True
2798,188,2,263,640,False
2799,168,11,347,960,True
2800,126,18,174,960,True
2801,570,1,759,960,False
2802,133,8,184,960,False
2803,122,7,169,960,True
2804,571,1,760,960,True
2805,183,24,256,960,True
2806,269,6,386,960,False
2807,144,49,26,960,True
2808,25,16,30,960,False
2809,339,4,472,960,True
2810,572,1,761,960,False
2811,249,5,358,960,False
2812,41,218,11,960,False
2813,24,246,707,960,False
2814,172,5,243,960,False
2815,144,49,26,960,False
2816,103,31,143,960,True
2817,510,2,690,960,True
2818,9,19,13,640,False
2819,331,3,462,960,True
2820,573,1,762,960,True
2821,391,22,571,960,False
2822,97,27,136,960,True
2823,209,12,291,960,True
2824,119,7,164,640,True
2825,1,24,1,960,False
2826,183,24,256,960,True
2827,400,5,763,960,True
2828,224,12,618,960,True
2829,174,3,246,960,True
2830,41,218,11,960,False
2831,41,218,11,960,False
2832,9,19,13,640,True
2833,106,78,637,960,True
2834,25,16,30,960,False
2835,574,1,764,960,True
2836,142,12,335,960,True
2837,575,1,765,960,True
2838,106,78,31,960,False
2839,34,3,49,960,False
2840,220,4,306,960,True
2841,40,2,59,960,True
2842,24,246,68,960,False
2843,41,218,48,960,True
2844,576,2,766,960,False
2845,577,1,767,960,True
2846,139,18,192,960,True
2847,24,246,331,960,True
2848,45,20,107,960,False
2849,41,218,3,960,False
2850,31,35,77,960,False
2851,578,1,768,960,False
2852,106,78,467,960,True
2853,24,246,68,960,False
2854,317,2,443,960,False
2855,530,4,713,960,True
2856,579,1,769,960,False
2857,175,5,84,960,True
2858,147,78,78,960,False
2859,145,18,200,960,True
2860,0,104,0,960,True
2861,459,6,621,960,True
2862,64,25,91,960,False
2863,31,35,77,960,False
2864,396,5,539,960,True
2865,580,2,770,960,True
2866,74,21,104,960,True
2867,581,1,771,640,False
2868,103,31,143,960,True
2869,41,218,60,960,False
2870,397,67,2,640,False
2871,135,20,187,960,True
2872,147,78,78,960,True
2873,24,246,610,960,True
2874,21,18,25,960,True
2875,25,16,30,960,False
2876,103,31,143,960,True
2877,147,78,541,960,True
2878,89,45,125,960,True
2879,62,41,88,960,True
2880,397,67,772,640,True
2881,41,218,60,960,True
2882,57,22,50,960,False
2883,80,2,113,960,True
2884,99,5,138,960,True
2885,144,49,26,960,False
2886,46,37,66,960,False
2887,305,33,581,960,False
2888,24,246,304,960,False
2889,162,10,324,960,True
2890,403,2,547,960,False
2891,272,83,179,960,False
2892,582,1,773,960,True
2893,51,30,477,960,False
2894,48,3,69,960,True
2895,41,218,48,960,False
2896,57,22,719,960,True
2897,583,1,774,960,False
2898,46,37,66,960,True
2899,114,19,380,960,True
2900,346,3,482,960,True
2901,584,1,775,960,True
2902,75,2,105,960,True
2903,24,246,68,960,True
2904,119,7,164,640,True
2905,131,5,182,960,True
2906,530,4,713,960,True
2907,337,4,469,640,True
2908,73,55,42,640,False
2909,2,3,4,960,False
2910,397,67,351,640,True
2911,144,49,26,960,True
2912,60,71,47,960,True
2913,24,246,96,960,True
2914,24,246,176,960,True
2915,71,8,101,960,False
2916,585,1,776,640,True
2917,147,78,78,960,True
2918,0,104,0,960,True
2919,139,18,192,960,True
2920,586,1,777,640,True
2921,28,50,35,960,False
2922,46,37,66,960,False
2923,272,83,179,960,True
2924,15,4,19,960,True
2925,24,246,610,960,True
2926,152,8,210,960,True
2927,24,246,778,960,True
2928,305,33,209,640,False
2929,329,12,321,960,True
2930,142,12,335,960,True
2931,28,50,35,960,False
2932,195,2,270,960,True
2933,46,37,66,960,False
2934,97,27,136,960,True
2935,397,67,639,640,True
2936,177,33,570,960,True
2937,0,104,0,960,True
2938,87,8,123,960,False
2939,36,9,52,960,True
2940,147,78,78,960,False
2941,47,3,67,960,True
2942,28,50,35,960,False
2943,545,25,752,960,False
2944,587,1,779,640,True
2945,132,6,183,960,False
2946,62,41,88,960,True
2947,369,5,507,960,True
2948,147,78,78,960,True
2949,41,218,11,960,False
2950,41,218,11,960,True
2951,147,78,167,960,False
2952,96,57,229,960,True
2953,62,41,88,960,True
2954,0,104,0,960,True
2955,272,83,179,960,True
2956,5,43,7,960,True
2957,358,9,495,960,True
2958,530,4,713,960,True
2959,391,22,43,960,True
2960,122,7,169,960,False
2961,177,33,129,960,True
2962,337,4,469,640,True
2963,35,12,51,960,True
2964,24,246,68,960,False
2965,507,2,686,960,True
2966,588,2,780,640,True
2967,213,6,296,960,False
2968,589,2,781,960,True
2969,173,3,245,640,False
2970,397,67,351,640,True
2971,43,20,62,960,False
2972,12,34,16,960,True
2973,590,1,782,960,True
2974,365,3,502,960,False
2975,362,6,499,960,True
2976,114,19,155,960,False
2977,41,218,3,960,False
2978,183,24,82,960,True
2979,62,41,88,960,True
2980,165,19,58,960,False
2981,320,15,39,640,False
2982,89,45,125,960,True
2983,271,3,388,960,True
2984,24,246,505,960,True
2985,272,83,179,960,True
2986,322,3,448,960,True
2987,481,2,656,960,True
2988,176,5,248,960,True
2989,253,7,364,960,False
2990,11,30,15,960,True
2991,64,25,91,960,False
2992,591,1,783,640,False
2993,165,19,480,960,True
2994,0,104,0,960,True
2995,41,218,3,960,False
2996,24,246,458,960,False
2997,0,104,0,960,True
2998,194,4,269,960,False
2999,1,24,348,960,False
3000,168,11,784,960,True
3001,1449,12,785,640,True
3002,592,1,786,640,True
3003,646,250,787,960,True
3004,593,1,788,1080,True
3005,594,1,789,1080,False
3006,733,248,790,960,True
3007,595,1,791,720,True
3008,596,1,792,640,True
3009,597,4,793,960,True
3010,646,250,794,960,False
3011,965,161,795,640,False
3012,598,3,796,640,True
3013,599,1,797,960,True
3014,646,250,787,960,True
3015,600,5,798,960,True
3016,601,1,799,1080,False
3017,602,4,800,960,True
3018,693,29,801,960,True
3019,733,248,802,960,True
3020,603,3,803,1600,True
3021,604,1,804,1080,False
3022,605,2,805,640,True
3023,606,1,806,1080,False
3024,673,4,807,960,True
3025,733,248,808,960,False
3026,607,2,809,640,True
3027,608,1,810,640,True
3028,609,6,811,1600,True
3029,733,248,790,960,False
3030,610,1,812,960,True
3031,733,248,808,960,False
3032,611,2,813,1600,True
3033,612,3,814,960,True
3034,613,1,815,1600,True
3035,614,5,816,640,True
3036,965,161,817,640,True
3037,615,6,818,960,True
3038,616,8,819,640,True
3039,617,7,820,960,True
3040,618,1,821,720,True
3041,619,1,822,640,True
3042,620,1,823,960,True
3043,621,3,824,960,True
3044,622,6,825,960,True
3045,623,1,826,1080,True
3046,624,23,827,960,True
3047,625,1,828,1600,False
3048,626,1,829,960,True
3049,627,58,830,960,True
3050,628,4,831,640,True
3051,869,81,832,960,True
3052,609,6,811,1600,True
3053,744,11,833,960,True
3054,629,27,834,960,True
3055,630,1,835,640,True
3056,631,15,836,960,True
3057,632,2,837,960,True
3058,646,250,787,960,True
3059,978,11,838,960,True
3060,633,2,839,640,True
3061,922,6,840,960,True
3062,634,6,841,960,True
3063,635,1,842,960,False
3064,636,1,843,1080,False
3065,646,250,844,960,True
3066,637,1,845,1080,True
3067,638,6,846,640,False
3068,639,8,847,640,False
3069,1903,100,848,960,True
3070,640,5,849,960,True
3071,641,7,850,960,True
3072,642,1,851,640,False
3073,643,1,852,1600,True
3074,644,6,853,960,True
3075,645,2,854,640,False
3076,646,250,855,960,True
3077,647,3,856,960,True
3078,646,250,787,960,True
3079,648,3,857,640,True
3080,624,23,858,960,True
3081,649,19,859,960,True
3082,650,4,860,960,True
3083,651,12,861,640,True
3084,652,4,862,960,False
3085,653,10,863,640,True
3086,654,38,864,960,True
3087,830,72,865,960,True
3088,655,1,866,1080,True
3089,627,58,830,960,True
3090,1002,9,867,640,False
3091,656,1,868,1080,True
3092,657,1,869,1080,True
3093,658,1,870,640,True
3094,1903,100,871,640,True
3095,659,1,872,1080,True
3096,660,11,873,960,True
3097,661,3,874,960,True
3098,638,6,846,640,True
3099,662,7,875,960,True
3100,663,12,876,960,True
3101,649,19,859,960,True
3102,1281,5,877,640,True
3103,664,1,878,640,False
3104,665,8,879,960,True
3105,666,6,880,1080,True
3106,667,1,881,640,False
3107,668,3,882,640,False
3108,669,1,883,1080,True
3109,670,1,884,1080,True
3110,671,1,885,960,True
3111,672,3,886,640,True
3112,673,4,887,960,True
3113,1192,18,888,960,True
3114,674,6,889,960,True
3115,675,1,890,1600,True
3116,676,1,891,720,False
3117,1162,19,892,960,True
3118,677,1,893,1600,True
3119,678,3,894,640,True
3120,679,12,895,640,True
3121,680,1,896,640,False
3122,654,38,864,960,True
3123,681,1,897,960,True
3124,646,250,787,960,True
3125,609,6,811,1600,True
3126,682,2,898,960,True
3127,683,1,899,1600,True
3128,733,248,900,960,True
3129,684,4,901,640,True
3130,733,248,902,960,True
3131,646,250,787,960,True
3132,902,12,903,960,True
3133,685,3,904,960,True
3134,686,7,905,960,True
3135,687,50,906,960,True
3136,1006,12,907,960,True
3137,688,3,908,640,True
3138,689,1,909,960,False
3139,690,1,910,640,False
3140,691,5,911,640,True
3141,692,1,912,720,False
3142,1727,17,913,960,True
3143,693,29,914,640,True
3144,810,17,915,640,True
3145,694,3,916,960,True
3146,695,2,917,960,True
3147,646,250,787,960,True
3148,1903,100,918,960,False
3149,687,50,906,960,True
3150,1313,6,919,960,True
3151,696,1,920,1080,True
3152,697,1,921,640,True
3153,698,3,922,640,False
3154,965,161,923,640,True
3155,699,1,924,1080,True
3156,700,2,925,1080,True
3157,701,6,926,960,True
3158,733,248,808,960,True
3159,733,248,802,960,True
3160,702,1,927,720,False
3161,1162,19,928,960,True
3162,703,5,929,640,False
3163,647,3,856,960,True
3164,1121,14,930,640,True
3165,965,161,795,640,False
3166,704,6,931,640,True
3167,705,6,932,960,True
3168,706,1,933,640,False
3169,965,161,795,640,True
3170,654,38,864,960,True
3171,707,13,934,640,False
3172,708,1,935,640,True
3173,646,250,787,960,True
3174,709,1,936,1080,True
3175,710,4,937,640,False
3176,1903,100,871,640,True
3177,711,6,938,1600,True
3178,712,3,939,640,True
3179,713,4,940,960,True
3180,965,161,941,640,False
3181,714,21,942,960,True
3182,715,3,943,960,True
3183,716,7,944,960,True
3184,717,10,945,960,True
3185,744,11,833,960,True
3186,733,248,946,960,True
3187,1903,100,947,960,False
3188,1121,14,948,640,True
3189,718,1,949,1080,True
3190,719,3,950,1600,True
3191,720,2,951,960,True
3192,721,1,952,1600,True
3193,722,1,953,1080,True
3194,627,58,954,960,True
3195,723,1,955,1080,True
3196,724,7,956,960,True
3197,661,3,874,960,True
3198,725,1,957,960,True
3199,726,2,958,640,True
3200,727,1,959,1600,True
3201,728,2,960,640,True
3202,729,9,961,640,True
3203,830,72,865,960,True
3204,730,7,962,960,True
3205,731,6,963,640,False
3206,732,4,964,960,True
3207,733,248,965,960,False
3208,734,1,966,1080,False
3209,597,4,793,960,False
3210,609,6,811,1600,False
3211,1292,11,967,640,False
3212,684,4,901,640,False
3213,735,1,968,1600,True
3214,733,248,946,960,False
3215,869,81,969,960,True
3216,646,250,855,960,False
3217,736,3,970,960,True
3218,737,1,971,640,False
3219,738,1,972,720,True
3220,739,5,973,960,True
3221,687,50,906,960,False
3222,1903,100,918,960,False
3223,740,6,974,640,False
3224,741,1,975,960,True
3225,742,1,976,1600,False
3226,869,81,977,960,False
3227,743,1,978,720,False
3228,744,11,979,960,False
3229,745,1,980,640,False
3230,733,248,981,960,True
3231,746,4,982,960,False
3232,747,5,983,960,True
3233,748,4,984,960,True
3234,749,1,985,960,True
3235,750,22,986,960,True
3236,624,23,858,960,True
3237,707,13,934,640,False
3238,869,81,977,960,True
3239,965,161,795,640,False
3240,751,4,987,640,True
3241,752,9,988,960,False
3242,1903,100,989,960,False
3243,753,1,990,720,False
3244,754,3,991,960,True
3245,755,1,992,1080,True
3246,756,3,993,640,True
3247,1250,23,994,960,False
3248,757,4,995,640,True
3249,646,250,787,960,False
3250,758,4,996,960,False
3251,759,1,997,640,False
3252,760,5,998,640,False
3253,761,3,999,640,False
3254,1121,14,930,640,True
3255,762,1,1000,960,True
3256,829,8,1001,1600,False
3257,763,6,1002,640,False
3258,965,161,817,640,False
3259,764,9,1003,960,True
3260,668,3,882,640,False
3261,629,27,834,960,True
3262,930,4,1004,960,True
3263,965,161,795,640,True
3264,733,248,1005,960,False
3265,646,250,787,960,False
3266,765,8,1006,640,False
3267,766,5,1007,960,True
3268,869,81,977,960,True
3269,1208,6,1008,960,True
3270,767,4,1009,640,False
3271,768,5,1010,1080,True
3272,733,248,1011,960,False
3273,769,3,1012,640,False
3274,770,1,1013,1080,True
3275,771,2,1014,1080,False
3276,772,4,1015,1080,True
3277,651,12,861,640,False
3278,773,1,1016,640,False
3279,774,2,1017,960,False
3280,687,50,906,960,False
3281,965,161,795,640,False
3282,775,3,1018,1080,True
3283,1903,100,871,640,False
3284,776,2,1019,1600,False
3285,777,1,1020,960,False
3286,778,15,1021,960,True
3287,779,1,1022,960,True
3288,780,1,1023,1080,True
3289,810,17,915,640,True
3290,641,7,850,960,True
3291,781,1,1024,640,True
3292,782,1,1025,1080,False
3293,640,5,849,960,False
3294,783,1,1026,1080,True
3295,784,4,1027,640,False
3296,785,11,1028,640,False
3297,786,10,1029,960,True
3298,733,248,902,960,False
3299,787,1,1030,640,True
3300,788,1,1031,640,False
3301,789,10,1032,640,False
3302,790,1,1033,640,True
3303,693,29,801,960,True
3304,791,2,1034,960,True
3305,792,1,1035,1600,True
3306,793,1,1036,640,False
3307,794,10,1037,640,True
3308,830,72,1038,960,True
3309,1754,14,1039,640,False
3310,795,1,1040,960,True
3311,796,5,1041,640,False
3312,797,12,1042,640,False
3313,798,6,1043,960,True
3314,810,17,915,640,False
3315,799,1,1044,960,False
3316,1903,100,989,960,False
3317,800,1,1045,1080,True
3318,801,5,1046,960,False
3319,802,2,1047,1080,False
3320,803,3,1048,640,False
3321,629,27,1049,960,True
3322,733,248,900,960,False
3323,804,3,1050,960,True
3324,600,5,798,960,True
3325,805,3,1051,960,True
3326,806,17,1052,960,True
3327,807,15,1053,640,False
3328,808,1,1054,960,True
3329,809,2,1055,640,True
3330,810,17,1056,640,False
3331,811,2,1057,1600,True
3332,733,248,790,960,True
3333,812,1,1058,1600,True
3334,786,10,1029,960,True
3335,830,72,1059,960,True
3336,869,81,977,960,False
3337,813,4,1060,960,True
3338,814,6,1061,960,False
3339,815,8,1062,640,False
3340,816,1,1063,960,True
3341,817,4,1064,960,True
3342,817,4,1064,960,True
3343,694,3,916,960,True
3344,818,1,1065,960,False
3345,819,2,1066,640,False
3346,820,1,1067,960,True
3347,821,1,1068,960,True
3348,822,3,1069,960,True
3349,823,5,1070,960,True
3350,824,2,1071,1080,False
3351,825,5,1072,960,True
3352,826,9,1073,960,True
3353,830,72,1074,960,False
3354,806,17,1052,960,True
3355,733,248,946,960,True
3356,965,161,923,640,False
3357,687,50,906,960,True
3358,965,161,941,640,False
3359,1318,15,1075,960,True
3360,827,1,1076,1600,True
3361,828,1,1077,1600,False
3362,829,8,1078,1600,True
3363,830,72,1079,960,True
3364,831,1,1080,960,True
3365,832,1,1081,640,False
3366,710,4,937,640,False
3367,965,161,941,640,False
3368,833,12,1082,1600,True
3369,834,8,1083,640,False
3370,835,3,1084,960,True
3371,836,4,1085,960,True
3372,837,3,1086,640,True
3373,965,161,1087,640,False
3374,838,1,1088,640,False
3375,839,1,1089,640,False
3376,840,3,1090,960,True
3377,733,248,902,960,False
3378,841,3,1091,960,True
3379,842,25,1092,960,True
3380,646,250,787,960,True
3381,665,8,879,960,False
3382,965,161,1093,640,True
3383,843,13,1094,640,False
3384,646,250,787,960,False
3385,844,1,1095,1080,True
3386,845,1,1096,960,False
3387,846,1,1097,960,False
3388,847,2,1098,640,False
3389,1124,11,1099,960,True
3390,848,3,1100,640,False
3391,665,8,879,960,False
3392,666,6,880,1080,False
3393,822,3,1069,960,True
3394,849,21,1101,640,False
3395,850,6,1102,1080,False
3396,851,1,1103,960,True
3397,852,2,1104,640,True
3398,853,1,1105,960,False
3399,854,3,1106,960,True
3400,768,5,1010,1080,True
3401,855,4,1107,960,True
3402,856,6,1108,960,True
3403,654,38,864,960,True
3404,617,7,820,960,True
3405,733,248,1109,960,True
3406,857,3,1110,960,True
3407,858,9,1111,960,True
3408,627,58,1112,960,True
3409,859,1,1113,1080,True
3410,1375,10,1114,960,True
3411,860,1,1115,1080,True
3412,861,3,1116,1600,True
3413,754,3,991,960,True
3414,862,10,1117,960,True
3415,863,1,1118,640,True
3416,864,1,1119,720,True
3417,733,248,802,960,True
3418,865,1,1120,1600,True
3419,733,248,1121,960,True
3420,866,8,1122,960,True
3421,867,2,1123,960,True
3422,646,250,787,960,True
3423,868,1,1124,1080,True
3424,869,81,1125,960,True
3425,646,250,787,960,True
3426,715,3,943,960,True
3427,870,1,1126,640,True
3428,871,81,1127,960,True
3429,872,2,1128,1600,True
3430,873,1,1129,1080,True
3431,874,1,1130,720,True
3432,875,2,1131,960,True
3433,876,1,1132,1080,True
3434,877,3,1133,720,True
3435,878,1,1134,1600,True
3436,750,22,1135,960,True
3437,879,3,1136,960,True
3438,880,5,1137,960,True
3439,881,4,1138,960,True
3440,716,7,944,960,True
3441,880,5,1137,960,True
3442,882,3,1139,1080,True
3443,883,1,1140,1600,True
3444,884,1,1141,1080,True
3445,814,6,1061,960,True
3446,885,1,1142,960,True
3447,877,3,1133,720,True
3448,886,3,1143,960,True
3449,887,1,1144,640,True
3450,644,6,853,960,True
3451,733,248,1109,960,True
3452,830,72,1059,960,True
3453,1375,10,1114,960,True
3454,888,3,1145,960,True
3455,889,1,1146,960,True
3456,612,3,814,960,True
3457,890,1,1147,1080,True
3458,627,58,1112,960,True
3459,891,1,1148,640,True
3460,892,1,1149,1600,True
3461,893,4,1150,960,True
3462,894,2,1151,960,True
3463,750,22,1152,960,True
3464,1903,100,947,960,True
3465,801,5,1153,960,True
3466,895,2,1154,960,True
3467,896,2,1155,960,True
3468,649,19,859,960,True
3469,624,23,858,960,True
3470,646,250,787,960,True
3471,897,3,1156,640,True
3472,700,2,925,1080,True
3473,649,19,859,960,True
3474,646,250,787,960,True
3475,687,50,906,960,True
3476,871,81,1157,960,True
3477,898,1,1158,640,True
3478,674,6,889,960,True
3479,899,2,1159,960,True
3480,900,1,1160,960,True
3481,901,1,1161,960,True
3482,902,12,1162,960,True
3483,733,248,946,960,True
3484,903,1,1163,640,True
3485,904,4,1164,960,True
3486,881,4,1138,960,True
3487,905,2,1165,1080,True
3488,906,2,1166,960,True
3489,907,1,1167,960,True
3490,687,50,906,960,True
3491,908,1,1168,960,True
3492,909,1,1169,960,True
3493,687,50,906,960,True
3494,910,19,1170,960,True
3495,823,5,1070,960,True
3496,629,27,1171,960,True
3497,911,2,1172,960,True
3498,686,7,905,960,True
3499,912,2,1173,960,True
3500,913,2,1174,1600,True
3501,914,1,1175,640,True
3502,915,1,1176,720,False
3503,916,4,1177,960,True
3504,744,11,833,960,True
3505,917,9,1178,960,True
3506,918,2,1179,1600,True
3507,869,81,977,960,True
3508,693,29,801,960,True
3509,919,1,1180,1080,True
3510,920,1,1181,960,True
3511,871,81,1157,960,True
3512,776,2,1019,1600,True
3513,830,72,1059,960,True
3514,921,13,1182,1080,True
3515,825,5,1072,960,True
3516,922,6,1183,960,True
3517,654,38,864,960,True
3518,733,248,902,960,True
3519,733,248,790,960,True
3520,2314,4,1184,1080,True
3521,923,2,1185,960,True
3522,750,22,1135,960,True
3523,924,10,1186,960,True
3524,925,8,1187,960,True
3525,926,1,1188,1600,True
3526,927,2,1189,960,True
3527,928,2,1190,960,True
3528,778,15,1021,960,True
3529,744,11,833,960,True
3530,929,1,1191,960,True
3531,930,4,1192,960,True
3532,649,19,859,960,True
3533,716,7,944,960,True
3534,627,58,830,960,True
3535,931,5,1193,1600,True
3536,733,248,802,960,True
3537,932,8,1194,960,True
3538,933,1,1195,1600,True
3539,934,1,1196,1080,True
3540,925,8,1187,960,True
3541,924,10,1186,960,True
3542,935,1,1197,960,True
3543,936,1,1198,720,True
3544,937,3,1199,960,True
3545,869,81,1200,960,True
3546,932,8,1194,960,True
3547,662,7,875,960,True
3548,938,1,1201,640,True
3549,1903,100,918,960,True
3550,939,1,1202,640,True
3551,940,3,1203,640,False
3552,712,3,939,640,True
3553,871,81,1127,960,True
3554,646,250,787,960,False
3555,904,4,1164,960,True
3556,830,72,1204,960,True
3557,747,5,983,960,True
3558,653,10,863,640,False
3559,941,3,1205,960,False
3560,942,4,1206,960,True
3561,797,12,1207,640,False
3562,733,248,790,960,True
3563,943,1,1208,640,False
3564,944,2,1209,640,False
3565,945,1,1210,1080,True
3566,946,1,1211,1080,True
3567,947,1,1212,640,False
3568,948,2,1213,960,True
3569,949,1,1214,640,True
3570,950,1,1215,1080,True
3571,951,1,1216,960,False
3572,952,1,1217,640,True
3573,646,250,855,960,True
3574,660,11,873,960,True
3575,880,5,1137,960,True
3576,953,1,1218,1080,True
3577,746,4,982,960,False
3578,954,1,1219,640,False
3579,778,15,1220,960,True
3580,1754,14,1039,640,True
3581,687,50,906,960,True
3582,955,1,1221,640,True
3583,956,2,1222,1600,True
3584,942,4,1206,960,True
3585,649,19,859,960,True
3586,707,13,934,640,True
3587,957,1,1223,960,True
3588,958,21,1224,960,False
3589,733,248,808,960,False
3590,806,17,1052,960,True
3591,959,1,1225,960,False
3592,701,6,926,960,True
3593,960,2,1226,960,True
3594,729,9,961,640,True
3595,961,4,1227,960,True
3596,629,27,1228,960,True
3597,962,2,1229,1600,False
3598,965,161,1230,640,False
3599,963,2,1231,640,True
3600,661,3,874,960,True
3601,646,250,787,960,True
3602,733,248,790,960,True
3603,964,2,1232,640,True
3604,627,58,1112,960,True
3605,965,161,1233,640,False
3606,966,1,1234,640,True
3607,967,1,1235,1080,False
3608,646,250,787,960,True
3609,968,3,1236,960,True
3610,871,81,1157,960,True
3611,969,1,1237,960,True
3612,651,12,1238,640,True
3613,965,161,795,640,True
3614,970,2,1239,1080,True
3615,971,2,1240,960,True
3616,653,10,863,640,False
3617,646,250,787,960,True
3618,972,1,1241,1080,True
3619,646,250,787,960,True
3620,973,1,1242,640,False
3621,665,8,879,960,False
3622,974,8,1243,640,True
3623,975,1,1244,640,True
3624,976,4,1245,960,True
3625,977,1,1246,1080,False
3626,978,11,1247,960,True
3627,979,1,1248,960,True
3628,980,1,1249,1080,True
3629,842,25,1092,960,True
3630,981,1,1250,1080,False
3631,758,4,996,960,False
3632,982,1,1251,1600,True
3633,983,1,1252,960,True
3634,984,1,1253,640,False
3635,985,4,1254,960,True
3636,986,1,1255,1600,True
3637,866,8,1122,960,True
3638,646,250,787,960,True
3639,987,1,1256,1080,True
3640,988,11,1257,960,True
3641,989,7,1258,640,False
3642,990,2,1259,960,True
3643,991,1,1260,720,True
3644,882,3,1139,1080,False
3645,794,10,1037,640,False
3646,719,3,950,1600,True
3647,717,10,945,960,True
3648,992,1,1261,960,True
3649,993,12,1262,960,True
3650,994,1,1263,960,True
3651,736,3,970,960,True
3652,965,161,795,640,False
3653,995,1,1264,1080,True
3654,996,4,1265,640,False
3655,797,12,1207,640,False
3656,806,17,1052,960,False
3657,997,3,1266,960,True
3658,998,4,1267,960,True
3659,733,248,1109,960,True
3660,999,4,1268,960,True
3661,646,250,787,960,True
3662,1000,1,1269,1080,True
3663,1001,1,1270,960,True
3664,646,250,855,960,True
3665,993,12,1262,960,True
3666,1002,9,1271,640,False
3667,1003,1,1272,1080,True
3668,1004,3,1273,960,True
3669,794,10,1037,640,True
3670,687,50,906,960,True
3671,1005,7,1274,1600,True
3672,1006,12,1275,960,True
3673,1903,100,989,960,True
3674,1342,5,1276,960,True
3675,1007,7,1277,960,True
3676,1008,1,1278,640,False
3677,1009,1,1279,1080,True
3678,1010,2,1280,960,True
3679,632,2,837,960,True
3680,1903,100,918,960,True
3681,646,250,855,960,True
3682,646,250,1281,960,True
3683,627,58,830,960,True
3684,931,5,1193,1600,True
3685,1011,5,1282,640,False
3686,1012,2,1283,960,True
3687,829,8,1078,1600,True
3688,855,4,1107,960,True
3689,614,5,816,640,True
3690,826,9,1073,960,True
3691,1013,2,1284,960,True
3692,1014,6,1285,960,True
3693,1015,3,1286,640,False
3694,937,3,1199,960,True
3695,1016,1,1287,640,True
3696,869,81,1288,960,False
3697,1803,25,1289,640,True
3698,1017,1,1290,640,True
3699,1903,100,947,960,True
3700,1018,3,1291,640,False
3701,1019,1,1292,960,True
3702,641,7,1293,960,True
3703,627,58,830,960,True
3704,1020,3,1294,960,True
3705,924,10,1186,960,True
3706,1021,1,1295,640,True
3707,1250,23,994,960,True
3708,1022,1,1296,960,True
3709,1023,1,1297,720,True
3710,1024,5,1298,640,True
3711,1025,1,1299,640,True
3712,663,12,876,960,True
3713,733,248,1300,640,True
3714,806,17,1052,960,True
3715,1826,5,1301,640,False
3716,624,23,1302,960,True
3717,1026,3,1303,960,True
3718,1027,11,1304,640,True
3719,1028,1,1305,1600,True
3720,1153,6,1306,640,True
3721,993,12,1262,960,True
3722,922,6,1183,960,True
3723,1029,1,1307,960,True
3724,965,161,817,640,False
3725,627,58,1112,960,True
3726,627,58,954,960,True
3727,1030,2,1308,1600,True
3728,1903,100,947,960,True
3729,627,58,1112,960,True
3730,1031,7,1309,640,False
3731,1032,1,1310,960,True
3732,1903,100,918,960,True
3733,1033,1,1311,960,False
3734,1006,12,1275,960,True
3735,693,29,801,960,True
3736,1034,4,1312,640,True
3737,797,12,1207,640,False
3738,1035,4,1313,960,True
3739,1031,7,1309,640,True
3740,1036,1,1314,960,False
3741,646,250,1315,960,True
3742,1037,1,1316,1080,True
3743,646,250,855,960,True
3744,1038,1,1317,720,True
3745,1039,1,1318,640,True
3746,646,250,787,960,True
3747,733,248,1121,960,True
3748,965,161,1087,640,True
3749,1040,3,1319,960,True
3750,765,8,1006,640,True
3751,1041,1,1320,1080,True
3752,1042,1,1321,720,False
3753,1043,3,1322,640,True
3754,1027,11,1304,640,False
3755,1044,1,1323,640,False
3756,1045,1,1324,960,True
3757,627,58,1112,960,False
3758,1046,2,1325,640,False
3759,1047,2,1326,960,True
3760,1048,1,1327,640,False
3761,733,248,790,960,True
3762,1049,1,1328,1600,True
3763,1050,1,1329,1600,True
3764,1051,3,1330,960,True
3765,794,10,1037,640,False
3766,1052,2,1331,960,True
3767,1053,6,1332,1080,False
3768,965,161,795,640,False
3769,646,250,787,960,False
3770,1054,7,1333,960,True
3771,1055,1,1334,640,True
3772,1056,1,1335,960,True
3773,1057,1,1336,1080,True
3774,910,19,1337,960,True
3775,1058,1,1338,960,True
3776,1059,2,1339,960,True
3777,778,15,1220,960,True
3778,646,250,1281,960,False
3779,1060,1,1340,640,False
3780,917,9,1178,960,False
3781,1318,15,1075,960,True
3782,1061,3,1341,960,True
3783,733,248,1109,960,True
3784,794,10,1037,640,True
3785,646,250,787,960,True
3786,869,81,1342,960,False
3787,1062,1,1343,1600,False
3788,869,81,1344,960,False
3789,1063,1,1345,1080,False
3790,1064,1,1346,1080,True
3791,1065,1,1347,960,True
3792,651,12,861,640,False
3793,767,4,1009,640,True
3794,896,2,1155,960,True
3795,1066,2,1348,640,False
3796,1903,100,871,640,True
3797,1067,1,1349,960,True
3798,834,8,1350,640,False
3799,1068,1,1351,1080,True
3800,1069,2,1352,960,True
3801,1070,8,1353,960,True
3802,1014,6,1285,960,True
3803,614,5,816,640,True
3804,804,3,1050,960,True
3805,1071,11,1354,960,True
3806,1072,1,1355,1080,False
3807,1073,1,1356,640,True
3808,646,250,787,960,False
3809,917,9,1178,960,True
3810,628,4,831,640,True
3811,965,161,1230,640,False
3812,646,250,787,960,False
3813,1074,1,1357,1080,True
3814,965,161,817,640,False
3815,1075,4,1358,960,False
3816,714,21,942,960,True
3817,1076,1,1359,1080,True
3818,1077,1,1360,1080,False
3819,1078,1,1361,1600,True
3820,1079,1,1362,1080,True
3821,1080,5,1363,960,False
3822,830,72,1204,960,False
3823,921,13,1364,1080,True
3824,1081,1,1365,640,False
3825,1082,2,1366,640,False
3826,701,6,926,960,True
3827,830,72,1367,960,False
3828,1903,100,989,960,True
3829,1903,100,871,640,True
3830,965,161,795,640,False
3831,1083,1,1368,1080,False
3832,1303,7,1369,960,True
3833,848,3,1100,640,False
3834,965,161,941,640,False
3835,687,50,906,960,True
3836,1124,11,1099,960,True
3837,1084,5,1370,960,True
3838,1803,25,1289,640,False
3839,1742,7,1371,640,False
3840,1085,1,1372,720,False
3841,733,248,902,960,True
3842,830,72,1373,960,False
3843,1086,1,1374,720,True
3844,1087,1,1375,1600,True
3845,1088,1,1376,960,False
3846,1089,4,1377,960,True
3847,1903,100,947,960,True
3848,646,250,855,960,True
3849,1090,1,1378,1080,False
3850,693,29,801,960,True
3851,627,58,830,960,True
3852,1091,3,1379,640,True
3853,1092,4,1380,960,True
3854,603,3,803,1600,False
3855,1093,1,1381,960,True
3856,1094,1,1382,960,True
3857,707,13,934,640,False
3858,1903,100,989,960,False
3859,1004,3,1273,960,False
3860,1095,12,1383,960,True
3861,869,81,1125,960,False
3862,1220,8,1384,960,True
3863,654,38,864,960,False
3864,1096,1,1385,960,False
3865,631,15,836,960,True
3866,733,248,1300,640,False
3867,993,12,1262,960,True
3868,998,4,1386,960,False
3869,1097,1,1387,640,True
3870,693,29,801,960,True
3871,1124,11,1388,960,True
3872,842,25,1092,960,True
3873,1903,100,918,960,True
3874,965,161,1233,640,False
3875,1098,2,1389,1080,False
3876,1099,1,1390,1600,True
3877,1100,1,1391,1600,True
3878,1803,25,1289,640,True
3879,1903,100,947,960,True
3880,1101,1,1392,640,True
3881,1102,3,1393,640,False
3882,646,250,787,960,False
3883,965,161,817,640,False
3884,733,248,790,960,True
3885,764,9,1003,960,True
3886,627,58,954,960,True
3887,646,250,787,960,False
3888,646,250,787,960,False
3889,1103,1,1394,960,False
3890,1104,1,1395,960,True
3891,1105,2,1396,960,True
3892,1106,1,1397,960,True
3893,1107,1,1398,1080,False
3894,733,248,808,960,False
3895,1108,1,1399,960,True
3896,1109,1,1400,960,False
3897,1110,1,1401,1600,True
3898,1111,1,1402,960,True
3899,1112,1,1403,640,False
3900,1113,1,1404,960,True
3901,1114,2,1405,960,False
3902,1115,1,1406,640,True
3903,1116,2,1407,640,True
3904,869,81,1408,960,True
3905,1117,2,1409,1080,True
3906,1002,9,1271,640,False
3907,807,15,1053,640,False
3908,704,6,931,640,False
3909,965,161,1410,640,False
3910,1027,11,1304,640,False
3911,1012,2,1283,960,True
3912,1754,14,1411,640,True
3913,806,17,1052,960,True
3914,1118,4,1412,1600,True
3915,1119,1,1413,960,False
3916,965,161,795,640,False
3917,1120,1,1414,640,True
3918,646,250,787,960,False
3919,627,58,1112,960,True
3920,871,81,1157,960,True
3921,1121,14,1415,640,False
3922,1122,4,1416,640,False
3923,1123,3,1417,640,True
3924,1124,11,1418,960,True
3925,646,250,787,960,True
3926,1125,2,1419,640,False
3927,1126,1,1420,1080,True
3928,1127,4,1421,640,False
3929,1015,3,1286,640,False
3930,862,10,1117,960,True
3931,1128,7,1422,960,False
3932,965,161,941,640,False
3933,1129,3,1423,640,False
3934,1130,1,1424,640,True
3935,1006,12,907,960,True
3936,1131,1,1425,1080,True
3937,652,4,1426,960,True
3938,1132,1,1427,1080,True
3939,1133,1,1428,720,True
3940,825,5,1072,960,True
3941,646,250,787,960,False
3942,921,13,1429,1080,True
3943,871,81,1127,960,True
3944,1134,1,1430,1080,True
3945,627,58,1112,960,False
3946,748,4,1431,960,True
3947,1135,8,1432,960,True
3948,1136,4,1433,960,True
3949,1137,1,1434,960,True
3950,1138,1,1435,640,True
3951,1139,2,1436,960,True
3952,856,6,1108,960,False
3953,1140,2,1437,1600,True
3954,869,81,969,960,True
3955,857,3,1110,960,True
3956,1141,3,1438,640,True
3957,729,9,1439,640,False
3958,733,248,808,960,False
3959,869,81,832,960,True
3960,1142,1,1440,1080,True
3961,1143,2,1441,640,False
3962,1144,8,1442,640,True
3963,750,22,1152,960,True
3964,1145,2,1443,1080,True
3965,733,248,1121,960,True
3966,1146,1,1444,960,True
3967,646,250,787,960,True
3968,651,12,861,640,True
3969,1903,100,918,960,False
3970,663,12,876,960,True
3971,1147,1,1445,1600,True
3972,1148,9,1446,640,False
3973,1149,2,1447,960,True
3974,1150,3,1448,960,True
3975,1151,1,1449,640,False
3976,1152,1,1450,640,True
3977,1153,6,1451,640,False
3978,1154,1,1452,1080,True
3979,842,25,1092,960,True
3980,1155,4,1453,960,False
3981,1449,12,785,640,False
3982,1156,7,1454,640,False
3983,1903,100,989,960,True
3984,841,3,1091,960,True
3985,1157,1,1455,1600,False
3986,1158,4,1456,640,True
3987,1159,1,1457,1600,True
3988,881,4,1138,960,False
3989,1160,1,1458,1080,True
3990,733,248,946,960,False
3991,1014,6,1285,960,True
3992,1161,2,1459,960,False
3993,1162,19,1460,960,True
3994,646,250,787,960,True
3995,1163,2,1461,960,True
3996,646,250,855,960,True
3997,1164,4,1462,640,False
3998,1165,1,1463,640,True
3999,1166,1,1464,1080,True
4000,1167,1,1465,640,True
4001,843,13,1094,640,True
4002,758,4,1466,960,True
4003,1168,1,1467,1600,True
4004,1169,1,1468,640,True
4005,1170,4,1469,960,False
4006,624,23,858,960,True
4007,1171,1,1470,1600,True
4008,1172,1,1471,1080,True
4009,733,248,900,960,True
4010,1173,1,1472,640,True
4011,1047,2,1326,960,True
4012,855,4,1107,960,True
4013,1174,2,1473,640,True
4014,965,161,1087,640,False
4015,1175,1,1474,640,False
4016,1176,1,1475,640,True
4017,715,3,943,960,True
4018,843,13,1094,640,True
4019,1177,1,1476,960,True
4020,1080,5,1477,960,False
4021,1178,1,1478,720,True
4022,1179,1,1479,1080,True
4023,1180,3,1480,640,False
4024,1181,1,1481,1600,True
4025,1182,1,1482,640,True
4026,1183,1,1483,720,True
4027,1184,3,1484,960,False
4028,1185,2,1485,960,True
4029,1186,1,1486,640,False
4030,1187,1,1487,1080,True
4031,1903,100,947,960,True
4032,1188,3,1488,640,True
4033,629,27,834,960,True
4034,644,6,1489,960,True
4035,724,7,956,960,True
4036,740,6,974,640,True
4037,1189,1,1490,640,False
4038,397,67,1491,640,True
4039,646,250,787,960,True
4040,1190,1,1492,960,True
4041,1191,1,1493,1080,True
4042,747,5,1494,960,False
4043,1091,3,1379,640,True
4044,651,12,861,640,False
4045,750,22,1135,960,True
4046,1192,18,1495,960,True
4047,850,6,1496,1080,True
4048,1193,1,1497,640,True
4049,1194,1,1498,1080,True
4050,826,9,1073,960,True
4051,1195,1,1499,1600,True
4052,1196,1,1500,1080,True
4053,687,50,906,960,False
4054,1197,1,1501,1600,True
4055,1198,3,1502,640,True
4056,733,248,900,960,True
4057,1199,1,1503,720,True
4058,1200,1,1504,640,True
4059,1201,1,1505,960,True
4060,627,58,1112,960,True
4061,1202,1,1506,960,True
4062,778,15,1220,960,True
4063,1203,18,1507,960,True
4064,1204,1,1508,1080,True
4065,1203,18,1507,960,True
4066,1205,3,1509,960,True
4067,1206,1,1510,1080,True
4068,1207,1,1511,960,True
4069,1091,3,1379,640,True
4070,1208,6,1512,960,True
4071,1209,1,1513,960,True
4072,989,7,1258,640,True
4073,1210,2,1514,1080,True
4074,1210,2,1514,1080,True
4075,1211,1,1515,1080,False
4076,1027,11,1304,640,True
4077,871,81,1127,960,True
4078,826,9,1073,960,True
4079,1212,1,1516,640,True
4080,624,23,858,960,True
4081,1903,100,848,960,True
4082,1213,1,1517,960,True
4083,1214,5,1518,640,True
4084,872,2,1128,1600,True
4085,1215,1,1519,1600,False
4086,1216,1,1520,960,False
4087,1217,1,1521,1080,True
4088,1218,1,1522,960,True
4089,1219,3,1523,1080,False
4090,835,3,1084,960,True
4091,1220,8,1524,960,True
4092,1122,4,1416,640,True
4093,660,11,873,960,True
4094,862,10,1117,960,True
4095,1221,1,1525,960,True
4096,1222,1,1526,1080,True
4097,1223,1,1527,1600,False
4098,1224,2,1528,960,True
4099,1225,1,1529,1080,True
4100,1226,1,1530,960,False
4101,817,4,1531,960,True
4102,1227,5,1532,960,True
4103,662,7,875,960,True
4104,646,250,855,960,True
4105,1228,6,1533,640,True
4106,1229,1,1534,1600,True
4107,1230,3,1535,960,True
4108,1231,1,1536,1600,True
4109,1232,1,1537,960,True
4110,1233,1,1538,1080,True
4111,1234,7,1539,960,False
4112,665,8,879,960,True
4113,1235,1,1540,640,True
4114,1236,2,1541,640,False
4115,1237,1,1542,640,True
4116,869,81,1543,960,False
4117,1238,6,1544,640,False
4118,1239,2,1545,640,True
4119,1240,6,1546,640,True
4120,1241,1,1547,640,True
4121,1242,1,1548,960,True
4122,1004,3,1273,960,True
4123,1243,1,1549,640,True
4124,615,6,818,960,False
4125,1136,4,1433,960,True
4126,965,161,817,640,True
4127,1244,1,1550,1080,True
4128,1245,1,1551,640,False
4129,730,7,962,960,True
4130,687,50,906,960,True
4131,842,25,1092,960,True
4132,1246,3,1552,1080,True
4133,1247,1,1553,1080,True
4134,1248,1,1554,640,False
4135,833,12,1555,1600,True
4136,687,50,906,960,True
4137,1249,3,1556,960,True
4138,965,161,1087,640,True
4139,1250,23,1557,960,True
4140,687,50,906,960,True
4141,1251,3,1558,1080,True
4142,733,248,1559,960,False
4143,687,50,906,960,True
4144,1252,2,1560,960,True
4145,1121,14,1415,640,True
4146,833,12,1082,1600,True
4147,1253,2,1561,640,True
4148,1254,1,1562,960,True
4149,730,7,962,960,True
4150,1255,1,1563,960,True
4151,1256,1,1564,960,True
4152,96,57,229,960,True
4153,18,6,22,960,True
4154,12,34,16,960,True
4155,106,78,1565,960,True
4156,91,6,127,960,True
4157,186,10,260,960,True
4158,588,2,780,640,False
4159,221,6,307,960,False
4160,41,218,48,960,False
4161,57,22,50,960,True
4162,549,3,733,960,False
4163,1257,1,1566,640,True
4164,272,83,179,960,False
4165,467,6,636,960,False
4166,106,78,31,960,False
4167,209,12,291,960,False
4168,1,24,1,960,True
4169,183,24,82,960,True
4170,25,16,30,960,True
4171,61,4,87,640,True
4172,10,11,14,960,True
4173,397,67,351,640,True
4174,1258,2,1567,960,False
4175,147,78,156,960,False
4176,147,78,78,960,True
4177,272,83,179,960,True
4178,465,5,627,960,True
4179,397,67,295,640,True
4180,220,4,306,960,True
4181,52,6,73,960,True
4182,144,49,26,960,False
4183,64,25,91,960,False
4184,388,3,529,960,True
4185,209,12,291,960,False
4186,288,3,409,960,False
4187,9,19,13,640,True
4188,1259,1,1568,640,False
4189,177,33,570,960,True
4190,236,4,334,960,False
4191,305,33,89,960,True
4192,142,12,335,960,True
4193,42,26,1569,960,True
4194,41,218,11,960,True
4195,60,71,159,960,True
4196,42,26,85,960,True
4197,126,18,174,960,True
4198,145,18,381,960,True
4199,537,2,721,960,True
4200,1260,2,1570,960,True
4201,250,6,359,960,False
4202,1261,1,1571,960,True
4203,397,67,2,640,True
4204,144,49,26,960,False
4205,41,218,48,960,True
4206,0,104,0,960,True
4207,207,5,288,960,False
4208,24,246,114,960,True
4209,733,248,316,640,True
4210,106,78,1572,960,True
4211,41,218,11,960,False
4212,24,246,128,960,False
4213,45,20,107,960,False
4214,10,11,14,960,False
4215,167,3,235,960,True
4216,140,4,193,960,False
4217,482,2,657,960,False
4218,550,2,735,960,False
4219,11,30,15,960,False
4220,480,4,655,960,True
4221,374,3,514,960,True
4222,305,33,734,960,False
4223,1262,1,1573,960,True
4224,183,24,256,960,True
4225,545,25,261,960,True
4226,41,218,11,960,False
4227,428,4,166,960,True
4228,41,218,220,960,False
4229,31,35,77,960,True
4230,203,7,281,640,False
4231,193,6,268,960,False
4232,1263,1,1574,640,False
4233,51,30,586,960,True
4234,364,3,501,960,False
4235,103,31,143,960,True
4236,0,104,0,960,True
4237,147,78,203,960,True
4238,1264,1,1575,960,False
4239,21,18,25,960,False
4240,24,246,284,960,False
4241,63,30,90,960,True
4242,0,104,0,960,True
4243,545,25,366,960,True
4244,41,218,92,960,True
4245,106,78,31,960,True
4246,166,13,191,960,False
4247,139,18,192,960,True
4248,52,6,73,960,False
4249,83,2,117,960,False
4250,24,246,68,960,False
4251,1265,1,1576,960,False
4252,194,4,269,960,False
4253,24,246,304,960,True
4254,98,7,1577,960,True
4255,362,6,499,960,True
4256,60,71,159,960,True
4257,272,83,179,960,True
4258,28,50,35,960,True
4259,399,2,543,960,False
4260,24,246,96,960,True
4261,144,49,198,960,False
4262,24,246,391,960,True
4263,24,246,108,960,False
4264,24,246,201,960,False
4265,28,50,35,960,True
4266,41,218,60,960,False
4267,63,30,90,960,True
4268,139,18,192,960,True
4269,1266,1,1578,960,True
4270,49,10,70,960,True
4271,269,6,386,960,True
4272,24,246,304,960,False
4273,397,67,196,640,False
4274,24,246,558,960,True
4275,164,4,228,960,True
4276,229,2,322,960,True
4277,51,30,477,960,False
4278,73,55,42,640,True
4279,308,2,433,960,False
4280,24,246,141,960,True
4281,272,83,179,960,True
4282,96,57,229,960,False
4283,24,246,68,960,True
4284,31,35,77,960,True
4285,451,4,606,960,False
4286,147,78,541,960,True
4287,1267,1,1579,960,True
4288,142,12,335,960,True
4289,305,33,209,640,False
4290,272,83,179,960,True
4291,517,2,698,960,True
4292,147,78,167,960,False
4293,467,6,636,960,False
4294,42,26,85,960,True
4295,320,15,446,640,True
4296,1268,1,1580,960,True
4297,106,78,31,960,True
4298,11,30,15,960,True
4299,1269,1,1581,960,False
4300,107,9,147,960,True
4301,89,45,125,960,True
4302,66,6,94,960,False
4303,320,15,39,640,True
4304,116,5,158,960,True
4305,133,8,184,960,True
4306,107,9,147,960,False
4307,1270,1,1582,960,False
4308,33,7,46,960,False
4309,144,49,26,960,False
4310,24,246,511,960,True
4311,545,25,683,960,True
4312,248,2,355,960,True
4313,179,3,252,960,False
4314,277,3,397,640,False
4315,159,17,219,960,False
4316,318,3,444,960,True
4317,224,12,313,960,True
4318,41,218,60,960,True
4319,60,71,159,960,False
4320,129,14,180,960,False
4321,147,78,273,960,False
4322,27,25,34,960,True
4323,74,21,104,960,False
4324,147,78,78,960,True
4325,326,3,455,960,False
4326,60,71,47,960,False
4327,478,2,652,960,False
4328,24,246,114,960,False
4329,22,3,27,960,True
4330,142,12,335,960,True
4331,400,5,763,960,True
4332,267,10,382,960,True
4333,41,218,92,960,False
4334,76,4,109,960,False
4335,130,2,181,960,True
4336,1271,1,1583,640,True
4337,94,8,132,960,False
4338,257,2,369,640,False
4339,125,6,173,960,False
4340,177,33,249,960,True
4341,177,33,129,960,True
4342,505,5,40,960,False
4343,41,218,92,960,False
4344,11,30,15,960,True
4345,57,22,80,960,False
4346,272,83,179,960,True
4347,35,12,51,960,False
4348,1272,1,1584,960,True
4349,0,104,0,960,True
4350,24,246,304,960,True
4351,1127,4,1421,640,False
4352,1006,12,907,960,True
4353,1273,1,1585,1080,True
4354,1129,3,1423,640,False
4355,704,6,931,640,False
4356,1274,1,1586,960,False
4357,1275,1,1587,720,False
4358,646,250,787,960,False
4359,965,161,795,640,False
4360,1276,1,1588,640,True
4361,646,250,787,960,False
4362,1277,1,1589,960,True
4363,1278,1,1590,960,True
4364,1279,1,1591,640,False
4365,1280,1,1592,960,False
4366,1281,5,1593,640,True
4367,1282,3,1594,640,True
4368,1283,1,1595,720,False
4369,842,25,1092,960,True
4370,729,9,961,640,False
4371,1284,1,1596,960,True
4372,1285,3,1597,640,False
4373,1286,1,1598,960,True
4374,647,3,856,960,True
4375,1102,3,1393,640,False
4376,1287,1,1599,1080,True
4377,1288,1,1600,960,True
4378,646,250,787,960,False
4379,1289,2,1601,960,True
4380,1826,5,1301,640,False
4381,1903,100,918,960,True
4382,786,10,1029,960,False
4383,733,248,946,960,True
4384,1290,1,1602,1080,True
4385,1291,1,1603,640,False
4386,707,13,934,640,False
4387,1292,11,1604,640,False
4388,1293,1,1605,1080,False
4389,1294,1,1606,640,True
4390,1295,2,1607,960,True
4391,764,9,1003,960,True
4392,1296,1,1608,640,False
4393,1297,1,1609,640,False
4394,829,8,1610,1600,True
4395,1298,2,1611,640,False
4396,1299,3,1612,960,True
4397,866,8,1122,960,True
4398,918,2,1179,1600,True
4399,1300,1,1613,1600,False
4400,789,10,1032,640,True
4401,1301,1,1614,640,False
4402,1302,1,1615,1600,True
4403,740,6,974,640,False
4404,1303,7,1616,960,True
4405,766,5,1007,960,True
4406,646,250,787,960,True
4407,646,250,855,960,True
4408,1304,3,1617,640,False
4409,965,161,817,640,False
4410,650,4,860,960,True
4411,679,12,895,640,False
4412,1305,1,1618,960,False
4413,654,38,864,960,True
4414,1306,1,1619,640,False
4415,869,81,832,960,False
4416,646,250,787,960,True
4417,1903,100,947,960,False
4418,1180,3,1480,640,True
4419,733,248,1121,960,True
4420,1307,1,1620,1080,True
4421,806,17,1052,960,True
4422,733,248,808,960,False
4423,1308,1,1621,1080,True
4424,1309,3,1622,640,False
4425,1095,12,1383,960,True
4426,1310,1,1623,640,False
4427,1311,1,1624,1080,False
4428,1312,2,1625,1080,True
4429,1313,6,1626,960,True
4430,733,248,946,960,False
4431,687,50,906,960,False
4432,1314,1,1627,640,True
4433,1010,2,1280,960,True
4434,1315,3,1628,960,False
4435,1316,10,1629,960,True
4436,1144,8,1630,640,False
4437,1317,1,1631,1080,False
4438,932,8,1194,960,True
4439,1318,15,1632,960,True
4440,733,248,946,960,True
4441,1319,2,1633,640,False
4442,965,161,1087,640,False
4443,627,58,1112,960,False
4444,1320,2,1634,1080,True
4445,965,161,817,640,False
4446,1321,1,1635,1080,True
4447,1903,100,989,960,True
4448,1322,1,1636,640,True
4449,646,250,787,960,False
4450,1376,10,1637,960,True
4451,1234,7,1638,960,False
4452,1323,1,1639,960,True
4453,1324,1,1640,960,True
4454,1449,12,785,640,False
4455,649,19,859,960,False
4456,1325,1,1641,1600,True
4457,1326,2,1642,640,False
4458,1327,1,1643,640,True
4459,1328,1,1644,1080,True
4460,1061,3,1341,960,True
4461,1203,18,1507,960,True
4462,1329,1,1645,1080,True
4463,1330,8,1646,960,True
4464,1331,2,1647,640,True
4465,1332,3,1648,640,False
4466,965,161,795,640,True
4467,965,161,795,640,True
4468,1333,1,1649,1080,True
4469,646,250,1650,960,True
4470,1334,1,1651,640,True
4471,1335,1,1652,720,True
4472,1336,3,1653,640,False
4473,1337,4,1654,1080,True
4474,1338,2,1655,1600,True
4475,397,67,1491,640,False
4476,1339,1,1656,960,False
4477,1340,1,1657,640,False
4478,1135,8,1432,960,True
4479,1148,9,1446,640,False
4480,1341,5,1658,960,True
4481,1342,5,1659,960,True
4482,1343,2,1660,1600,True
4483,830,72,865,960,True
4484,871,81,1661,960,False
4485,1344,2,1662,960,True
4486,687,50,906,960,False
4487,1345,1,1663,960,True
4488,1346,1,1664,960,True
4489,1347,2,1665,960,True
4490,646,250,787,960,True
4491,1348,1,1666,1600,True
4492,1349,4,1667,960,True
4493,646,250,855,960,False
4494,842,25,1092,960,True
4495,871,81,1157,960,True
4496,1350,4,1668,960,True
4497,1351,1,1669,1080,True
4498,1352,4,1670,640,False
4499,1353,7,1671,960,True
4500,810,17,915,640,False
4501,1236,2,1541,640,False
4502,1354,3,1672,1080,True
4503,1355,2,1673,640,False
4504,1356,1,1674,1600,False
4505,1357,3,1675,960,True
4506,1358,2,1676,640,True
4507,829,8,1610,1600,True
4508,1357,3,1675,960,True
4509,815,8,1062,640,False
4510,1359,1,1677,960,True
4511,830,72,865,960,True
4512,1360,1,1678,640,False
4513,711,6,938,1600,True
4514,924,10,1186,960,True
4515,687,50,906,960,False
4516,1361,1,1679,1600,False
4517,1249,3,1556,960,True
4518,978,11,838,960,True
4519,830,72,1059,960,False
4520,1014,6,1285,960,True
4521,687,50,906,960,False
4522,744,11,833,960,True
4523,646,250,794,960,False
4524,1362,2,1680,960,True
4525,711,6,938,1600,False
4526,965,161,1230,640,False
4527,1363,1,1681,640,True
4528,1364,5,1682,960,True
4529,629,27,834,960,True
4530,757,4,995,640,False
4531,646,250,787,960,False
4532,622,6,825,960,False
4533,965,161,817,640,False
4534,1365,1,1683,640,True
4535,1366,5,1684,960,True
4536,1367,1,1685,720,False
4537,1368,1,1686,1080,True
4538,1369,2,1687,960,False
4539,1071,11,1688,960,True
4540,836,4,1085,960,False
4541,1370,1,1689,640,False
4542,1371,2,1690,960,True
4543,756,3,993,640,False
4544,1372,1,1691,640,False
4545,965,161,1692,640,True
4546,654,38,864,960,True
4547,646,250,787,960,False
4548,687,50,906,960,False
4549,646,250,787,960,False
4550,877,3,1133,720,True
4551,1373,1,1693,1080,True
4552,1374,1,1694,640,True
4553,748,4,1431,960,False
4554,841,3,1091,960,False
4555,1375,10,1695,960,True
4556,917,9,1178,960,False
4557,733,248,790,960,False
4558,646,250,787,960,False
4559,760,5,998,640,True
4560,850,6,1496,1080,False
4561,733,248,902,960,False
4562,1376,10,1696,960,True
4563,1377,2,1697,640,True
4564,856,6,1108,960,False
4565,1378,1,1698,960,True
4566,733,248,808,960,False
4567,1071,11,1688,960,True
4568,1379,1,1699,960,False
4569,1380,1,1700,720,True
4570,1381,2,1701,640,True
4571,616,8,819,640,True
4572,807,15,1053,640,True
4573,965,161,817,640,False
4574,1382,2,1702,640,True
4575,1383,2,1703,640,False
4576,733,248,1121,960,True
4577,1384,3,1704,1600,True
4578,629,27,1049,960,True
4579,869,81,969,960,False
4580,931,5,1193,1600,False
4581,1250,23,1705,960,True
4582,1385,1,1706,960,True
4583,1007,7,1277,960,True
4584,1386,1,1707,720,False
4585,866,8,1122,960,True
4586,614,5,816,640,True
4587,965,161,1230,640,False
4588,1387,1,1708,720,False
4589,1388,1,1709,960,False
4590,1389,2,1710,960,True
4591,733,248,1011,960,False
4592,629,27,1049,960,True
4593,1390,1,1711,720,False
4594,802,2,1047,1080,False
4595,1250,23,994,960,True
4596,1391,1,1712,960,True
4597,679,12,895,640,True
4598,830,72,1059,960,True
4599,985,4,1713,960,True
4600,806,17,1052,960,True
4601,693,29,801,960,False
4602,961,4,1227,960,True
4603,713,4,940,960,False
4604,1005,7,1274,1600,True
4605,1392,2,1714,640,False
4606,1393,4,1715,960,True
4607,1281,5,1593,640,True
4608,1394,1,1716,1600,True
4609,651,12,861,640,False
4610,1395,11,1717,1600,False
4611,1396,6,1718,640,False
4612,778,15,1220,960,True
4613,622,6,825,960,True
4614,1397,1,1719,640,False
4615,1398,1,1720,640,True
4616,654,38,864,960,True
4617,717,10,1721,960,True
4618,1399,1,1722,1600,False
4619,1400,3,1723,1600,False
4620,665,8,879,960,False
4621,1238,6,1544,640,False
4622,1123,3,1417,640,False
4623,965,161,1230,640,False
4624,641,7,850,960,True
4625,2021,5,1724,960,True
4626,674,6,889,960,True
4627,629,27,1171,960,True
4628,1401,1,1725,1600,True
4629,1402,1,1726,1600,True
4630,1162,19,1727,960,True
4631,965,161,795,640,True
4632,1376,10,1696,960,False
4633,646,250,1315,960,False
4634,1403,1,1728,960,False
4635,1404,1,1729,1080,False
4636,1192,18,1495,960,False
4637,1405,1,1730,640,False
4638,1406,4,1731,640,False
4639,1318,15,1632,960,True
4640,1407,1,1732,960,True
4641,1366,5,1684,960,True
4642,616,8,819,640,True
4643,925,8,1187,960,True
4644,1408,1,1733,640,False
4645,654,38,864,960,True
4646,1409,1,1734,720,False
4647,1410,1,1735,640,False
4648,1803,25,1736,640,False
4649,965,161,1692,640,True
4650,910,19,1170,960,True
4651,1411,1,1737,960,True
4652,1412,2,1738,640,True
4653,1413,2,1739,640,True
4654,765,8,1006,640,True
4655,1330,8,1646,960,True
4656,1414,1,1740,960,True
4657,1250,23,994,960,True
4658,1415,1,1741,1080,True
4659,871,81,1127,960,True
4660,673,4,807,960,True
4661,869,81,1742,960,True
4662,1449,12,1743,640,False
4663,733,248,1121,960,True
4664,862,10,1117,960,True
4665,807,15,1053,640,False
4666,842,25,1092,960,True
4667,1416,5,1744,1080,True
4668,925,8,1187,960,True
4669,1417,2,1745,960,True
4670,1418,1,1746,1600,True
4671,1419,1,1747,640,True
4672,627,58,830,960,False
4673,629,27,1049,960,True
4674,1420,2,1748,640,False
4675,693,29,801,960,True
4676,778,15,1220,960,True
4677,638,6,846,640,True
4678,1421,1,1749,960,True
4679,1422,2,1750,640,False
4680,1118,4,1412,1600,True
4681,1903,100,989,960,True
4682,916,4,1177,960,False
4683,1423,1,1751,640,False
4684,1424,3,1752,640,False
4685,646,250,1315,960,True
4686,1425,2,1753,1080,True
4687,1203,18,1507,960,False
4688,646,250,787,960,True
4689,1426,8,1754,960,True
4690,965,161,795,640,False
4691,1427,2,1755,960,True
4692,917,9,1178,960,True
4693,786,10,1029,960,True
4694,1428,1,1756,1080,False
4695,875,2,1131,960,False
4696,1375,10,1114,960,True
4697,1043,3,1322,640,True
4698,1429,1,1757,1600,True
4699,1430,1,1758,960,False
4700,1431,1,1759,1080,False
4701,1432,4,1760,960,False
4702,1353,7,1761,960,True
4703,1433,1,1762,640,False
4704,1434,1,1763,1080,False
4705,1435,1,1764,640,True
4706,1436,1,1765,1080,True
4707,833,12,1082,1600,True
4708,833,12,1082,1600,True
4709,1437,2,1766,960,True
4710,965,161,1233,640,True
4711,1438,1,1767,640,True
4712,646,250,787,960,True
4713,691,5,911,640,True
4714,660,11,873,960,True
4715,764,9,1003,960,True
4716,1439,1,1768,640,True
4717,687,50,906,960,True
4718,752,9,988,960,False
4719,1440,3,1769,640,False
4720,1441,1,1770,960,False
4721,1442,2,1771,960,False
4722,834,8,1772,640,False
4723,842,25,1092,960,False
4724,1903,100,947,960,False
4725,869,81,1344,960,False
4726,785,11,1028,640,True
4727,1443,2,1773,640,True
4728,974,8,1243,640,False
4729,1444,4,1774,960,True
4730,1445,1,1775,640,False
4731,1446,1,1776,960,False
4732,1447,4,1777,960,True
4733,1448,3,1778,640,True
4734,849,21,1779,640,True
4735,1449,12,1780,640,True
4736,1450,3,1781,640,False
4737,1903,100,1782,960,False
4738,1451,1,1783,720,False
4739,1452,3,1784,960,False
4740,666,6,1785,1080,False
4741,733,248,790,960,True
4742,682,2,898,960,True
4743,858,9,1111,960,False
4744,1453,1,1786,1600,True
4745,1454,1,1787,960,False
4746,806,17,1052,960,True
4747,1338,2,1655,1600,True
4748,1455,1,1788,960,False
4749,1456,1,1789,640,False
4750,826,9,1073,960,False
4751,646,250,787,960,True
4752,1457,2,1790,1080,True
4753,993,12,1262,960,True
4754,733,248,808,960,False
4755,830,72,1791,960,True
4756,627,58,954,960,True
4757,1458,1,1792,1600,True
4758,1459,1,1793,960,True
4759,739,5,973,960,True
4760,837,3,1086,640,False
4761,654,38,864,960,True
4762,1460,2,1794,1080,True
4763,1461,1,1795,960,True
4764,1462,2,1796,960,True
4765,686,7,905,960,False
4766,1463,1,1797,1080,True
4767,1464,1,1798,640,True
4768,1465,4,1799,640,True
4769,965,161,795,640,True
4770,646,250,787,960,True
4771,965,161,817,640,False
4772,1466,1,1800,1080,True
4773,646,250,787,960,True
4774,646,250,844,960,True
4775,1011,5,1282,640,False
4776,1467,1,1801,960,False
4777,1468,2,1802,1600,False
4778,1469,1,1803,1600,True
4779,869,81,1200,960,True
4780,1336,3,1653,640,False
4781,646,250,787,960,False
4782,965,161,817,640,True
4783,1470,1,1804,1080,True
4784,1471,1,1805,1080,True
4785,1228,6,1533,640,True
4786,1472,1,1806,640,False
4787,687,50,906,960,False
4788,965,161,795,640,True
4789,1473,2,1807,960,True
4790,1474,1,1808,640,False
4791,1071,11,1688,960,True
4792,849,21,1101,640,False
4793,1475,2,1809,1080,True
4794,686,7,905,960,True
4795,758,4,1466,960,True
4796,1476,3,1810,640,False
4797,996,4,1265,640,False
4798,869,81,832,960,False
4799,1477,1,1811,960,True
4800,1478,1,1812,1080,False
4801,646,250,787,960,False
4802,1479,1,1813,960,True
4803,1480,1,1814,960,True
4804,1127,4,1421,640,True
4805,869,81,1815,960,False
4806,789,10,1032,640,False
4807,1481,1,1816,960,True
4808,1482,16,1817,640,True
4809,750,22,986,960,True
4810,703,5,929,640,True
4811,774,2,1017,960,True
4812,646,250,1281,960,False
4813,965,161,795,640,True
4814,1483,1,1818,720,True
4815,1484,2,1819,960,True
4816,1208,6,1008,960,True
4817,1485,1,1820,1080,False
4818,646,250,855,960,True
4819,1486,2,1821,960,True
4820,1487,3,1822,960,True
4821,965,161,817,640,True
4822,693,29,801,960,True
4823,1162,19,1727,960,True
4824,1488,1,1823,640,False
4825,1489,1,1824,960,True
4826,1490,1,1825,640,False
4827,1491,1,1826,1080,True
4828,1492,1,1827,960,True
4829,1123,3,1417,640,True
4830,1493,1,1828,1600,True
4831,1494,1,1829,960,True
4832,978,11,1247,960,True
4833,1495,1,1830,960,False
4834,733,248,808,960,False
4835,1482,16,1817,640,True
4836,1496,1,1831,1080,False
4837,1497,3,1832,960,True
4838,1498,1,1833,1600,True
4839,1375,10,1695,960,True
4840,1499,1,1834,1600,True
4841,1500,1,1835,1600,False
4842,1501,1,1836,1080,True
4843,1502,4,1837,960,True
4844,1503,2,1838,960,True
4845,789,10,1032,640,False
4846,1504,1,1839,960,True
4847,646,250,787,960,True
4848,1505,5,1840,960,True
4849,1027,11,1304,640,True
4850,719,3,950,1600,True
4851,1506,1,1841,1600,True
4852,653,10,863,640,False
4853,1507,1,1842,1080,True
4854,1128,7,1422,960,False
4855,797,12,1042,640,False
4856,733,248,902,960,False
4857,733,248,981,960,True
4858,1508,3,1843,640,False
4859,716,7,1844,960,True
4860,999,4,1268,960,True
4861,869,81,832,960,False
4862,654,38,864,960,True
4863,733,248,1121,960,True
4864,1156,7,1454,640,False
4865,1509,1,1845,960,False
4866,624,23,827,960,False
4867,733,248,902,960,True
4868,1510,4,1846,960,True
4869,1014,6,1285,960,True
4870,1511,1,1847,640,True
4871,1192,18,1495,960,True
4872,1144,8,1630,640,True
4873,646,250,787,960,False
4874,1512,1,1848,960,True
4875,1513,1,1849,960,True
4876,807,15,1053,640,False
4877,1214,5,1518,640,True
4878,1156,7,1850,640,False
4879,869,81,832,960,True
4880,1514,1,1851,1080,True
4881,733,248,946,960,False
4882,1515,1,1852,960,True
4883,965,161,941,640,False
4884,666,6,1853,1080,True
4885,1516,3,1854,960,True
4886,1517,1,1855,1080,True
4887,1518,2,1856,1080,True
4888,1519,1,1857,640,True
4889,1520,1,1858,640,False
4890,974,8,1243,640,True
4891,1006,12,1275,960,True
4892,810,17,915,640,False
4893,687,50,906,960,True
4894,1521,2,1859,1600,True
4895,660,11,873,960,True
4896,1522,1,1860,640,False
4897,733,248,790,960,True
4898,733,248,946,960,True
4899,1523,3,1861,960,True
4900,843,13,1094,640,False
4901,1524,1,1862,1080,True
4902,1234,7,1638,960,False
4903,862,10,1117,960,True
4904,785,11,1028,640,True
4905,869,81,1863,960,False
4906,993,12,1262,960,True
4907,1203,18,1507,960,True
4908,733,248,1109,960,True
4909,646,250,787,960,False
4910,1803,25,1289,640,True
4911,871,81,1661,960,False
4912,1525,1,1864,1080,True
4913,1526,1,1865,1600,True
4914,1527,5,1866,640,False
4915,1508,3,1843,640,False
4916,1528,2,1867,640,False
4917,733,248,1121,960,True
4918,1903,100,918,960,False
4919,724,7,956,960,True
4920,1529,1,1868,1080,True
4921,1341,5,1658,960,True
4922,730,7,962,960,True
4923,1031,7,1309,640,True
4924,1530,2,1869,960,True
4925,1531,1,1870,1600,True
4926,684,4,901,640,True
4927,1532,1,1871,640,True
4928,1533,2,1872,1080,False
4929,654,38,864,960,True
4930,1534,1,1873,960,True
4931,1070,8,1353,960,True
4932,993,12,1262,960,True
4933,646,250,787,960,True
4934,1535,4,1874,960,False
4935,1536,1,1875,640,True
4936,687,50,906,960,False
4937,685,3,904,960,True
4938,1164,4,1462,640,True
4939,1537,4,1876,960,True
4940,1538,3,1877,640,False
4941,871,81,1661,960,True
4942,660,11,873,960,True
4943,666,6,880,1080,True
4944,1539,1,1878,1600,True
4945,679,12,895,640,True
4946,646,250,787,960,True
4947,1540,2,1879,640,True
4948,765,8,1006,640,False
4949,871,81,1661,960,True
4950,869,81,832,960,False
4951,1541,1,1880,1080,False
4952,968,3,1236,960,False
4953,1542,3,1881,960,False
4954,1543,2,1882,640,True
4955,1544,1,1883,1600,True
4956,633,2,839,640,False
4957,1545,1,1884,640,True
4958,1546,1,1885,640,False
4959,786,10,1029,960,True
4960,1547,2,1886,960,True
4961,834,8,1083,640,True
4962,1548,3,1887,960,True
4963,1549,2,1888,960,True
4964,1550,4,1889,1600,False
4965,1551,1,1890,1080,True
4966,871,81,1661,960,True
4967,750,22,1135,960,True
4968,958,21,1224,960,False
4969,1552,3,1891,1080,True
4970,1553,4,1892,960,False
4971,1554,1,1893,1600,True
4972,1555,1,1894,960,False
4973,733,248,946,960,True
4974,1556,4,1895,1080,True
4975,750,22,1152,960,False
4976,1020,3,1294,960,False
4977,646,250,787,960,False
4978,1316,10,1629,960,True
4979,1557,1,1896,960,False
4980,1558,4,1897,640,False
4981,654,38,864,960,True
4982,1559,2,1898,960,True
4983,1350,4,1668,960,True
4984,1560,1,1899,1080,True
4985,1561,1,1900,960,False
4986,1562,2,1901,960,True
4987,1562,2,1901,960,True
4988,871,81,1157,960,False
4989,871,81,1157,960,False
4990,1563,2,1902,960,True
4991,1563,2,1902,960,True
4992,1564,2,1903,640,False
4993,1564,2,1903,640,False
4994,1565,1,1904,1600,True
4995,768,5,1010,1080,True
4996,1566,2,1905,960,True
4997,646,250,1906,960,True
4998,646,250,787,960,True
4999,654,38,864,960,True
5000,1567,1,1907,640,False
5001,1208,6,1008,960,True
5002,1319,2,1633,640,False
5003,1568,1,1908,720,True
5004,1353,7,1909,960,True
5005,916,4,1177,960,True
5006,1569,1,1910,1080,False
5007,730,7,962,960,True
5008,1070,8,1353,960,True
5009,733,248,902,960,False
5010,861,3,1116,1600,True
5011,1570,1,1911,640,False
5012,1571,1,1912,1080,True
5013,1572,1,1913,640,True
5014,1139,2,1436,960,True
5015,1573,4,1914,1080,True
5016,703,5,929,640,False
5017,1574,1,1915,1080,True
5018,1575,1,1916,960,False
5019,1240,6,1546,640,False
5020,1576,1,1917,1080,True
5021,1162,19,1727,960,True
5022,924,10,1186,960,True
5023,1577,1,1918,720,False
5024,1578,2,1919,1600,True
5025,1579,1,1920,1080,False
5026,1220,8,1384,960,True
5027,1580,5,1921,960,True
5028,1581,1,1922,640,True
5029,1582,1,1923,960,False
5030,729,9,961,640,False
5031,1316,10,1924,960,True
5032,910,19,1337,960,True
5033,1583,1,1925,960,False
5034,958,21,1224,960,False
5035,1584,1,1926,1600,False
5036,813,4,1060,960,True
5037,1903,100,947,960,True
5038,646,250,787,960,True
5039,1006,12,907,960,True
5040,1585,1,1927,1600,True
5041,958,21,1224,960,False
5042,807,15,1053,640,False
5043,871,81,1661,960,True
5044,1586,3,1928,960,True
5045,1342,5,1276,960,True
5046,1587,8,1929,960,False
5047,687,50,906,960,True
5048,733,248,946,960,True
5049,1084,5,1370,960,True
5050,663,12,876,960,True
5051,2346,4,1930,640,False
5052,1549,2,1888,960,True
5053,1588,1,1931,1080,True
5054,842,25,1092,960,True
5055,1589,2,1932,960,True
5056,1590,1,1933,640,True
5057,1253,2,1561,640,False
5058,646,250,787,960,True
5059,1024,5,1298,640,False
5060,1066,2,1348,640,False
5061,830,72,865,960,False
5062,1727,17,913,960,True
5063,1591,1,1934,1080,False
5064,627,58,1112,960,True
5065,965,161,1233,640,False
5066,1592,1,1935,640,True
5067,1330,8,1646,960,True
5068,1593,2,1936,960,True
5069,1594,3,1937,960,False
5070,1095,12,1383,960,False
5071,627,58,954,960,True
5072,1595,1,1938,640,True
5073,1596,1,1939,1080,True
5074,1482,16,1817,640,False
5075,1903,100,1782,960,False
5076,1121,14,930,640,True
5077,1145,2,1443,1080,True
5078,1597,5,1940,960,True
5079,646,250,787,960,True
5080,965,161,817,640,False
5081,1598,1,1941,640,False
5082,646,250,855,960,False
5083,1599,1,1942,640,False
5084,1400,3,1723,1600,True
5085,1600,1,1943,1080,True
5086,646,250,787,960,False
5087,644,6,853,960,True
5088,1601,1,1944,640,False
5089,1602,1,1945,640,False
5090,1603,2,1946,640,False
5091,1604,1,1947,1080,False
5092,1343,2,1660,1600,True
5093,1605,2,1948,960,True
5094,1754,14,1039,640,True
5095,624,23,858,960,True
5096,830,72,865,960,True
5097,687,50,906,960,False
5098,1606,1,1949,640,True
5099,646,250,787,960,True
5100,1377,2,1697,640,False
5101,646,250,787,960,True
5102,1192,18,1495,960,True
5103,1607,1,1950,640,False
5104,1095,12,1383,960,False
5105,733,248,1300,640,True
5106,1608,1,1951,960,True
5107,869,81,1288,960,False
5108,958,21,1224,960,False
5109,1535,4,1874,960,True
5110,1609,1,1952,640,False
5111,1034,4,1312,640,True
5112,1610,3,1953,640,False
5113,1611,1,1954,640,True
5114,869,81,977,960,False
5115,1612,2,1955,640,False
5116,1613,1,1956,960,True
5117,1614,1,1957,960,False
5118,1615,3,1958,640,False
5119,666,6,1785,1080,False
5120,1616,1,1959,960,True
5121,965,161,1233,640,False
5122,1034,4,1312,640,True
5123,1292,11,1960,640,True
5124,1617,1,1961,960,True
5125,1482,16,1817,640,False
5126,1618,1,1962,640,False
5127,1903,100,918,960,False
5128,1619,1,1963,1080,False
5129,1034,4,1312,640,True
5130,1620,1,1964,640,True
5131,646,250,787,960,True
5132,965,161,795,640,True
5133,965,161,817,640,False
5134,902,12,1162,960,True
5135,1621,1,1965,960,True
5136,1586,3,1928,960,False
5137,654,38,864,960,True
5138,1465,4,1799,640,False
5139,1622,1,1966,720,False
5140,707,13,934,640,False
5141,965,161,817,640,True
5142,835,3,1084,960,True
5143,965,161,817,640,False
5144,627,58,830,960,False
5145,1623,2,1967,960,True
5146,1071,11,1688,960,True
5147,646,250,787,960,True
5148,1624,1,1968,640,True
5149,1625,1,1969,640,True
5150,1383,2,1703,640,False
5151,1626,1,1970,640,False
5152,1627,1,1971,960,True
5153,733,248,900,960,False
5154,1628,1,1972,960,False
5155,411,2,555,960,True
5156,24,246,108,960,False
5157,1629,1,1973,960,False
5158,63,30,90,960,True
5159,73,55,42,640,True
5160,1630,1,1974,640,True
5161,272,83,179,960,True
5162,296,7,419,960,True
5163,171,24,242,960,True
5164,24,246,114,960,True
5165,24,246,68,960,True
5166,31,35,77,960,True
5167,171,24,242,960,True
5168,147,78,78,960,True
5169,154,3,212,640,True
5170,1631,1,1975,960,False
5171,62,41,88,960,True
5172,177,33,129,960,True
5173,177,33,129,960,True
5174,1632,1,1976,960,False
5175,155,2,214,960,True
5176,1633,1,1977,960,True
5177,272,83,179,960,True
5178,277,3,397,640,False
5179,221,6,307,960,False
5180,224,12,313,960,True
5181,0,104,0,960,True
5182,126,18,174,960,True
5183,31,35,41,960,True
5184,5,43,7,960,True
5185,1634,1,1978,640,True
5186,305,33,581,960,False
5187,60,71,47,960,True
5188,286,7,407,960,True
5189,60,71,47,960,False
5190,132,6,183,960,True
5191,147,78,78,960,True
5192,224,12,618,960,True
5193,374,3,514,960,True
5194,549,3,733,960,True
5195,166,13,191,960,False
5196,1635,1,1979,960,False
5197,397,67,2,640,True
5198,1636,1,1980,960,False
5199,96,57,134,960,True
5200,545,25,608,960,False
5201,147,78,78,960,True
5202,171,24,677,960,True
5203,97,27,375,960,True
5204,8,4,12,960,True
5205,31,35,77,960,True
5206,391,22,630,960,False
5207,24,246,778,960,True
5208,24,246,114,960,True
5209,460,3,622,960,False
5210,1637,1,1981,640,True
5211,475,20,336,960,True
5212,1638,1,1982,640,True
5213,1639,1,1983,960,False
5214,89,45,125,960,True
5215,65,8,93,960,False
5216,51,30,350,960,False
5217,404,3,548,960,False
5218,168,11,347,960,True
5219,397,67,2,640,True
5220,60,71,86,960,False
5221,1640,1,1984,640,True
5222,159,17,219,960,False
5223,375,2,515,960,True
5224,24,246,309,960,True
5225,589,2,781,960,True
5226,162,10,223,960,True
5227,73,55,42,640,True
5228,305,33,566,960,False
5229,41,218,11,960,True
5230,391,22,43,960,True
5231,60,71,159,960,True
5232,41,218,11,960,True
5233,41,218,238,960,True
5234,0,104,0,960,True
5235,168,11,784,960,True
5236,28,50,35,960,True
5237,24,246,301,960,True
5238,63,30,90,960,True
5239,42,26,61,960,True
5240,41,218,3,960,False
5241,31,35,77,960,True
5242,175,5,84,960,True
5243,166,13,191,960,False
5244,24,246,114,960,False
5245,12,34,16,960,True
5246,45,20,64,960,True
5247,165,19,592,960,True
5248,89,45,125,960,True
5249,114,19,155,960,True
5250,99,5,138,960,True
5251,24,246,613,960,False
5252,0,104,0,960,True
5253,0,104,0,960,True
5254,24,246,29,960,True
5255,355,6,492,640,True
5256,81,2,115,960,True
5257,66,6,94,960,True
5258,24,246,114,960,True
5259,41,218,3,960,True
5260,25,16,1985,960,True
5261,147,78,167,960,True
5262,397,67,351,640,False
5263,0,104,0,960,True
5264,9,19,13,640,True
5265,445,5,600,960,True
5266,41,218,48,960,True
5267,106,78,305,960,True
5268,28,50,35,960,True
5269,90,8,126,960,True
5270,352,3,489,960,True
5271,538,5,722,960,True
5272,1641,1,1986,960,False
5273,314,2,440,960,True
5274,41,218,60,960,True
5275,177,33,129,960,True
5276,107,9,147,960,True
5277,305,33,209,640,False
5278,97,27,136,960,True
5279,176,5,248,960,True
5280,38,2,55,960,False
5281,147,78,178,960,True
5282,41,218,11,960,True
5283,520,2,701,640,True
5284,49,10,70,960,True
5285,61,4,87,640,True
5286,24,246,114,960,True
5287,73,55,42,640,False
5288,28,50,35,960,True
5289,355,6,492,640,True
5290,135,20,187,960,True
5291,538,5,722,960,False
5292,272,83,179,960,False
5293,1642,1,1987,960,True
5294,73,55,42,640,True
5295,171,24,635,960,True
5296,1643,1,1988,960,True
5297,24,246,610,960,True
5298,1644,1,1989,640,True
5299,114,19,155,960,False
5300,1645,1,1990,960,True
5301,294,3,416,960,True
5302,65,8,404,960,False
5303,147,78,273,960,False
5304,1646,1,1991,960,False
5305,0,104,0,960,True
5306,89,45,435,960,True
5307,147,78,167,960,True
5308,60,71,47,960,True
5309,12,34,16,960,True
5310,186,10,260,960,True
5311,1647,1,1992,640,True
5312,0,104,0,960,True
5313,27,25,34,960,True
5314,168,11,347,960,True
5315,147,78,156,960,False
5316,11,30,15,960,True
5317,41,218,60,960,True
5318,1648,1,1993,640,True
5319,580,2,770,960,True
5320,41,218,11,960,False
5321,12,34,16,960,True
5322,0,104,0,960,True
5323,96,57,44,960,True
5324,0,104,0,960,True
5325,60,71,47,960,True
5326,41,218,11,960,True
5327,41,218,238,960,True
5328,41,218,60,960,True
5329,1649,1,1994,960,False
5330,1650,1,1995,640,True
5331,41,218,3,960,True
5332,49,10,70,960,True
5333,106,78,106,960,True
5334,50,4,71,640,False
5335,105,15,145,960,True
5336,24,246,778,960,False
5337,73,55,42,640,True
5338,60,71,47,960,True
5339,364,3,501,960,False
5340,225,2,314,960,True
5341,272,83,179,960,True
5342,538,5,722,960,False
5343,149,2,205,960,False
5344,31,35,77,960,True
5345,60,71,47,960,True
5346,62,41,88,960,True
5347,165,19,592,960,True
5348,286,7,407,960,True
5349,272,83,418,960,True
5350,41,218,238,960,True
5351,280,5,400,960,True
5352,107,9,147,960,True
5353,12,34,16,960,True
5354,24,246,412,960,True
5355,1364,5,1682,960,True
5356,616,8,819,640,True
5357,747,5,1494,960,True
5358,1651,1,1996,640,True
5359,965,161,1233,640,True
5360,654,38,864,960,True
5361,815,8,1062,640,True
5362,1652,3,1997,1600,True
5363,1653,1,1998,1600,True
5364,602,4,800,960,True
5365,1654,1,1999,1080,True
5366,1313,6,919,960,True
5367,1655,1,2000,1600,True
5368,714,21,942,960,True
5369,764,9,1003,960,True
5370,807,15,1053,640,True
5371,965,161,817,640,True
5372,1656,1,2001,640,True
5373,1318,15,1632,960,True
5374,856,6,1108,960,True
5375,978,11,1247,960,True
5376,794,10,1037,640,True
5377,932,8,1194,960,True
5378,631,15,836,960,True
5379,1657,2,2002,1080,True
5380,1658,2,2003,960,True
5381,1659,1,2004,1080,True
5382,733,248,790,960,True
5383,1660,3,2005,640,True
5384,733,248,900,960,True
5385,1661,1,2006,640,True
5386,1662,1,2007,640,True
5387,1292,11,2008,640,True
5388,1663,3,2009,640,True
5389,1664,1,2010,640,True
5390,654,38,864,960,True
5391,1238,6,1544,640,True
5392,1192,18,1495,960,True
5393,830,72,1059,960,True
5394,869,81,977,960,True
5395,830,72,1367,960,True
5396,752,9,988,960,True
5397,1665,1,2011,640,True
5398,1666,1,2012,640,True
5399,1903,100,989,960,True
5400,617,7,820,960,True
5401,751,4,987,640,True
5402,1667,1,2013,1080,True
5403,646,250,787,960,True
5404,1668,4,2014,640,True
5405,1727,17,913,960,True
5406,1153,6,1306,640,True
5407,1669,1,2015,640,True
5408,1162,19,1727,960,True
5409,1670,1,2016,1600,True
5410,1671,4,2017,640,True
5411,958,21,1224,960,True
5412,1672,1,2018,640,True
5413,1803,25,1289,640,True
5414,830,72,865,960,True
5415,1594,3,1937,960,False
5416,1673,2,2019,640,True
5417,1903,100,989,960,True
5418,1674,1,2020,720,True
5419,856,6,1108,960,True
5420,1675,1,2021,960,True
5421,1127,4,1421,640,True
5422,1676,3,2022,960,True
5423,1677,1,2023,640,True
5424,1678,5,2024,640,True
5425,714,21,942,960,True
5426,1679,1,2025,1080,False
5427,1680,1,2026,960,True
5428,1681,2,2027,960,True
5429,1682,2,2028,640,True
5430,1683,1,2029,1600,True
5431,1684,2,2030,640,True
5432,1685,2,2031,960,True
5433,1250,23,1557,960,True
5434,646,250,844,960,True
5435,716,7,1844,960,True
5436,1686,1,2032,960,True
5437,842,25,1092,960,True
5438,1687,1,2033,640,False
5439,1688,1,2034,640,True
5440,785,11,1028,640,True
5441,1031,7,1309,640,True
5442,1689,1,2035,640,True
5443,1155,4,1453,960,True
5444,1690,2,2036,640,True
5445,1691,1,2037,640,True
5446,651,12,861,640,True
5447,1692,1,2038,640,True
5448,733,248,790,960,True
5449,789,10,1032,640,True
5450,1693,1,2039,640,True
5451,733,248,946,960,True
5452,1694,2,2040,960,True
5453,1695,1,2041,960,True
5454,1376,10,1696,960,True
5455,1696,1,2042,1600,True
5456,1697,4,2043,640,True
5457,646,250,787,960,True
5458,1698,8,2044,960,True
5459,693,29,801,960,True
5460,830,72,1038,960,True
5461,1699,2,2045,640,False
5462,733,248,902,960,True
5463,858,9,2046,960,False
5464,1700,1,2047,960,True
5465,1516,3,1854,960,True
5466,830,72,865,960,True
5467,1701,1,2048,720,True
5468,598,3,796,640,True
5469,646,250,787,960,True
5470,1220,8,1524,960,True
5471,1702,1,2049,640,True
5472,869,81,1344,960,True
5473,1668,4,2014,640,True
5474,1703,4,2050,640,True
5475,646,250,787,960,True
5476,733,248,946,960,True
5477,1420,2,1748,640,True
5478,1358,2,1676,640,True
5479,1011,5,1282,640,True
5480,869,81,977,960,True
5481,600,5,798,960,True
5482,1144,8,1630,640,True
5483,1550,4,2051,1600,True
5484,849,21,1101,640,True
5485,1704,1,2052,960,True
5486,1705,1,2053,960,True
5487,612,3,814,960,True
5488,1706,2,2054,640,True
5489,1707,1,2055,960,False
5490,1198,3,1502,640,True
5491,1353,7,1761,960,True
5492,1426,8,1754,960,True
5493,803,3,1048,640,True
5494,1708,1,2056,1080,True
5495,1002,9,1271,640,True
5496,1709,1,2057,960,True
5497,1710,1,2058,960,True
5498,1457,2,1790,1080,True
5499,1711,1,2059,720,True
5500,1712,3,2060,960,True
5501,871,81,1661,960,True
5502,733,248,946,960,True
5503,646,250,855,960,True
5504,694,3,916,960,True
5505,1713,1,2061,1080,True
5506,1714,1,2062,640,True
5507,733,248,981,960,True
5508,786,10,1029,960,True
5509,1715,3,2063,1080,True
5510,778,15,1220,960,True
5511,1716,1,2064,1080,True
5512,1203,18,1507,960,True
5513,1717,1,2065,640,True
5514,1309,3,1622,640,True
5515,1718,1,2066,640,True
5516,869,81,1344,960,True
5517,733,248,790,960,True
5518,701,6,926,960,True
5519,1727,17,913,960,True
5520,830,72,1373,960,True
5521,1482,16,1817,640,True
5522,733,248,946,960,True
5523,649,19,859,960,True
5524,1719,2,2067,640,True
5525,1720,1,2068,640,True
5526,1069,2,1352,960,True
5527,731,6,2069,640,True
5528,733,248,900,960,True
5529,717,10,1721,960,True
5530,1125,2,1419,640,True
5531,1698,8,2044,960,True
5532,646,250,787,960,True
5533,902,12,903,960,True
5534,902,12,1162,960,True
5535,965,161,923,640,True
5536,893,4,2070,960,True
5537,646,250,787,960,True
5538,826,9,1073,960,True
5539,627,58,954,960,True
5540,1721,1,2071,1080,True
5541,1722,4,2072,960,True
5542,1723,1,2073,720,True
5543,646,250,787,960,True
5544,932,8,1194,960,True
5545,627,58,1112,960,True
5546,1465,4,1799,640,True
5547,1724,1,2074,640,True
5548,1725,1,2075,1080,True
5549,1376,10,1696,960,True
5550,615,6,818,960,True
5551,871,81,1661,960,True
5552,965,161,1093,640,True
5553,1903,100,989,960,True
5554,1355,2,1673,640,True
5555,1158,4,1456,640,True
5556,687,50,906,960,True
5557,830,72,1059,960,False
5558,1366,5,1684,960,True
5559,784,4,2076,640,True
5560,752,9,988,960,False
5561,650,4,860,960,True
5562,1726,1,2077,960,True
5563,786,10,1029,960,True
5564,1727,17,2078,960,True
5565,1728,1,2079,640,False
5566,1729,1,2080,1080,True
5567,1730,4,2081,960,True
5568,1731,3,2082,960,True
5569,965,161,1233,640,True
5570,1573,4,1914,1080,True
5571,1732,1,2083,1080,True
5572,1733,3,2084,640,False
5573,1449,12,1743,640,False
5574,1734,1,2085,1080,True
5575,1735,1,2086,1600,True
5576,1736,1,2087,960,True
5577,733,248,946,960,True
5578,1737,1,2088,1080,True
5579,1738,1,2089,960,True
5580,1538,3,1877,640,False
5581,1903,100,989,960,True
5582,965,161,2090,640,False
5583,1739,1,2091,1080,True
5584,1292,11,967,640,True
5585,910,19,1337,960,True
5586,1031,7,1309,640,True
5587,849,21,1101,640,True
5588,1740,1,2092,720,True
5589,796,5,1041,640,True
5590,646,250,787,960,True
5591,1741,1,2093,640,True
5592,1742,7,2094,640,True
5593,1743,2,2095,1600,True
5594,810,17,915,640,True
5595,1744,1,2096,960,False
5596,1375,10,1114,960,True
5597,871,81,1157,960,True
5598,871,81,1157,960,True
5599,1040,3,1319,960,True
5600,646,250,844,960,True
5601,1903,100,871,640,False
5602,693,29,801,960,True
5603,798,6,1043,960,True
5604,965,161,1093,640,True
5605,1214,5,2097,640,False
5606,1384,3,1704,1600,False
5607,1745,1,2098,960,False
5608,871,81,1661,960,True
5609,965,161,795,640,True
5610,1746,1,2099,1600,True
5611,1747,1,2100,960,True
5612,1426,8,1754,960,True
5613,871,81,1661,960,True
5614,1748,1,2101,640,True
5615,902,12,903,960,True
5616,1749,1,2102,1080,True
5617,733,248,790,960,True
5618,910,19,1170,960,True
5619,1678,5,2024,640,False
5620,757,4,995,640,True
5621,1750,3,2103,1080,True
5622,1751,1,2104,640,True
5623,1027,11,1304,640,False
5624,869,81,832,960,False
5625,1752,1,2105,960,True
5626,965,161,1087,640,True
5627,1903,100,989,960,True
5628,1698,8,2044,960,True
5629,624,23,858,960,True
5630,646,250,855,960,True
5631,693,29,801,960,True
5632,634,6,841,960,True
5633,1384,3,1704,1600,True
5634,1753,1,2106,640,True
5635,1312,2,1625,1080,True
5636,772,4,1015,1080,True
5637,1754,14,2107,640,True
5638,869,81,2108,960,True
5639,621,3,824,960,True
5640,1158,4,1456,640,True
5641,1755,1,2109,1600,False
5642,794,10,1037,640,True
5643,1756,1,2110,960,False
5644,1757,3,2111,960,True
5645,1758,1,2112,720,True
5646,1759,2,2113,640,True
5647,1095,12,1383,960,True
5648,1760,1,2114,1600,True
5649,1761,2,2115,640,False
5650,1762,1,2116,1080,True
5651,646,250,787,960,True
5652,1240,6,1546,640,False
5653,1903,100,918,960,True
5654,965,161,1093,640,True
5655,1763,1,2117,640,True
5656,733,248,790,960,True
5657,1764,1,2118,640,False
5658,810,17,915,640,True
5659,646,250,787,960,True
5660,965,161,941,640,False
5661,1205,3,1509,960,True
5662,733,248,790,960,True
5663,1765,1,2119,1080,True
5664,693,29,801,960,True
5665,958,21,1224,960,True
5666,1766,4,2120,640,True
5667,1767,1,2121,1080,True
5668,1768,1,2122,1080,True
5669,850,6,1496,1080,True
5670,1769,2,2123,960,True
5671,646,250,855,960,True
5672,760,5,998,640,True
5673,871,81,1661,960,True
5674,1770,1,2124,1600,True
5675,869,81,832,960,True
5676,840,3,1090,960,True
5677,869,81,977,960,True
5678,965,161,795,640,True
5679,1754,14,1039,640,False
5680,646,250,787,960,True
5681,1771,1,2125,960,True
5682,1685,2,2031,960,True
5683,624,23,827,960,True
5684,1772,2,2126,640,True
5685,817,4,1531,960,True
5686,717,10,1721,960,True
5687,1449,12,785,640,True
5688,1773,5,2127,960,True
5689,646,250,787,960,True
5690,1587,8,1929,960,True
5691,1027,11,1304,640,True
5692,1774,2,2128,1080,True
5693,1775,5,2129,1080,True
5694,1776,1,2130,640,True
5695,1777,1,2131,1080,True
5696,830,72,1059,960,True
5697,1778,1,2132,960,True
5698,733,248,902,960,True
5699,871,81,1157,960,True
5700,1698,8,2044,960,True
5701,1070,8,1353,960,True
5702,1148,9,1446,640,True
5703,1203,18,1507,960,True
5704,1779,1,2133,1600,True
5705,1727,17,2078,960,True
5706,1903,100,1782,960,True
5707,958,21,1224,960,True
5708,869,81,977,960,True
5709,1309,3,1622,640,True
5710,849,21,1101,640,True
5711,1780,1,2134,1080,True
5712,836,4,1085,960,False
5713,1781,1,2135,960,True
5714,974,8,1243,640,True
5715,1547,2,1886,960,True
5716,687,50,906,960,True
5717,627,58,1112,960,True
5718,849,21,1779,640,True
5719,1782,1,2136,720,True
5720,1188,3,1488,640,True
5721,1783,2,2137,960,True
5722,1727,17,913,960,True
5723,646,250,787,960,True
5724,830,72,1059,960,True
5725,1784,1,2138,640,True
5726,813,4,1060,960,True
5727,964,2,1232,640,True
5728,1785,2,2139,960,True
5729,1786,1,2140,960,True
5730,646,250,787,960,True
5731,672,3,886,640,True
5732,965,161,795,640,True
5733,1787,1,2141,1080,True
5734,958,21,1224,960,True
5735,1788,5,2142,960,True
5736,1789,1,2143,640,False
5737,764,9,1003,960,True
5738,1790,1,2144,960,True
5739,1791,1,2145,1080,True
5740,651,12,861,640,True
5741,1792,1,2146,720,True
5742,1793,1,2147,640,False
5743,965,161,795,640,True
5744,1903,100,2148,640,True
5745,965,161,1230,640,True
5746,1794,1,2149,960,True
5747,1795,3,2150,640,False
5748,1796,2,2151,960,True
5749,1797,1,2152,960,True
5750,1798,1,2153,1080,True
5751,897,3,1156,640,True
5752,704,6,931,640,True
5753,1799,3,2154,960,False
5754,1800,1,2155,960,True
5755,1007,7,1277,960,True
5756,1396,6,1718,640,True
5757,1801,1,2156,960,True
5758,1802,2,2157,1080,True
5759,1424,3,1752,640,False
5760,750,22,1135,960,True
5761,646,250,787,960,False
5762,869,81,1288,960,True
5763,1803,25,2158,640,True
5764,1804,1,2159,1600,True
5765,1805,1,2160,640,False
5766,985,4,1254,960,True
5767,1806,1,2161,720,True
5768,965,161,817,640,True
5769,1807,1,2162,640,False
5770,997,3,1266,960,True
5771,1795,3,2150,640,False
5772,854,3,1106,960,True
5773,965,161,1233,640,True
5774,921,13,2163,1080,True
5775,627,58,1112,960,True
5776,1808,2,2164,1600,True
5777,1809,2,2165,640,False
5778,2249,6,2166,960,True
5779,1903,100,871,640,False
5780,687,50,906,960,True
5781,691,5,911,640,True
5782,1810,1,2167,960,True
5783,1811,1,2168,1080,True
5784,1552,3,1891,1080,True
5785,733,248,946,960,True
5786,1812,1,2169,960,True
5787,1813,1,2170,1080,True
5788,1192,18,888,960,True
5789,1903,100,947,960,True
5790,1814,1,2171,960,True
5791,1815,1,2172,640,True
5792,786,10,1029,960,True
5793,646,250,855,960,True
5794,1203,18,1507,960,True
5795,1816,3,2173,640,False
5796,1817,1,2174,1080,True
5797,733,248,1011,960,True
5798,978,11,838,960,True
5799,654,38,864,960,True
5800,988,11,2175,960,True
5801,869,81,977,960,True
5802,1192,18,1495,960,True
5803,1070,8,1353,960,True
5804,1818,3,2176,960,True
5805,1819,1,2177,640,False
5806,1203,18,1507,960,True
5807,801,5,1153,960,True
5808,1820,4,2178,640,False
5809,733,248,1011,960,True
5810,1821,2,2179,640,False
5811,1822,2,2180,640,False
5812,716,7,2181,960,True
5813,1148,9,2182,640,False
5814,733,248,1011,960,True
5815,1303,7,1369,960,True
5816,1823,3,2183,960,False
5817,1824,3,2184,640,False
5818,1825,1,2185,720,True
5819,1149,2,1447,960,True
5820,1826,5,2186,640,True
5821,1416,5,1744,1080,True
5822,646,250,787,960,True
5823,810,17,915,640,True
5824,1027,11,1304,640,False
5825,871,81,1157,960,True
5826,1827,1,2187,960,True
5827,710,4,937,640,False
5828,842,25,1092,960,True
5829,1444,4,1774,960,True
5830,871,81,1157,960,True
5831,1444,4,1774,960,True
5832,733,248,808,960,False
5833,1828,1,2188,960,True
5834,733,248,1109,960,True
5835,1829,1,2189,640,True
5836,646,250,855,960,True
5837,965,161,795,640,False
5838,965,161,2190,640,False
5839,862,10,1117,960,True
5840,830,72,1059,960,True
5841,1005,7,1274,1600,True
5842,1830,1,2191,1080,True
5843,1831,1,2192,1600,True
5844,1832,1,2193,1080,True
5845,701,6,926,960,True
5846,1833,1,2194,720,True
5847,965,161,817,640,True
5848,713,4,940,960,False
5849,617,7,820,960,True
5850,1834,1,2195,960,True
5851,1835,1,2196,640,True
5852,1836,2,2197,640,True
5853,1203,18,1507,960,True
5854,760,5,998,640,True
5855,1837,1,2198,1600,True
5856,1838,1,2199,1600,True
5857,733,248,1559,960,True
5858,1903,100,989,960,True
5859,1839,1,2200,1080,True
5860,1840,1,2201,720,False
5861,733,248,1109,960,True
5862,924,10,1186,960,True
5863,729,9,1439,640,True
5864,897,3,1156,640,True
5865,1841,1,2202,1080,True
5866,797,12,1207,640,False
5867,1842,1,2203,960,True
5868,1843,3,2204,640,True
5869,1482,16,1817,640,True
5870,810,17,915,640,True
5871,1844,1,2205,1080,True
5872,1845,1,2206,1080,True
5873,1476,3,1810,640,False
5874,998,4,1267,960,True
5875,956,2,1222,1600,True
5876,1846,1,2207,1080,True
5877,806,17,1052,960,True
5878,1733,3,2084,640,False
5879,733,248,790,960,True
5880,1162,19,1727,960,True
5881,1847,2,2208,640,False
5882,1848,1,2209,1600,True
5883,1849,2,2210,1080,True
5884,1228,6,1533,640,True
5885,1304,3,1617,640,False
5886,654,38,864,960,True
5887,1850,2,2211,1600,True
5888,1851,1,2212,1080,True
5889,1852,1,2213,1600,True
5890,1853,1,2214,960,True
5891,629,27,2215,960,True
5892,1854,1,2216,1080,True
5893,646,250,787,960,True
5894,958,21,1224,960,False
5895,1855,1,2217,640,True
5896,976,4,1245,960,True
5897,733,248,790,960,True
5898,652,4,862,960,False
5899,693,29,801,960,True
5900,1856,1,2218,1080,True
5901,646,250,787,960,True
5902,1857,1,2219,640,True
5903,1678,5,2024,640,False
5904,850,6,1102,1080,True
5905,1162,19,1727,960,True
5906,843,13,1094,640,True
5907,627,58,830,960,True
5908,1858,1,2220,960,False
5909,1682,2,2028,640,False
5910,1282,3,1594,640,True
5911,1859,1,2221,960,False
5912,731,6,2222,640,True
5913,803,3,1048,640,True
5914,1860,1,2223,720,True
5915,707,13,934,640,True
5916,646,250,855,960,True
5917,687,50,906,960,False
5918,1861,3,2224,960,True
5919,1862,1,2225,1080,True
5920,1863,2,2226,960,True
5921,1238,6,1544,640,False
5922,616,8,819,640,True
5923,944,2,1209,640,False
5924,1864,1,2227,1080,False
5925,1240,6,1546,640,True
5926,1865,2,2228,640,False
5927,750,22,1152,960,False
5928,796,5,1041,640,True
5929,830,72,1038,960,True
5930,733,248,808,960,True
5931,869,81,969,960,True
5932,646,250,787,960,True
5933,1866,1,2229,720,True
5934,958,21,1224,960,True
5935,1867,2,2230,960,True
5936,843,13,1094,640,True
5937,830,72,1059,960,True
5938,1426,8,1754,960,True
5939,1868,1,2231,1080,True
5940,1303,7,1369,960,True
5941,646,250,787,960,False
5942,1375,10,1695,960,True
5943,1135,8,1432,960,True
5944,830,72,865,960,True
5945,646,250,787,960,False
5946,869,81,1543,960,True
5947,958,21,1224,960,True
5948,1869,1,2232,720,True
5949,1230,3,1535,960,True
5950,1870,1,2233,1080,True
5951,871,81,1661,960,True
5952,1871,1,2234,1080,True
5953,754,3,991,960,True
5954,965,161,817,640,False
5955,1344,2,1662,960,False
5956,797,12,1207,640,True
5957,631,15,836,960,True
5958,1872,1,2235,960,True
5959,1873,1,2236,640,True
5960,1219,3,1523,1080,True
5961,825,5,1072,960,True
5962,810,17,1056,640,False
5963,871,81,1661,960,True
5964,1874,1,2237,640,True
5965,830,72,1059,960,True
5966,1014,6,1285,960,True
5967,833,12,1082,1600,True
5968,1875,1,2238,720,True
5969,651,12,861,640,True
5970,849,21,1101,640,True
5971,857,3,1110,960,True
5972,1876,2,2239,1600,True
5973,993,12,1262,960,True
5974,1987,5,2240,960,True
5975,1282,3,1594,640,True
5976,1877,1,2241,720,True
5977,856,6,1108,960,False
5978,1878,1,2242,960,True
5979,826,9,1073,960,False
5980,1879,1,2243,960,True
5981,941,3,1205,960,False
5982,1880,1,2244,960,True
5983,1881,1,2245,1600,True
5984,1882,1,2246,1080,True
5985,763,6,1002,640,True
5986,1883,1,2247,720,True
5987,902,12,1162,960,True
5988,646,250,855,960,True
5989,631,15,836,960,True
5990,806,17,1052,960,True
5991,1803,25,1289,640,True
5992,627,58,1112,960,True
5993,1059,2,1339,960,True
5994,649,19,859,960,True
5995,869,81,832,960,True
5996,1035,4,1313,960,True
5997,1884,4,2248,960,True
5998,871,81,1157,960,True
5999,1885,1,2249,640,True
6000,1886,1,2250,1080,True
6001,1092,4,1380,960,True
6002,928,2,1190,960,True
6003,1887,2,2251,960,True
6004,748,4,984,960,True
6005,726,2,958,640,False
6006,869,81,977,960,True
6007,834,8,1772,640,True
6008,1888,1,2252,960,False
6009,1587,8,1929,960,False
6010,905,2,1165,1080,True
6011,686,7,905,960,True
6012,1889,1,2253,640,True
6013,1890,3,2254,960,True
6014,663,12,876,960,True
6015,1444,4,1774,960,True
6016,1891,1,2255,960,True
6017,714,21,942,960,True
6018,1892,1,2256,960,True
6019,1893,1,2257,960,True
6020,819,2,1066,640,True
6021,917,9,1178,960,True
6022,1007,7,1277,960,True
6023,965,161,817,640,True
6024,617,7,820,960,True
6025,1011,5,1282,640,True
6026,1095,12,1383,960,True
6027,710,4,937,640,True
6028,1330,8,1646,960,True
6029,1250,23,994,960,True
6030,1894,1,2258,960,False
6031,1895,1,2259,1600,True
6032,646,250,1281,960,False
6033,1389,2,1710,960,True
6034,627,58,1112,960,True
6035,921,13,1429,1080,True
6036,1289,2,1601,960,True
6037,1896,1,2260,960,True
6038,693,29,914,640,True
6039,744,11,979,960,True
6040,1897,1,2261,640,True
6041,858,9,1111,960,True
6042,1898,1,2262,1600,True
6043,1899,1,2263,720,True
6044,713,4,940,960,True
6045,830,72,1059,960,True
6046,1900,4,2264,640,True
6047,1901,1,2265,720,True
6048,646,250,787,960,False
6049,1124,11,1418,960,True
6050,646,250,787,960,True
6051,1658,2,2003,960,True
6052,739,5,973,960,True
6053,1902,1,2266,960,False
6054,1612,2,1955,640,True
6055,1153,6,1306,640,True
6056,714,21,942,960,True
6057,1903,100,2267,640,True
6058,1904,1,2268,1600,True
6059,646,250,787,960,False
6060,765,8,1006,640,True
6061,1292,11,2008,640,True
6062,1905,1,2269,640,False
6063,1906,1,2270,960,True
6064,1907,1,2271,640,False
6065,1908,1,2272,1600,True
6066,1440,3,1769,640,False
6067,1909,1,2273,960,True
6068,1910,1,2274,1600,True
6069,1911,2,2275,640,True
6070,1116,2,1407,640,True
6071,1240,6,1546,640,True
6072,1912,1,2276,960,True
6073,614,5,816,640,True
6074,1913,2,2277,1600,True
6075,765,8,1006,640,True
6076,627,58,1112,960,True
6077,624,23,858,960,True
6078,1449,12,1743,640,False
6079,646,250,855,960,True
6080,1914,1,2278,1080,True
6081,888,3,1145,960,True
6082,1915,1,2279,1080,True
6083,1916,1,2280,1080,True
6084,1917,1,2281,1080,True
6085,862,10,1117,960,True
6086,869,81,977,960,True
6087,1918,1,2282,640,True
6088,1919,1,2283,960,True
6089,1703,4,2050,640,True
6090,1920,1,2284,640,True
6091,654,38,864,960,True
6092,1698,8,2044,960,True
6093,1124,11,2285,960,True
6094,1921,2,2286,640,False
6095,639,8,847,640,False
6096,1922,1,2287,640,True
6097,1313,6,1626,960,True
6098,1923,1,2288,1080,True
6099,638,6,846,640,True
6100,1924,1,2289,720,True
6101,1925,1,2290,960,True
6102,830,72,1791,960,True
6103,646,250,855,960,True
6104,733,248,790,960,True
6105,1926,1,2291,960,True
6106,965,161,1233,640,True
6107,693,29,801,960,True
6108,629,27,1228,960,True
6109,733,248,790,960,True
6110,1927,1,2292,640,False
6111,646,250,787,960,True
6112,1376,10,1696,960,True
6113,965,161,795,640,True
6114,1452,3,1784,960,True
6115,965,161,1233,640,True
6116,639,8,847,640,False
6117,810,17,915,640,True
6118,616,8,819,640,True
6119,1928,1,2293,640,True
6120,1249,3,1556,960,True
6121,1462,2,1796,960,True
6122,733,248,946,960,True
6123,1135,8,1432,960,True
6124,1903,100,989,960,True
6125,1156,7,1850,640,False
6126,871,81,1661,960,True
6127,1330,8,1646,960,True
6128,646,250,787,960,False
6129,921,13,2294,1080,False
6130,646,250,787,960,True
6131,830,72,865,960,True
6132,1929,1,2295,640,True
6133,1930,1,2296,960,True
6134,1447,4,1777,960,True
6135,806,17,1052,960,True
6136,1326,2,1642,640,True
6137,965,161,1230,640,True
6138,1931,1,2297,640,False
6139,1932,1,2298,1600,True
6140,1933,1,2299,1080,True
6141,1934,1,2300,640,True
6142,769,3,1012,640,True
6143,1935,1,2301,1080,True
6144,763,6,2302,640,True
6145,965,161,1233,640,True
6146,1936,1,2303,720,True
6147,1937,3,2304,960,True
6148,1594,3,1937,960,False
6149,1938,1,2305,1080,True
6150,1939,4,2306,960,True
6151,631,15,836,960,True
6152,744,11,833,960,True
6153,1376,10,1637,960,True
6154,1940,1,2307,1080,True
6155,869,81,977,960,True
6156,1941,2,2308,640,False
6157,649,19,859,960,False
6158,750,22,1152,960,True
6159,904,4,1164,960,True
6160,646,250,787,960,True
6161,646,250,1281,960,False
6162,1095,12,1383,960,True
6163,1727,17,913,960,True
6164,1007,7,1277,960,True
6165,1437,2,1766,960,True
6166,1942,4,2309,1080,True
6167,798,6,1043,960,True
6168,978,11,1247,960,True
6169,733,248,1300,640,True
6170,1943,1,2310,640,True
6171,1364,5,1682,960,True
6172,733,248,1300,640,True
6173,1944,1,2311,1080,True
6174,1035,4,1313,960,True
6175,646,250,787,960,True
6176,1250,23,994,960,True
6177,921,13,1429,1080,True
6178,1945,2,2312,960,True
6179,778,15,1220,960,True
6180,646,250,787,960,True
6181,1903,100,2313,960,True
6182,830,72,1204,960,False
6183,1230,3,1535,960,True
6184,733,248,802,960,True
6185,1946,1,2314,1600,True
6186,1947,1,2315,640,False
6187,714,21,942,960,True
6188,1948,1,2316,640,True
6189,1949,1,2317,960,True
6190,830,72,1038,960,True
6191,842,25,1092,960,True
6192,1950,1,2318,640,False
6193,1951,3,2319,960,True
6194,1952,1,2320,960,True
6195,624,23,827,960,True
6196,1013,2,1284,960,True
6197,1523,3,1861,960,True
6198,740,6,974,640,True
6199,804,3,1050,960,True
6200,1953,1,2321,640,True
6201,1954,1,2322,960,True
6202,1449,12,1780,640,False
6203,652,4,1426,960,True
6204,1605,2,1948,960,True
6205,1955,1,2323,720,True
6206,922,6,1183,960,True
6207,1956,1,2324,960,True
6208,733,248,946,960,False
6209,834,8,1350,640,True
6210,904,4,1164,960,True
6211,902,12,1162,960,True
6212,996,4,1265,640,True
6213,830,72,865,960,True
6214,733,248,790,960,True
6215,1548,3,1887,960,True
6216,1957,1,2325,960,True
6217,1937,3,2304,960,True
6218,646,250,855,960,True
6219,1958,1,2326,1600,True
6220,733,248,946,960,True
6221,830,72,2327,960,True
6222,1959,1,2328,1080,True
6223,646,250,787,960,True
6224,733,248,790,960,True
6225,1754,14,1411,640,True
6226,1203,18,1507,960,True
6227,1960,1,2329,1080,True
6228,654,38,864,960,True
6229,1961,1,2330,960,True
6230,627,58,830,960,True
6231,1962,1,2331,1080,True
6232,733,248,900,960,True
6233,1826,5,2186,640,True
6234,653,10,863,640,False
6235,1963,1,2332,1080,True
6236,1002,9,867,640,False
6237,1964,1,2333,1600,True
6238,1965,1,2334,1080,True
6239,1966,1,2335,720,False
6240,733,248,946,960,True
6241,1122,4,1416,640,True
6242,1250,23,994,960,True
6243,1153,6,1451,640,False
6244,1006,12,1275,960,True
6245,1558,4,1897,640,False
6246,886,3,1143,960,True
6247,1671,4,2017,640,False
6248,1192,18,888,960,True
6249,1967,1,2336,1080,True
6250,942,4,1206,960,True
6251,830,72,1791,960,True
6252,733,248,1005,960,True
6253,1968,1,2337,640,True
6254,871,81,1157,960,True
6255,740,6,974,640,True
6256,750,22,1152,960,True
6257,714,21,942,960,True
6258,1969,1,2338,720,True
6259,1772,2,2126,640,True
6260,1970,1,2339,960,True
6261,751,4,2340,640,True
6262,1971,1,2341,640,True
6263,1972,1,2342,640,True
6264,1973,1,2343,960,True
6265,871,81,1127,960,True
6266,1903,100,989,960,True
6267,1847,2,2208,640,False
6268,1974,1,2344,640,False
6269,772,4,1015,1080,True
6270,1975,1,2345,1080,True
6271,965,161,1233,640,False
6272,1416,5,2346,1080,True
6273,1803,25,1289,640,True
6274,646,250,855,960,True
6275,646,250,855,960,True
6276,1900,4,2264,640,True
6277,1976,1,2347,720,True
6278,1803,25,2158,640,True
6279,894,2,1151,960,True
6280,763,6,1002,640,True
6281,1977,1,2348,1080,True
6282,1341,5,2349,960,True
6283,646,250,787,960,True
6284,733,248,946,960,True
6285,1007,7,1277,960,True
6286,1978,1,2350,1600,False
6287,886,3,1143,960,True
6288,1979,5,2351,960,True
6289,988,11,2175,960,True
6290,733,248,790,960,True
6291,1980,1,2352,960,True
6292,871,81,1661,960,True
6293,1981,1,2353,640,True
6294,1448,3,1778,640,False
6295,1903,100,918,960,True
6296,1773,5,2127,960,True
6297,1982,2,2354,640,True
6298,830,72,1038,960,True
6299,1054,7,1333,960,True
6300,836,4,1085,960,True
6301,965,161,941,640,True
6302,1395,11,1717,1600,True
6303,1482,16,1817,640,True
6304,1983,3,2355,960,True
6305,1413,2,1739,640,False
6306,662,7,875,960,True
6307,1843,3,2204,640,False
6308,679,12,895,640,True
6309,1366,5,1684,960,True
6310,1984,1,2356,640,False
6311,1148,9,1446,640,True
6312,769,3,1012,640,True
6313,1985,1,2357,960,True
6314,1986,1,2358,960,True
6315,869,81,969,960,True
6316,1987,5,2359,960,True
6317,646,250,787,960,True
6318,910,19,1170,960,True
6319,629,27,2360,960,True
6320,921,13,1182,1080,True
6321,989,7,2361,640,False
6322,1988,1,2362,1080,True
6323,963,2,1231,640,True
6324,1989,1,2363,960,True
6325,2021,5,1724,960,True
6326,843,13,1094,640,True
6327,871,81,1661,960,True
6328,1192,18,1495,960,True
6329,1163,2,1461,960,False
6330,1052,2,1331,960,True
6331,1990,2,2364,960,True
6332,752,9,988,960,True
6333,1991,1,2365,640,True
6334,1082,2,1366,640,True
6335,1992,3,2366,960,True
6336,1993,1,2367,640,False
6337,714,21,942,960,True
6338,1994,1,2368,640,False
6339,778,15,1220,960,True
6340,1995,1,2369,640,True
6341,1996,1,2370,640,True
6342,1997,1,2371,1600,True
6343,1998,1,2372,640,False
6344,1999,3,2373,960,False
6345,2000,1,2374,640,True
6346,2001,1,2375,1600,True
6347,2002,1,2376,960,True
6348,1543,2,1882,640,False
6349,2003,2,2377,640,True
6350,1224,2,1528,960,True
6351,965,161,1233,640,False
6352,627,58,954,960,True
6353,646,250,787,960,False
6354,730,7,962,960,True
6355,965,161,817,640,True
6356,976,4,2378,960,True
6357,627,58,830,960,True
6358,1750,3,2103,1080,True
6359,2004,1,2379,960,True
6360,2005,3,2380,960,True
6361,2006,1,2381,720,True
6362,687,50,906,960,True
6363,2007,1,2382,640,False
6364,1353,7,1761,960,True
6365,1316,10,2383,960,True
6366,2008,1,2384,1080,False
6367,1121,14,930,640,True
6368,2009,1,2385,1080,False
6369,2010,2,2386,960,True
6370,2011,2,2387,1600,True
6371,1316,10,1629,960,True
6372,1192,18,1495,960,True
6373,1053,6,1332,1080,True
6374,871,81,1661,960,True
6375,627,58,1112,960,True
6376,1558,4,1897,640,False
6377,1396,6,1718,640,True
6378,1766,4,2120,640,False
6379,2012,1,2388,1600,False
6380,1192,18,888,960,True
6381,1556,4,2389,1080,False
6382,1205,3,1509,960,True
6383,2013,1,2390,640,True
6384,2014,1,2391,960,True
6385,705,6,932,960,True
6386,1937,3,2304,960,True
6387,646,250,787,960,True
6388,2015,1,2392,1600,True
6389,1140,2,1437,1600,True
6390,1573,4,1914,1080,True
6391,869,81,977,960,True
6392,1129,3,1423,640,False
6393,2016,1,2393,960,True
6394,2017,1,2394,640,True
6395,2018,1,2395,1080,True
6396,761,3,999,640,True
6397,1715,3,2063,1080,True
6398,693,29,801,960,True
6399,733,248,946,960,True
6400,627,58,954,960,True
6401,1155,4,1453,960,True
6402,2019,1,2396,1080,False
6403,2020,4,2397,960,True
6404,965,161,1233,640,True
6405,1903,100,1782,960,True
6406,902,12,903,960,True
6407,733,248,1011,960,True
6408,2021,5,2398,960,True
6409,1292,11,2008,640,True
6410,2022,2,2399,1600,True
6411,2023,1,2400,640,False
6412,679,12,895,640,True
6413,1742,7,2094,640,True
6414,2024,3,2401,960,True
6415,2025,1,2402,1080,True
6416,1766,4,2120,640,False
6417,733,248,1559,960,True
6418,2026,2,2403,1600,True
6419,617,7,820,960,True
6420,1203,18,1507,960,True
6421,2027,1,2404,640,True
6422,603,3,803,1600,True
6423,1080,5,2405,960,False
6424,965,161,795,640,True
6425,629,27,1049,960,True
6426,2028,2,2406,640,True
6427,733,248,1109,960,True
6428,1124,11,1388,960,True
6429,2029,1,2407,960,True
6430,849,21,1101,640,True
6431,2030,1,2408,960,True
6432,2031,1,2409,1080,False
6433,895,2,1154,960,True
6434,1027,11,1304,640,True
6435,1303,7,1616,960,True
6436,1990,2,2364,960,True
6437,2032,1,2410,1600,True
6438,641,7,850,960,True
6439,733,248,946,960,True
6440,2033,1,2411,640,False
6441,1214,5,1518,640,True
6442,2034,1,2412,1080,True
6443,2035,1,2413,960,True
6444,639,8,847,640,True
6445,687,50,906,960,True
6446,2036,1,2414,640,True
6447,2037,2,2415,960,True
6448,965,161,795,640,False
6449,2038,1,2416,960,False
6450,2039,1,2417,1080,False
6451,2040,2,2418,640,False
6452,2041,1,2419,960,False
6453,1823,3,2183,960,True
6454,1508,3,1843,640,False
6455,1809,2,2165,640,True
6456,686,7,905,960,True
6457,2042,1,2420,1600,True
6458,2043,1,2421,640,True
6459,750,22,1152,960,True
6460,649,19,859,960,True
6461,965,161,795,640,True
6462,717,10,945,960,True
6463,2044,3,2422,960,True
6464,784,4,1027,640,True
6465,1884,4,2423,960,True
6466,829,8,2424,1600,True
6467,609,6,811,1600,True
6468,631,15,836,960,True
6469,1750,3,2103,1080,True
6470,2045,1,2425,720,True
6471,2046,1,2426,1600,True
6472,1769,2,2123,960,True
6473,948,2,1213,960,True
6474,880,5,1137,960,True
6475,965,161,795,640,True
6476,1715,3,2063,1080,True
6477,1121,14,930,640,True
6478,899,2,1159,960,True
6479,739,5,973,960,True
6480,646,250,787,960,True
6481,2047,1,2427,640,False
6482,2048,1,2428,1080,True
6483,629,27,1228,960,True
6484,1250,23,994,960,True
6485,1460,2,1794,1080,True
6486,1803,25,1289,640,True
6487,2049,1,2429,1600,True
6488,1219,3,1523,1080,True
6489,687,50,906,960,True
6490,1135,8,1432,960,True
6491,2050,1,2430,1080,True
6492,2051,1,2431,1080,True
6493,1121,14,948,640,True
6494,2052,1,2432,960,True
6495,965,161,795,640,True
6496,1331,2,1647,640,False
6497,2053,2,2433,1080,True
6498,1482,16,1817,640,True
6499,1316,10,1924,960,True
6500,2054,1,2434,1600,True
6501,768,5,2435,1080,True
6502,2055,1,2436,640,True
6503,1156,7,1850,640,False
6504,2056,1,2437,1080,True
6505,663,12,876,960,True
6506,2057,3,2438,960,False
6507,1364,5,1682,960,True
6508,1121,14,930,640,True
6509,2058,1,2439,1080,True
6510,1135,8,1432,960,True
6511,1487,3,1822,960,True
6512,2059,1,2440,640,True
6513,930,4,1192,960,True
6514,729,9,961,640,True
6515,2060,1,2441,960,True
6516,2061,1,2442,960,True
6517,1318,15,1632,960,True
6518,871,81,1127,960,True
6519,871,81,1127,960,True
6520,2062,1,2443,1080,True
6521,2063,1,2444,1080,False
6522,2064,1,2445,1600,False
6523,2065,1,2446,1600,True
6524,2066,1,2447,1080,False
6525,881,4,1138,960,True
6526,1476,3,1810,640,True
6527,687,50,906,960,True
6528,733,248,790,960,True
6529,1788,5,2142,960,True
6530,2067,1,2448,960,True
6531,785,11,1028,640,True
6532,624,23,858,960,True
6533,629,27,2360,960,True
6534,1836,2,2197,640,True
6535,2068,1,2449,1600,True
6536,2069,1,2450,640,False
6537,2070,1,2451,640,True
6538,733,248,946,960,True
6539,733,248,808,960,False
6540,2071,1,2452,1600,True
6541,2072,1,2453,720,True
6542,924,10,1186,960,True
6543,712,3,939,640,False
6544,733,248,946,960,True
6545,833,12,2454,1600,True
6546,1141,3,1438,640,True
6547,2073,1,2455,1080,True
6548,750,22,1152,960,True
6549,2074,1,2456,640,True
6550,830,72,1038,960,True
6551,760,5,998,640,False
6552,1482,16,1817,640,True
6553,629,27,1049,960,True
6554,1796,2,2151,960,True
6555,1061,3,1341,960,True
6556,869,81,1815,960,True
6557,1820,4,2178,640,True
6558,2075,1,2457,640,True
6559,1979,5,2351,960,True
6560,1381,2,1701,640,True
6561,2076,1,2458,960,True
6562,646,250,787,960,True
6563,627,58,1112,960,True
6564,2077,2,2459,960,True
6565,978,11,1247,960,True
6566,1903,100,947,960,True
6567,733,248,1121,960,True
6568,932,8,2460,960,True
6569,830,72,1059,960,True
6570,2078,1,2461,1080,True
6571,615,6,818,960,True
6572,649,19,859,960,True
6573,687,50,906,960,True
6574,2079,2,2462,1080,True
6575,1730,4,2081,960,True
6576,2080,3,2463,640,True
6577,785,11,1028,640,True
6578,1727,17,2464,960,True
6579,2081,1,2465,1080,True
6580,1303,7,1369,960,True
6581,717,10,1721,960,True
6582,842,25,1092,960,True
6583,733,248,1121,960,True
6584,2082,1,2466,960,True
6585,1084,5,1370,960,True
6586,631,15,836,960,True
6587,1075,4,1358,960,True
6588,965,161,817,640,True
6589,789,10,1032,640,True
6590,2083,1,2467,640,True
6591,965,161,1233,640,True
6592,646,250,787,960,True
6593,732,4,964,960,True
6594,1188,3,1488,640,True
6595,965,161,795,640,True
6596,2084,1,2468,1600,True
6597,654,38,864,960,True
6598,1516,3,1854,960,True
6599,2079,2,2462,1080,True
6600,663,12,876,960,True
6601,990,2,1259,960,True
6602,646,250,787,960,True
6603,2085,1,2469,960,True
6604,1566,2,1905,960,True
6605,965,161,1230,640,True
6606,2086,1,2470,1080,True
6607,869,81,1815,960,True
6608,965,161,795,640,True
6609,1054,7,1333,960,True
6610,824,2,1071,1080,True
6611,2080,3,2463,640,True
6612,2087,1,2471,640,True
6613,733,248,965,960,True
6614,2088,1,2472,1600,True
6615,2089,1,2473,640,True
6616,1332,3,1648,640,True
6617,624,23,827,960,True
6618,2090,2,2474,960,True
6619,2091,3,2475,960,True
6620,2092,1,2476,1080,True
6621,871,81,1127,960,True
6622,622,6,825,960,True
6623,871,81,1157,960,True
6624,646,250,787,960,True
6625,1124,11,2477,960,True
6626,2093,1,2478,960,True
6627,2094,1,2479,1600,True
6628,733,248,790,960,True
6629,2095,2,2480,960,True
6630,1697,4,2043,640,True
6631,988,11,2175,960,True
6632,733,248,1005,960,True
6633,2096,1,2481,1080,True
6634,2097,1,2482,640,True
6635,2098,1,2483,960,True
6636,2099,1,2484,640,True
6637,965,161,795,640,True
6638,2100,1,2485,640,True
6639,2101,1,2486,1080,True
6640,2102,1,2487,1600,True
6641,2103,2,2488,640,True
6642,2104,2,2489,640,True
6643,1095,12,1383,960,True
6644,2105,1,2490,1080,True
6645,1550,4,2051,1600,True
6646,646,250,1315,960,True
6647,2106,1,2491,1080,True
6648,733,248,808,960,True
6649,2107,1,2492,640,True
6650,2108,1,2493,1080,True
6651,871,81,1661,960,True
6652,733,248,790,960,True
6653,805,3,1051,960,True
6654,1393,4,1715,960,True
6655,724,7,2494,960,True
6656,649,19,859,960,True
6657,688,3,908,640,True
6658,924,10,1186,960,True
6659,2109,1,2495,1080,True
6660,1921,2,2286,640,True
6661,1556,4,2496,1080,True
6662,765,8,1006,640,True
6663,1556,4,2389,1080,True
6664,849,21,1101,640,True
6665,842,25,1092,960,True
6666,2110,2,2497,640,True
6667,2111,2,2498,1080,True
6668,646,250,787,960,True
6669,1080,5,1477,960,True
6670,2112,2,2499,640,True
6671,684,4,901,640,True
6672,733,248,1011,960,True
6673,2113,2,2500,960,True
6674,965,161,817,640,True
6675,871,81,1157,960,True
6676,2114,1,2501,720,True
6677,663,12,876,960,True
6678,2115,1,2502,640,True
6679,2116,1,2503,1080,True
6680,2117,1,2504,640,True
6681,1820,4,2178,640,True
6682,1742,7,1371,640,True
6683,807,15,1053,640,True
6684,1903,100,989,960,True
6685,691,5,911,640,True
6686,2118,1,2505,1600,True
6687,807,15,1053,640,True
6688,1795,3,2150,640,True
6689,869,81,977,960,True
6690,2119,3,2506,960,True
6691,2120,2,2507,640,True
6692,733,248,946,960,True
6693,837,3,1086,640,True
6694,2121,1,2508,640,True
6695,811,2,1057,1600,True
6696,2122,1,2509,640,True
6697,917,9,1178,960,True
6698,646,250,844,960,True
6699,2123,1,2510,720,True
6700,1234,7,1539,960,True
6701,922,6,840,960,True
6702,786,10,1029,960,True
6703,627,58,1112,960,True
6704,1250,23,1557,960,True
6705,2124,1,2511,1600,True
6706,629,27,1049,960,True
6707,1730,4,2081,960,True
6708,805,3,1051,960,True
6709,1803,25,1289,640,True
6710,714,21,942,960,True
6711,871,81,1157,960,True
6712,646,250,1281,960,True
6713,829,8,1001,1600,True
6714,916,4,1177,960,True
6715,1876,2,2239,1600,True
6716,1951,3,2319,960,True
6717,609,6,811,1600,True
6718,1095,12,1383,960,True
6719,1903,100,989,960,True
6720,988,11,2175,960,True
6721,2125,1,2512,640,True
6722,629,27,834,960,True
6723,2126,1,2513,960,True
6724,1678,5,2024,640,True
6725,807,15,1053,640,True
6726,775,3,1018,1080,True
6727,1681,2,2027,960,True
6728,2127,1,2514,640,True
6729,733,248,802,960,True
6730,714,21,942,960,True
6731,2128,4,2515,640,True
6732,733,248,1109,960,True
6733,2021,5,1724,960,True
6734,1887,2,2251,960,True
6735,764,9,1003,960,True
6736,2129,1,2516,640,True
6737,843,13,1094,640,True
6738,2130,1,2517,640,True
6739,2037,2,2415,960,True
6740,2131,1,2518,1080,True
6741,646,250,787,960,True
6742,2132,1,2519,960,True
6743,646,250,794,960,True
6744,1448,3,1778,640,True
6745,2133,1,2520,640,True
6746,1162,19,892,960,True
6747,1002,9,867,640,True
6748,2134,1,2521,1600,True
6749,1939,4,2306,960,True
6750,1228,6,1533,640,True
6751,888,3,1145,960,True
6752,2135,1,2522,1080,True
6753,746,4,2523,960,True
6754,646,250,787,960,True
6755,186,10,260,960,True
6756,165,19,231,960,True
6757,2136,1,2524,960,True
6758,41,218,3,960,True
6759,270,4,387,960,True
6760,100,2,139,960,True
6761,57,22,50,960,True
6762,110,2,150,960,True
6763,97,27,375,960,True
6764,5,43,7,960,True
6765,2137,1,2525,640,True
6766,96,57,229,960,True
6767,2138,1,2526,640,True
6768,105,15,145,960,True
6769,60,71,159,960,True
6770,0,104,0,960,True
6771,145,18,285,960,True
6772,43,20,62,960,True
6773,24,246,458,960,True
6774,116,5,158,960,True
6775,62,41,88,960,True
6776,323,2,450,960,True
6777,28,50,35,960,True
6778,24,246,29,960,True
6779,404,3,548,960,True
6780,126,18,174,960,True
6781,3,8,5,960,True
6782,247,3,354,960,True
6783,24,246,589,960,True
6784,129,14,180,960,True
6785,8,4,12,960,True
6786,41,218,3,960,True
6787,97,27,136,960,True
6788,2139,1,2527,960,True
6789,272,83,179,960,True
6790,78,6,111,960,True
6791,24,246,114,960,True
6792,147,78,78,960,True
6793,320,15,39,640,True
6794,126,18,174,960,True
6795,24,246,68,960,True
6796,2140,1,2528,640,True
6797,73,55,42,640,True
6798,35,12,51,960,True
6799,57,22,50,960,True
6800,480,4,655,960,True
6801,42,26,61,960,True
6802,51,30,560,960,True
6803,392,3,534,960,True
6804,2141,1,2529,960,True
6805,12,34,16,960,True
6806,538,5,722,960,True
6807,27,25,34,960,True
6808,272,83,179,960,True
6809,480,4,655,960,True
6810,5,43,7,960,True
6811,2142,1,2530,960,True
6812,87,8,123,960,True
6813,2143,1,2531,960,True
6814,397,67,2,640,True
6815,101,2,140,640,True
6816,2144,1,2532,960,True
6817,106,78,31,960,True
6818,10,11,14,960,True
6819,435,3,588,960,False
6820,41,218,11,960,True
6821,147,78,78,960,True
6822,733,248,316,640,True
6823,41,218,60,960,True
6824,74,21,104,960,True
6825,251,7,360,960,True
6826,46,37,66,960,True
6827,235,5,459,640,True
6828,347,3,483,960,True
6829,41,218,11,960,True
6830,114,19,155,960,True
6831,2145,1,2533,960,False
6832,74,21,104,960,True
6833,563,3,749,960,True
6834,57,22,80,960,True
6835,106,78,31,960,True
6836,344,2,478,960,False
6837,147,78,156,960,False
6838,46,37,66,960,True
6839,24,246,128,960,True
6840,25,16,1985,960,True
6841,353,3,490,960,True
6842,106,78,225,960,True
6843,272,83,418,960,True
6844,0,104,0,960,True
6845,24,246,176,960,False
6846,145,18,285,960,True
6847,305,33,89,960,True
6848,2146,1,2534,960,False
6849,183,24,82,960,True
6850,465,5,627,960,True
6851,41,218,11,960,True
6852,2147,1,2535,960,True
6853,56,8,79,960,True
6854,24,246,68,960,True
6855,129,14,180,960,True
6856,320,15,39,640,True
6857,177,33,129,960,False
6858,147,78,167,960,True
6859,24,246,778,960,True
6860,305,33,209,640,True
6861,135,20,356,960,True
6862,62,41,88,960,True
6863,397,67,2,640,False
6864,2148,1,2536,640,False
6865,135,20,187,960,True
6866,24,246,484,960,True
6867,106,78,31,960,True
6868,206,15,163,960,True
6869,177,33,129,960,True
6870,145,18,200,960,True
6871,576,2,766,960,True
6872,41,218,92,960,True
6873,12,34,16,960,True
6874,97,27,136,960,True
6875,60,71,159,960,True
6876,2149,1,2537,960,True
6877,46,37,66,960,True
6878,269,6,386,960,True
6879,60,71,47,960,True
6880,62,41,88,960,True
6881,159,17,219,960,True
6882,239,3,339,960,True
6883,286,7,407,960,True
6884,41,218,11,960,True
6885,96,57,633,960,True
6886,2150,1,2538,960,True
6887,318,3,444,960,True
6888,2151,1,2539,640,True
6889,24,246,236,960,True
6890,41,218,60,960,True
6891,145,18,200,960,True
6892,221,6,307,960,True
6893,222,4,308,960,True
6894,97,27,375,960,True
6895,16,4,20,960,True
6896,24,246,65,960,True
6897,459,6,100,960,True
6898,11,30,353,960,True
6899,168,11,784,960,True
6900,69,7,98,960,True
6901,5,43,2540,960,True
6902,5,43,7,960,True
6903,320,15,39,640,True
6904,24,246,470,960,True
6905,250,6,359,960,True
6906,0,104,0,960,True
6907,129,14,180,960,True
6908,60,71,159,960,True
6909,144,49,26,960,True
6910,2152,1,2541,640,True
6911,311,2,437,960,True
6912,183,24,82,960,True
6913,2153,1,2542,640,True
6914,387,3,528,960,True
6915,2154,1,2543,640,True
6916,2155,1,2544,960,True
6917,87,8,123,960,True
6918,24,246,29,960,True
6919,305,33,89,960,True
6920,28,50,35,960,True
6921,27,25,34,960,True
6922,106,78,31,960,True
6923,111,5,151,960,True
6924,105,15,145,960,True
6925,114,19,155,960,True
6926,12,34,16,960,True
6927,45,20,107,960,True
6928,232,2,327,960,True
6929,397,67,351,640,True
6930,1260,2,1570,960,True
6931,51,30,72,960,True
6932,234,3,332,960,True
6933,397,67,2,640,True
6934,60,71,47,960,True
6935,144,49,26,960,True
6936,106,78,31,960,True
6937,27,25,34,960,True
6938,1258,2,1567,960,True
6939,24,246,233,960,True
6940,24,246,2545,960,True
6941,2156,1,2546,960,True
6942,2157,1,2547,960,True
6943,24,246,610,960,True
6944,3,8,5,960,True
6945,272,83,179,960,True
6946,272,83,179,960,True
6947,46,37,66,960,True
6948,147,78,167,960,True
6949,74,21,104,960,True
6950,206,15,286,960,True
6951,134,4,185,960,True
6952,465,5,627,960,True
6953,41,218,220,960,True
6954,2158,1,2548,960,True
6955,848,3,1100,640,False
6956,1234,7,1638,960,True
6957,693,29,801,960,True
6958,830,72,1059,960,True
6959,733,248,902,960,True
6960,925,8,1187,960,True
6961,1164,4,1462,640,False
6962,733,248,946,960,True
6963,1903,100,2313,960,True
6964,2159,2,2549,640,True
6965,733,248,946,960,False
6966,989,7,1258,640,False
6967,2160,1,2550,960,True
6968,707,13,934,640,True
6969,2161,2,2551,960,True
6970,660,11,873,960,True
6971,1054,7,1333,960,True
6972,1192,18,1495,960,True
6973,733,248,1559,960,True
6974,1442,2,1771,960,True
6975,849,21,1779,640,True
6976,2162,2,2552,640,False
6977,2163,1,2553,640,True
6978,1046,2,1325,640,False
6979,733,248,1109,960,True
6980,1136,4,1433,960,True
6981,1349,4,1667,960,True
6982,2164,1,2554,720,True
6983,1703,4,2555,640,True
6984,1250,23,1557,960,True
6985,2165,1,2556,1080,False
6986,1313,6,1626,960,True
6987,1742,7,1371,640,False
6988,750,22,1135,960,True
6989,622,6,825,960,True
6990,654,38,864,960,True
6991,2166,1,2557,960,False
6992,2167,1,2558,1080,True
6993,2168,2,2559,640,True
6994,2169,1,2560,1600,True
6995,2170,1,2561,1600,True
6996,654,38,864,960,True
6997,2171,1,2562,1080,False
6998,2172,1,2563,640,False
6999,704,6,931,640,True
7000,2173,1,2564,960,True
7001,1250,23,994,960,True
7002,693,29,801,960,True
7003,732,4,964,960,True
7004,733,248,902,960,True
7005,1903,100,947,960,True
7006,2174,2,2565,640,False
7007,2175,1,2566,1080,False
7008,2176,1,2567,1600,True
7009,1903,100,947,960,True
7010,976,4,2378,960,True
7011,693,29,801,960,True
7012,2177,1,2568,1600,True
7013,2111,2,2498,1080,True
7014,871,81,1157,960,False
7015,965,161,1233,640,True
7016,1071,11,1688,960,True
7017,2178,1,2569,640,False
7018,2179,1,2570,1080,False
7019,1227,5,1532,960,True
7020,645,2,854,640,True
7021,2077,2,2459,960,False
7022,1089,4,1377,960,True
7023,814,6,1061,960,True
7024,2180,1,2571,720,True
7025,921,13,2572,1080,True
7026,2181,1,2573,720,True
7027,2182,1,2574,960,False
7028,2183,1,2575,960,True
7029,2184,1,2576,640,False
7030,2185,1,2577,1600,True
7031,1281,5,877,640,False
7032,1251,3,1558,1080,False
7033,2186,1,2578,960,True
7034,668,3,882,640,False
7035,2187,1,2579,1600,True
7036,733,248,1300,640,False
7037,2188,1,2580,1080,True
7038,724,7,2494,960,True
7039,965,161,795,640,True
7040,1502,4,1837,960,True
7041,2189,1,2581,640,True
7042,1527,5,1866,640,True
7043,2190,3,2582,640,True
7044,729,9,1439,640,True
7045,2191,1,2583,640,False
7046,1684,2,2030,640,True
7047,2192,2,2584,960,True
7048,2193,1,2585,1080,False
7049,646,250,844,960,True
7050,1150,3,1448,960,True
7051,1318,15,1632,960,True
7052,2194,4,2586,640,True
7053,1803,25,2158,640,True
7054,2195,1,2587,640,False
7055,2196,2,2588,1080,True
7056,2197,1,2589,640,False
7057,850,6,1496,1080,False
7058,687,50,906,960,False
7059,807,15,1053,640,True
7060,646,250,855,960,True
7061,2198,1,2590,1080,False
7062,2199,1,2591,960,True
7063,2200,1,2592,1600,True
7064,2201,1,2593,960,False
7065,646,250,787,960,False
7066,707,13,934,640,True
7067,650,4,860,960,True
7068,660,11,873,960,True
7069,2202,1,2594,720,False
7070,705,6,932,960,True
7071,678,3,894,640,False
7072,638,6,846,640,True
7073,2203,2,2595,1080,True
7074,2204,1,2596,1080,True
7075,869,81,977,960,True
7076,1075,4,1358,960,True
7077,1903,100,1782,960,True
7078,639,8,847,640,False
7079,646,250,1281,960,False
7080,1354,3,1672,1080,False
7081,2205,1,2597,640,True
7082,646,250,787,960,False
7083,2206,1,2598,640,True
7084,2207,3,2599,640,True
7085,1540,2,1879,640,True
7086,2208,1,2600,1080,False
7087,2209,1,2601,1080,True
7088,646,250,787,960,True
7089,1727,17,913,960,True
7090,910,19,1170,960,True
7091,634,6,2602,960,True
7092,2210,2,2603,1080,False
7093,2211,3,2604,640,True
7094,2212,1,2605,960,True
7095,958,21,1224,960,True
7096,1676,3,2022,960,True
7097,2213,1,2606,640,True
7098,687,50,906,960,True
7099,1316,10,1924,960,True
7100,654,38,864,960,True
7101,869,81,1344,960,True
7102,2214,1,2607,960,True
7103,871,81,1157,960,False
7104,2215,1,2608,960,True
7105,1395,11,2609,1600,True
7106,1890,3,2254,960,False
7107,687,50,906,960,True
7108,2216,2,2610,640,False
7109,2044,3,2422,960,True
7110,1337,4,1654,1080,True
7111,1425,2,1753,1080,True
7112,1867,2,2230,960,True
7113,810,17,915,640,True
7114,849,21,2611,640,True
7115,2217,1,2612,640,False
7116,2218,1,2613,960,True
7117,871,81,1127,960,True
7118,1162,19,928,960,True
7119,2113,2,2500,960,True
7120,1900,4,2264,640,True
7121,871,81,1661,960,True
7122,869,81,977,960,True
7123,2219,1,2614,640,True
7124,925,8,1187,960,True
7125,2220,1,2615,960,False
7126,646,250,787,960,True
7127,733,248,808,960,False
7128,2221,1,2616,640,False
7129,2222,1,2617,1080,False
7130,646,250,855,960,True
7131,1523,3,1861,960,False
7132,674,6,889,960,True
7133,646,250,1315,960,False
7134,764,9,1003,960,True
7135,965,161,1233,640,True
7136,2223,1,2618,960,True
7137,1250,23,1705,960,True
7138,798,6,1043,960,True
7139,2224,1,2619,640,False
7140,1951,3,2319,960,True
7141,1234,7,1638,960,True
7142,1518,2,1856,1080,True
7143,2225,2,2620,640,True
7144,1505,5,1840,960,True
7145,747,5,1494,960,True
7146,842,25,1092,960,True
7147,1865,2,2228,640,True
7148,2226,1,2621,960,True
7149,2227,1,2622,640,False
7150,2228,2,2623,640,False
7151,1535,4,1874,960,True
7152,1803,25,1289,640,False
7153,1084,5,1370,960,True
7154,687,50,906,960,True
7155,1703,4,2555,640,False
7156,2229,1,2624,1080,True
7157,1992,3,2366,960,True
7158,796,5,1041,640,True
7159,867,2,1123,960,True
7160,2230,1,2625,960,True
7161,2231,2,2626,640,True
7162,2232,1,2627,1080,True
7163,871,81,1661,960,True
7164,858,9,1111,960,True
7165,2233,1,2628,1600,True
7166,965,161,795,640,True
7167,2234,1,2629,1600,True
7168,855,4,1107,960,True
7169,1002,9,867,640,False
7170,2235,1,2630,960,True
7171,1239,2,1545,640,False
7172,646,250,787,960,True
7173,1903,100,947,960,True
7174,2236,1,2631,720,True
7175,2237,1,2632,640,True
7176,731,6,2633,640,True
7177,2238,1,2634,720,True
7178,2239,1,2635,960,True
7179,1350,4,1668,960,True
7180,1161,2,1459,960,True
7181,640,5,849,960,True
7182,1530,2,1869,960,True
7183,733,248,1109,960,True
7184,2240,1,2636,1080,True
7185,1678,5,2024,640,True
7186,701,6,926,960,True
7187,985,4,1713,960,True
7188,2241,1,2637,960,True
7189,2161,2,2551,960,True
7190,1053,6,1332,1080,True
7191,733,248,946,960,True
7192,1528,2,1867,640,False
7193,823,5,1070,960,True
7194,2242,1,2638,960,True
7195,1573,4,1914,1080,True
7196,2243,1,2639,640,True
7197,2244,1,2640,1080,True
7198,1502,4,1837,960,True
7199,2245,1,2641,960,True
7200,1775,5,2129,1080,True
7201,714,21,942,960,True
7202,646,250,787,960,True
7203,1250,23,994,960,True
7204,2246,1,2642,640,True
7205,733,248,902,960,True
7206,733,248,981,960,True
7207,2247,1,2643,1600,True
7208,646,250,787,960,False
7209,1775,5,2129,1080,True
7210,646,250,787,960,True
7211,1537,4,1876,960,True
7212,1722,4,2072,960,True
7213,1005,7,1274,1600,True
7214,2248,1,2644,720,True
7215,646,250,855,960,True
7216,2249,6,2645,960,True
7217,2250,1,2646,640,True
7218,993,12,1262,960,True
7219,965,161,795,640,True
7220,2026,2,2403,1600,False
7221,2251,1,2647,640,False
7222,1603,2,1946,640,True
7223,826,9,1073,960,True
7224,2005,3,2380,960,True
7225,686,7,905,960,True
7226,988,11,1257,960,True
7227,1031,7,1309,640,True
7228,750,22,1135,960,True
7229,869,81,1543,960,False
7230,1412,2,1738,640,True
7231,1352,4,1670,640,True
7232,842,25,1092,960,True
7233,2252,3,2648,1080,True
7234,634,6,2649,960,True
7235,627,58,954,960,True
7236,1084,5,1370,960,True
7237,733,248,902,960,True
7238,653,10,863,640,False
7239,866,8,1122,960,True
7240,2253,2,2650,1600,True
7241,679,12,895,640,True
7242,1803,25,1289,640,True
7243,687,50,906,960,True
7244,1587,8,1929,960,True
7245,965,161,923,640,True
7246,1903,100,2267,640,False
7247,1537,4,1876,960,True
7248,646,250,787,960,True
7249,1002,9,1271,640,False
7250,629,27,1049,960,True
7251,1580,5,1921,960,True
7252,1939,4,2306,960,True
7253,902,12,903,960,True
7254,1007,7,1277,960,True
7255,2254,1,2651,960,True
7256,640,5,849,960,True
7257,1228,6,1533,640,True
7258,2255,1,2652,1080,True
7259,1533,2,1872,1080,True
7260,2256,1,2653,640,False
7261,733,248,790,960,True
7262,1315,3,1628,960,False
7263,910,19,1170,960,True
7264,871,81,1157,960,True
7265,2257,1,2654,640,True
7266,1482,16,1817,640,True
7267,2258,1,2655,1600,True
7268,965,161,817,640,True
7269,965,161,1233,640,False
7270,1174,2,1473,640,True
7271,2259,1,2656,1600,True
7272,2260,1,2657,960,True
7273,2261,1,2658,960,True
7274,974,8,1243,640,True
7275,2262,2,2659,1080,True
7276,1366,5,1684,960,True
7277,810,17,915,640,True
7278,1400,3,1723,1600,True
7279,1503,2,1838,960,True
7280,965,161,817,640,True
7281,687,50,906,960,True
7282,1754,14,1039,640,True
7283,1170,4,1469,960,False
7284,1070,8,1353,960,True
7285,2263,1,2660,1600,True
7286,2264,1,2661,640,False
7287,733,248,802,960,True
7288,2265,1,2662,1080,True
7289,798,6,1043,960,True
7290,646,250,787,960,True
7291,733,248,1121,960,True
7292,1697,4,2043,640,True
7293,2266,1,2663,1600,True
7294,2267,1,2664,1080,True
7295,646,250,787,960,True
7296,965,161,795,640,True
7297,2268,2,2665,640,True
7298,685,3,904,960,True
7299,871,81,1157,960,False
7300,2269,1,2666,960,True
7301,2270,1,2667,1080,True
7302,641,7,1293,960,True
7303,1820,4,2178,640,True
7304,733,248,946,960,True
7305,822,3,1069,960,True
7306,830,72,1079,960,True
7307,651,12,861,640,True
7308,965,161,1230,640,False
7309,733,248,790,960,True
7310,2271,1,2668,640,True
7311,646,250,787,960,True
7312,2272,1,2669,960,True
7313,714,21,942,960,True
7314,2273,1,2670,960,True
7315,2274,1,2671,960,True
7316,639,8,847,640,True
7317,733,248,965,960,True
7318,646,250,787,960,True
7319,2275,1,2672,960,True
7320,2276,1,2673,720,True
7321,2277,1,2674,640,True
7322,2278,1,2675,640,True
7323,1352,4,1670,640,False
7324,2225,2,2620,640,True
7325,2279,1,2676,640,True
7326,733,248,1011,960,True
7327,2280,1,2677,640,True
7328,910,19,1170,960,True
7329,2281,1,2678,640,True
7330,627,58,1112,960,True
7331,1465,4,1799,640,False
7332,2282,1,2679,720,True
7333,2283,1,2680,640,False
7334,849,21,1101,640,True
7335,654,38,864,960,True
7336,1587,8,1929,960,True
7337,2284,1,2681,640,True
7338,869,81,1342,960,True
7339,2285,1,2682,960,True
7340,634,6,2602,960,True
7341,736,3,970,960,False
7342,2286,1,2683,1600,True
7343,906,2,1166,960,True
7344,2249,6,2166,960,True
7345,733,248,900,960,True
7346,1610,3,1953,640,False
7347,2287,1,2684,640,True
7348,733,248,790,960,True
7349,646,250,787,960,True
7350,1162,19,892,960,True
7351,1208,6,1512,960,True
7352,733,248,1005,960,True
7353,1144,8,1442,640,False
7354,627,58,1112,960,True
7355,1371,2,1690,960,True
7356,2010,2,2386,960,True
7357,849,21,1101,640,False
7358,724,7,2494,960,True
7359,1080,5,1363,960,False
7360,1203,18,1507,960,True
7361,617,7,820,960,True
7362,2288,2,2685,960,True
7363,733,248,790,960,True
7364,2095,2,2480,960,True
7365,732,4,964,960,True
7366,2289,1,2686,640,False
7367,646,250,787,960,True
7368,862,10,1117,960,True
7369,932,8,2460,960,True
7370,1712,3,2060,960,True
7371,703,5,929,640,True
7372,2290,1,2687,1080,True
7373,2291,1,2688,960,True
7374,711,6,938,1600,True
7375,1141,3,1438,640,True
7376,1121,14,1415,640,True
7377,2210,2,2603,1080,True
7378,733,248,902,960,True
7379,2292,1,2689,720,False
7380,733,248,946,960,True
7381,1422,2,1750,640,True
7382,646,250,787,960,True
7383,2020,4,2397,960,True
7384,1121,14,930,640,True
7385,2293,1,2690,640,True
7386,2294,1,2691,1600,False
7387,2295,1,2692,1600,True
7388,1341,5,2349,960,True
7389,2296,1,2693,640,True
7390,2297,1,2694,960,True
7391,1580,5,1921,960,True
7392,2298,1,2695,1600,True
7393,646,250,787,960,True
7394,2299,2,2696,960,True
7395,842,25,1092,960,True
7396,733,248,946,960,True
7397,1376,10,1637,960,True
7398,688,3,908,640,True
7399,2300,1,2697,1600,True
7400,1903,100,947,960,False
7401,2301,1,2698,1600,True
7402,2302,1,2699,960,True
7403,703,5,929,640,True
7404,733,248,981,960,True
7405,687,50,906,960,True
7406,2303,2,2700,1080,True
7407,2304,3,2701,1600,True
7408,646,250,1315,960,False
7409,1982,2,2354,640,False
7410,1578,2,1919,1600,True
7411,988,11,2175,960,True
7412,931,5,1193,1600,True
7413,693,29,914,640,True
7414,693,29,914,640,True
7415,1903,100,871,640,False
7416,624,23,858,960,True
7417,1468,2,1802,1600,True
7418,1587,8,1929,960,True
7419,809,2,1055,640,True
7420,1250,23,994,960,True
7421,1803,25,1289,640,False
7422,2305,1,2702,960,True
7423,1144,8,1442,640,True
7424,746,4,2523,960,True
7425,704,6,931,640,True
7426,687,50,906,960,True
7427,1162,19,892,960,True
7428,2306,1,2703,640,True
7429,711,6,938,1600,True
7430,1903,100,2148,640,True
7431,2307,1,2704,960,True
7432,653,10,863,640,False
7433,2308,1,2705,960,True
7434,1203,18,1507,960,True
7435,871,81,1157,960,True
7436,993,12,1262,960,True
7437,733,248,1109,960,True
7438,797,12,1207,640,False
7439,744,11,833,960,True
7440,1510,4,1846,960,True
7441,830,72,1059,960,True
7442,1227,5,1532,960,True
7443,2309,1,2706,1080,True
7444,733,248,902,960,True
7445,965,161,817,640,True
7446,714,21,942,960,True
7447,996,4,1265,640,True
7448,1690,2,2036,640,False
7449,2310,1,2707,640,True
7450,2190,3,2582,640,True
7451,965,161,817,640,True
7452,2311,2,2708,1080,True
7453,2312,1,2709,960,True
7454,833,12,1082,1600,True
7455,1903,100,947,960,True
7456,965,161,1410,640,False
7457,923,2,1185,960,False
7458,2313,1,2710,1600,True
7459,752,9,988,960,True
7460,1440,3,1769,640,True
7461,2194,4,2586,640,True
7462,1652,3,1997,1600,True
7463,1903,100,848,960,True
7464,2314,4,2711,1080,True
7465,1903,100,848,960,True
7466,1054,7,1333,960,True
7467,1427,2,1755,960,True
7468,1227,5,1532,960,True
7469,627,58,1112,960,True
7470,2315,1,2712,960,True
7471,858,9,2046,960,True
7472,2316,1,2713,1080,True
7473,1357,3,1675,960,True
7474,711,6,938,1600,True
7475,1537,4,1876,960,True
7476,2317,1,2714,640,True
7477,1162,19,928,960,True
7478,830,72,1059,960,True
7479,646,250,1315,960,True
7480,733,248,946,960,True
7481,1482,16,1817,640,True
7482,1903,100,848,960,True
7483,714,21,942,960,True
7484,1071,11,1688,960,True
7485,1285,3,1597,640,False
7486,2318,2,2715,960,True
7487,1005,7,1274,1600,True
7488,2319,1,2716,640,False
7489,2320,2,2717,640,True
7490,646,250,855,960,True
7491,2321,1,2718,960,True
7492,1393,4,1715,960,True
7493,1452,3,1784,960,True
7494,646,250,787,960,True
7495,785,11,1028,640,True
7496,871,81,1157,960,True
7497,1303,7,1369,960,True
7498,989,7,2361,640,False
7499,731,6,2633,640,True
7500,2322,1,2719,1600,True
7501,2299,2,2696,960,True
7502,1432,4,1760,960,False
7503,794,10,1037,640,True
7504,1332,3,1648,640,True
7505,2323,1,2720,640,False
7506,733,248,808,960,False
7507,1148,9,2182,640,False
7508,2324,1,2721,960,True
7509,1054,7,1333,960,True
7510,1192,18,888,960,True
7511,646,250,787,960,True
7512,974,8,1243,640,True
7513,830,72,1059,960,False
7514,869,81,1125,960,False
7515,654,38,864,960,True
7516,2325,1,2722,640,True
7517,1144,8,1630,640,True
7518,2326,2,2723,960,True
7519,1587,8,1929,960,True
7520,1903,100,871,640,True
7521,2327,3,2724,640,False
7522,2328,1,2725,640,True
7523,2044,3,2422,960,True
7524,810,17,915,640,True
7525,2329,1,2726,1600,True
7526,1170,4,1469,960,True
7527,2330,1,2727,1080,True
7528,2331,1,2728,720,True
7529,833,12,1082,1600,True
7530,679,12,895,640,True
7531,965,161,1233,640,True
7532,1043,3,1322,640,True
7533,750,22,986,960,True
7534,733,248,902,960,True
7535,2332,1,2729,1600,True
7536,1822,2,2180,640,True
7537,2333,1,2730,1080,True
7538,871,81,1157,960,True
7539,2320,2,2717,640,True
7540,2334,1,2731,640,True
7541,733,248,790,960,True
7542,1071,11,1688,960,True
7543,654,38,864,960,True
7544,2120,2,2507,640,False
7545,627,58,1112,960,True
7546,717,10,1721,960,True
7547,834,8,1350,640,False
7548,1788,5,2142,960,True
7549,2335,1,2732,1080,True
7550,965,161,1093,640,True
7551,665,8,879,960,True
7552,733,248,946,960,True
7553,646,250,855,960,True
7554,1095,12,1383,960,True
7555,733,248,981,960,True
7556,2128,4,2515,640,False
7557,965,161,2090,640,True
7558,2336,2,2733,1080,True
7559,842,25,1092,960,True
7560,869,81,977,960,True
7561,998,4,1386,960,True
7562,810,17,915,640,True
7563,1005,7,1274,1600,True
7564,627,58,954,960,True
7565,733,248,808,960,False
7566,1313,6,919,960,True
7567,1330,8,1646,960,True
7568,2288,2,2685,960,False
7569,2337,1,2734,720,True
7570,1148,9,1446,640,True
7571,1118,4,1412,1600,True
7572,1615,3,1958,640,True
7573,849,21,1101,640,True
7574,1292,11,2008,640,True
7575,733,248,808,960,False
7576,2168,2,2559,640,False
7577,965,161,1087,640,False
7578,2338,1,2735,1080,True
7579,798,6,1043,960,True
7580,716,7,1844,960,True
7581,1162,19,928,960,True
7582,2339,1,2736,960,False
7583,646,250,787,960,True
7584,2340,1,2737,640,False
7585,1903,100,918,960,False
7586,2341,1,2738,1080,True
7587,2342,1,2739,1080,True
7588,2343,1,2740,1080,False
7589,731,6,2069,640,True
7590,622,6,825,960,True
7591,1336,3,1653,640,False
7592,931,5,1193,1600,True
7593,2344,1,2741,640,True
7594,814,6,1061,960,True
7595,2345,1,2742,1080,True
7596,646,250,787,960,True
7597,2346,4,2743,640,False
7598,2347,3,2744,640,False
7599,2348,1,2745,1080,True
7600,621,3,824,960,True
7601,2349,1,2746,640,False
7602,1559,2,1898,960,True
7603,2350,1,2747,640,True
7604,2351,1,2748,1080,False
7605,678,3,894,640,True
7606,646,250,787,960,True
7607,2303,2,2700,1080,True
7608,1550,4,1889,1600,True
7609,720,2,951,960,True
7610,1657,2,2002,1080,True
7611,2352,1,2749,1080,True
7612,2119,3,2506,960,True
7613,871,81,1661,960,True
7614,2353,1,2750,640,True
7615,1802,2,2157,1080,True
7616,646,250,787,960,False
7617,2354,1,2751,960,True
7618,1246,3,1552,1080,True
7619,2355,1,2752,640,False
7620,965,161,1233,640,True
7621,1330,8,1646,960,True
7622,902,12,903,960,True
7623,733,248,946,960,False
7624,784,4,2076,640,True
7625,2356,1,2753,640,True
7626,2112,2,2499,640,False
7627,1227,5,1532,960,True
7628,615,6,818,960,False
7629,638,6,846,640,True
7630,1473,2,1807,960,True
7631,663,12,876,960,True
7632,910,19,1170,960,True
7633,852,2,1104,640,False
7634,1089,4,1377,960,True
7635,646,250,787,960,True
7636,733,248,1011,960,True
7637,750,22,1152,960,True
7638,1992,3,2366,960,True
7639,1192,18,888,960,True
7640,2357,1,2754,1080,True
7641,714,21,942,960,True
7642,1330,8,1646,960,True
7643,932,8,1194,960,True
7644,2358,1,2755,1600,True
7645,961,4,1227,960,True
7646,2359,1,2756,960,True
7647,2360,1,2757,1080,False
7648,707,13,934,640,False
7649,2361,2,2758,640,True
7650,2362,1,2759,1080,True
7651,646,250,787,960,True
7652,2363,1,2760,640,False
7653,2364,1,2761,1080,True
7654,646,250,787,960,True
7655,797,12,1042,640,False
7656,2365,1,2762,640,False
7657,965,161,2090,640,True
7658,1354,3,1672,1080,True
7659,2366,1,2763,1600,True
7660,1095,12,1383,960,True
7661,869,81,1815,960,False
7662,1775,5,2129,1080,True
7663,2367,1,2764,640,True
7664,1987,5,2359,960,True
7665,646,250,787,960,True
7666,958,21,1224,960,True
7667,1527,5,1866,640,True
7668,2249,6,2166,960,True
7669,2368,1,2765,960,False
7670,2369,1,2766,640,True
7671,733,248,2767,960,True
7672,910,19,1170,960,True
7673,807,15,1053,640,True
7674,2370,1,2768,640,True
7675,733,248,1109,960,True
7676,672,3,886,640,True
7677,768,5,2435,1080,True
7678,879,3,1136,960,True
7679,2253,2,2650,1600,True
7680,825,5,1072,960,True
7681,2371,1,2769,640,False
7682,631,15,836,960,False
7683,2372,1,2770,1080,True
7684,2373,2,2771,640,False
7685,1148,9,1446,640,False
7686,2374,1,2772,960,True
7687,1510,4,1846,960,True
7688,2375,1,2773,1080,False
7689,2376,1,2774,1080,False
7690,866,8,1122,960,True
7691,646,250,787,960,True
7692,750,22,1135,960,True
7693,806,17,1052,960,True
7694,2377,1,2775,1600,False
7695,646,250,787,960,False
7696,1426,8,1754,960,True
7697,2021,5,2398,960,True
7698,1450,3,1781,640,False
7699,2378,1,2776,1600,True
7700,2379,1,2777,1080,True
7701,2380,1,2778,640,False
7702,960,2,1226,960,True
7703,1727,17,2078,960,True
7704,2381,1,2779,640,False
7705,910,19,1337,960,True
7706,752,9,988,960,True
7707,830,72,2780,960,True
7708,1150,3,1448,960,True
7709,1449,12,785,640,False
7710,2382,1,2781,640,False
7711,1395,11,1717,1600,True
7712,1979,5,2351,960,False
7713,1903,100,989,960,True
7714,988,11,2175,960,True
7715,2383,3,2782,960,True
7716,2384,1,2783,640,False
7717,2385,1,2784,960,True
7718,814,6,1061,960,True
7719,2346,4,1930,640,False
7720,2386,1,2785,1080,True
7721,2387,1,2786,720,True
7722,663,12,876,960,True
7723,2388,1,2787,960,True
7724,2389,2,2788,1600,True
7725,1863,2,2226,960,False
7726,2390,1,2789,1600,True
7727,2391,2,2790,960,True
7728,1799,3,2154,960,True
7729,2392,1,2791,1600,True
7730,631,15,836,960,True
7731,849,21,1101,640,True
7732,1135,8,1432,960,False
7733,1299,3,1612,960,False
7734,1026,3,1303,960,True
7735,733,248,2767,960,True
7736,1416,5,2346,1080,True
7737,673,4,887,960,True
7738,1238,6,1544,640,True
7739,1698,8,2044,960,True
7740,2091,3,2475,960,True
7741,2347,3,2744,640,False
7742,1089,4,1377,960,True
7743,2393,1,2792,1080,True
7744,2304,3,2701,1600,True
7745,1395,11,1717,1600,True
7746,988,11,2175,960,True
7747,2394,1,2793,640,False
7748,871,81,1661,960,True
7749,2395,1,2794,640,False
7750,849,21,1101,640,True
7751,1347,2,1665,960,True
7752,602,4,800,960,False
7753,646,250,1315,960,True
7754,2396,1,2795,640,False
7755,962,2,1229,1600,True
7756,2397,1,2796,1080,True
7757,2398,1,2797,1600,True
7758,1395,11,1717,1600,True
7759,861,3,1116,1600,True
7760,847,2,1098,640,False
7761,1527,5,1866,640,True
7762,1153,6,2798,640,False
7763,2399,1,2799,640,False
7764,733,248,1011,960,True
7765,627,58,1112,960,True
7766,2400,1,2800,640,True
7767,1719,2,2067,640,False
7768,1538,3,1877,640,False
7769,869,81,1543,960,True
7770,646,250,787,960,True
7771,2401,1,2801,640,False
7772,2402,1,2802,640,False
7773,2403,1,2803,640,False
7774,649,19,859,960,True
7775,2404,1,2804,1600,True
7776,1018,3,1291,640,False
7777,646,250,787,960,True
7778,778,15,1220,960,True
7779,1292,11,1604,640,False
7780,917,9,1178,960,True
7781,2405,1,2805,1080,False
7782,1773,5,2127,960,False
7783,660,11,873,960,True
7784,893,4,2070,960,True
7785,2406,1,2806,1080,False
7786,1553,4,1892,960,True
7787,1426,8,1754,960,True
7788,644,6,1489,960,True
7789,978,11,838,960,True
7790,2407,1,2807,1080,True
7791,869,81,1408,960,True
7792,2408,1,2808,640,False
7793,1722,4,2072,960,True
7794,2409,1,2809,640,True
7795,1342,5,1276,960,True
7796,733,248,946,960,True
7797,1903,100,989,960,True
7798,2410,1,2810,1080,True
7799,2411,1,2811,1600,True
7800,1903,100,947,960,True
7801,1803,25,1289,640,False
7802,733,248,790,960,False
7803,989,7,1258,640,False
7804,1070,8,1353,960,True
7805,1939,4,2306,960,True
7806,871,81,1661,960,True
7807,733,248,946,960,True
7808,733,248,790,960,True
7809,815,8,1062,640,True
7810,2412,1,2812,720,False
7811,2413,1,2813,640,True
7812,830,72,865,960,False
7813,714,21,942,960,True
7814,1353,7,1909,960,True
7815,1486,2,1821,960,True
7816,1395,11,1717,1600,False
7817,705,6,932,960,True
7818,2414,1,2814,640,False
7819,2415,1,2815,640,True
7820,2416,1,2816,1600,True
7821,687,50,906,960,True
7822,869,81,977,960,True
7823,2417,1,2817,720,True
7824,965,161,795,640,True
7825,1375,10,1114,960,True
7826,869,81,977,960,True
7827,2418,1,2818,960,True
7828,733,248,965,960,True
7829,2419,1,2819,640,True
7830,1826,5,2820,640,False
7831,806,17,1052,960,True
7832,922,6,1183,960,True
7833,733,248,946,960,True
7834,2420,1,2821,640,False
7835,646,250,787,960,True
7836,1027,11,1304,640,True
7837,1136,4,1433,960,True
7838,646,250,787,960,True
7839,707,13,934,640,True
7840,2421,1,2822,960,False
7841,629,27,1228,960,True
7842,2422,1,2823,1600,True
7843,2423,1,2824,720,True
7844,1376,10,1637,960,True
7845,1774,2,2128,1080,True
7846,2424,1,2825,640,False
7847,842,25,1092,960,True
7848,2425,1,2826,1080,True
7849,2426,1,2827,1600,True
7850,2427,3,2828,960,True
7851,958,21,1224,960,False
7852,958,21,1224,960,False
7853,2110,2,2497,640,True
7854,1395,11,1717,1600,True
7855,1999,3,2373,960,False
7856,2428,1,2829,640,False
7857,1015,3,1286,640,False
7858,1318,15,1632,960,True
7859,2429,1,2830,640,True
7860,733,248,1011,960,True
7861,1742,7,1371,640,True
7862,629,27,1049,960,True
7863,2430,1,2831,960,True
7864,1128,7,1422,960,False
7865,654,38,864,960,True
7866,2431,1,2832,960,True
7867,733,248,902,960,True
7868,1349,4,2833,960,True
7869,843,13,1094,640,True
7870,1318,15,1075,960,True
7871,1251,3,1558,1080,True
7872,1376,10,1637,960,True
7873,2432,1,2834,1080,False
7874,2249,6,2166,960,True
7875,2433,1,2835,1600,True
7876,2434,1,2836,1080,False
7877,1406,4,1731,640,False
7878,1353,7,1671,960,True
7879,849,21,1101,640,False
7880,2435,1,2837,640,True
7881,1903,100,871,640,False
7882,842,25,1092,960,True
7883,627,58,1112,960,True
7884,1945,2,2312,960,True
7885,930,4,1004,960,True
7886,786,10,1029,960,True
7887,965,161,2190,640,False
7888,2327,3,2724,640,False
7889,2436,1,2838,640,True
7890,796,5,1041,640,True
7891,843,13,1094,640,False
7892,2437,2,2839,960,True
7893,902,12,903,960,True
7894,2438,1,2840,960,True
7895,733,248,946,960,True
7896,1337,4,2841,1080,True
7897,624,23,858,960,True
7898,2439,1,2842,1080,True
7899,2440,2,2843,960,True
7900,1299,3,1612,960,False
7901,1497,3,1832,960,True
7902,1395,11,1717,1600,True
7903,733,248,946,960,False
7904,2005,3,2380,960,True
7905,833,12,2844,1600,True
7906,654,38,864,960,True
7907,2228,2,2623,640,False
7908,794,10,1037,640,True
7909,1024,5,1298,640,True
7910,2441,1,2845,640,False
7911,1432,4,1760,960,True
7912,871,81,1661,960,True
7913,1396,6,1718,640,True
7914,813,4,1060,960,True
7915,1424,3,1752,640,False
7916,871,81,1157,960,True
7917,965,161,1233,640,False
7918,974,8,1243,640,False
7919,2442,1,2846,960,False
7920,1942,4,2309,1080,True
7921,733,248,902,960,False
7922,607,2,809,640,False
7923,871,81,1661,960,True
7924,646,250,787,960,False
7925,2443,1,2847,640,False
7926,2444,1,2848,1080,True
7927,871,81,1157,960,True
7928,698,3,922,640,False
7929,2445,1,2849,1080,True
7930,733,248,902,960,False
7931,2446,1,2850,1080,True
7932,1143,2,1441,640,False
7933,1900,4,2264,640,True
7934,858,9,1111,960,False
7935,2003,2,2377,640,False
7936,1510,4,1846,960,False
7937,1124,11,2285,960,True
7938,2447,1,2851,1600,True
7939,2448,1,2852,640,True
7940,958,21,1224,960,False
7941,1318,15,1632,960,True
7942,1816,3,2173,640,False
7943,2449,1,2853,640,True
7944,965,161,2090,640,True
7945,2450,1,2854,640,True
7946,733,248,1011,960,True
7947,871,81,1661,960,True
7948,2451,1,2855,640,False
7949,2452,2,2856,960,True
7950,2453,1,2857,960,True
7951,2454,1,2858,960,True
7952,1861,3,2224,960,True
7953,2455,1,2859,1600,True
7954,764,9,1003,960,True
7955,646,250,787,960,True
7956,965,161,1233,640,True
7957,965,161,795,640,False
7958,2456,1,2860,1600,True
7959,2457,1,2861,1600,True
7960,2458,1,2862,640,True
7961,2459,1,2863,960,True
7962,1158,4,1456,640,True
7963,2460,1,2864,640,False
7964,843,13,1094,640,True
7965,1208,6,1008,960,True
7966,1349,4,2833,960,True
7967,2427,3,2828,960,True
7968,750,22,1135,960,False
7969,1117,2,1409,1080,True
7970,646,250,787,960,True
7971,2461,1,2865,1080,True
7972,698,3,922,640,False
7973,2211,3,2604,640,False
7974,646,250,787,960,True
7975,1757,3,2111,960,True
7976,1369,2,1687,960,True
7977,2462,1,2866,1600,True
7978,2463,1,2867,640,True
7979,2437,2,2839,960,True
7980,2464,1,2868,640,False
7981,1316,10,1629,960,True
7982,1482,16,1817,640,True
7983,2465,1,2869,1080,True
7984,1024,5,1298,640,True
7985,733,248,1300,640,False
7986,2466,1,2870,960,True
7987,646,250,787,960,True
7988,1184,3,1484,960,True
7989,1941,2,2308,640,True
7990,1903,100,947,960,True
7991,2467,1,2871,640,True
7992,733,248,946,960,True
7993,842,25,1092,960,True
7994,2468,1,2872,640,True
7995,965,161,1692,640,True
7996,815,8,1062,640,True
7997,1759,2,2113,640,False
7998,785,11,1028,640,False
7999,797,12,1042,640,False
8000,2469,1,2873,1080,True
8001,1597,5,1940,960,True
8002,2427,3,2828,960,True
8003,1092,4,1380,960,True
8004,1092,4,1380,960,True
8005,965,161,1087,640,False
8006,1203,18,1507,960,True
8007,871,81,1127,960,True
8008,1162,19,928,960,True
8009,2470,1,2874,720,True
8010,2471,1,2875,1080,True
8011,2472,1,2876,1080,True
8012,631,15,836,960,True
8013,1484,2,1819,960,True
8014,627,58,954,960,True
8015,965,161,795,640,True
8016,806,17,1052,960,True
8017,2473,1,2877,960,True
8018,801,5,1046,960,True
8019,733,248,946,960,True
8020,965,161,1087,640,True
8021,843,13,1094,640,True
8022,2474,1,2878,1600,True
8023,2304,3,2701,1600,True
8024,2162,2,2552,640,True
8025,2475,1,2879,960,True
8026,1250,23,994,960,True
8027,1026,3,1303,960,True
8028,646,250,2880,960,True
8029,2476,1,2881,640,False
8030,1754,14,1411,640,True
8031,2477,1,2882,1600,True
8032,1548,3,1887,960,True
8033,1521,2,1859,1600,True
8034,869,81,832,960,True
8035,965,161,941,640,False
8036,1250,23,994,960,True
8037,695,2,917,960,True
8038,2478,1,2883,1080,True
8039,2479,1,2884,960,True
8040,2231,2,2626,640,False
8041,2480,1,2885,1080,True
8042,729,9,961,640,True
8043,807,15,1053,640,True
8044,1426,8,1754,960,True
8045,2383,3,2782,960,True
8046,958,21,1224,960,True
8047,2481,1,2886,1080,True
8048,1731,3,2082,960,True
8049,830,72,865,960,True
8050,1128,7,1422,960,True
8051,707,13,934,640,True
8052,660,11,873,960,True
8053,1234,7,1539,960,True
8054,2482,1,2887,640,True
8055,871,81,1157,960,True
8056,797,12,1042,640,False
8057,1676,3,2022,960,True
8058,2483,1,2888,960,False
8059,728,2,960,640,True
8060,598,3,796,640,True
8061,691,5,911,640,True
8062,663,12,876,960,True
8063,2484,1,2889,1600,True
8064,2485,1,2890,720,True
8065,2440,2,2843,960,True
8066,942,4,1206,960,True
8067,733,248,790,960,True
8068,842,25,1092,960,True
8069,757,4,995,640,True
8070,830,72,1038,960,True
8071,1660,3,2005,640,True
8072,2486,1,2891,1080,True
8073,1775,5,2129,1080,True
8074,2487,1,2892,1080,True
8075,1051,3,1330,960,True
8076,2488,1,2893,640,True
8077,1070,8,1353,960,True
8078,2489,1,2894,1080,True
8079,646,250,787,960,True
8080,639,8,847,640,False
8081,2490,1,2895,1080,True
8082,2491,1,2896,640,True
8083,1903,100,989,960,True
8084,2492,2,2897,1080,True
8085,2493,1,2898,1600,True
8086,2494,1,2899,1080,True
8087,854,3,1106,960,True
8088,1610,3,1953,640,True
8089,679,12,895,640,True
8090,1148,9,2182,640,True
8091,1849,2,2210,1080,True
8092,1733,3,2084,640,True
8093,999,4,1268,960,True
8094,830,72,865,960,True
8095,654,38,864,960,True
8096,1250,23,994,960,True
8097,2495,1,2900,960,True
8098,830,72,865,960,True
8099,1535,4,1874,960,True
8100,2040,2,2418,640,False
8101,646,250,844,960,True
8102,924,10,1186,960,True
8103,1652,3,1997,1600,True
8104,2496,1,2901,640,False
8105,2497,1,2902,960,True
8106,2498,1,2903,960,True
8107,2499,1,2904,960,True
8108,2500,1,2905,640,True
8109,2501,1,2906,960,True
8110,627,58,830,960,True
8111,2194,4,2586,640,True
8112,2502,1,2907,1080,False
8113,2503,1,2908,960,False
8114,2192,2,2584,960,True
8115,1816,3,2173,640,True
8116,733,248,790,960,True
8117,2207,3,2599,640,False
8118,830,72,865,960,True
8119,2504,1,2909,1600,True
8120,2505,1,2910,640,True
8121,2506,1,2911,720,True
8122,862,10,1117,960,True
8123,1542,3,1881,960,False
8124,1788,5,2142,960,True
8125,1156,7,1454,640,False
8126,2507,2,2912,1600,True
8127,1030,2,1308,1600,True
8128,1114,2,1405,960,True
8129,1396,6,1718,640,True
8130,830,72,1059,960,True
8131,2508,2,2913,1600,True
8132,2509,1,2914,1080,True
8133,2510,1,2915,1080,True
8134,717,10,1721,960,True
8135,2511,1,2916,720,True
8136,649,19,859,960,True
8137,2512,1,2917,640,True
8138,2513,1,2918,1080,True
8139,1054,7,1333,960,True
8140,653,10,863,640,True
8141,2514,1,2919,640,True
8142,2515,1,2920,640,False
8143,978,11,1247,960,True
8144,1002,9,1271,640,False
8145,830,72,865,960,True
8146,1942,4,2309,1080,True
8147,2347,3,2744,640,True
8148,2516,1,2921,640,True
8149,663,12,876,960,True
8150,958,21,1224,960,False
8151,910,19,1337,960,True
8152,921,13,1429,1080,False
8153,646,250,787,960,False
8154,693,29,914,640,True
8155,1727,17,2078,960,True
8156,1238,6,1544,640,False
8157,858,9,1111,960,False
8158,733,248,790,960,False
8159,2517,1,2922,640,True
8160,1192,18,888,960,True
8161,940,3,1203,640,True
8162,2020,4,2397,960,True
8163,646,250,787,960,False
8164,2518,1,2923,640,False
8165,1443,2,1773,640,False
8166,1482,16,1817,640,True
8167,965,161,941,640,False
8168,733,248,902,960,False
8169,2268,2,2665,640,False
8170,1730,4,2081,960,True
8171,733,248,902,960,False
8172,2519,2,2924,640,False
8173,644,6,853,960,True
8174,646,250,787,960,True
8175,826,9,1073,960,True
8176,646,250,787,960,True
8177,665,8,879,960,False
8178,910,19,1337,960,True
8179,2520,3,2925,960,True
8180,2521,1,2926,720,True
8181,2522,1,2927,640,True
8182,752,9,988,960,False
8183,2523,1,2928,1080,True
8184,1727,17,2464,960,True
8185,910,19,1170,960,True
8186,646,250,1650,960,False
8187,646,250,787,960,True
8188,1006,12,907,960,True
8189,2524,1,2929,1600,True
8190,1220,8,1384,960,True
8191,2373,2,2771,640,False
8192,1663,3,2009,640,False
8193,869,81,977,960,False
8194,2519,2,2924,640,False
8195,733,248,946,960,True
8196,1903,100,871,640,False
8197,794,10,1037,640,True
8198,646,250,855,960,True
8199,965,161,2090,640,True
8200,830,72,865,960,True
8201,1903,100,989,960,True
8202,869,81,1815,960,False
8203,733,248,1011,960,False
8204,2525,1,2930,640,False
8205,2526,1,2931,1080,True
8206,2527,1,2932,960,True
8207,2528,1,2933,960,True
8208,2529,1,2934,960,True
8209,1250,23,994,960,True
8210,2530,1,2935,1080,False
8211,1593,2,1936,960,True
8212,2531,1,2936,1080,True
8213,1320,2,1634,1080,True
8214,833,12,1082,1600,True
8215,2024,3,2401,960,True
8216,2532,1,2937,960,True
8217,1316,10,2938,960,True
8218,965,161,1230,640,False
8219,1250,23,1557,960,True
8220,2533,1,2939,960,True
8221,2534,1,2940,960,True
8222,1983,3,2355,960,True
8223,830,72,865,960,False
8224,2535,2,2941,1080,True
8225,2536,1,2942,720,False
8226,1754,14,1411,640,True
8227,778,15,1220,960,True
8228,2314,4,2711,1080,True
8229,763,6,1002,640,True
8230,1731,3,2082,960,True
8231,2537,1,2943,640,True
8232,2538,1,2944,640,True
8233,2539,1,2945,1080,True
8234,733,248,902,960,True
8235,2540,1,2946,640,False
8236,2541,1,2947,640,True
8237,993,12,1262,960,True
8238,2542,1,2948,1080,True
8239,2543,1,2949,960,False
8240,646,250,855,960,True
8241,629,27,1049,960,True
8242,654,38,864,960,True
8243,733,248,981,960,True
8244,2544,1,2950,960,True
8245,2545,1,2951,960,True
8246,1597,5,1940,960,True
8247,2249,6,2645,960,True
8248,2546,1,2952,640,True
8249,733,248,790,960,True
8250,871,81,1661,960,True
8251,2547,1,2953,1600,False
8252,912,2,1173,960,True
8253,1850,2,2211,1600,True
8254,2548,1,2954,960,False
8255,2549,1,2955,960,True
8256,871,81,1661,960,True
8257,2550,1,2956,720,True
8258,1773,5,2127,960,True
8259,1706,2,2054,640,True
8260,654,38,864,960,True
8261,733,248,946,960,True
8262,2551,1,2957,960,True
8263,2080,3,2463,640,True
8264,2552,1,2958,640,False
8265,2553,1,2959,640,False
8266,2104,2,2489,640,False
8267,654,38,864,960,True
8268,1987,5,2240,960,True
8269,687,50,906,960,False
8270,1318,15,1632,960,True
8271,2554,1,2960,1600,True
8272,775,3,1018,1080,True
8273,648,3,857,640,True
8274,2555,1,2961,1600,True
8275,733,248,900,960,True
8276,646,250,787,960,True
8277,842,25,1092,960,True
8278,1803,25,1289,640,False
8279,2318,2,2715,960,True
8280,993,12,1262,960,True
8281,1903,100,871,640,False
8282,1162,19,892,960,True
8283,1799,3,2154,960,True
8284,1393,4,1715,960,True
8285,1671,4,2962,640,False
8286,2556,1,2963,1600,True
8287,624,23,858,960,True
8288,965,161,817,640,False
8289,624,23,858,960,True
8290,679,12,895,640,True
8291,1198,3,1502,640,False
8292,1102,3,1393,640,False
8293,2557,1,2964,640,False
8294,767,4,1009,640,True
8295,2558,1,2965,960,True
8296,646,250,787,960,True
8297,2559,1,2966,640,True
8298,869,81,1344,960,False
8299,1697,4,2043,640,True
8300,925,8,1187,960,True
8301,849,21,1779,640,False
8302,733,248,802,960,True
8303,2560,1,2967,640,False
8304,2561,1,2968,1080,False
8305,869,81,977,960,True
8306,880,5,1137,960,True
8307,629,27,2215,960,True
8308,2562,1,2969,1600,True
8309,2563,1,2970,640,True
8310,1803,25,1289,640,False
8311,2564,1,2971,1080,True
8312,654,38,864,960,True
8313,646,250,787,960,True
8314,1983,3,2355,960,True
8315,639,8,847,640,False
8316,1246,3,1552,1080,False
8317,687,50,906,960,True
8318,1903,100,918,960,False
8319,2565,1,2972,960,True
8320,815,8,1062,640,True
8321,766,5,1007,960,True
8322,2566,1,2973,960,True
8323,1505,5,1840,960,True
8324,1006,12,907,960,True
8325,1754,14,1411,640,False
8326,1350,4,1668,960,True
8327,830,72,865,960,True
8328,2567,1,2974,640,True
8329,2568,1,2975,640,True
8330,871,81,1157,960,True
8331,1203,18,1507,960,True
8332,693,29,801,960,True
8333,733,248,902,960,False
8334,869,81,1344,960,False
8335,2569,1,2976,1600,True
8336,2570,1,2977,1080,False
8337,679,12,895,640,True
8338,2196,2,2588,1080,True
8339,2571,1,2978,1080,False
8340,1449,12,1743,640,False
8341,646,250,855,960,True
8342,733,248,790,960,True
8343,2572,1,2979,640,False
8344,2573,1,2980,960,True
8345,965,161,1233,640,True
8346,646,250,787,960,True
8347,988,11,2175,960,True
8348,646,250,787,960,True
8349,1240,6,1546,640,False
8350,965,161,1233,640,True
8351,693,29,801,960,True
8352,2574,1,2981,640,True
8353,2575,1,2982,640,True
8354,1913,2,2277,1600,True
8355,2576,1,2983,640,True
8356,937,3,1199,960,True
8357,2577,1,2984,1080,True
8358,965,161,1093,640,True
8359,869,81,977,960,False
8360,1392,2,1714,640,False
8361,1292,11,1960,640,False
8362,869,81,977,960,True
8363,2578,1,2985,960,True
8364,2579,2,2986,960,True
8365,2580,2,2987,640,True
8366,830,72,1059,960,True
8367,849,21,2988,640,True
8368,2119,3,2506,960,True
8369,958,21,1224,960,False
8370,1552,3,1891,1080,True
8371,849,21,1101,640,False
8372,2581,1,2989,1080,True
8373,866,8,2990,960,True
8374,1999,3,2373,960,True
8375,1382,2,1702,640,True
8376,2582,1,2991,1600,True
8377,2022,2,2399,1600,True
8378,871,81,1127,960,True
8379,2252,3,2648,1080,False
8380,893,4,1150,960,True
8381,687,50,906,960,False
8382,2583,1,2992,640,False
8383,2584,1,2993,720,False
8384,2452,2,2856,960,True
8385,2492,2,2897,1080,True
8386,999,4,1268,960,True
8387,1128,7,1422,960,True
8388,733,248,2767,960,False
8389,2585,1,2994,1080,True
8390,646,250,1281,960,False
8391,2586,1,2995,1600,True
8392,797,12,1207,640,False
8393,965,161,817,640,False
8394,674,6,889,960,True
8395,733,248,902,960,False
8396,2587,1,2996,1080,True
8397,1754,14,1411,640,True
8398,2588,1,2997,960,True
8399,2589,1,2998,960,True
8400,2590,1,2999,640,True
8401,2591,1,3000,960,True
8402,1903,100,989,960,True
8403,2592,1,3001,1080,True
8404,1341,5,2349,960,True
8405,1824,3,2184,640,False
8406,2593,1,3002,1080,True
8407,961,4,1227,960,True
8408,1586,3,1928,960,False
8409,2594,1,3003,640,False
8410,1295,2,1607,960,True
8411,733,248,802,960,True
8412,2336,2,2733,1080,True
8413,1903,100,947,960,True
8414,766,5,1007,960,True
8415,801,5,1153,960,True
8416,869,81,1863,960,True
8417,1668,4,3004,640,False
8418,2595,1,3005,1080,False
8419,649,19,859,960,True
8420,869,81,2108,960,False
8421,2596,1,3006,640,True
8422,1623,2,1967,960,True
8423,1337,4,2841,1080,True
8424,1375,10,1114,960,True
8425,1903,100,1782,960,True
8426,2597,1,3007,640,False
8427,789,10,1032,640,True
8428,1903,100,989,960,True
8429,1122,4,1416,640,True
8430,648,3,857,640,False
8431,789,10,1032,640,False
8432,940,3,1203,640,True
8433,767,4,1009,640,False
8434,733,248,946,960,True
8435,1135,8,1432,960,True
8436,1542,3,1881,960,True
8437,2598,1,3008,1080,True
8438,862,10,1117,960,True
8439,2599,1,3009,640,False
8440,871,81,1157,960,True
8441,705,6,932,960,True
8442,2600,1,3010,640,False
8443,1597,5,1940,960,True
8444,1699,2,2045,640,True
8445,2601,1,3011,640,False
8446,2602,1,3012,640,False
8447,2603,1,3013,640,False
8448,2604,1,3014,1600,True
8449,2605,1,3015,1080,False
8450,1821,2,2179,640,False
8451,2606,1,3016,960,True
8452,2607,1,3017,640,False
8453,2608,1,3018,720,True
8454,651,12,1238,640,True
8455,1589,2,1932,960,True
8456,653,10,863,640,False
8457,2609,1,3019,960,False
8458,1040,3,1319,960,True
8459,2610,1,3020,960,True
8460,2020,4,2397,960,True
8461,1818,3,2176,960,True
8462,806,17,1052,960,True
8463,1727,17,913,960,True
8464,2611,1,3021,1080,True
8465,871,81,1127,960,True
8466,2612,1,3022,960,True
8467,646,250,787,960,True
8468,2613,1,3023,1080,True
8469,646,250,1315,960,True
8470,2614,1,3024,640,False
8471,662,7,875,960,True
8472,2615,1,3025,640,False
8473,830,72,865,960,True
8474,2580,2,2987,640,True
8475,750,22,1152,960,True
8476,2616,1,3026,1600,True
8477,965,161,1093,640,True
8478,2617,1,3027,960,True
8479,600,5,798,960,True
8480,2618,1,3028,960,True
8481,2619,2,3029,960,True
8482,2620,1,3030,1600,True
8483,2621,1,3031,640,True
8484,646,250,787,960,False
8485,2622,1,3032,1600,True
8486,752,9,988,960,False
8487,1979,5,2351,960,False
8488,1105,2,1396,960,True
8489,602,4,800,960,True
8490,1660,3,2005,640,False
8491,629,27,1049,960,True
8492,2623,1,3033,1600,True
8493,2624,1,3034,1080,True
8494,2389,2,2788,1600,True
8495,1184,3,1484,960,False
8496,605,2,805,640,False
8497,2103,2,2488,640,False
8498,693,29,914,640,True
8499,785,11,1028,640,True
8500,1203,18,1507,960,True
8501,2625,1,3035,1600,True
8502,2626,1,3036,1600,True
8503,2627,1,3037,960,True
8504,2628,1,3038,1080,True
8505,2629,1,3039,640,False
8506,646,250,787,960,True
8507,830,72,1059,960,True
8508,830,72,865,960,True
8509,2630,1,3040,640,False
8510,1785,2,2139,960,True
8511,1053,6,1332,1080,False
8512,766,5,1007,960,True
8513,1406,4,1731,640,True
8514,858,9,2046,960,False
8515,1803,25,1289,640,True
8516,646,250,787,960,False
8517,2327,3,2724,640,False
8518,751,4,2340,640,True
8519,733,248,902,960,False
8520,830,72,865,960,False
8521,1447,4,1777,960,True
8522,2216,2,2610,640,False
8523,1475,2,1809,1080,False
8524,869,81,977,960,True
8525,789,10,1032,640,False
8526,2631,1,3041,1080,True
8527,1843,3,2204,640,False
8528,2632,1,3042,1080,True
8529,2633,1,3043,640,False
8530,2634,1,3044,960,True
8531,1304,3,1617,640,False
8532,965,161,1093,640,True
8533,970,2,1239,1080,True
8534,2057,3,2438,960,True
8535,1375,10,1114,960,True
8536,2635,1,3045,1600,True
8537,1352,4,1670,640,False
8538,631,15,836,960,True
8539,2636,1,3046,960,True
8540,1220,8,1524,960,True
8541,1156,7,1850,640,False
8542,2637,1,3047,960,True
8543,646,250,787,960,False
8544,778,15,1220,960,True
8545,654,38,864,960,True
8546,629,27,834,960,True
8547,2638,1,3048,720,True
8548,2639,1,3049,1600,False
8549,2520,3,2925,960,True
8550,1903,100,947,960,False
8551,2640,3,3050,1600,True
8552,1712,3,2060,960,True
8553,2641,1,3051,960,False
8554,2383,3,2782,960,True
8555,806,17,1052,960,True
8556,1553,4,1892,960,True
8557,2579,2,2986,960,False
8558,2642,1,3052,640,True
8559,733,248,946,960,True
8560,869,81,977,960,True
8561,2311,2,2708,1080,True
8562,2643,1,3053,1080,True
8563,2644,1,3054,960,True
8564,2645,1,3055,640,False
8565,646,250,787,960,True
8566,646,250,1906,960,True
8567,2207,3,2599,640,True
8568,1252,2,1560,960,True
8569,2028,2,2406,640,True
8570,739,5,973,960,True
8571,965,161,1087,640,False
8572,2646,1,3056,640,False
8573,1027,11,1304,640,True
8574,1220,8,1384,960,False
8575,600,5,798,960,True
8576,2647,1,3057,720,True
8577,627,58,1112,960,False
8578,714,21,942,960,True
8579,911,2,1172,960,True
8580,2648,1,3058,960,True
8581,631,15,836,960,True
8582,829,8,2424,1600,True
8583,679,12,895,640,True
8584,2649,1,3059,960,False
8585,871,81,1127,960,True
8586,1698,8,2044,960,True
8587,2650,1,3060,720,True
8588,1285,3,1597,640,False
8589,646,250,787,960,True
8590,2211,3,2604,640,False
8591,1482,16,1817,640,True
8592,1903,100,947,960,True
8593,2651,1,3061,640,False
8594,997,3,1266,960,True
8595,646,250,787,960,True
8596,2652,1,3062,960,True
8597,2653,1,3063,640,True
8598,2654,1,3064,720,True
8599,2655,1,3065,640,True
8600,1663,3,2009,640,True
8601,624,23,858,960,True
8602,1773,5,2127,960,False
8603,2656,1,3066,640,True
8604,1766,4,2120,640,False
8605,1124,11,1099,960,True
8606,842,25,1092,960,True
8607,2011,2,2387,1600,True
8608,2361,2,2758,640,True
8609,2657,1,3067,640,False
8610,1192,18,888,960,True
8611,2658,1,3068,640,False
8612,965,161,795,640,True
8613,2659,1,3069,960,True
8614,634,6,3070,960,False
8615,2053,2,2433,1080,True
8616,2660,1,3071,640,True
8617,1018,3,1291,640,False
8618,1162,19,1727,960,True
8619,1071,11,3072,960,True
8620,2661,1,3073,640,False
8621,910,19,1170,960,True
8622,1987,5,2359,960,True
8623,2662,1,3074,960,True
8624,810,17,915,640,False
8625,823,5,1070,960,True
8626,1587,8,1929,960,True
8627,785,11,1028,640,True
8628,654,38,864,960,True
8629,1298,2,1611,640,True
8630,1281,5,877,640,True
8631,627,58,830,960,True
8632,2507,2,2912,1600,True
8633,714,21,942,960,True
8634,1803,25,1289,640,True
8635,869,81,832,960,True
8636,2663,1,3075,960,False
8637,1315,3,1628,960,True
8638,693,29,801,960,True
8639,921,13,1182,1080,True
8640,646,250,787,960,True
8641,733,248,902,960,True
8642,1053,6,1332,1080,False
8643,2664,1,3076,1080,True
8644,1124,11,1099,960,True
8645,869,81,969,960,True
8646,2665,1,3077,1080,True
8647,1823,3,2183,960,False
8648,2666,1,3078,1600,True
8649,2667,1,3079,1080,True
8650,733,248,902,960,True
8651,1362,2,1680,960,True
8652,2668,1,3080,960,False
8653,1668,4,3004,640,False
8654,628,4,831,640,True
8655,2640,3,3050,1600,True
8656,1911,2,2275,640,True
8657,778,15,1220,960,True
8658,2669,1,3081,1080,True
8659,1742,7,1371,640,True
8660,744,11,979,960,True
8661,807,15,1053,640,True
8662,2670,2,3082,1600,True
8663,733,248,1011,960,True
8664,965,161,1230,640,True
8665,1006,12,907,960,True
8666,1121,14,930,640,True
8667,2671,1,3083,640,False
8668,965,161,1233,640,False
8669,1597,5,1940,960,False
8670,646,250,787,960,True
8671,616,8,819,640,True
8672,1497,3,1832,960,True
8673,1318,15,1075,960,True
8674,1416,5,3084,1080,True
8675,1128,7,1422,960,True
8676,871,81,1157,960,True
8677,1482,16,1817,640,True
8678,2672,1,3085,640,True
8679,921,13,2294,1080,True
8680,913,2,1174,1600,False
8681,2673,1,3086,640,True
8682,1818,3,2176,960,True
8683,624,23,3087,960,True
8684,2674,1,3088,960,True
8685,2675,1,3089,640,True
8686,1580,5,1921,960,True
8687,968,3,1236,960,True
8688,2676,1,3090,1080,True
8689,627,58,1112,960,True
8690,733,248,900,960,True
8691,1292,11,1960,640,True
8692,2677,1,3091,1080,True
8693,924,10,1186,960,True
8694,733,248,902,960,True
8695,965,161,795,640,False
8696,2203,2,2595,1080,True
8697,646,250,787,960,True
8698,1128,7,1422,960,True
8699,2678,1,3092,960,True
8700,1162,19,892,960,True
8701,2679,1,3093,640,False
8702,717,10,1721,960,True
8703,1447,4,1777,960,True
8704,843,13,1094,640,True
8705,1743,2,2095,1600,False
8706,2670,2,3082,1600,True
8707,705,6,932,960,True
8708,2091,3,2475,960,True
8709,965,161,817,640,True
8710,733,248,1109,960,True
8711,640,5,849,960,True
8712,866,8,2990,960,True
8713,2680,1,3094,1080,False
8714,1903,100,947,960,True
8715,871,81,1127,960,True
8716,2681,1,3095,1600,True
8717,740,6,974,640,True
8718,1903,100,989,960,True
8719,921,13,2163,1080,True
8720,2682,1,3096,720,True
8721,1342,5,1659,960,True
8722,823,5,1070,960,True
8723,978,11,1247,960,True
8724,2683,1,3097,1080,False
8725,2684,1,3098,960,True
8726,2520,3,2925,960,True
8727,1727,17,2464,960,True
8728,733,248,790,960,True
8729,646,250,787,960,True
8730,2685,2,3099,640,True
8731,2686,1,3100,1080,True
8732,814,6,1061,960,True
8733,2252,3,2648,1080,True
8734,2535,2,2941,1080,True
8735,1788,5,2142,960,True
8736,871,81,1661,960,True
8737,989,7,1258,640,False
8738,1228,6,1533,640,False
8739,2687,1,3101,640,False
8740,965,161,1233,640,True
8741,1053,6,1332,1080,False
8742,1502,4,1837,960,True
8743,2688,1,3102,640,True
8744,2689,1,3103,960,True
8745,1694,2,2040,960,True
8746,2690,1,3104,1600,True
8747,1155,4,1453,960,True
8748,2691,1,3105,960,True
8749,2692,1,3106,640,True
8750,2693,1,3107,1600,True
8751,1318,15,1075,960,True
8752,2694,1,3108,640,False
8753,965,161,941,640,True
8754,756,3,993,640,True
8755,1395,11,2609,1600,True
8756,687,50,906,960,True
8757,2695,1,3109,640,False
8758,974,8,1243,640,True
8759,649,19,859,960,True
8760,2696,1,3110,960,False
8761,1903,100,871,640,True
8762,1803,25,1289,640,True
8763,1011,5,1282,640,True
8764,2697,1,3111,1080,True
8765,1884,4,2248,960,True
8766,733,248,900,960,True
8767,2698,1,3112,640,False
8768,807,15,1053,640,True
8769,1095,12,1383,960,True
8770,871,81,1661,960,True
8771,1505,5,1840,960,True
8772,1754,14,1039,640,True
8773,597,4,793,960,True
8774,624,23,827,960,True
8775,2314,4,1184,1080,True
8776,2699,1,3113,960,True
8777,2159,2,2549,640,True
8778,1250,23,1557,960,True
8779,660,11,873,960,True
8780,2700,1,3114,1080,True
8781,1979,5,2351,960,False
8782,2701,1,3115,640,True
8783,1185,2,1485,960,True
8784,2702,1,3116,960,True
8785,2128,4,3117,640,True
8786,2703,1,3118,960,False
8787,631,15,836,960,True
8788,615,6,818,960,True
8789,1803,25,1736,640,False
8790,2704,1,3119,640,True
8791,627,58,954,960,True
8792,2705,1,3120,960,True
8793,641,7,850,960,True
8794,2174,2,2565,640,True
8795,1075,4,1358,960,False
8796,1164,4,1462,640,False
8797,2706,1,3121,1080,True
8798,730,7,962,960,True
8799,1903,100,989,960,True
8800,971,2,1240,960,True
8801,2707,1,3122,960,True
8802,871,81,1157,960,True
8803,733,248,802,960,True
8804,733,248,790,960,True
8805,1558,4,1897,640,False
8806,2708,1,3123,960,True
8807,2709,1,3124,640,True
8808,927,2,1189,960,True
8809,624,23,858,960,True
8810,1903,100,947,960,True
8811,646,250,787,960,True
8812,830,72,1059,960,True
8813,2710,1,3125,1080,False
8814,815,8,1062,640,False
8815,2711,1,3126,640,False
8816,2712,1,3127,1600,True
8817,1673,2,2019,640,True
8818,1553,4,1892,960,True
8819,763,6,2302,640,True
8820,1942,4,2309,1080,True
8821,733,248,1011,960,True
8822,1071,11,1688,960,True
8823,1808,2,2164,1600,True
8824,2391,2,2790,960,True
8825,830,72,1367,960,False
8826,965,161,1093,640,True
8827,2713,1,3128,960,True
8828,1803,25,1289,640,True
8829,397,67,1491,640,False
8830,2714,1,3129,960,True
8831,1698,8,2044,960,True
8832,733,248,946,960,True
8833,2715,1,3130,960,True
8834,2090,2,2474,960,True
8835,2716,1,3131,720,True
8836,2717,1,3132,960,True
8837,1024,5,1298,640,True
8838,1615,3,1958,640,False
8839,2718,1,3133,1080,True
8840,2719,1,3134,720,True
8841,627,58,1112,960,True
8842,1903,100,1782,960,True
8843,597,4,793,960,True
8844,840,3,1090,960,True
8845,965,161,1233,640,True
8846,1903,100,2148,640,True
8847,649,19,859,960,True
8848,2720,1,3135,1080,False
8849,733,248,900,960,True
8850,1903,100,871,640,True
8851,2346,4,2743,640,False
8852,2721,1,3136,640,False
8853,2722,1,3137,1080,True
8854,925,8,1187,960,True
8855,869,81,1344,960,True
8856,2723,1,3138,1080,True
8857,2724,1,3139,640,True
8858,733,248,946,960,True
8859,2194,4,2586,640,True
8860,1020,3,1294,960,True
8861,830,72,1059,960,False
8862,988,11,2175,960,True
8863,733,248,1109,960,True
8864,1727,17,2078,960,True
8865,2725,1,3140,960,True
8866,646,250,787,960,True
8867,2726,1,3141,640,True
8868,1757,3,2111,960,True
8869,646,250,787,960,True
8870,2727,1,3142,640,True
8871,910,19,1170,960,True
8872,2728,1,3143,1080,True
8873,653,10,863,640,False
8874,917,9,1178,960,True
8875,687,50,906,960,True
8876,1180,3,1480,640,True
8877,2729,1,3144,960,True
8878,2730,1,3145,1080,True
8879,1487,3,1822,960,True
8880,2619,2,3029,960,True
8881,714,21,942,960,True
8882,1121,14,930,640,True
8883,771,2,1014,1080,True
8884,1031,7,1309,640,True
8885,611,2,813,1600,True
8886,2731,1,3146,1080,True
8887,627,58,954,960,True
8888,2190,3,2582,640,True
8889,1318,15,1632,960,True
8890,2732,1,3147,720,True
8891,2733,1,3148,1600,True
8892,733,248,1109,960,True
8893,733,248,1011,960,True
8894,1505,5,1840,960,True
8895,785,11,1028,640,True
8896,2734,1,3149,960,True
8897,1426,8,1754,960,True
8898,2735,1,3150,640,False
8899,2736,1,3151,640,True
8900,1727,17,913,960,True
8901,733,248,1109,960,True
8902,2640,3,3050,1600,True
8903,2737,1,3152,640,True
8904,869,81,969,960,True
8905,2738,1,3153,1080,True
8906,2739,1,3154,640,True
8907,1861,3,2224,960,True
8908,1396,6,1718,640,True
8909,871,81,1157,960,True
8910,2740,1,3155,960,True
8911,791,2,1034,960,True
8912,2741,1,3156,640,True
8913,649,19,859,960,True
8914,714,21,942,960,True
8915,733,248,1011,960,True
8916,871,81,1661,960,True
8917,2742,1,3157,960,True
8918,628,4,831,640,True
8919,2743,1,3158,1080,True
8920,1192,18,888,960,True
8921,2744,1,3159,960,True
8922,2745,1,3160,1600,True
8923,2746,1,3161,1080,True
8924,2326,2,2723,960,True
8925,772,4,1015,1080,True
8926,2747,1,3162,1600,True
8927,1884,4,2423,960,True
8928,789,10,1032,640,True
8929,616,8,819,640,True
8930,662,7,875,960,True
8931,1890,3,2254,960,True
8932,2024,3,2401,960,True
8933,2128,4,3117,640,True
8934,2748,1,3163,960,True
8935,733,248,1011,960,True
8936,958,21,1224,960,True
8937,2749,1,3164,1080,True
8938,965,161,817,640,True
8939,1903,100,989,960,True
8940,631,15,836,960,True
8941,2750,1,3165,960,True
8942,646,250,855,960,True
8943,2751,1,3166,960,True
8944,627,58,1112,960,True
8945,2752,1,3167,640,True
8946,1406,4,1731,640,True
8947,646,250,855,960,True
8948,1722,4,2072,960,True
8949,869,81,1863,960,True
8950,879,3,1136,960,True
8951,871,81,1157,960,True
8952,871,81,1127,960,True
8953,2753,1,3168,640,True
8954,1803,25,1289,640,False
8955,1005,7,1274,1600,True
8956,965,161,1233,640,True
8957,1170,4,1469,960,False
8958,2508,2,2913,1600,True
8959,1035,4,1313,960,True
8960,2754,1,3169,640,True
8961,1450,3,1781,640,True
8962,1220,8,1524,960,True
8963,2755,1,3170,960,True
8964,674,6,889,960,True
8965,2756,1,3171,1600,True
8966,646,250,787,960,True
8967,1006,12,907,960,True
8968,2757,1,3172,640,True
8969,2758,1,3173,640,True
8970,733,248,808,960,True
8971,1144,8,1630,640,True
8972,2759,1,3174,720,False
8973,1903,100,989,960,True
8974,744,11,833,960,True
8975,2760,1,3175,640,True
8976,1527,5,1866,640,True
8977,830,72,865,960,True
8978,1395,11,1717,1600,True
8979,815,8,1062,640,True
8980,2761,1,3176,640,True
8981,1118,4,1412,1600,True
8982,1903,100,848,960,True
8983,2262,2,2659,1080,True
8984,2762,1,3177,1080,True
8985,2763,1,3178,640,True
8986,1761,2,2115,640,True
8987,910,19,1170,960,True
8988,2764,1,3179,960,False
8989,627,58,1112,960,True
8990,871,81,1157,960,True
8991,2765,1,3180,640,True
8992,941,3,1205,960,False
8993,2766,1,3181,1600,True
8994,1824,3,2184,640,True
8995,830,72,1204,960,True
8996,646,250,787,960,True
8997,778,15,1220,960,True
8998,1051,3,1330,960,True
8999,761,3,999,640,True
9000,733,248,965,960,True
9001,1098,2,1389,1080,True
9002,1783,2,2137,960,True
9003,2057,3,2438,960,True
9004,2767,1,3182,640,True
9005,627,58,954,960,True
9006,1214,5,2097,640,True
9007,646,250,787,960,True
9008,882,3,1139,1080,True
9009,2768,1,3183,640,True
9010,2769,1,3184,640,True
9011,2770,1,3185,960,True
9012,2771,1,3186,640,True
9013,2772,1,3187,640,True
9014,1318,15,1632,960,True
9015,2773,1,3188,960,True
9016,1316,10,2938,960,True
9017,1449,12,1743,640,True
9018,2685,2,3099,640,True
9019,2774,1,3189,1600,False
9020,1071,11,3072,960,True
9021,707,13,934,640,True
9022,1432,4,1760,960,True
9023,662,7,875,960,True
9024,1203,18,1507,960,True
9025,733,248,946,960,True
9026,2775,1,3190,1080,True
9027,724,7,3191,960,True
9028,765,8,1006,640,True
9029,830,72,865,960,True
9030,733,248,1011,960,True
9031,2776,1,3192,960,True
9032,2777,1,3193,1600,True
9033,693,29,914,640,True
9034,2778,1,3194,1600,True
9035,1482,16,1817,640,True
9036,2779,1,3195,1080,True
9037,1754,14,1039,640,True
9038,1580,5,1921,960,True
9039,646,250,855,960,True
9040,834,8,1350,640,True
9041,1671,4,2962,640,True
9042,833,12,2454,1600,True
9043,646,250,855,960,True
9044,646,250,787,960,True
9045,2780,1,3196,640,True
9046,1417,2,1745,960,True
9047,2781,1,3197,640,True
9048,1364,5,1682,960,True
