id,file,res,group,group_split,random_split,n_boxes
1,1.jpg,960,0,train,train,3
2,2.png,960,1,train,train,2
3,3.png,640,397,train,train,1
4,4.jpg,960,41,train,test,4
5,5.png,960,2,train,train,1
6,6.jpg,960,3,test,val,5
7,7.png,640,4,val,test,3
8,8.jpg,960,5,train,train,2
9,9.png,960,6,val,val,6
10,10.jpg,960,475,train,test,2
11,11.png,960,7,val,train,1
12,12.jpg,960,41,train,train,8
13,13.png,960,8,val,train,1
14,14.png,640,9,train,train,1
15,15.jpg,960,10,train,train,3
16,16.png,960,11,train,train,2
17,17.jpg,960,12,train,test,1
18,18.jpg,960,13,test,train,1
19,19.png,960,14,test,train,2
20,20.png,960,15,train,train,3
21,21.jpg,960,16,train,train,1
22,22.png,640,17,train,train,1
23,23.jpg,960,18,train,val,3
24,24.jpg,960,19,train,val,3
25,25.jpg,960,41,train,train,7
26,26.png,640,20,val,val,3
27,27.jpg,960,21,train,train,1
28,28.jpg,960,144,train,test,1
29,29.jpg,960,12,train,train,4
30,30.png,960,22,test,train,1
31,31.png,640,23,test,train,3
32,32.jpg,960,24,train,train,5
33,33.png,960,25,train,train,2
34,34.png,960,106,train,test,5
35,35.jpg,960,24,train,train,2
36,36.png,960,26,val,train,2
37,37.jpg,960,27,train,train,2
38,38.png,960,28,train,val,2
39,39.jpg,960,29,val,train,1
40,40.png,960,30,val,test,1
41,41.jpg,960,63,train,train,1
42,42.png,640,320,train,val,1
43,43.jpg,960,505,test,train,2
44,44.png,960,31,train,train,1
45,45.jpg,960,41,train,val,6
46,46.png,640,73,train,train,2
47,47.jpg,960,391,train,train,5
48,48.png,960,96,train,val,1
49,49.png,960,11,train,train,1
50,50.jpg,960,5,train,train,1
51,51.png,640,32,train,train,1
52,52.jpg,960,33,test,test,3
53,53.png,960,106,train,train,3
54,54.png,640,9,train,train,1
55,55.jpg,960,60,train,val,7
56,56.jpg,960,41,train,val,3
57,57.jpg,960,0,train,train,7
58,58.jpg,960,41,train,test,5
59,59.png,960,34,test,train,1
60,60.png,960,57,train,train,2
61,61.jpg,960,35,val,train,1
62,62.jpg,960,36,test,train,4
63,63.png,960,37,val,test,1
64,64.png,640,397,train,test,1
65,65.png,960,38,test,val,1
67,67.png,960,51,train,train,1
68,68.jpg,960,41,train,train,2
69,69.jpg,960,10,train,train,2
70,70.png,640,397,train,train,1
71,71.jpg,960,41,train,train,7
72,72.jpg,960,165,train,train,2
73,73.jpg,960,40,test,test,3
74,74.jpg,960,10,train,train,1
75,75.jpg,960,41,train,val,3
76,76.png,960,42,train,train,1
77,77.png,960,43,val,train,4
78,78.png,960,44,train,val,3
79,79.png,960,45,train,train,2
80,80.jpg,960,24,train,val,6
81,81.jpg,960,46,train,train,2
82,82.png,960,47,val,train,4
83,83.jpg,960,24,train,train,2
84,84.png,960,48,val,train,2
85,85.jpg,960,0,train,train,1
86,86.png,960,49,train,train,4
87,87.png,960,11,train,train,1
88,88.jpg,960,0,train,train,9
89,89.png,640,50,train,train,1
90,90.png,960,51,train,train,1
91,91.jpg,960,35,val,val,1
92,92.jpg,960,52,test,train,3
93,93.png,640,53,train,train,1
94,94.png,640,54,train,val,4
95,95.png,640,9,train,val,1
96,96.png,960,55,train,val,2
97,97.png,960,31,train,train,1
98,98.jpg,960,147,train,train,6
99,99.jpg,960,165,train,val,2
100,100.jpg,960,56,val,train,7
101,101.png,960,57,train,train,3
102,102.png,960,58,test,val,1
103,103.jpg,960,183,train,val,5
104,104.png,640,59,train,val,2
105,105.png,960,175,test,train,3
106,106.png,960,42,train,train,4
107,107.jpg,960,60,train,test,4
108,108.png,640,61,train,val,3
109,109.png,960,62,train,train,2
110,110.png,960,305,train,val,3
111,111.png,960,49,train,train,3
112,112.png,960,11,train,test,1
113,113.jpg,960,63,train,train,3
114,114.jpg,960,64,train,train,3
115,115.jpg,960,41,train,test,3
116,116.jpg,960,24,train,train,4
117,117.png,960,65,train,train,2
118,118.jpg,960,66,test,val,1
119,119.jpg,960,0,train,train,3
120,120.jpg,960,67,val,train,1
121,121.jpg,960,41,train,train,3
122,122.jpg,960,24,train,val,5
123,123.jpg,960,144,train,train,2
124,124.jpg,960,5,train,train,1
125,125.png,640,68,test,test,2
126,126.jpg,960,0,train,train,4
127,127.jpg,960,69,train,train,2
128,128.jpg,960,70,test,train,6
129,129.png,960,459,val,val,5
130,130.jpg,960,71,val,test,3
132,132.png,640,73,train,test,1
133,133.jpg,960,74,val,train,8
134,134.jpg,960,75,val,train,4
135,135.png,960,106,train,test,2
136,136.png,960,45,train,train,1
137,137.jpg,960,24,train,train,12
138,138.jpg,960,76,val,train,1
139,139.png,960,6,val,val,4
140,140.jpg,960,12,train,train,1
141,141.png,960,8,val,train,1
142,142.png,640,77,train,test,1
143,143.jpg,960,0,train,train,1
144,144.png,960,78,val,train,2
145,145.png,960,79,train,val,1
146,146.jpg,960,33,test,test,3
147,147.jpg,960,144,train,train,5
148,148.jpg,960,80,val,train,1
149,149.jpg,960,24,train,val,2
151,151.jpg,960,12,train,train,2
152,152.jpg,960,74,val,train,7
153,153.jpg,960,60,train,train,1
154,154.png,640,73,train,train,5
155,155.jpg,960,12,train,train,2
156,156.png,960,82,val,test,3
157,157.png,960,83,val,train,2
158,158.png,960,84,test,val,4
159,159.jpg,960,85,test,train,5
160,160.png,640,86,test,test,9
161,161.jpg,960,88,val,train,9
162,162.jpg,960,41,train,val,3
163,163.png,640,320,train,val,1
164,164.jpg,960,41,train,train,4
165,165.jpg,960,171,test,train,1
166,166.jpg,960,144,train,val,1
167,167.png,960,87,test,val,9
168,168.jpg,960,88,val,val,4
169,169.jpg,960,89,train,train,2
170,170.jpg,960,60,train,train,6
171,171.png,960,90,test,train,5
172,172.jpg,960,391,train,train,5
173,173.jpg,960,16,train,train,1
174,174.jpg,960,91,train,train,3
175,175.jpg,960,24,train,train,4
176,176.jpg,960,24,train,test,4
177,177.jpg,960,0,train,train,9
178,178.jpg,960,177,train,train,3
180,180.jpg,960,41,train,train,6
181,181.png,960,28,train,train,2
182,182.jpg,960,24,train,train,4
183,183.png,640,93,train,train,1
184,184.png,960,94,train,train,1
185,185.jpg,960,41,train,train,1
186,186.png,960,95,val,train,2
187,187.png,960,96,train,train,1
188,188.jpg,960,24,train,train,4
189,189.jpg,960,97,train,train,1
190,190.png,960,31,train,train,2
191,191.png,640,397,train,train,2
192,192.jpg,960,97,train,train,3
193,193.png,960,98,train,train,1
194,194.jpg,960,99,val,val,5
195,195.png,960,100,train,train,1
196,196.jpg,960,64,train,train,3
197,197.jpg,960,63,train,train,3
198,198.jpg,960,60,train,train,3
199,199.png,640,101,val,train,3
200,200.jpg,960,24,train,train,7
201,201.png,640,102,test,train,1
202,202.png,960,43,val,test,1
203,203.jpg,960,103,train,train,2
204,204.png,960,104,test,train,6
205,205.png,960,105,train,val,5
206,206.jpg,960,41,train,train,4
207,207.jpg,960,91,train,train,2
208,208.jpg,960,0,train,train,6
209,209.png,960,31,train,train,3
210,210.png,960,106,train,val,6
211,211.jpg,960,27,train,train,8
212,212.png,960,107,val,train,5
213,213.png,640,108,test,train,1
214,214.png,960,109,train,train,1
215,215.png,960,110,test,train,3
216,216.jpg,960,111,train,train,1
217,217.png,960,112,val,train,2
218,218.png,640,113,val,train,3
219,219.png,960,106,train,train,3
220,220.jpg,960,0,train,train,4
221,221.png,960,1,train,train,4
222,222.jpg,960,0,train,train,4
223,223.png,640,320,train,train,3
224,224.png,960,114,train,test,1
225,225.jpg,960,147,train,train,2
226,226.jpg,960,60,train,val,5
227,227.png,640,115,train,train,1
228,228.jpg,960,116,test,train,10
229,229.jpg,960,60,train,train,3
230,230.jpg,960,5,train,train,3
231,231.png,640,73,train,val,2
232,232.jpg,960,147,train,train,6
233,233.png,960,117,train,train,1
234,234.png,960,94,train,test,3
235,235.png,960,145,val,train,3
236,236.png,640,118,val,train,4
237,237.png,960,206,train,train,5
238,238.png,640,119,train,test,2
239,239.png,960,120,test,val,4
240,240.png,960,105,train,val,7
241,241.jpg,960,428,val,train,4
242,242.png,960,206,train,train,7
243,243.jpg,960,71,val,train,3
244,244.jpg,960,147,train,train,6
245,245.jpg,960,41,train,test,5
246,246.png,960,121,val,test,3
247,247.jpg,960,0,train,val,3
248,248.png,960,122,val,train,5
249,249.jpg,960,41,train,train,7
250,250.png,960,25,train,train,2
251,251.png,640,73,train,train,3
252,252.jpg,960,183,train,test,2
253,253.png,640,123,val,test,7
254,254.png,640,73,train,train,2
255,255.png,640,73,train,train,6
256,256.png,960,106,train,train,8
257,257.png,640,124,val,train,1
258,258.png,960,125,val,train,1
259,259.jpg,960,24,train,test,4
260,260.jpg,960,12,train,val,3
261,261.jpg,960,60,train,train,2
262,262.jpg,960,126,train,train,6
263,263.jpg,960,64,train,train,1
264,264.png,640,119,train,test,1
265,265.png,640,127,train,train,1
266,266.jpg,960,24,train,train,5
267,267.jpg,960,60,train,train,4
268,268.png,960,106,train,train,5
269,269.jpg,960,144,train,train,4
270,270.jpg,960,21,train,train,2
271,271.jpg,960,24,train,train,1
272,272.jpg,960,12,train,train,6
273,273.png,960,128,test,val,3
274,274.jpg,960,147,train,train,1
275,275.jpg,960,24,train,val,5
276,276.jpg,960,272,train,test,1
277,277.jpg,960,129,train,test,2
278,278.png,960,49,train,train,3
279,279.png,960,130,test,val,4
280,280.jpg,960,24,train,test,2
281,281.png,960,96,train,test,2
282,282.jpg,960,131,train,train,8
283,283.png,960,132,train,train,2
284,284.jpg,960,60,train,train,5
285,285.jpg,960,133,train,train,6
286,286.png,960,134,train,train,4
287,287.jpg,960,5,train,train,8
288,288.png,960,31,train,train,2
289,289.jpg,960,91,train,train,1
290,290.png,960,135,train,train,4
291,291.png,640,136,val,train,3
292,292.jpg,960,137,test,test,5
293,293.png,640,397,train,train,3
294,294.jpg,960,69,train,train,3
295,295.png,960,96,train,test,1
296,296.png,640,138,test,train,5
297,297.png,960,166,train,train,2
298,298.jpg,960,139,train,test,4
299,299.png,960,25,train,val,2
300,300.png,960,140,test,train,2
301,301.png,640,141,test,train,5
302,302.png,640,73,train,train,6
303,303.png,960,31,train,train,2
304,304.jpg,960,177,train,val,4
305,305.jpg,960,24,train,train,2
306,306.png,960,42,train,train,7
307,307.jpg,960,142,train,val,1
308,308.png,640,397,train,train,2
309,309.png,960,143,val,train,4
310,310.jpg,960,272,train,val,2
311,311.jpg,960,144,train,test,4
312,312.png,960,135,train,train,4
313,313.jpg,960,71,val,train,5
314,314.png,960,145,val,train,4
315,315.jpg,960,24,train,test,3
316,316.png,960,146,val,val,1
317,317.jpg,960,147,train,test,2
318,318.jpg,960,16,train,train,2
319,319.jpg,960,24,train,test,5
320,320.png,640,148,train,train,3
321,321.png,960,149,val,test,3
322,322.png,640,73,train,train,9
323,323.png,640,150,val,train,3
324,324.jpg,960,151,val,train,1
325,325.jpg,960,74,val,train,6
326,326.png,640,305,train,test,1
327,327.jpg,960,152,test,train,7
328,328.jpg,960,153,test,train,4
329,329.png,640,154,val,train,1
330,330.png,640,32,train,train,3
331,331.jpg,960,5,train,train,10
332,332.png,960,155,val,val,6
333,333.jpg,960,24,train,test,10
334,334.jpg,960,24,train,train,2
335,335.jpg,960,156,val,train,3
336,336.jpg,960,46,train,test,2
337,337.jpg,960,24,train,train,4
338,338.jpg,960,0,train,train,8
339,339.jpg,960,60,train,test,9
340,340.jpg,960,157,test,val,4
341,341.png,640,397,train,train,3
342,342.png,640,158,train,train,4
343,343.png,960,25,train,train,8
344,344.png,960,159,train,val,1
345,345.png,640,73,train,val,13
346,346.png,960,305,train,train,2
347,347.jpg,960,41,train,train,2
348,348.jpg,960,41,train,train,1
349,349.jpg,960,0,train,train,5
350,350.jpg,960,0,train,train,10
351,351.jpg,960,160,test,train,2
352,352.jpg,960,41,train,train,8
353,353.png,960,161,test,train,5
354,354.jpg,960,103,train,train,8
355,355.jpg,960,162,train,train,7
356,356.png,960,163,test,val,3
357,357.png,960,45,train,test,2
358,358.png,960,106,train,val,14
359,359.png,960,62,train,train,9
360,360.png,640,379,train,train,4
361,361.png,960,206,train,train,9
362,362.png,960,164,test,train,3
363,363.jpg,960,5,train,train,4
364,364.png,640,127,train,train,6
365,365.png,960,135,train,train,3
366,366.png,960,96,train,train,5
367,367.png,960,96,train,test,2
368,368.png,640,32,train,train,3
369,369.jpg,960,165,train,train,1
370,370.jpg,960,139,train,train,7
371,371.png,640,119,train,train,2
372,372.png,960,166,train,train,6
373,373.jpg,960,24,train,train,5
374,374.jpg,960,144,train,train,2
375,375.png,960,96,train,test,4
376,376.png,960,87,test,val,4
377,377.jpg,960,167,test,test,3
378,378.png,640,305,train,train,4
379,379.jpg,960,24,train,train,2
380,380.png,960,87,test,train,2
381,381.png,960,168,train,train,4
382,382.jpg,960,24,train,test,14
383,383.jpg,960,41,train,test,3
384,384.png,640,39,val,train,1
385,385.png,640,73,train,train,5
386,386.jpg,960,0,train,train,4
387,387.jpg,960,41,train,train,6
388,388.jpg,960,56,val,train,3
389,389.png,960,169,test,test,1
390,390.jpg,960,170,val,train,2
391,391.jpg,960,24,train,val,8
392,392.jpg,960,171,test,train,1
393,393.png,960,172,test,train,8
394,394.png,960,28,train,train,4
395,395.png,960,106,train,train,9
396,396.png,960,96,train,train,6
397,397.png,640,173,test,test,3
398,398.jpg,960,64,train,train,2
399,399.jpg,960,174,test,test,4
400,400.png,640,73,train,train,2
401,401.jpg,960,5,train,train,2
402,402.png,960,175,test,train,1
404,404.jpg,960,176,val,train,2
405,405.jpg,960,89,train,test,1
406,406.jpg,960,144,train,train,2
407,407.png,960,57,train,test,2
409,409.jpg,960,144,train,train,1
410,410.jpg,960,41,train,train,1
412,412.jpg,960,5,train,train,2
413,413.jpg,960,177,train,train,3
414,414.jpg,960,24,train,train,2
415,415.png,960,134,train,val,3
416,416.png,960,178,test,train,1
417,417.png,960,179,test,train,3
418,418.png,640,180,train,train,1
419,419.jpg,960,272,train,train,2
420,420.png,960,181,val,train,2
421,421.jpg,960,24,train,train,2
422,422.png,960,182,test,train,4
424,424.jpg,960,183,train,train,1
425,425.jpg,960,183,train,train,5
426,426.png,960,184,test,train,1
427,427.png,640,185,train,train,2
428,428.jpg,960,36,test,val,3
429,429.jpg,960,144,train,train,1
430,430.png,960,28,train,val,4
431,431.jpg,960,126,train,train,4
434,434.png,960,62,train,train,4
435,435.jpg,960,24,train,train,5
439,439.jpg,960,63,train,train,1
440,440.png,960,96,train,train,1
442,442.jpg,960,103,train,val,4
450,450.jpg,960,391,train,train,2
451,451.jpg,960,88,val,train,6
453,453.png,960,45,train,val,6
454,454.jpg,960,89,train,val,4
455,455.png,640,192,train,train,1
456,456.png,960,135,train,train,2
457,457.png,960,42,train,train,3
459,459.png,960,28,train,train,1
460,460.jpg,960,194,val,train,1
461,461.png,960,195,val,train,2
463,463.png,960,106,train,train,2
464,464.jpg,960,103,train,test,9
465,465.jpg,960,41,train,train,1
466,466.jpg,960,152,test,val,2
467,467.jpg,960,63,train,train,1
468,468.png,640,196,train,train,1
470,470.png,640,197,train,train,2
471,471.jpg,960,89,train,train,3
472,472.jpg,960,198,val,train,2
474,474.png,960,96,train,val,1
476,476.jpg,960,0,train,train,2
477,477.png,960,201,val,train,1
478,478.png,640,202,train,train,2
479,479.png,960,78,val,test,2
480,480.jpg,960,475,train,train,1
481,481.png,640,203,train,test,2
482,482.jpg,960,0,train,val,5
483,483.png,960,1,train,train,2
484,484.jpg,960,27,train,val,7
487,487.jpg,960,71,val,train,1
488,488.jpg,960,91,train,train,4
491,491.jpg,960,24,train,test,1
492,492.png,960,145,val,train,2
493,493.jpg,960,89,train,train,4
494,494.png,640,397,train,train,2
496,496.jpg,960,272,train,val,1
498,498.jpg,960,41,train,train,1
499,499.jpg,960,89,train,test,4
501,501.jpg,960,137,test,train,3
503,503.png,960,28,train,train,5
505,505.png,960,206,train,train,1
506,506.jpg,960,74,val,train,1
510,510.jpg,960,177,train,train,2
512,512.jpg,960,63,train,train,4
513,513.jpg,960,36,test,train,3
514,514.jpg,960,41,train,train,1
515,515.jpg,960,41,train,train,1
516,516.png,960,11,train,train,1
517,517.jpg,960,41,train,train,3
518,518.png,960,62,train,train,6
519,519.jpg,960,137,test,train,2
520,520.jpg,960,5,train,train,2
521,521.jpg,960,209,test,val,2
522,522.jpg,960,24,train,train,1
524,524.jpg,960,52,test,train,1
525,525.png,960,211,test,test,6
526,526.jpg,960,64,train,train,2
527,527.jpg,960,212,train,train,1
528,528.png,960,96,train,train,1
530,530.jpg,960,89,train,test,1
532,532.jpg,960,89,train,test,1
533,533.jpg,960,89,train,train,4
534,534.png,960,28,train,val,2
535,535.jpg,960,24,train,train,1
538,538.jpg,960,147,train,test,2
539,539.jpg,960,214,val,train,2
541,541.jpg,960,41,train,test,1
542,542.jpg,960,21,train,train,1
543,543.jpg,960,147,train,train,4
544,544.png,640,215,test,train,4
546,546.jpg,960,24,train,train,1
548,548.jpg,960,217,val,test,1
549,549.jpg,960,24,train,train,5
550,550.jpg,960,272,train,train,2
552,552.jpg,960,219,train,test,1
553,553.jpg,960,24,train,train,1
554,554.jpg,960,24,train,val,3
555,555.jpg,960,46,train,val,1
557,557.png,960,106,train,train,7
558,558.png,960,105,train,test,1
559,559.png,960,220,test,train,2
564,564.jpg,960,41,train,train,1
565,565.png,960,222,test,test,1
566,566.jpg,960,139,train,train,4
569,569.jpg,960,63,train,val,2
570,570.jpg,960,41,train,train,1
571,571.jpg,960,0,train,val,3
573,573.jpg,960,24,train,train,4
574,574.png,640,223,train,train,1
575,575.jpg,960,46,train,train,1
576,576.png,640,397,train,train,1
578,578.jpg,960,89,train,train,2
579,579.jpg,960,24,train,train,5
580,580.jpg,960,224,train,train,3
581,581.jpg,960,24,train,train,2
582,582.png,960,125,val,train,2
583,583.jpg,960,183,train,train,2
584,584.png,960,225,val,train,1
585,585.jpg,960,3,test,test,2
586,586.jpg,960,21,train,train,2
589,589.jpg,960,24,train,train,2
590,590.png,640,205,train,train,1
591,591.jpg,960,60,train,train,3
592,592.jpg,960,227,train,train,1
593,593.png,960,135,train,train,2
594,594.jpg,960,41,train,train,2
596,596.png,640,228,train,train,1
597,597.jpg,960,41,train,train,2
599,599.png,960,106,train,train,5
601,601.png,960,329,train,val,2
603,603.png,640,230,test,train,6
604,604.jpg,960,162,train,train,7
605,605.png,960,231,test,val,1
606,606.jpg,960,60,train,train,1
607,607.png,960,82,val,test,3
608,608.jpg,960,24,train,train,4
609,609.png,960,28,train,train,15
610,610.png,640,305,train,train,2
611,611.jpg,960,139,train,test,12
612,612.jpg,960,67,val,train,4
613,613.png,960,232,test,train,2
614,614.png,960,233,train,train,6
615,615.jpg,960,144,train,train,3
616,616.jpg,960,5,train,train,6
619,619.jpg,960,171,test,test,4
620,620.jpg,960,144,train,val,7
621,621.jpg,960,24,train,test,7
622,622.png,960,135,train,train,7
623,623.jpg,960,126,train,train,3
624,624.png,640,73,train,train,6
625,625.jpg,960,63,train,train,3
627,627.jpg,960,126,train,train,2
628,628.png,960,234,val,train,7
629,629.png,960,1,train,val,1
632,632.jpg,960,142,train,train,18
633,633.jpg,960,147,train,test,5
634,634.png,640,397,train,val,7
635,635.jpg,960,475,train,train,7
636,636.jpg,960,272,train,test,5
637,637.jpg,960,0,train,train,3
638,638.jpg,960,41,train,train,4
639,639.jpg,960,64,train,train,10
641,641.png,640,238,val,train,5
642,642.jpg,960,41,train,train,7
643,643.png,960,106,train,train,10
644,644.jpg,960,475,train,val,5
645,645.png,960,106,train,test,8
646,646.jpg,960,64,train,train,1
647,647.jpg,960,24,train,train,6
648,648.jpg,960,239,val,train,12
649,649.png,960,240,val,train,8
651,651.jpg,960,272,train,train,5
652,652.png,960,62,train,train,13
653,653.jpg,960,241,test,train,7
654,654.png,640,205,train,train,4
655,655.jpg,960,52,test,train,3
657,657.jpg,960,209,test,train,4
658,658.jpg,960,24,train,test,6
659,659.jpg,960,24,train,train,4
660,660.jpg,960,0,train,test,8
661,661.jpg,960,12,train,train,9
662,662.png,960,28,train,val,9
663,663.png,960,240,val,train,4
664,664.png,960,135,train,train,6
665,665.jpg,960,129,train,test,4
666,666.jpg,960,88,val,train,7
668,668.jpg,960,244,test,val,5
669,669.png,640,245,train,train,1
670,670.jpg,960,162,train,train,8
671,671.png,960,168,train,val,10
672,672.png,960,42,train,test,4
673,673.jpg,960,60,train,train,1
674,674.png,960,1,train,val,3
676,676.png,960,51,train,val,4
679,679.png,960,186,train,test,3
680,680.png,960,31,train,train,5
681,681.png,640,50,train,train,3
682,682.jpg,960,41,train,val,2
683,683.png,960,96,train,train,2
684,684.png,960,1,train,test,2
685,685.jpg,960,27,train,val,8
686,686.png,960,43,val,train,8
689,689.png,960,246,test,train,8
690,690.jpg,960,475,train,train,3
691,691.jpg,960,5,train,train,4
692,692.png,960,11,train,val,10
694,694.jpg,960,272,train,train,5
695,695.jpg,960,41,train,val,11
696,696.jpg,960,160,test,val,3
697,697.png,960,248,test,train,2
698,698.png,960,135,train,train,5
699,699.png,960,106,train,train,4
700,700.png,960,211,test,train,14
701,701.jpg,960,475,train,train,3
703,703.png,960,250,val,train,1
704,704.jpg,960,144,train,test,8
705,705.png,960,96,train,val,4
706,706.png,960,122,val,train,8
707,707.png,960,251,train,test,2
709,709.jpg,960,41,train,train,6
710,710.jpg,960,272,train,train,6
711,711.jpg,960,46,train,val,3
712,712.png,640,73,train,test,1
713,713.jpg,960,89,train,train,3
714,714.jpg,960,272,train,test,5
715,715.png,960,87,test,train,3
716,716.jpg,960,24,train,val,4
717,717.png,960,253,train,val,2
719,719.jpg,960,63,train,train,7
721,721.jpg,960,41,train,train,1
722,722.jpg,960,41,train,train,2
723,723.jpg,960,24,train,train,5
724,724.png,960,254,val,train,6
726,726.png,640,397,train,val,3
727,727.jpg,960,69,train,train,4
728,728.png,640,320,train,train,5
729,729.png,640,73,train,train,4
730,730.png,640,61,train,train,2
731,731.jpg,960,24,train,train,2
732,732.png,960,545,train,train,5
733,733.png,960,28,train,train,1
734,734.png,960,255,test,train,4
735,735.png,960,106,train,test,4
736,736.jpg,960,244,test,train,3
737,737.png,640,256,val,train,3
739,739.jpg,960,103,train,train,18
742,742.png,960,31,train,train,1
743,743.jpg,960,272,train,train,5
745,745.jpg,960,177,train,val,7
746,746.jpg,960,224,train,train,7
747,747.png,960,135,train,val,13
748,748.jpg,960,260,val,test,3
749,749.png,640,54,train,train,4
750,750.jpg,960,165,train,train,6
752,752.png,640,262,test,train,5
753,753.png,640,9,train,train,4
754,754.jpg,960,183,train,train,10
756,756.jpg,960,263,test,train,9
757,757.png,960,249,val,test,1
759,759.png,960,265,train,train,5
760,760.png,960,545,train,train,7
762,762.png,960,329,train,train,3
763,763.png,960,105,train,train,6
764,764.png,640,266,train,train,1
765,765.png,960,114,train,train,4
766,766.png,640,173,test,train,3
767,767.jpg,960,41,train,train,6
768,768.jpg,960,0,train,test,3
769,769.png,960,114,train,train,14
770,770.png,960,106,train,train,4
771,771.jpg,960,41,train,test,3
772,772.png,640,73,train,test,2
773,773.png,960,145,val,train,4
774,774.png,960,267,train,train,7
775,775.jpg,960,5,train,train,2
776,776.jpg,960,268,train,train,1
777,777.png,640,733,train,val,1
778,778.jpg,960,0,train,train,4
779,779.jpg,960,24,train,train,4
780,780.jpg,960,142,train,train,9
783,783.jpg,960,129,train,train,5
784,784.jpg,960,46,train,train,4
785,785.png,960,270,test,train,5
786,786.jpg,960,177,train,train,7
787,787.jpg,960,24,train,val,3
789,789.jpg,960,41,train,test,2
790,790.jpg,960,126,train,val,8
791,791.png,960,271,val,train,5
792,792.jpg,960,41,train,train,1
794,794.jpg,960,60,train,test,4
795,795.png,960,62,train,val,9
796,796.png,960,90,test,test,4
797,797.jpg,960,5,train,test,3
798,798.jpg,960,97,train,train,1
799,799.jpg,960,272,train,train,7
800,800.png,960,43,val,train,5
802,802.png,960,122,val,test,4
803,803.png,640,73,train,train,1
804,804.png,960,62,train,test,2
805,805.jpg,960,24,train,val,3
806,806.jpg,960,273,train,val,1
807,807.jpg,960,177,train,train,3
808,808.jpg,960,24,train,train,1
809,809.jpg,960,139,train,train,1
810,810.png,960,545,train,train,2
811,811.jpg,960,24,train,val,1
812,812.jpg,960,272,train,train,2
813,813.png,960,11,train,train,4
814,814.png,960,274,test,test,3
815,815.png,960,105,train,train,4
818,818.jpg,960,41,train,test,4
819,819.png,640,277,val,train,1
820,820.jpg,960,171,test,train,3
821,821.jpg,960,278,val,val,3
822,822.png,960,78,val,train,5
823,823.png,960,279,test,train,8
824,824.jpg,960,144,train,train,3
825,825.png,960,114,train,train,5
826,826.jpg,960,103,train,train,6
827,827.jpg,960,214,val,train,2
829,829.jpg,960,280,train,train,1
830,830.jpg,960,147,train,val,3
831,831.jpg,960,475,train,train,2
832,832.jpg,960,144,train,test,3
833,833.png,960,281,val,train,1
835,835.jpg,960,282,train,train,1
836,836.png,640,283,val,train,4
837,837.jpg,960,5,train,train,1
838,838.jpg,960,41,train,train,3
840,840.jpg,960,147,train,val,1
841,841.png,640,235,train,train,2
842,842.png,960,267,train,train,5
844,844.jpg,960,46,train,train,1
845,845.png,960,96,train,train,2
846,846.png,640,285,test,train,3
847,847.png,960,186,train,train,3
848,848.jpg,960,177,train,train,2
849,849.png,640,73,train,train,1
850,850.jpg,960,89,train,train,1
852,852.jpg,960,63,train,test,1
853,853.png,960,43,val,train,2
854,854.png,960,1,train,train,1
855,855.jpg,960,60,train,train,2
856,856.png,960,286,train,train,2
858,858.jpg,960,147,train,val,1
859,859.jpg,960,21,train,train,3
860,860.png,960,57,train,test,3
861,861.jpg,960,63,train,train,1
862,862.jpg,960,287,test,train,3
863,863.png,960,288,test,test,7
865,865.jpg,960,56,val,train,1
866,866.jpg,960,89,train,test,1
867,867.jpg,960,280,train,val,1
868,868.png,960,42,train,train,7
869,869.jpg,960,5,train,val,1
870,870.jpg,960,177,train,train,7
871,871.png,960,43,val,train,2
872,872.jpg,960,144,train,train,2
873,873.png,960,57,train,train,1
874,874.jpg,960,290,train,train,4
875,875.jpg,960,24,train,train,3
877,877.jpg,960,24,train,train,3
878,878.jpg,960,0,train,test,3
879,879.png,960,62,train,test,3
881,881.png,640,9,train,val,4
882,882.png,960,128,test,train,2
883,883.png,960,291,test,train,1
884,884.jpg,960,63,train,val,2
885,885.png,960,96,train,train,2
886,886.jpg,960,24,train,test,6
887,887.png,960,28,train,train,3
888,888.jpg,960,272,train,train,3
889,889.png,640,379,train,test,6
890,890.jpg,960,97,train,test,2
891,891.png,640,252,val,val,6
892,892.jpg,960,147,train,train,2
893,893.png,960,62,train,train,4
894,894.jpg,960,46,train,train,2
895,895.png,640,292,test,train,5
897,897.jpg,960,294,train,train,3
898,898.jpg,960,147,train,test,1
899,899.png,960,105,train,train,6
900,900.jpg,960,41,train,train,3
901,901.png,640,295,train,val,4
902,902.jpg,960,272,train,train,2
903,903.jpg,960,296,train,val,1
904,904.png,960,297,test,val,2
906,906.png,960,114,train,test,9
907,907.png,960,545,train,train,2
908,908.png,640,73,train,train,1
909,909.jpg,960,24,train,train,5
910,910.png,960,106,train,train,4
911,911.jpg,960,41,train,train,6
912,912.png,960,299,val,train,1
914,914.jpg,960,89,train,train,1
915,915.jpg,960,27,train,val,4
916,916.png,960,51,train,train,2
917,917.png,640,73,train,train,2
918,918.jpg,960,41,train,train,4
919,919.png,960,301,test,train,2
920,920.png,640,302,train,train,1
921,921.png,960,303,train,train,1
922,922.png,640,32,train,test,2
923,923.jpg,960,177,train,val,3
924,924.jpg,960,304,train,train,1
925,925.png,960,166,train,val,2
926,926.png,960,25,train,train,3
927,927.jpg,960,103,train,train,7
928,928.jpg,960,0,train,train,3
929,929.jpg,960,97,train,train,2
930,930.jpg,960,126,train,train,4
931,931.jpg,960,5,train,train,2
932,932.png,960,305,train,train,3
933,933.png,960,259,val,test,4
934,934.jpg,960,10,train,test,2
935,935.png,640,205,train,train,2
936,936.png,960,106,train,train,2
937,937.jpg,960,24,train,test,1
938,938.png,960,259,val,train,2
939,939.jpg,960,103,train,val,5
940,940.jpg,960,41,train,val,3
941,941.jpg,960,3,test,train,4
942,942.jpg,960,46,train,train,5
944,944.png,640,307,test,test,1
945,945.jpg,960,41,train,train,2
946,946.png,960,308,val,test,3
948,948.jpg,960,309,val,test,1
949,949.jpg,960,60,train,train,2
950,950.jpg,960,144,train,train,2
951,951.png,640,235,train,val,1
952,952.jpg,960,475,train,train,1
953,953.png,960,28,train,train,3
954,954.jpg,960,89,train,test,1
955,955.jpg,960,152,test,train,5
956,956.png,960,310,val,test,3
957,957.png,960,311,val,train,2
958,958.jpg,960,21,train,train,2
959,959.png,960,329,train,test,3
961,961.png,960,313,test,val,5
962,962.png,960,106,train,train,7
963,963.jpg,960,89,train,train,1
964,964.png,960,314,val,train,3
965,965.png,960,315,val,train,2
966,966.jpg,960,144,train,val,2
967,967.jpg,960,316,val,test,1
968,968.jpg,960,24,train,train,2
969,969.jpg,960,64,train,train,1
970,970.jpg,960,36,test,train,2
971,971.png,960,317,test,val,2
972,972.jpg,960,74,val,train,3
973,973.jpg,960,89,train,val,1
974,974.png,640,73,train,train,3
975,975.jpg,960,24,train,train,2
976,976.jpg,960,318,test,train,3
977,977.png,640,73,train,train,2
978,978.jpg,960,147,train,test,5
979,979.jpg,960,0,train,train,4
980,980.jpg,960,147,train,train,4
981,981.png,960,181,val,train,1
982,982.jpg,960,64,train,val,2
983,983.jpg,960,296,train,val,1
984,984.jpg,960,316,val,test,1
985,985.png,960,206,train,train,2
986,986.jpg,960,12,train,train,5
987,987.jpg,960,319,test,train,3
988,988.jpg,960,0,train,train,10
989,989.png,640,320,train,train,4
990,990.jpg,960,36,test,val,3
991,991.jpg,960,13,test,train,1
992,992.png,960,321,train,train,2
993,993.png,960,106,train,train,5
994,994.jpg,960,322,test,test,1
995,995.jpg,960,171,test,train,1
996,996.png,960,323,val,val,3
998,998.png,960,62,train,train,4
999,999.jpg,960,27,train,val,2
1000,1000.jpg,960,103,train,train,4
1001,1001.jpg,960,3,test,train,2
1002,1002.png,960,250,val,val,3
1003,1003.jpg,960,33,test,train,3
1004,1004.jpg,960,41,train,train,2
1006,1006.jpg,960,41,train,train,3
1007,1007.jpg,960,391,train,train,1
1008,1008.png,960,106,train,train,4
1009,1009.png,960,106,train,train,6
1010,1010.jpg,960,99,val,val,4
1011,1011.jpg,960,144,train,train,2
1012,1012.jpg,960,103,train,train,5
1013,1013.jpg,960,41,train,test,1
1015,1015.png,960,168,train,train,2
1016,1016.png,640,196,train,train,2
1017,1017.jpg,960,171,test,train,1
1018,1018.png,960,48,val,train,1
1019,1019.jpg,960,309,val,test,3
1020,1020.jpg,960,327,train,train,2
1021,1021.jpg,960,41,train,train,3
1022,1022.png,960,31,train,val,2
1023,1023.png,960,186,train,test,1
1024,1024.jpg,960,147,train,train,7
1025,1025.jpg,960,278,val,val,1
1026,1026.jpg,960,171,test,test,2
1027,1027.png,960,186,train,val,1
1028,1028.jpg,960,328,val,val,2
1029,1029.jpg,960,0,train,train,4
1030,1030.png,640,9,train,train,2
1032,1032.jpg,960,147,train,train,1
1033,1033.jpg,960,24,train,train,4
1034,1034.png,960,96,train,train,1
1035,1035.png,960,267,train,val,2
1036,1036.png,640,235,train,train,3
1037,1037.png,960,329,train,train,1
1038,1038.png,640,283,val,train,5
1039,1039.png,640,320,train,test,2
1040,1040.jpg,960,24,train,train,3
1041,1041.png,960,330,train,train,1
1042,1042.jpg,960,331,test,train,2
1043,1043.jpg,960,56,val,train,3
1044,1044.jpg,960,46,train,train,1
1045,1045.jpg,960,171,test,train,3
1046,1046.jpg,960,272,train,train,4
1047,1047.png,960,62,train,test,2
1048,1048.jpg,960,89,train,train,3
1049,1049.jpg,960,41,train,train,2
1050,1050.jpg,960,129,train,test,1
1051,1051.png,960,332,train,train,1
1052,1052.jpg,960,333,test,train,1
1053,1053.jpg,960,334,train,val,1
1054,1054.jpg,960,24,train,train,1
1055,1055.png,960,335,train,train,2
1056,1056.png,960,31,train,train,2
1057,1057.jpg,960,183,train,train,5
1058,1058.jpg,960,64,train,train,2
1059,1059.jpg,960,24,train,train,3
1060,1060.jpg,960,27,train,train,4
1061,1061.jpg,960,41,train,train,7
1062,1062.jpg,960,272,train,train,5
1063,1063.jpg,960,139,train,val,1
1064,1064.png,960,106,train,train,5
1065,1065.png,640,397,train,train,1
1066,1066.png,960,106,train,train,5
1067,1067.png,640,733,train,train,3
1068,1068.jpg,960,41,train,train,3
1069,1069.jpg,960,21,train,train,4
1070,1070.jpg,960,41,train,train,2
1071,1071.jpg,960,133,train,train,6
1072,1072.jpg,960,165,train,train,3
1073,1073.png,960,336,val,val,1
1074,1074.jpg,960,5,train,test,1
1075,1075.jpg,960,171,test,train,3
1076,1076.jpg,960,147,train,train,3
1077,1077.png,640,337,train,test,3
1078,1078.jpg,960,24,train,test,2
1079,1079.png,960,338,test,train,5
1080,1080.jpg,960,0,train,val,2
1081,1081.jpg,960,339,test,test,5
1082,1082.png,960,340,test,train,2
1083,1083.png,960,84,test,train,3
1084,1084.jpg,960,144,train,train,1
1085,1085.png,640,341,val,train,2
1086,1086.png,960,342,test,train,2
1087,1087.jpg,960,328,val,train,3
1088,1088.jpg,960,29,val,train,1
1089,1089.jpg,960,74,val,train,2
1090,1090.jpg,960,24,train,train,1
1091,1091.jpg,960,147,train,test,3
1092,1092.jpg,960,41,train,train,2
1093,1093.jpg,960,24,train,train,4
1095,1095.png,960,57,train,test,1
1096,1096.png,960,106,train,train,1
1098,1098.jpg,960,212,train,train,1
1100,1100.jpg,960,174,test,train,1
1101,1101.png,960,28,train,val,3
1103,1103.png,960,62,train,val,5
1105,1105.jpg,960,41,train,train,5
1107,1107.jpg,960,345,test,val,1
1108,1108.jpg,960,165,train,train,2
1109,1109.png,960,166,train,test,3
1110,1110.png,960,42,train,test,1
1111,1111.jpg,960,41,train,train,1
1113,1113.png,960,31,train,train,3
1114,1114.png,960,346,train,train,1
1115,1115.jpg,960,41,train,train,3
1116,1116.jpg,960,41,train,train,2
1117,1117.png,960,347,val,train,5
1118,1118.png,960,106,train,val,2
1119,1119.jpg,960,89,train,train,2
1120,1120.png,960,326,train,train,2
1121,1121.jpg,960,12,train,test,3
1122,1122.png,960,206,train,train,4
1123,1123.jpg,960,24,train,val,3
1124,1124.jpg,960,0,train,train,9
1125,1125.png,960,159,train,train,1
1126,1126.png,960,31,train,train,1
1127,1127.jpg,960,35,val,test,1
1128,1128.png,960,348,train,val,2
1129,1129.png,640,203,train,val,2
1130,1130.jpg,960,24,train,val,2
1131,1131.jpg,960,41,train,train,4
1132,1132.jpg,960,21,train,train,1
1133,1133.png,960,135,train,train,2
1134,1134.png,640,73,train,test,1
1135,1135.png,640,283,val,train,5
1136,1136.png,960,349,train,val,1
1137,1137.jpg,960,0,train,train,12
1138,1138.png,960,350,val,train,1
1139,1139.jpg,960,27,train,train,10
1140,1140.jpg,960,97,train,train,3
1141,1141.jpg,960,41,train,train,4
1142,1142.jpg,960,46,train,train,1
1143,1143.png,960,351,test,train,5
1144,1144.jpg,960,0,train,val,4
1145,1145.png,960,352,test,test,3
1146,1146.jpg,960,60,train,train,4
1147,1147.jpg,960,0,train,train,8
1148,1148.jpg,960,353,val,train,2
1150,1150.png,960,1,train,train,2
1151,1151.png,960,62,train,train,6
1152,1152.jpg,960,24,train,train,4
1153,1153.jpg,960,327,train,train,4
1154,1154.jpg,960,339,test,val,3
1155,1155.jpg,960,24,train,train,2
1156,1156.jpg,960,144,train,train,1
1157,1157.jpg,960,139,train,train,4
1158,1158.jpg,960,290,train,train,3
1159,1159.jpg,960,272,train,train,4
1160,1160.jpg,960,63,train,train,4
1161,1161.jpg,960,354,test,train,2
1162,1162.png,640,379,train,train,1
1163,1163.png,960,22,test,train,4
1164,1164.png,640,355,train,train,1
1165,1165.jpg,960,224,train,train,6
1166,1166.png,960,356,test,train,2
1167,1167.jpg,960,41,train,train,3
1168,1168.png,960,96,train,test,2
1169,1169.png,960,51,train,train,3
1170,1170.png,960,15,train,test,4
1171,1171.jpg,960,0,train,train,3
1172,1172.png,960,286,train,test,3
1173,1173.jpg,960,272,train,test,5
1175,1175.png,960,545,train,train,5
1176,1176.png,960,11,train,train,1
1177,1177.png,960,106,train,train,3
1178,1178.png,960,11,train,train,1
1179,1179.png,960,358,train,val,2
1180,1180.jpg,960,147,train,train,3
1181,1181.png,960,106,train,train,3
1182,1182.jpg,960,359,val,train,5
1183,1183.png,640,158,train,train,4
1185,1185.png,960,62,train,train,2
1186,1186.jpg,960,361,train,train,1
1188,1188.png,960,362,test,train,3
1189,1189.png,960,363,train,train,1
1190,1190.png,960,62,train,train,10
1191,1191.png,960,28,train,train,3
1192,1192.jpg,960,0,train,train,5
1193,1193.jpg,960,18,train,val,4
1194,1194.jpg,960,89,train,val,1
1195,1195.png,960,364,test,test,2
1196,1196.png,960,14,test,train,1
1197,1197.jpg,960,89,train,train,1
1198,1198.png,960,267,train,test,3
1199,1199.png,960,172,test,val,2
1200,1200.png,640,397,train,train,1
1201,1201.png,960,365,test,train,2
1202,1202.png,960,366,val,train,4
1203,1203.png,640,320,train,train,1
1205,1205.png,960,42,train,train,1
1206,1206.jpg,960,10,train,train,1
1207,1207.jpg,960,41,train,train,2
1209,1209.jpg,960,171,test,train,4
1210,1210.jpg,960,144,train,train,2
1211,1211.jpg,960,41,train,val,2
1212,1212.png,960,28,train,val,3
1213,1213.jpg,960,24,train,train,2
1214,1214.jpg,960,89,train,train,2
1215,1215.jpg,960,272,train,train,3
1216,1216.png,960,42,train,train,1
1217,1217.png,960,28,train,train,2
1218,1218.jpg,960,24,train,train,2
1220,1220.jpg,960,60,train,val,3
1221,1221.jpg,960,3,test,val,4
1222,1222.jpg,960,41,train,train,1
1223,1223.jpg,960,144,train,train,1
1224,1224.jpg,960,97,train,train,3
1225,1225.jpg,960,369,train,train,3
1226,1226.jpg,960,209,test,val,1
1227,1227.jpg,960,244,test,train,1
1228,1228.jpg,960,63,train,test,2
1229,1229.jpg,960,390,test,train,2
1230,1230.jpg,960,165,train,test,1
1233,1233.png,960,233,train,val,1
1234,1234.png,640,73,train,train,2
1235,1235.png,960,371,val,train,2
1236,1236.jpg,960,24,train,train,2
1237,1237.png,640,372,train,val,1
1238,1238.jpg,960,272,train,train,1
1243,1243.jpg,960,41,train,test,3
1244,1244.jpg,960,375,test,val,3
1245,1245.jpg,960,41,train,train,6
1246,1246.jpg,960,189,train,test,1
1248,1248.jpg,960,272,train,train,4
1249,1249.jpg,960,377,train,test,1
1250,1250.png,960,107,val,train,1
1252,1252.png,960,378,val,test,2
1253,1253.png,640,379,train,test,1
1254,1254.jpg,960,147,train,test,4
1255,1255.jpg,960,24,train,train,5
1256,1256.jpg,960,41,train,test,3
1257,1257.jpg,960,36,test,train,2
1258,1258.png,960,186,train,train,1
1259,1259.png,960,270,test,train,3
1260,1260.jpg,960,272,train,train,2
1261,1261.jpg,960,475,train,val,2
1263,1263.png,640,379,train,test,3
1264,1264.jpg,960,41,train,val,2
1265,1265.jpg,960,46,train,train,2
1266,1266.png,960,37,val,val,1
1267,1267.png,640,381,train,train,1
1268,1268.png,960,382,train,val,1
1270,1270.png,960,28,train,train,1
1271,1271.jpg,960,5,train,val,4
1272,1272.png,640,383,train,val,3
1275,1275.jpg,960,129,train,train,2
1277,1277.png,640,123,val,train,2
1278,1278.jpg,960,147,train,test,3
1279,1279.png,960,51,train,train,3
1281,1281.png,960,385,test,train,1
1283,1283.png,960,45,train,val,1
1284,1284.jpg,960,331,test,train,2
1285,1285.jpg,960,144,train,train,1
1286,1286.jpg,960,41,train,val,1
1287,1287.jpg,960,24,train,val,2
1288,1288.jpg,960,0,train,train,2
1290,1290.jpg,960,387,train,train,8
1291,1291.jpg,960,388,val,val,3
1292,1292.png,960,62,train,train,3
1294,1294.jpg,960,272,train,train,2
1295,1295.png,960,179,test,train,2
1296,1296.png,960,362,test,test,2
1298,1298.jpg,960,139,train,train,2
1299,1299.png,960,305,train,val,1
1300,1300.png,960,128,test,test,1
1301,1301.png,960,122,val,val,4
1302,1302.jpg,960,389,val,train,1
1303,1303.jpg,960,390,test,test,6
1305,1305.jpg,960,391,train,test,3
1306,1306.jpg,960,41,train,train,2
1307,1307.png,960,87,test,train,3
1309,1309.jpg,960,309,val,test,2
1310,1310.png,960,62,train,test,2
1311,1311.png,960,392,val,test,1
1313,1313.jpg,960,5,train,test,4
1314,1314.png,640,54,train,train,1
1315,1315.jpg,960,475,train,train,3
1316,1316.png,960,362,test,train,3
1317,1317.jpg,960,41,train,train,3
1318,1318.jpg,960,24,train,train,3
1319,1319.png,960,62,train,test,7
1320,1320.png,960,11,train,val,3
1321,1321.png,960,145,val,test,1
1322,1322.jpg,960,133,train,train,1
1324,1324.png,960,395,train,test,1
1325,1325.jpg,960,24,train,train,3
1326,1326.png,640,397,train,val,1
1327,1327.jpg,960,41,train,train,4
1328,1328.jpg,960,46,train,val,1
1329,1329.png,960,396,train,val,4
1330,1330.png,640,397,train,val,2
1331,1331.jpg,960,41,train,val,3
1332,1332.jpg,960,139,train,train,2
1333,1333.png,960,267,train,test,5
1334,1334.jpg,960,63,train,test,2
1335,1335.jpg,960,139,train,train,2
1336,1336.jpg,960,88,val,train,5
1337,1337.png,960,240,val,train,1
1338,1338.png,960,220,test,train,3
1339,1339.png,960,45,train,val,2
1343,1343.jpg,960,76,val,train,2
1344,1344.png,640,397,train,train,1
1346,1346.jpg,960,147,train,test,4
1348,1348.jpg,960,147,train,train,3
1349,1349.jpg,960,272,train,test,1
1350,1350.jpg,960,24,train,train,5
1351,1351.png,960,398,train,train,1
1352,1352.jpg,960,24,train,train,3
1353,1353.png,960,105,train,train,1
1354,1354.png,960,106,train,train,3
1355,1355.png,960,28,train,train,3
1356,1356.jpg,960,389,val,test,1
1357,1357.png,960,249,val,train,1
1358,1358.png,640,59,train,train,1
1359,1359.png,960,106,train,train,7
1360,1360.png,960,545,train,train,4
1363,1363.png,960,346,train,test,1
1365,1365.jpg,960,400,test,train,4
1366,1366.png,960,78,val,train,4
1368,1368.png,640,402,train,test,6
1369,1369.png,960,45,train,train,1
1370,1370.jpg,960,41,train,val,2
1371,1371.jpg,960,177,train,test,1
1372,1372.jpg,960,5,train,test,2
1373,1373.jpg,960,144,train,val,2
1374,1374.jpg,960,272,train,train,2
1375,1375.png,960,358,train,train,1
1378,1378.png,960,299,val,train,2
1379,1379.jpg,960,41,train,train,1
1380,1380.png,960,159,train,train,1
1381,1381.jpg,960,0,train,train,6
1382,1382.png,960,28,train,test,4
1383,1383.jpg,960,60,train,train,5
1384,1384.jpg,960,63,train,train,1
1386,1386.jpg,960,403,val,train,3
1388,1388.png,640,197,train,train,5
1390,1390.png,960,406,train,test,1
1391,1391.jpg,960,74,val,train,3
1392,1392.jpg,960,89,train,train,2
1393,1393.jpg,960,24,train,val,4
1394,1394.png,960,78,val,val,3
1395,1395.jpg,960,407,train,train,1
1396,1396.jpg,960,111,train,train,2
1397,1397.jpg,960,60,train,val,3
1399,1399.jpg,960,0,train,train,6
1400,1400.jpg,960,408,val,train,3
1401,1401.png,640,4,val,train,2
1402,1402.jpg,960,60,train,train,3
1403,1403.jpg,960,475,train,train,1
1404,1404.jpg,960,18,train,val,4
1405,1405.png,640,409,val,val,1
1406,1406.jpg,960,147,train,train,5
1407,1407.png,960,106,train,train,9
1408,1408.jpg,960,177,train,train,1
1409,1409.png,960,114,train,train,4
1410,1410.jpg,960,63,train,train,6
1411,1411.jpg,960,131,train,test,3
1412,1412.png,960,96,train,val,2
1413,1413.jpg,960,27,train,val,4
1415,1415.jpg,960,410,train,val,2
1416,1416.png,960,28,train,val,3
1417,1417.jpg,960,278,val,val,2
1418,1418.jpg,960,24,train,train,3
1419,1419.jpg,960,97,train,test,3
1420,1420.jpg,960,147,train,train,2
1421,1421.png,960,45,train,test,2
1422,1422.jpg,960,89,train,train,1
1423,1423.jpg,960,411,val,train,2
1424,1424.jpg,960,24,train,train,3
1425,1425.jpg,960,24,train,train,2
1426,1426.jpg,960,272,train,val,2
1427,1427.jpg,960,0,train,val,2
1430,1430.jpg,960,171,test,train,1
1431,1431.png,960,11,train,train,1
1433,1433.jpg,960,12,train,train,4
1434,1434.jpg,960,24,train,test,3
1435,1435.jpg,960,24,train,train,3
1436,1436.jpg,960,41,train,train,2
1437,1437.jpg,960,24,train,val,3
1438,1438.png,960,98,train,train,2
1439,1439.png,960,96,train,train,1
1440,1440.jpg,960,66,test,val,2
1441,1441.png,640,414,val,val,1
1442,1442.png,640,307,test,train,1
1443,1443.png,960,49,train,train,2
1444,1444.jpg,960,209,test,train,2
1445,1445.png,960,49,train,val,3
1446,1446.jpg,960,24,train,val,4
1447,1447.jpg,960,63,train,val,1
1448,1448.png,640,73,train,train,1
1449,1449.png,960,51,train,train,1
1450,1450.png,640,415,train,train,1
1451,1451.jpg,960,103,train,val,3
1452,1452.png,640,416,test,train,1
1453,1453.png,960,132,train,train,1
1454,1454.png,640,23,test,train,2
1455,1455.png,640,417,train,test,2
1456,1456.png,960,186,train,test,4
1457,1457.png,640,102,test,train,3
1458,1458.jpg,960,24,train,train,4
1459,1459.png,640,320,train,test,4
1460,1460.jpg,960,21,train,train,2
1461,1461.png,960,51,train,train,1
1462,1462.png,960,132,train,val,2
1463,1463.jpg,960,171,test,train,4
1464,1464.jpg,960,418,val,train,1
1465,1465.jpg,960,0,train,train,2
1466,1466.jpg,960,144,train,train,1
1467,1467.png,960,545,train,train,3
1468,1468.jpg,960,41,train,train,2
1469,1469.jpg,960,41,train,train,3
1470,1470.png,960,305,train,train,3
1471,1471.png,640,205,train,train,2
1472,1472.jpg,960,165,train,val,2
1473,1473.jpg,960,272,train,train,2
1474,1474.jpg,960,24,train,train,4
1475,1475.png,960,11,train,train,1
1476,1476.png,960,145,val,train,4
1477,1477.jpg,960,99,val,val,4
1478,1478.png,960,419,val,train,2
1479,1479.png,960,51,train,train,5
1480,1480.png,960,240,val,test,2
1481,1481.png,960,291,test,train,3
1482,1482.jpg,960,420,train,train,1
1483,1483.jpg,960,21,train,train,1
1484,1484.png,960,96,train,train,2
1485,1485.png,960,255,test,test,3
1486,1486.png,960,62,train,train,7
1487,1487.jpg,960,280,train,train,1
1488,1488.jpg,960,177,train,train,4
1489,1489.jpg,960,60,train,val,2
1490,1490.jpg,960,24,train,train,5
1491,1491.jpg,960,41,train,train,2
1492,1492.jpg,960,391,train,train,1
1493,1493.png,640,23,test,train,1
1494,1494.jpg,960,272,train,test,4
1495,1495.png,960,28,train,train,2
1496,1496.png,960,28,train,train,2
1497,1497.png,640,397,train,train,4
1498,1498.png,640,73,train,train,1
1499,1499.jpg,960,64,train,train,2
1500,1500.png,960,421,test,train,1
1501,1501.png,960,168,train,train,2
1502,1502.png,960,57,train,train,1
1503,1503.jpg,960,422,val,train,1
1504,1504.jpg,960,24,train,train,1
1505,1505.jpg,960,27,train,train,2
1507,1507.jpg,960,144,train,train,2
1508,1508.jpg,960,24,train,train,3
1509,1509.jpg,960,67,val,train,2
1510,1510.jpg,960,422,val,train,1
1511,1511.png,960,424,train,train,2
1512,1512.png,960,96,train,train,1
1513,1513.png,960,45,train,train,2
1514,1514.jpg,960,41,train,val,3
1515,1515.jpg,960,116,test,val,5
1516,1516.png,960,425,test,test,3
1517,1517.jpg,960,89,train,train,2
1519,1519.png,960,427,test,test,1
1520,1520.png,640,305,train,train,1
1521,1521.jpg,960,0,train,train,10
1522,1522.jpg,960,428,val,test,3
1523,1523.png,960,62,train,train,5
1524,1524.png,640,355,train,test,7
1525,1525.png,960,429,val,train,3
1526,1526.jpg,960,60,train,train,2
1527,1527.jpg,960,41,train,test,2
1528,1528.png,960,132,train,train,6
1529,1529.jpg,960,41,train,train,5
1531,1531.png,640,73,train,val,9
1532,1532.jpg,960,88,val,test,5
1533,1533.png,960,430,test,test,2
1534,1534.png,640,431,val,test,5
1535,1535.png,640,203,train,train,1
1536,1536.jpg,960,24,train,train,2
1537,1537.png,960,329,train,train,1
1538,1538.png,960,62,train,train,7
1539,1539.jpg,960,89,train,val,1
1540,1540.png,960,432,test,train,2
1541,1541.jpg,960,24,train,train,3
1543,1543.png,960,62,train,train,9
1544,1544.png,960,358,train,train,3
1545,1545.jpg,960,272,train,train,5
1546,1546.png,960,62,train,train,5
1547,1547.jpg,960,269,test,train,3
1548,1548.jpg,960,126,train,train,6
1549,1549.jpg,960,475,train,train,2
1550,1550.png,960,51,train,train,2
1551,1551.jpg,960,0,train,train,5
1552,1552.png,640,381,train,train,3
1553,1553.png,960,181,val,train,3
1554,1554.jpg,960,64,train,train,2
1555,1555.jpg,960,60,train,train,2
1556,1556.jpg,960,339,test,train,2
1557,1557.jpg,960,27,train,train,4
1558,1558.jpg,960,272,train,train,3
1559,1559.png,960,265,train,test,3
1560,1560.png,640,434,test,val,2
1561,1561.jpg,960,103,train,train,7
1562,1562.jpg,960,41,train,train,3
1563,1563.png,960,329,train,train,1
1564,1564.jpg,960,56,val,train,3
1565,1565.jpg,960,177,train,train,3
1566,1566.jpg,960,41,train,train,3
1568,1568.jpg,960,24,train,train,3
1569,1569.jpg,960,71,val,val,2
1570,1570.jpg,960,369,train,val,2
1571,1571.jpg,960,475,train,train,3
1572,1572.jpg,960,89,train,train,1
1573,1573.png,960,358,train,train,2
1574,1574.jpg,960,97,train,test,6
1575,1575.png,960,1,train,train,1
1576,1576.jpg,960,12,train,train,2
1577,1577.jpg,960,88,val,val,3
1578,1578.jpg,960,183,train,test,1
1579,1579.jpg,960,24,train,train,1
1580,1580.jpg,960,505,test,test,1
1581,1581.jpg,960,46,train,val,2
1582,1582.jpg,960,41,train,train,3
1583,1583.jpg,960,147,train,train,2
1584,1584.png,960,216,test,train,1
1585,1585.jpg,960,5,train,train,4
1586,1586.png,960,106,train,train,2
1587,1587.jpg,960,24,train,train,3
1588,1588.png,960,436,val,train,5
1589,1589.png,960,96,train,train,2
1590,1590.png,960,11,train,train,2
1591,1591.png,960,437,train,train,2
1592,1592.jpg,960,89,train,train,1
1593,1593.png,640,397,train,train,1
1594,1594.png,960,122,val,train,5
1595,1595.png,960,57,train,train,2
1596,1596.jpg,960,41,train,train,3
1597,1597.png,640,203,train,train,3
1598,1598.jpg,960,89,train,train,1
1599,1599.jpg,960,27,train,val,7
1600,1600.png,960,96,train,train,3
1601,1601.jpg,960,165,train,train,3
1602,1602.jpg,960,0,train,train,1
1603,1603.png,640,397,train,train,2
1605,1605.png,960,42,train,val,2
1608,1608.jpg,960,0,train,test,5
1609,1609.png,960,438,val,train,1
1610,1610.jpg,960,272,train,test,1
1612,1612.jpg,960,41,train,val,2
1613,1613.png,960,439,val,test,1
1615,1615.jpg,960,147,train,train,3
1622,1622.png,960,267,train,train,3
1624,1624.png,640,154,val,train,2
1625,1625.png,960,166,train,test,1
1626,1626.jpg,960,165,train,val,2
1628,1628.jpg,960,354,test,val,1
1629,1629.png,960,442,test,val,2
1630,1630.png,960,106,train,train,4
1633,1633.png,960,385,test,train,2
1634,1634.png,960,365,test,val,1
1636,1636.jpg,960,0,train,train,4
1638,1638.png,960,342,test,train,2
1641,1641.jpg,960,27,train,train,2
1643,1643.jpg,960,91,train,train,2
1644,1644.jpg,960,5,train,train,4
1646,1646.jpg,960,24,train,train,2
1649,1649.png,960,445,train,train,1
1651,1651.png,960,106,train,val,2
1652,1652.jpg,960,446,test,train,5
1654,1654.png,960,112,val,train,3
1657,1657.png,960,145,val,train,6
1660,1660.png,960,358,train,train,2
1661,1661.jpg,960,24,train,train,1
1663,1663.jpg,960,24,train,val,1
1664,1664.jpg,960,3,test,train,2
1665,1665.jpg,960,24,train,train,2
1666,1666.png,960,449,val,train,4
1668,1668.png,640,379,train,train,4
1669,1669.png,960,51,train,train,2
1670,1670.jpg,960,391,train,train,1
1672,1672.png,960,164,test,train,1
1673,1673.jpg,960,35,val,train,1
1674,1674.jpg,960,147,train,train,1
1675,1675.jpg,960,41,train,test,2
1676,1676.jpg,960,63,train,train,1
1677,1677.jpg,960,24,train,val,2
1679,1679.jpg,960,391,train,train,2
1680,1680.jpg,960,0,train,test,11
1681,1681.png,960,450,val,train,2
1683,1683.jpg,960,41,train,train,1
1684,1684.jpg,960,74,val,train,1
1686,1686.jpg,960,24,train,val,1
1688,1688.png,960,253,train,train,1
1690,1690.jpg,960,76,val,train,3
1692,1692.png,960,106,train,train,4
1693,1693.png,960,96,train,train,2
1695,1695.png,640,158,train,train,1
1697,1697.jpg,960,41,train,val,2
1700,1700.jpg,960,60,train,train,1
1701,1701.jpg,960,183,train,val,1
1702,1702.png,960,31,train,train,1
1703,1703.png,960,452,val,train,1
1704,1704.jpg,960,24,train,train,2
1705,1705.jpg,960,131,train,test,2
1706,1706.jpg,960,160,test,train,1
1707,1707.jpg,960,5,train,train,1
1708,1708.jpg,960,60,train,train,1
1709,1709.png,960,104,test,train,1
1710,1710.jpg,960,27,train,test,5
1711,1711.png,960,545,train,train,4
1712,1712.png,640,453,val,train,3
1713,1713.jpg,960,24,train,train,1
1714,1714.jpg,960,209,test,val,1
1715,1715.png,960,1,train,train,1
1716,1716.png,960,145,val,train,3
1717,1717.jpg,960,41,train,train,2
1718,1718.png,960,329,train,train,1
1719,1719.jpg,960,103,train,train,12
1721,1721.png,640,73,train,train,2
1722,1722.png,960,11,train,train,1
1724,1724.jpg,960,387,train,train,2
1725,1725.png,960,135,train,train,1
1727,1727.jpg,960,129,train,train,1
1728,1728.png,960,62,train,train,2
1729,1729.jpg,960,224,train,test,1
1731,1731.png,960,265,train,train,1
1732,1732.png,960,96,train,test,2
1733,1733.png,960,367,val,train,3
1734,1734.jpg,960,12,train,train,5
1735,1735.jpg,960,290,train,train,5
1736,1736.jpg,960,60,train,train,3
1737,1737.jpg,960,24,train,train,1
1738,1738.png,640,9,train,train,1
1740,1740.png,960,62,train,train,2
1741,1741.jpg,960,24,train,test,3
1742,1742.jpg,960,97,train,train,3
1743,1743.jpg,960,183,train,train,1
1744,1744.jpg,960,24,train,val,3
1745,1745.jpg,960,391,train,train,2
1746,1746.png,960,271,val,train,6
1748,1748.jpg,960,41,train,val,4
1749,1749.png,960,145,val,train,3
1750,1750.png,960,267,train,train,7
1752,1752.jpg,960,41,train,train,1
1753,1753.jpg,960,41,train,train,2
1754,1754.png,960,135,train,train,2
1755,1755.png,960,161,test,test,2
1757,1757.jpg,960,60,train,test,3
1758,1758.jpg,960,309,val,train,1
1759,1759.jpg,960,454,train,val,1
1760,1760.jpg,960,290,train,train,5
1761,1761.jpg,960,24,train,val,2
1762,1762.png,960,329,train,train,1
1764,1764.png,960,370,train,test,1
1766,1766.jpg,960,60,train,val,1
1768,1768.jpg,960,24,train,train,2
1769,1769.png,640,196,train,train,3
1771,1771.jpg,960,41,train,val,2
1772,1772.png,960,62,train,train,8
1774,1774.jpg,960,97,train,val,1
1777,1777.png,960,456,val,train,1
1778,1778.jpg,960,224,train,train,1
1780,1780.jpg,960,60,train,train,2
1781,1781.jpg,960,89,train,test,1
1782,1782.jpg,960,41,train,val,1
1783,1783.jpg,960,41,train,train,2
1784,1784.png,960,457,test,train,1
1785,1785.png,960,106,train,train,4
1786,1786.png,960,358,train,val,2
1787,1787.jpg,960,272,train,train,3
1788,1788.jpg,960,24,train,train,2
1790,1790.png,960,181,val,train,1
1791,1791.jpg,960,5,train,train,3
1792,1792.jpg,960,458,test,test,1
1793,1793.png,960,450,val,val,1
1795,1795.jpg,960,103,train,train,9
1796,1796.jpg,960,0,train,train,4
1798,1798.png,960,28,train,test,2
1802,1802.png,960,461,val,train,2
1803,1803.jpg,960,147,train,test,3
1804,1804.jpg,960,278,val,train,1
1805,1805.png,640,205,train,train,1
1806,1806.png,960,206,train,train,5
1808,1808.png,960,424,train,train,3
1812,1812.jpg,960,24,train,train,2
1813,1813.png,960,462,train,train,1
1814,1814.png,640,463,train,test,1
1815,1815.jpg,960,400,test,train,5
1817,1817.jpg,960,12,train,train,4
1818,1818.png,960,464,val,train,1
1819,1819.jpg,960,465,test,train,1
1820,1820.jpg,960,74,val,train,1
1821,1821.png,960,106,train,train,7
1824,1824.png,960,51,train,train,3
1825,1825.png,640,295,train,train,2
1826,1826.jpg,960,12,train,train,13
1829,1829.jpg,960,0,train,train,8
1830,1830.jpg,960,103,train,train,6
1831,1831.jpg,960,287,test,train,5
1834,1834.png,960,1,train,train,1
1835,1835.jpg,960,12,train,train,3
1844,1844.jpg,960,0,train,val,3
1845,1845.jpg,960,272,train,train,3
1846,1846.jpg,960,24,train,train,2
1847,1847.jpg,960,272,train,test,1
1848,1848.png,960,253,train,test,2
1849,1849.png,960,106,train,train,2
1851,1851.png,960,62,train,val,1
1852,1852.jpg,960,465,test,train,2
1854,1854.png,640,9,train,train,2
1855,1855.jpg,960,97,train,test,3
1856,1856.png,960,106,train,train,15
1857,1857.jpg,960,328,val,train,2
1858,1858.png,960,96,train,train,2
1859,1859.jpg,960,5,train,train,1
1860,1860.jpg,960,165,train,train,1
1865,1865.jpg,960,272,train,test,1
1868,1868.jpg,960,5,train,test,4
1869,1869.jpg,960,177,train,test,2
1870,1870.jpg,960,41,train,train,2
1871,1871.jpg,960,269,test,train,1
1874,1874.png,640,383,train,train,4
1876,1876.jpg,960,272,train,train,1
1879,1879.png,960,303,train,train,2
1880,1880.jpg,960,391,train,train,2
1881,1881.jpg,960,103,train,test,7
1882,1882.png,640,127,train,val,2
1883,1883.jpg,960,272,train,train,1
1885,1885.png,960,25,train,train,1
1887,1887.png,960,106,train,test,4
1888,1888.jpg,960,162,train,val,1
1890,1890.jpg,960,24,train,val,3
1891,1891.png,960,459,val,train,2
1892,1892.jpg,960,12,train,train,4
1893,1893.jpg,960,0,train,train,5
1896,1896.jpg,960,24,train,train,1
1897,1897.png,960,168,train,test,1
1899,1899.jpg,960,89,train,train,2
1900,1900.png,960,49,train,train,3
1902,1902.jpg,960,24,train,train,3
1905,1905.jpg,960,60,train,train,2
1906,1906.png,960,114,train,test,2
1907,1907.jpg,960,24,train,val,1
1908,1908.png,640,73,train,train,3
1909,1909.png,960,424,train,train,1
1910,1910.jpg,960,176,val,train,2
1911,1911.png,960,445,train,train,1
1912,1912.png,960,106,train,train,1
1913,1913.jpg,960,353,val,train,3
1914,1914.jpg,960,10,train,val,2
1915,1915.jpg,960,41,train,train,1
1916,1916.jpg,960,133,train,val,1
1918,1918.jpg,960,21,train,val,2
1919,1919.jpg,960,41,train,train,2
1920,1920.jpg,960,165,train,train,3
1921,1921.png,960,51,train,test,2
1922,1922.png,960,94,train,train,6
1924,1924.jpg,960,89,train,train,4
1925,1925.png,640,73,train,val,1
1926,1926.jpg,960,24,train,train,3
1927,1927.png,640,471,train,train,2
1928,1928.png,960,472,test,train,3
1929,1929.png,960,439,val,train,1
1930,1930.jpg,960,473,test,train,1
1931,1931.jpg,960,24,train,val,3
1932,1932.png,960,255,test,train,2
1933,1933.jpg,960,88,val,train,2
1934,1934.jpg,960,467,val,train,1
1935,1935.png,960,62,train,train,7
1936,1936.jpg,960,74,val,val,1
1938,1938.jpg,960,474,val,train,3
1939,1939.jpg,960,5,train,test,3
1940,1940.jpg,960,272,train,train,2
1942,1942.png,960,51,train,train,2
1943,1943.png,960,206,train,train,1
1944,1944.png,960,28,train,train,2
1945,1945.jpg,960,369,train,train,4
1947,1947.jpg,960,103,train,train,1
1948,1948.jpg,960,390,test,train,6
1950,1950.jpg,960,103,train,test,18
1951,1951.jpg,960,41,train,test,1
1952,1952.png,960,445,train,train,4
1954,1954.png,960,362,test,train,4
1955,1955.png,960,114,train,val,4
1956,1956.png,640,397,train,train,1
1957,1957.jpg,960,24,train,val,5
1958,1958.jpg,960,296,train,train,3
1959,1959.png,960,1,train,train,3
1961,1961.jpg,960,147,train,train,1
1962,1962.jpg,960,5,train,train,8
1963,1963.png,960,42,train,train,3
1964,1964.png,960,106,train,train,3
1967,1967.png,640,379,train,train,3
1969,1969.png,960,96,train,train,1
1971,1971.jpg,960,391,train,train,5
1973,1973.jpg,960,475,train,train,3
1974,1974.png,960,106,train,train,2
1977,1977.png,960,267,train,train,1
1978,1978.png,960,98,train,train,2
1979,1979.jpg,960,74,val,val,4
1980,1980.jpg,960,103,train,train,6
1982,1982.png,960,25,train,test,2
1983,1983.png,640,113,val,val,2
1984,1984.jpg,960,41,train,val,2
1985,1985.png,640,9,train,test,3
1986,1986.jpg,960,280,train,train,2
1987,1987.png,640,196,train,test,1
1990,1990.png,960,476,val,val,6
1991,1991.png,640,73,train,train,2
1992,1992.jpg,960,390,test,val,4
1993,1993.png,960,315,val,train,2
1994,1994.png,960,213,train,test,2
1995,1995.jpg,960,147,train,test,3
1998,1998.png,960,96,train,train,6
1999,1999.jpg,960,41,train,test,2
2002,2002.jpg,960,24,train,train,2
2003,2003.jpg,960,170,val,val,1
2004,2004.jpg,960,479,val,train,1
2005,2005.jpg,960,224,train,train,1
2006,2006.png,960,286,train,train,1
2007,2007.jpg,960,0,train,test,6
2008,2008.png,960,480,val,train,6
2011,2011.jpg,960,428,val,test,1
2012,2012.png,960,424,train,test,1
2013,2013.png,960,96,train,train,1
2014,2014.jpg,960,116,test,train,2
2015,2015.png,640,397,train,train,1
2017,2017.png,960,481,test,val,1
2018,2018.jpg,960,24,train,train,1
2019,2019.png,640,402,train,train,1
2020,2020.png,960,43,val,train,1
2021,2021.jpg,960,129,train,test,1
2022,2022.jpg,960,0,train,train,3
2023,2023.jpg,960,224,train,train,4
2029,2029.jpg,960,0,train,train,3
2031,2031.jpg,960,0,train,train,3
2033,2033.png,960,545,train,train,2
2037,2037.jpg,960,5,train,train,3
2038,2038.jpg,960,244,test,train,1
2039,2039.png,960,545,train,test,2
2041,2041.png,960,206,train,train,1
2043,2043.jpg,960,24,train,val,1
2044,2044.png,960,482,train,train,1
2046,2046.png,960,483,train,train,1
2047,2047.jpg,960,484,test,train,1
2048,2048.png,640,485,train,test,1
2052,2052.jpg,960,0,train,test,7
2054,2054.jpg,960,89,train,train,1
2059,2059.jpg,960,60,train,train,2
2062,2062.jpg,960,239,val,train,2
2063,2063.jpg,960,177,train,train,3
2064,2064.png,640,355,train,train,1
2066,2066.jpg,960,272,train,train,4
2067,2067.png,960,98,train,test,2
2068,2068.png,960,114,train,train,3
2071,2071.png,640,487,val,val,1
2072,2072.png,960,488,train,train,1
2078,2078.jpg,960,0,train,test,2
2079,2079.jpg,960,85,test,train,2
2080,2080.jpg,960,24,train,train,1
2082,2082.jpg,960,12,train,val,5
2083,2083.png,960,135,train,train,1
2086,2086.jpg,960,147,train,train,1
2087,2087.jpg,960,294,train,train,2
2090,2090.jpg,960,24,train,train,2
2091,2091.jpg,960,177,train,train,2
2093,2093.png,960,342,test,train,1
2096,2096.jpg,960,24,train,train,2
2103,2103.png,960,134,train,train,2
2104,2104.png,640,494,train,val,3
2105,2105.jpg,960,60,train,train,2
2106,2106.jpg,960,24,train,train,1
2107,2107.jpg,960,5,train,train,1
2108,2108.png,960,11,train,val,1
2109,2109.png,960,57,train,train,1
2112,2112.png,960,496,val,train,2
2114,2114.jpg,960,209,test,train,1
2115,2115.jpg,960,126,train,train,1
2117,2117.jpg,960,162,train,train,1
2118,2118.jpg,960,162,train,train,1
2122,2122.jpg,960,74,val,val,1
2123,2123.png,960,11,train,val,1
2124,2124.png,640,158,train,train,2
2125,2125.png,960,96,train,train,1
2126,2126.png,960,42,train,train,1
2128,2128.jpg,960,129,train,train,1
2131,2131.jpg,960,97,train,train,2
2137,2137.jpg,960,63,train,train,1
2139,2139.png,960,234,val,train,2
2141,2141.png,960,106,train,train,1
2142,2142.jpg,960,152,test,train,2
2146,2146.jpg,960,217,val,test,1
2149,2149.jpg,960,18,train,train,1
2151,2151.jpg,960,139,train,train,1
2152,2152.png,960,28,train,train,4
2154,2154.png,960,206,train,train,1
2157,2157.png,640,73,train,test,3
2159,2159.png,960,265,train,train,1
2160,2160.jpg,960,0,train,train,7
2161,2161.jpg,960,60,train,train,2
2162,2162.png,960,25,train,train,1
2166,2166.jpg,960,183,train,train,1
2168,2168.png,640,397,train,train,1
2172,2172.jpg,960,0,train,train,3
2173,2173.png,960,1,train,train,1
2175,2175.png,960,329,train,train,1
2177,2177.png,640,397,train,val,1
2180,2180.png,960,545,train,train,3
2181,2181.jpg,960,85,test,train,5
2182,2182.jpg,960,0,train,train,4
2183,2183.jpg,960,0,train,train,8
2185,2185.jpg,960,0,train,train,3
2187,2187.jpg,960,0,train,train,4
2190,2190.png,960,279,test,train,7
2192,2192.png,960,47,val,val,2
2194,2194.png,960,106,train,val,2
2195,2195.png,960,507,test,train,1
2199,2199.png,960,106,train,val,1
2200,2200.jpg,960,165,train,train,1
2201,2201.png,960,509,test,train,1
2202,2202.png,640,230,test,train,5
2203,2203.jpg,960,0,train,train,6
2204,2204.jpg,960,467,val,train,2
2205,2205.png,960,51,train,train,5
2207,2207.jpg,960,327,train,train,4
2208,2208.jpg,960,144,train,train,1
2209,2209.jpg,960,454,train,train,1
2210,2210.png,960,11,train,train,4
2211,2211.jpg,960,510,test,train,4
2212,2212.png,960,96,train,train,3
2213,2213.png,960,106,train,train,4
2214,2214.jpg,960,89,train,train,7
2215,2215.jpg,960,60,train,test,3
2216,2216.png,640,73,train,train,3
2217,2217.jpg,960,41,train,train,2
2218,2218.png,960,267,train,train,5
2219,2219.jpg,960,391,train,val,2
2220,2220.png,640,511,val,train,4
2221,2221.jpg,960,60,train,train,5
2222,2222.jpg,960,24,train,train,7
2223,2223.png,640,203,train,train,3
2224,2224.png,960,545,train,train,6
2225,2225.jpg,960,0,train,train,7
2226,2226.png,960,28,train,train,5
2227,2227.jpg,960,12,train,train,5
2229,2229.png,960,200,val,train,4
2230,2230.jpg,960,152,test,train,2
2231,2231.png,960,145,val,val,4
2232,2232.png,960,98,train,train,4
2233,2233.png,960,512,test,train,2
2234,2234.png,640,397,train,train,2
2235,2235.png,640,513,test,train,1
2236,2236.jpg,960,41,train,test,2
2237,2237.jpg,960,147,train,train,5
2238,2238.png,960,25,train,train,4
2239,2239.png,960,45,train,train,5
2240,2240.png,960,279,test,train,7
2241,2241.jpg,960,63,train,train,4
2242,2242.png,640,379,train,train,2
2243,2243.jpg,960,88,val,test,3
2244,2244.jpg,960,0,train,train,12
2245,2245.png,960,42,train,train,3
2246,2246.png,960,213,train,train,4
2248,2248.jpg,960,97,train,train,4
2249,2249.png,960,15,train,train,7
2250,2250.jpg,960,56,val,train,4
2251,2251.jpg,960,60,train,test,1
2252,2252.png,640,379,train,train,5
2253,2253.jpg,960,0,train,val,5
2254,2254.jpg,960,41,train,train,2
2255,2255.jpg,960,137,test,train,3
2256,2256.jpg,960,41,train,train,3
2257,2257.jpg,960,64,train,val,2
2258,2258.jpg,960,454,train,train,1
2259,2259.jpg,960,41,train,train,1
2260,2260.jpg,960,24,train,test,2
2261,2261.png,960,57,train,val,5
2262,2262.png,960,90,test,val,7
2264,2264.png,640,203,train,test,2
2265,2265.jpg,960,41,train,val,1
2266,2266.png,960,206,train,train,4
2267,2267.png,640,243,train,train,1
2268,2268.png,960,11,train,train,2
2269,2269.jpg,960,322,test,test,3
2270,2270.jpg,960,46,train,train,1
2271,2271.png,960,62,train,val,11
2272,2272.png,960,161,test,train,4
2273,2273.jpg,960,24,train,train,3
2274,2274.png,960,240,val,test,3
2275,2275.jpg,960,41,train,train,1
2276,2276.png,640,397,train,train,4
2277,2277.png,960,460,val,train,2
2278,2278.png,960,206,train,train,4
2280,2280.png,640,9,train,train,1
2281,2281.jpg,960,0,train,train,19
2282,2282.jpg,960,454,train,val,1
2283,2283.png,960,253,train,train,1
2284,2284.jpg,960,63,train,train,1
2285,2285.jpg,960,5,train,train,5
2286,2286.jpg,960,514,train,train,7
2287,2287.png,960,455,val,train,1
2288,2288.png,960,43,val,train,2
2289,2289.jpg,960,33,test,val,1
2290,2290.png,640,515,test,train,3
2291,2291.png,960,340,test,train,2
2292,2292.jpg,960,144,train,train,2
2293,2293.jpg,960,103,train,train,4
2294,2294.png,960,213,train,test,4
2295,2295.png,960,516,train,train,1
2296,2296.png,960,240,val,train,2
2297,2297.png,960,11,train,train,2
2298,2298.png,960,96,train,train,1
2299,2299.jpg,960,5,train,test,3
2300,2300.jpg,960,171,test,test,3
2301,2301.png,640,73,train,train,5
2302,2302.png,960,106,train,train,7
2303,2303.png,960,517,val,train,16
2304,2304.png,960,166,train,train,3
2305,2305.png,960,11,train,test,5
2306,2306.jpg,960,177,train,train,3
2307,2307.jpg,960,152,test,train,2
2308,2308.jpg,960,475,train,train,1
2309,2309.png,960,106,train,train,13
2310,2310.jpg,960,63,train,train,3
2311,2311.png,960,193,val,test,1
2312,2312.png,960,114,train,train,4
2313,2313.png,960,106,train,train,12
2314,2314.jpg,960,12,train,val,2
2315,2315.jpg,960,24,train,train,1
2316,2316.jpg,960,0,train,train,9
2317,2317.jpg,960,60,train,train,3
2318,2318.jpg,960,224,train,val,6
2319,2319.jpg,960,177,train,train,3
2320,2320.jpg,960,24,train,train,2
2321,2321.jpg,960,0,train,train,11
2322,2322.jpg,960,60,train,train,9
2324,2324.jpg,960,152,test,train,2
2325,2325.jpg,960,41,train,test,3
2326,2326.png,960,518,test,train,2
2327,2327.png,960,125,val,test,3
2328,2328.jpg,960,167,test,val,1
2330,2330.jpg,960,162,train,train,6
2331,2331.png,960,51,train,train,6
2332,2332.png,640,519,train,train,1
2333,2333.jpg,960,69,train,train,1
2334,2334.jpg,960,24,train,train,3
2335,2335.png,640,305,train,test,1
2336,2336.jpg,960,272,train,train,3
2337,2337.png,960,545,train,train,4
2338,2338.jpg,960,171,test,train,1
2339,2339.jpg,960,391,train,train,1
2340,2340.png,960,211,test,train,9
2341,2341.jpg,960,142,train,train,11
2342,2342.jpg,960,24,train,val,5
2343,2343.jpg,960,111,train,train,3
2344,2344.jpg,960,63,train,train,2
2346,2346.png,960,31,train,test,8
2347,2347.jpg,960,24,train,test,4
2348,2348.png,960,371,val,val,4
2349,2349.jpg,960,474,val,test,7
2350,2350.jpg,960,0,train,train,2
2351,2351.jpg,960,183,train,train,4
2352,2352.png,960,251,train,train,1
2353,2353.jpg,960,147,train,val,1
2354,2354.jpg,960,35,val,train,2
2355,2355.png,960,105,train,train,6
2356,2356.jpg,960,454,train,train,3
2358,2358.png,960,49,train,test,4
2359,2359.png,640,521,train,train,1
2360,2360.jpg,960,177,train,val,3
2362,2362.png,960,522,train,train,2
2363,2363.png,960,270,test,train,6
2364,2364.png,960,51,train,train,1
2365,2365.jpg,960,171,test,val,2
2366,2366.jpg,960,24,train,train,3
2367,2367.jpg,960,272,train,test,3
2368,2368.png,640,523,train,train,1
2369,2369.jpg,960,0,train,test,11
2370,2370.png,640,9,train,val,4
2372,2372.png,640,397,train,val,1
2373,2373.jpg,960,24,train,val,3
2374,2374.jpg,960,272,train,train,1
2375,2375.jpg,960,41,train,test,4
2376,2376.png,960,524,test,test,2
2377,2377.png,960,96,train,val,2
2378,2378.jpg,960,272,train,train,1
2379,2379.jpg,960,36,test,train,2
2380,2380.jpg,960,24,train,train,1
2381,2381.png,960,90,test,val,6
2382,2382.png,960,321,train,train,4
2383,2383.jpg,960,24,train,train,7
2384,2384.jpg,960,183,train,test,4
2385,2385.jpg,960,41,train,train,1
2386,2386.png,960,51,train,test,4
2388,2388.jpg,960,24,train,train,1
2389,2389.jpg,960,296,train,train,1
2390,2390.png,960,31,train,train,5
2391,2391.jpg,960,41,train,train,2
2392,2392.jpg,960,12,train,train,2
2393,2393.jpg,960,46,train,train,1
2394,2394.jpg,960,525,test,train,2
2395,2395.png,960,28,train,train,7
2396,2396.jpg,960,60,train,train,2
2397,2397.jpg,960,27,train,train,7
2398,2398.png,960,28,train,train,6
2400,2400.png,960,43,val,train,3
2401,2401.jpg,960,41,train,train,7
2402,2402.jpg,960,24,train,test,3
2403,2403.jpg,960,126,train,test,3
2404,2404.jpg,960,24,train,train,1
2405,2405.png,960,106,train,train,4
2406,2406.png,960,31,train,train,1
2407,2407.png,960,526,train,train,1
2408,2408.png,960,193,val,train,1
2409,2409.jpg,960,527,test,train,4
2410,2410.jpg,960,64,train,train,5
2411,2411.png,960,11,train,train,1
2412,2412.png,960,42,train,train,6
2413,2413.jpg,960,369,train,train,2
2414,2414.png,960,90,test,train,3
2415,2415.png,960,43,val,train,4
2416,2416.jpg,960,296,train,train,1
2417,2417.jpg,960,24,train,train,2
2418,2418.jpg,960,56,val,train,6
2419,2419.png,960,251,train,train,2
2420,2420.png,960,528,train,train,1
2421,2421.jpg,960,46,train,train,1
2422,2422.png,640,381,train,train,5
2423,2423.jpg,960,24,train,test,2
2424,2424.jpg,960,64,train,train,2
2425,2425.png,960,31,train,test,1
2426,2426.png,960,42,train,test,5
2427,2427.jpg,960,46,train,train,2
2428,2428.jpg,960,529,val,train,3
2429,2429.jpg,960,296,train,train,2
2430,2430.jpg,960,0,train,train,2
2431,2431.jpg,960,97,train,train,8
2432,2432.jpg,960,89,train,train,3
2433,2433.png,960,106,train,train,6
2434,2434.jpg,960,475,train,train,8
2435,2435.jpg,960,272,train,train,4
2436,2436.jpg,960,194,val,test,1
2437,2437.jpg,960,272,train,train,3
2438,2438.png,960,530,val,val,4
2439,2439.jpg,960,0,train,train,7
2440,2440.jpg,960,531,val,train,3
2441,2441.png,960,532,train,val,1
2442,2442.jpg,960,272,train,train,3
2443,2443.jpg,960,533,train,train,1
2444,2444.png,960,135,train,test,3
2445,2445.jpg,960,41,train,test,2
2446,2446.png,960,42,train,train,3
2447,2447.png,960,42,train,train,1
2448,2448.jpg,960,41,train,train,4
2449,2449.png,640,73,train,train,1
2450,2450.png,960,114,train,train,1
2451,2451.png,640,73,train,train,1
2452,2452.png,960,251,train,train,2
2453,2453.png,640,534,val,train,3
2454,2454.png,640,397,train,train,1
2455,2455.jpg,960,24,train,train,1
2456,2456.png,640,379,train,train,1
2459,2459.png,960,96,train,val,1
2460,2460.png,640,397,train,train,3
2461,2461.png,960,240,val,val,1
2462,2462.jpg,960,0,train,train,2
2463,2463.jpg,960,27,train,train,1
2464,2464.png,640,397,train,train,1
2465,2465.jpg,960,24,train,train,2
2466,2466.png,960,286,train,train,1
2467,2467.jpg,960,60,train,train,2
2468,2468.jpg,960,183,train,train,2
2469,2469.jpg,960,27,train,train,6
2470,2470.png,960,216,test,train,2
2471,2471.png,960,140,test,test,1
2472,2472.jpg,960,60,train,train,3
2473,2473.jpg,960,41,train,train,6
2474,2474.png,960,249,val,test,2
2475,2475.png,960,57,train,test,2
2476,2476.jpg,960,272,train,train,2
2477,2477.jpg,960,24,train,train,6
2478,2478.jpg,960,60,train,train,1
2479,2479.png,960,451,test,train,3
2480,2480.jpg,960,5,train,test,2
2481,2481.png,640,148,train,train,1
2482,2482.png,960,159,train,train,4
2483,2483.jpg,960,41,train,train,4
2484,2484.jpg,960,272,train,train,3
2485,2485.jpg,960,64,train,val,5
2486,2486.jpg,960,41,train,val,4
2487,2487.jpg,960,536,train,train,1
2488,2488.jpg,960,67,val,train,1
2489,2489.jpg,960,46,train,train,3
2490,2490.png,960,125,val,train,1
2491,2491.jpg,960,537,test,test,1
2492,2492.jpg,960,41,train,train,5
2493,2493.jpg,960,272,train,train,3
2494,2494.jpg,960,538,test,val,2
2495,2495.png,960,28,train,train,6
2496,2496.jpg,960,24,train,train,1
2497,2497.png,960,539,test,train,1
2498,2498.png,640,73,train,test,3
2499,2499.jpg,960,272,train,train,4
2500,2500.jpg,960,139,train,train,1
2501,2501.jpg,960,46,train,train,2
2502,2502.jpg,960,0,train,train,9
2503,2503.png,960,259,val,test,1
2504,2504.png,640,337,train,train,3
2505,2505.png,960,114,train,train,1
2506,2506.jpg,960,41,train,train,4
2507,2507.jpg,960,41,train,train,5
2508,2508.jpg,960,0,train,train,1
2509,2509.png,640,540,val,test,6
2510,2510.png,640,541,train,train,1
2511,2511.png,960,352,test,train,1
2512,2512.png,960,106,train,train,8
2513,2513.jpg,960,41,train,train,3
2514,2514.jpg,960,41,train,train,4
2515,2515.jpg,960,41,train,train,5
2516,2516.jpg,960,147,train,train,3
2517,2517.jpg,960,88,val,train,4
2518,2518.png,960,226,train,train,1
2519,2519.png,960,57,train,test,4
2520,2520.png,960,539,test,train,2
2521,2521.jpg,960,142,train,train,9
2522,2522.jpg,960,41,train,train,2
2523,2523.png,640,542,train,test,2
2524,2524.png,640,305,train,train,1
2525,2525.png,960,543,val,val,2
2526,2526.jpg,960,131,train,test,2
2527,2527.jpg,960,41,train,train,1
2528,2528.png,960,544,val,train,1
2529,2529.png,960,545,train,train,2
2530,2530.png,640,546,train,val,1
2531,2531.png,960,28,train,train,4
2532,2532.png,960,1,train,train,2
2533,2533.jpg,960,475,train,train,3
2534,2534.png,960,106,train,train,6
2535,2535.png,960,329,train,val,1
2536,2536.jpg,960,60,train,train,1
2537,2537.png,960,371,val,test,1
2538,2538.png,960,181,val,train,3
2539,2539.png,960,65,train,test,3
2540,2540.jpg,960,0,train,test,6
2541,2541.jpg,960,35,val,train,1
2542,2542.jpg,960,24,train,train,2
2543,2543.jpg,960,144,train,test,1
2544,2544.jpg,960,165,train,train,1
2545,2545.png,640,210,val,train,1
2546,2546.png,960,175,test,test,2
2547,2547.jpg,960,18,train,train,4
2548,2548.jpg,960,60,train,val,4
2549,2549.jpg,960,46,train,train,3
2550,2550.jpg,960,27,train,train,3
2551,2551.png,960,114,train,train,9
2552,2552.png,960,28,train,train,2
2553,2553.png,640,547,val,val,3
2554,2554.jpg,960,89,train,train,2
2555,2555.jpg,960,272,train,train,2
2556,2556.jpg,960,24,train,train,1
2557,2557.png,960,358,train,test,3
2558,2558.jpg,960,147,train,train,4
2559,2559.jpg,960,209,test,train,3
2560,2560.png,960,106,train,train,1
2561,2561.jpg,960,41,train,train,1
2562,2562.png,960,105,train,train,2
2563,2563.jpg,960,41,train,train,1
2564,2564.png,960,105,train,train,3
2565,2565.jpg,960,41,train,train,4
2566,2566.jpg,960,74,val,val,7
2567,2567.png,960,28,train,train,8
2568,2568.png,640,548,train,train,1
2569,2569.png,960,45,train,train,1
2570,2570.jpg,960,549,test,train,1
2571,2571.png,960,62,train,test,2
2572,2572.png,960,305,train,train,4
2573,2573.jpg,960,64,train,train,2
2574,2574.png,640,355,train,val,8
2575,2575.png,960,216,test,train,2
2576,2576.png,960,329,train,test,1
2578,2578.jpg,960,97,train,val,2
2579,2579.png,960,550,test,train,2
2580,2580.jpg,960,41,train,train,5
2581,2581.png,960,253,train,train,1
2582,2582.png,960,193,val,train,2
2583,2583.png,960,551,val,train,3
2584,2584.jpg,960,103,train,train,1
2585,2585.jpg,960,129,train,val,1
2586,2586.jpg,960,0,train,train,3
2587,2587.jpg,960,24,train,train,2
2588,2588.jpg,960,35,val,train,2
2589,2589.png,960,552,train,train,1
2590,2590.jpg,960,41,train,test,3
2591,2591.jpg,960,21,train,val,2
2592,2592.jpg,960,139,train,test,2
2593,2593.png,960,553,train,test,1
2594,2594.jpg,960,41,train,train,2
2595,2595.jpg,960,33,test,train,1
2596,2596.png,640,494,train,train,5
2597,2597.png,960,65,train,train,2
2598,2598.jpg,960,0,train,test,5
2599,2599.jpg,960,41,train,test,2
2603,2603.png,960,555,test,train,1
2605,2605.jpg,960,272,train,train,2
2606,2606.jpg,960,24,train,train,3
2607,2607.jpg,960,272,train,test,3
2608,2608.jpg,960,12,train,train,5
2609,2609.png,960,11,train,train,1
2613,2613.png,960,43,val,train,1
2614,2614.jpg,960,27,train,train,1
2618,2618.png,960,62,train,test,3
2619,2619.jpg,960,0,train,train,1
2621,2621.jpg,960,12,train,train,5
2623,2623.jpg,960,390,test,val,1
2624,2624.jpg,960,24,train,train,4
2625,2625.jpg,960,183,train,train,2
2632,2632.png,960,545,train,val,1
2635,2635.jpg,960,391,train,train,1
2640,2640.jpg,960,64,train,train,4
2645,2645.png,960,135,train,train,5
2646,2646.jpg,960,24,train,train,6
2648,2648.png,960,94,train,train,1
2652,2652.png,960,459,val,train,6
2655,2655.jpg,960,41,train,val,4
2656,2656.png,640,243,train,train,1
2657,2657.jpg,960,0,train,train,3
2659,2659.png,960,90,test,train,4
2662,2662.jpg,960,142,train,train,1
2665,2665.jpg,960,126,train,train,1
2666,2666.png,960,31,train,test,1
2667,2667.jpg,960,103,train,train,4
2671,2671.jpg,960,514,train,train,1
2674,2674.png,960,106,train,val,1
2678,2678.jpg,960,13,test,train,1
2679,2679.png,960,106,train,test,1
2680,2680.png,960,57,train,train,1
2684,2684.png,640,506,train,train,1
2685,2685.jpg,960,153,test,train,1
2686,2686.png,960,211,test,train,2
2687,2687.jpg,960,162,train,train,1
2688,2688.png,960,135,train,train,1
2689,2689.png,640,32,train,train,1
2691,2691.jpg,960,389,val,test,1
2692,2692.jpg,960,272,train,train,1
2695,2695.png,960,562,test,train,1
2699,2699.png,960,128,test,test,1
2701,2701.png,960,164,test,test,1
2704,2704.jpg,960,103,train,train,3
2710,2710.jpg,960,24,train,train,2
2713,2713.jpg,960,103,train,train,2
2714,2714.jpg,960,24,train,val,2
2717,2717.png,640,564,test,test,1
2718,2718.png,960,11,train,test,3
2719,2719.png,960,166,train,train,2
2721,2721.png,960,106,train,test,2
2722,2722.png,960,545,train,train,1
2725,2725.jpg,960,177,train,train,2
2727,2727.png,960,166,train,train,1
2731,2731.png,960,565,test,train,1
2732,2732.png,960,92,train,val,1
2733,2733.jpg,960,89,train,train,1
2734,2734.jpg,960,103,train,val,1
2735,2735.png,960,566,val,train,1
2740,2740.png,960,445,train,train,3
2743,2743.png,960,567,val,train,1
2747,2747.jpg,960,278,val,train,1
2748,2748.png,960,313,test,train,2
2749,2749.jpg,960,569,train,train,1
2750,2750.png,960,370,train,train,1
2751,2751.png,960,253,train,train,1
2753,2753.jpg,960,103,train,val,5
2754,2754.jpg,960,0,train,train,1
2755,2755.jpg,960,74,val,test,1
2757,2757.jpg,960,147,train,train,3
2758,2758.png,960,62,train,val,2
2759,2759.png,960,107,val,val,2
2760,2760.jpg,960,21,train,train,1
2761,2761.jpg,960,400,test,val,1
2762,2762.png,960,96,train,train,1
2763,2763.png,640,733,train,train,2
2765,2765.png,640,73,train,train,2
2766,2766.jpg,960,129,train,val,1
2767,2767.png,640,73,train,train,1
2768,2768.jpg,960,5,train,train,3
2770,2770.jpg,960,103,train,val,7
2773,2773.jpg,960,5,train,val,2
2774,2774.jpg,960,24,train,test,1
2777,2777.png,960,28,train,val,1
2781,2781.jpg,960,5,train,train,1
2782,2782.png,960,555,test,train,2
2788,2788.jpg,960,89,train,train,1
2790,2790.jpg,960,391,train,train,2
2791,2791.png,960,1,train,val,1
2792,2792.png,960,213,train,train,1
2795,2795.png,960,545,train,test,1
2797,2797.png,960,166,train,test,1
2799,2799.png,960,168,train,train,1
2800,2800.jpg,960,126,train,train,1
2803,2803.png,960,122,val,train,8
2804,2804.jpg,960,571,test,test,1
2805,2805.jpg,960,183,train,train,2
2807,2807.jpg,960,144,train,train,1
2809,2809.jpg,960,339,test,test,4
2816,2816.jpg,960,103,train,train,7
2817,2817.jpg,960,510,test,val,3
2819,2819.jpg,960,331,test,train,1
2820,2820.png,960,573,val,train,6
2822,2822.jpg,960,97,train,val,2
2823,2823.jpg,960,209,test,train,1
2824,2824.png,640,119,train,train,1
2826,2826.jpg,960,183,train,test,1
2827,2827.jpg,960,400,test,train,2
2828,2828.jpg,960,224,train,train,4
2829,2829.jpg,960,174,test,train,2
2832,2832.png,640,9,train,train,1
2833,2833.png,960,106,train,train,1
2835,2835.png,960,574,test,train,2
2836,2836.jpg,960,142,train,train,1
2837,2837.jpg,960,575,test,train,3
2840,2840.png,960,220,test,train,7
2841,2841.jpg,960,40,test,train,4
2843,2843.jpg,960,41,train,val,2
2845,2845.jpg,960,577,val,train,4
2846,2846.jpg,960,139,train,test,1
2847,2847.jpg,960,24,train,train,4
2852,2852.png,960,106,train,train,6
2855,2855.png,960,530,val,train,5
2857,2857.png,960,175,test,train,5
2859,2859.png,960,145,val,train,2
2860,2860.jpg,960,0,train,test,8
2861,2861.png,960,459,val,train,3
2864,2864.png,960,396,train,train,1
2865,2865.jpg,960,580,test,train,5
2866,2866.jpg,960,74,val,train,2
2868,2868.jpg,960,103,train,train,8
2871,2871.png,960,135,train,train,2
2872,2872.jpg,960,147,train,train,2
2873,2873.jpg,960,24,train,train,1
2874,2874.jpg,960,21,train,train,1
2876,2876.jpg,960,103,train,val,9
2877,2877.jpg,960,147,train,train,2
2878,2878.jpg,960,89,train,val,2
2879,2879.png,960,62,train,train,3
2880,2880.png,640,397,train,test,1
2881,2881.jpg,960,41,train,val,2
2883,2883.jpg,960,80,val,val,3
2884,2884.jpg,960,99,val,train,1
2889,2889.jpg,960,162,train,val,3
2892,2892.png,960,582,test,val,4
2894,2894.png,960,48,val,val,5
2896,2896.png,960,57,train,train,1
2898,2898.jpg,960,46,train,val,2
2899,2899.png,960,114,train,train,6
2900,2900.png,960,346,train,val,3
2901,2901.jpg,960,584,val,train,1
2902,2902.jpg,960,75,val,train,3
2903,2903.jpg,960,24,train,train,1
2904,2904.png,640,119,train,train,1
2905,2905.jpg,960,131,train,train,1
2906,2906.png,960,530,val,val,7
2907,2907.png,640,337,train,train,1
2910,2910.png,640,397,train,train,2
2911,2911.jpg,960,144,train,train,2
2912,2912.jpg,960,60,train,train,1
2913,2913.jpg,960,24,train,train,3
2914,2914.jpg,960,24,train,test,1
2916,2916.png,640,585,train,train,1
2917,2917.jpg,960,147,train,train,3
2918,2918.jpg,960,0,train,train,3
2919,2919.jpg,960,139,train,train,6
2920,2920.png,640,586,train,train,1
2923,2923.jpg,960,272,train,test,1
2924,2924.png,960,15,train,train,13
2925,2925.jpg,960,24,train,train,2
2926,2926.jpg,960,152,test,train,3
2927,2927.jpg,960,24,train,train,3
2929,2929.png,960,329,train,test,1
2930,2930.jpg,960,142,train,train,1
2932,2932.png,960,195,val,test,2
2934,2934.jpg,960,97,train,train,3
2935,2935.png,640,397,train,test,1
2936,2936.jpg,960,177,train,train,1
2937,2937.jpg,960,0,train,train,4
2939,2939.jpg,960,36,test,test,1
2941,2941.png,960,47,val,test,7
2944,2944.png,640,587,test,train,2
2946,2946.png,960,62,train,train,6
2947,2947.jpg,960,369,train,train,3
2948,2948.jpg,960,147,train,train,4
2950,2950.jpg,960,41,train,test,1
2952,2952.png,960,96,train,train,2
2953,2953.png,960,62,train,val,6
2954,2954.jpg,960,0,train,val,1
2955,2955.jpg,960,272,train,train,4
2956,2956.jpg,960,5,train,train,2
2957,2957.png,960,358,train,val,4
2958,2958.png,960,530,val,train,1
2959,2959.jpg,960,391,train,train,1
2961,2961.jpg,960,177,train,val,1
2962,2962.png,640,337,train,train,2
2963,2963.jpg,960,35,val,test,1
2965,2965.png,960,507,test,train,1
2966,2966.png,640,588,val,train,1
2968,2968.jpg,960,589,test,val,2
2970,2970.png,640,397,train,train,2
2972,2972.jpg,960,12,train,train,5
2973,2973.png,960,590,val,train,1
2975,2975.png,960,362,test,train,2
2978,2978.jpg,960,183,train,test,1
2979,2979.png,960,62,train,train,8
2982,2982.jpg,960,89,train,test,1
2983,2983.png,960,271,val,train,1
2984,2984.jpg,960,24,train,val,1
2985,2985.jpg,960,272,train,train,2
2986,2986.jpg,960,322,test,test,1
2987,2987.png,960,481,test,val,6
2988,2988.jpg,960,176,val,train,1
2990,2990.png,960,11,train,train,1
2993,2993.jpg,960,165,train,test,2
2994,2994.jpg,960,0,train,train,7
2997,2997.jpg,960,0,train,train,6
3000,3000.png,960,168,train,train,1
3001,3001.png,640,1449,train,test,2
3002,3002.jpg,640,592,train,train,3
3003,3003.jpg,960,646,train,train,1
3004,3004.jpg,1080,593,val,train,1
3006,3006.jpg,960,733,train,train,2
3007,3007.jpg,720,595,train,train,1
3008,3008.jpg,640,596,train,train,1
3009,3009.jpg,960,597,test,train,2
3012,3012.png,640,598,train,train,4
3013,3013.jpg,960,599,train,train,2
3014,3014.jpg,960,646,train,train,2
3015,3015.jpg,960,600,train,train,4
3017,3017.jpg,960,602,val,train,1
3018,3018.jpg,960,693,train,test,2
3019,3019.jpg,960,733,train,train,1
3020,3020.jpg,1600,603,train,train,1
3022,3022.png,640,605,train,train,1
3024,3024.jpg,960,673,test,test,1
3026,3026.png,640,607,val,train,1
3027,3027.png,640,608,train,train,2
3028,3028.jpg,1600,609,train,val,3
3030,3030.jpg,960,610,val,test,5
3032,3032.jpg,1600,611,train,train,1
3033,3033.jpg,960,612,test,test,1
3034,3034.jpg,1600,613,val,test,2
3035,3035.png,640,614,train,train,6
3036,3036.png,640,965,train,val,3
3037,3037.jpg,960,615,test,train,1
3038,3038.png,640,616,train,test,2
3039,3039.jpg,960,617,test,train,1
3040,3040.jpg,720,618,train,train,1
3041,3041.jpg,640,619,train,train,1
3042,3042.jpg,960,620,train,val,1
3043,3043.jpg,960,621,train,train,3
3044,3044.jpg,960,622,train,train,2
3045,3045.jpg,1080,623,test,val,1
3046,3046.jpg,960,624,train,test,1
3048,3048.jpg,960,626,test,test,1
3049,3049.jpg,960,627,train,train,2
3050,3050.png,640,628,train,train,1
3051,3051.jpg,960,869,train,train,3
3052,3052.jpg,1600,609,train,train,3
3053,3053.jpg,960,744,train,train,2
3054,3054.jpg,960,629,train,train,2
3055,3055.jpg,640,630,val,train,2
3056,3056.jpg,960,631,train,train,3
3057,3057.jpg,960,632,val,train,1
3058,3058.jpg,960,646,train,train,2
3059,3059.jpg,960,978,train,test,5
3060,3060.png,640,633,test,test,1
3061,3061.jpg,960,922,test,val,10
3062,3062.jpg,960,634,train,train,4
3065,3065.jpg,960,646,train,train,2
3066,3066.jpg,1080,637,train,test,3
3069,3069.jpg,960,1903,train,train,2
3070,3070.jpg,960,640,test,train,4
3071,3071.jpg,960,641,train,test,2
3073,3073.jpg,1600,643,train,test,3
3074,3074.jpg,960,644,train,train,4
3076,3076.jpg,960,646,train,train,1
3077,3077.jpg,960,647,val,train,1
3078,3078.jpg,960,646,train,train,1
3079,3079.png,640,648,train,val,1
3080,3080.jpg,960,624,train,val,4
3081,3081.jpg,960,649,train,train,2
3082,3082.jpg,960,650,test,val,3
3083,3083.png,640,651,train,train,5
3085,3085.png,640,653,train,train,1
3086,3086.jpg,960,654,train,train,1
3087,3087.jpg,960,830,train,test,2
3088,3088.jpg,1080,655,train,train,1
3089,3089.jpg,960,627,train,train,2
3091,3091.jpg,1080,656,test,val,1
3092,3092.jpg,1080,657,train,val,1
3093,3093.jpg,640,658,test,train,2
3094,3094.png,640,1903,train,test,3
3095,3095.jpg,1080,659,train,test,1
3096,3096.jpg,960,660,train,train,2
3097,3097.jpg,960,661,train,train,1
3098,3098.png,640,638,train,train,1
3099,3099.jpg,960,662,test,train,4
3100,3100.jpg,960,663,train,train,1
3101,3101.jpg,960,649,train,val,3
3102,3102.png,640,1281,train,val,1
3104,3104.jpg,960,665,val,train,1
3105,3105.jpg,1080,666,train,val,1
3108,3108.jpg,1080,669,val,train,5
3109,3109.jpg,1080,670,train,test,1
3110,3110.jpg,960,671,test,train,3
3111,3111.png,640,672,train,train,1
3112,3112.jpg,960,673,test,train,2
3113,3113.jpg,960,1192,train,train,1
3114,3114.jpg,960,674,train,train,3
3115,3115.jpg,1600,675,val,train,3
3117,3117.jpg,960,1162,train,val,3
3118,3118.jpg,1600,677,val,train,2
3119,3119.png,640,678,val,val,3
3120,3120.png,640,679,train,train,3
3122,3122.jpg,960,654,train,train,5
3123,3123.jpg,960,681,test,train,3
3124,3124.jpg,960,646,train,test,4
3125,3125.jpg,1600,609,train,test,2
3126,3126.jpg,960,682,train,train,5
3127,3127.jpg,1600,683,train,test,6
3128,3128.jpg,960,733,train,train,2
3129,3129.png,640,684,train,train,4
3130,3130.jpg,960,733,train,test,2
3131,3131.jpg,960,646,train,train,3
3132,3132.jpg,960,902,test,train,4
3133,3133.jpg,960,685,val,train,1
3134,3134.jpg,960,686,train,train,1
3135,3135.jpg,960,687,train,train,3
3136,3136.jpg,960,1006,train,train,3
3137,3137.png,640,688,train,val,3
3140,3140.png,640,691,train,train,5
3142,3142.jpg,960,1727,train,train,8
3143,3143.png,640,693,train,train,5
3144,3144.png,640,810,train,train,4
3145,3145.jpg,960,694,train,test,3
3146,3146.jpg,960,695,train,train,3
3147,3147.jpg,960,646,train,train,1
3149,3149.jpg,960,687,train,train,2
3150,3150.jpg,960,1313,train,train,1
3151,3151.jpg,1080,696,train,train,1
3152,3152.jpg,640,697,train,train,3
3154,3154.png,640,965,train,train,2
3155,3155.jpg,1080,699,val,train,6
3156,3156.jpg,1080,700,train,train,2
3157,3157.jpg,960,701,train,val,5
3158,3158.jpg,960,733,train,train,2
3159,3159.jpg,960,733,train,train,4
3161,3161.jpg,960,1162,train,train,3
3163,3163.jpg,960,647,val,train,2
3164,3164.png,640,1121,train,test,2
3166,3166.png,640,704,train,test,2
3167,3167.jpg,960,705,val,test,3
3169,3169.png,640,965,train,val,1
3170,3170.jpg,960,654,train,train,4
3172,3172.jpg,640,708,train,train,3
3173,3173.jpg,960,646,train,val,2
3174,3174.jpg,1080,709,train,train,1
3176,3176.png,640,1903,train,train,6
3177,3177.jpg,1600,711,train,train,3
3178,3178.png,640,712,train,val,2
3179,3179.jpg,960,713,test,val,2
3181,3181.jpg,960,714,train,train,2
3182,3182.jpg,960,715,val,val,1
3183,3183.jpg,960,716,train,train,9
3184,3184.jpg,960,717,train,test,6
3185,3185.jpg,960,744,train,val,2
3186,3186.jpg,960,733,train,train,1
3188,3188.png,640,1121,train,train,3
3189,3189.jpg,1080,718,test,train,3
3190,3190.jpg,1600,719,train,train,5
3191,3191.jpg,960,720,val,train,1
3192,3192.jpg,1600,721,train,train,5
3193,3193.jpg,1080,722,train,test,3
3194,3194.jpg,960,627,train,train,4
3195,3195.jpg,1080,723,train,train,1
3196,3196.jpg,960,724,train,train,5
3197,3197.jpg,960,661,train,train,5
3198,3198.jpg,960,725,val,train,3
3199,3199.png,640,726,train,train,1
3200,3200.jpg,1600,727,test,val,3
3201,3201.png,640,728,val,train,2
3202,3202.png,640,729,train,train,1
3203,3203.jpg,960,830,train,train,1
3204,3204.jpg,960,730,test,train,3
3206,3206.jpg,960,732,train,train,3
3213,3213.jpg,1600,735,train,train,1
3215,3215.jpg,960,869,train,train,1
3217,3217.jpg,960,736,test,train,1
3219,3219.jpg,720,738,train,train,1
3220,3220.jpg,960,739,train,train,2
3224,3224.jpg,960,741,val,train,2
3230,3230.jpg,960,733,train,val,1
3232,3232.jpg,960,747,test,train,1
3233,3233.jpg,960,748,val,train,1
3234,3234.jpg,960,749,test,train,1
3235,3235.jpg,960,750,train,train,1
3236,3236.jpg,960,624,train,train,1
3238,3238.jpg,960,869,train,train,1
3240,3240.png,640,751,train,train,2
3244,3244.jpg,960,754,test,train,1
3245,3245.jpg,1080,755,val,train,2
3246,3246.png,640,756,test,train,1
3248,3248.png,640,757,val,train,1
3254,3254.png,640,1121,train,train,1
3255,3255.jpg,960,762,test,train,2
3259,3259.jpg,960,764,train,test,2
3261,3261.jpg,960,629,train,train,1
3262,3262.jpg,960,930,val,train,3
3263,3263.png,640,965,train,test,1
3267,3267.jpg,960,766,train,train,1
3268,3268.jpg,960,869,train,train,1
3269,3269.jpg,960,1208,train,val,1
3271,3271.jpg,1080,768,train,train,1
3274,3274.jpg,1080,770,train,train,3
3276,3276.jpg,1080,772,train,train,1
3282,3282.jpg,1080,775,train,train,1
3286,3286.jpg,960,778,train,train,2
3287,3287.jpg,960,779,val,test,3
3288,3288.jpg,1080,780,val,train,1
3289,3289.png,640,810,train,train,1
3290,3290.jpg,960,641,train,test,1
3291,3291.jpg,640,781,test,test,1
3294,3294.jpg,1080,783,test,val,1
3297,3297.jpg,960,786,test,train,2
3299,3299.jpg,640,787,test,val,1
3302,3302.jpg,640,790,val,train,3
3303,3303.jpg,960,693,train,train,1
3304,3304.jpg,960,791,test,train,3
3305,3305.jpg,1600,792,test,train,1
3307,3307.png,640,794,train,val,1
3308,3308.jpg,960,830,train,train,2
3310,3310.jpg,960,795,train,train,2
3313,3313.jpg,960,798,test,test,2
3317,3317.jpg,1080,800,train,train,1
3321,3321.jpg,960,629,train,test,1
3323,3323.jpg,960,804,train,test,3
3324,3324.jpg,960,600,train,train,2
3325,3325.jpg,960,805,test,train,4
3326,3326.jpg,960,806,train,train,1
3328,3328.jpg,960,808,test,train,2
3329,3329.jpg,640,809,val,test,1
3331,3331.jpg,1600,811,train,val,1
3332,3332.jpg,960,733,train,train,1
3333,3333.jpg,1600,812,val,val,1
3334,3334.jpg,960,786,test,val,1
3335,3335.jpg,960,830,train,train,1
3337,3337.jpg,960,813,val,train,2
3340,3340.jpg,960,816,test,train,1
3341,3341.jpg,960,817,test,test,1
3342,3342.jpg,960,817,test,val,1
3343,3343.jpg,960,694,train,train,1
3346,3346.jpg,960,820,test,train,2
3347,3347.jpg,960,821,train,train,1
3348,3348.jpg,960,822,train,val,1
3349,3349.jpg,960,823,val,train,1
3351,3351.jpg,960,825,val,train,4
3352,3352.jpg,960,826,train,train,3
3354,3354.jpg,960,806,train,val,2
3355,3355.jpg,960,733,train,train,2
3357,3357.jpg,960,687,train,train,2
3359,3359.jpg,960,1318,train,train,2
3360,3360.jpg,1600,827,val,train,2
3362,3362.jpg,1600,829,train,train,3
3363,3363.jpg,960,830,train,train,1
3364,3364.jpg,960,831,test,train,1
3368,3368.jpg,1600,833,train,test,1
3370,3370.jpg,960,835,val,train,2
3371,3371.jpg,960,836,val,val,1
3372,3372.png,640,837,train,train,1
3376,3376.jpg,960,840,val,train,1
3378,3378.jpg,960,841,test,test,1
3379,3379.jpg,960,842,train,train,2
3380,3380.jpg,960,646,train,val,2
3382,3382.png,640,965,train,train,1
3385,3385.jpg,1080,844,train,train,1
3389,3389.jpg,960,1124,train,train,1
3393,3393.jpg,960,822,train,train,1
3396,3396.jpg,960,851,val,test,1
3397,3397.png,640,852,val,train,1
3399,3399.jpg,960,854,test,train,2
3400,3400.jpg,1080,768,train,val,2
3401,3401.jpg,960,855,train,train,3
3402,3402.jpg,960,856,test,test,2
3403,3403.jpg,960,654,train,train,2
3404,3404.jpg,960,617,test,val,3
3405,3405.jpg,960,733,train,train,6
3406,3406.jpg,960,857,train,train,4
3407,3407.jpg,960,858,val,test,1
3408,3408.jpg,960,627,train,train,6
3409,3409.jpg,1080,859,val,val,2
3410,3410.jpg,960,1375,train,val,8
3411,3411.jpg,1080,860,val,train,8
3412,3412.jpg,1600,861,train,test,1
3413,3413.jpg,960,754,test,train,1
3414,3414.jpg,960,862,train,test,2
3415,3415.jpg,640,863,train,val,2
3416,3416.jpg,720,864,test,train,1
3417,3417.jpg,960,733,train,train,6
3418,3418.jpg,1600,865,train,train,4
3419,3419.jpg,960,733,train,train,3
3420,3420.jpg,960,866,train,train,2
3421,3421.jpg,960,867,train,train,4
3422,3422.jpg,960,646,train,train,4
3423,3423.jpg,1080,868,test,train,2
3424,3424.jpg,960,869,train,val,4
3425,3425.jpg,960,646,train,train,2
3426,3426.jpg,960,715,val,test,1
3427,3427.jpg,640,870,train,val,1
3428,3428.jpg,960,871,train,train,3
3429,3429.jpg,1600,872,train,train,2
3430,3430.jpg,1080,873,train,train,2
3431,3431.jpg,720,874,test,train,1
3432,3432.jpg,960,875,test,train,1
3433,3433.jpg,1080,876,train,train,4
3434,3434.jpg,720,877,train,train,1
3435,3435.jpg,1600,878,val,train,1
3436,3436.jpg,960,750,train,train,1
3437,3437.jpg,960,879,test,train,5
3438,3438.jpg,960,880,test,train,4
3439,3439.jpg,960,881,val,train,3
3440,3440.jpg,960,716,train,test,4
3441,3441.jpg,960,880,test,train,11
3442,3442.jpg,1080,882,train,train,3
3443,3443.jpg,1600,883,train,train,1
3444,3444.jpg,1080,884,train,train,1
3445,3445.jpg,960,814,train,train,1
3446,3446.jpg,960,885,train,train,1
3447,3447.jpg,720,877,train,val,1
3448,3448.jpg,960,886,test,train,1
3449,3449.jpg,640,887,train,train,1
3450,3450.jpg,960,644,train,test,2
3451,3451.jpg,960,733,train,test,6
3452,3452.jpg,960,830,train,train,2
3453,3453.jpg,960,1375,train,train,5
3454,3454.jpg,960,888,test,train,4
3455,3455.jpg,960,889,test,train,2
3456,3456.jpg,960,612,test,train,1
3457,3457.jpg,1080,890,train,train,3
3458,3458.jpg,960,627,train,val,3
3459,3459.jpg,640,891,train,val,1
3460,3460.jpg,1600,892,val,train,2
3461,3461.jpg,960,893,test,test,4
3462,3462.jpg,960,894,val,test,1
3463,3463.jpg,960,750,train,test,1
3464,3464.jpg,960,1903,train,train,4
3465,3465.jpg,960,801,val,val,1
3466,3466.jpg,960,895,train,test,4
3467,3467.jpg,960,896,val,val,2
3468,3468.jpg,960,649,train,test,1
3469,3469.jpg,960,624,train,train,6
3470,3470.jpg,960,646,train,train,3
3471,3471.jpg,640,897,train,train,2
3472,3472.jpg,1080,700,train,train,1
3473,3473.jpg,960,649,train,train,3
3474,3474.jpg,960,646,train,val,2
3475,3475.jpg,960,687,train,train,4
3476,3476.jpg,960,871,train,test,4
3477,3477.jpg,640,898,test,train,2
3478,3478.jpg,960,674,train,train,4
3479,3479.jpg,960,899,val,train,2
3480,3480.jpg,960,900,val,train,3
3481,3481.jpg,960,901,train,test,2
3482,3482.jpg,960,902,test,test,1
3483,3483.jpg,960,733,train,train,5
3484,3484.jpg,640,903,train,train,2
3485,3485.jpg,960,904,val,train,3
3486,3486.jpg,960,881,val,val,1
3487,3487.jpg,1080,905,train,test,3
3488,3488.jpg,960,906,val,train,1
3489,3489.jpg,960,907,test,val,4
3490,3490.jpg,960,687,train,train,2
3491,3491.jpg,960,908,train,test,2
3492,3492.jpg,960,909,train,train,1
3493,3493.jpg,960,687,train,test,6
3494,3494.jpg,960,910,train,train,5
3495,3495.jpg,960,823,val,test,9
3496,3496.jpg,960,629,train,train,1
3497,3497.jpg,960,911,val,train,2
3498,3498.jpg,960,686,train,train,1
3499,3499.jpg,960,912,val,train,4
3500,3500.jpg,1600,913,train,train,2
3501,3501.jpg,640,914,val,train,1
3503,3503.jpg,960,916,test,train,1
3504,3504.jpg,960,744,train,train,2
3505,3505.jpg,960,917,val,val,3
3506,3506.jpg,1600,918,train,train,1
3507,3507.jpg,960,869,train,train,2
3508,3508.jpg,960,693,train,train,5
3509,3509.jpg,1080,919,train,train,1
3510,3510.jpg,960,920,train,train,1
3511,3511.jpg,960,871,train,train,2
3512,3512.jpg,1600,776,val,test,1
3513,3513.jpg,960,830,train,train,6
3514,3514.jpg,1080,921,train,test,1
3515,3515.jpg,960,825,val,train,11
3516,3516.jpg,960,922,test,train,5
3517,3517.jpg,960,654,train,val,2
3518,3518.jpg,960,733,train,test,4
3519,3519.jpg,960,733,train,train,6
3520,3520.jpg,1080,2314,train,train,1
3521,3521.jpg,960,923,val,train,1
3522,3522.jpg,960,750,train,train,4
3523,3523.jpg,960,924,train,train,2
3524,3524.jpg,960,925,train,train,2
3525,3525.jpg,1600,926,train,test,3
3526,3526.jpg,960,927,val,train,1
3527,3527.jpg,960,928,val,train,4
3528,3528.jpg,960,778,train,test,4
3529,3529.jpg,960,744,train,test,1
3530,3530.jpg,960,929,test,test,2
3531,3531.jpg,960,930,val,train,1
3532,3532.jpg,960,649,train,test,1
3533,3533.jpg,960,716,train,test,3
3534,3534.jpg,960,627,train,test,15
3535,3535.jpg,1600,931,train,train,1
3536,3536.jpg,960,733,train,train,9
3537,3537.jpg,960,932,train,train,5
3538,3538.jpg,1600,933,train,train,3
3539,3539.jpg,1080,934,val,val,1
3540,3540.jpg,960,925,train,train,2
3541,3541.jpg,960,924,train,train,3
3542,3542.jpg,960,935,train,val,1
3543,3543.jpg,720,936,train,val,1
3544,3544.jpg,960,937,val,val,2
3545,3545.jpg,960,869,train,train,1
3546,3546.jpg,960,932,train,val,4
3547,3547.jpg,960,662,test,train,4
3548,3548.jpg,640,938,train,train,1
3549,3549.jpg,960,1903,train,train,1
3550,3550.png,640,939,test,train,5
3552,3552.png,640,712,train,train,3
3553,3553.jpg,960,871,train,train,6
3555,3555.jpg,960,904,val,train,9
3556,3556.jpg,960,830,train,test,1
3557,3557.jpg,960,747,test,train,1
3560,3560.jpg,960,942,val,train,12
3562,3562.jpg,960,733,train,val,4
3565,3565.jpg,1080,945,train,train,7
3566,3566.jpg,1080,946,test,train,2
3568,3568.jpg,960,948,val,train,2
3569,3569.jpg,640,949,val,test,6
3570,3570.jpg,1080,950,train,train,3
3572,3572.jpg,640,952,val,train,4
3573,3573.jpg,960,646,train,train,5
3574,3574.jpg,960,660,train,val,7
3575,3575.jpg,960,880,test,test,12
3576,3576.jpg,1080,953,val,train,3
3579,3579.jpg,960,778,train,train,8
3580,3580.png,640,1754,train,train,2
3581,3581.jpg,960,687,train,train,2
3582,3582.jpg,640,955,test,train,1
3583,3583.jpg,1600,956,train,train,3
3584,3584.jpg,960,942,val,train,10
3585,3585.jpg,960,649,train,train,5
3586,3586.png,640,707,train,train,1
3587,3587.jpg,960,957,val,train,8
3590,3590.jpg,960,806,train,train,2
3592,3592.jpg,960,701,train,train,2
3593,3593.jpg,960,960,test,train,8
3594,3594.png,640,729,train,train,2
3595,3595.jpg,960,961,test,train,8
3596,3596.jpg,960,629,train,test,6
3599,3599.jpg,640,963,val,train,3
3600,3600.jpg,960,661,train,train,4
3601,3601.jpg,960,646,train,train,5
3602,3602.jpg,960,733,train,train,3
3603,3603.png,640,964,train,train,1
3604,3604.jpg,960,627,train,train,2
3606,3606.png,640,966,test,val,2
3608,3608.jpg,960,646,train,train,3
3609,3609.jpg,960,968,val,train,2
3610,3610.jpg,960,871,train,train,2
3611,3611.jpg,960,969,val,test,4
3612,3612.png,640,651,train,train,2
3613,3613.png,640,965,train,val,1
3614,3614.jpg,1080,970,train,train,1
3615,3615.jpg,960,971,val,test,3
3617,3617.jpg,960,646,train,train,3
3618,3618.jpg,1080,972,train,train,1
3619,3619.jpg,960,646,train,train,1
3622,3622.png,640,974,train,train,1
3623,3623.jpg,640,975,test,train,3
3624,3624.jpg,960,976,test,test,1
3626,3626.jpg,960,978,train,train,6
3627,3627.jpg,960,979,val,train,3
3628,3628.jpg,1080,980,test,train,4
3629,3629.jpg,960,842,train,train,4
3632,3632.jpg,1600,982,val,test,2
3633,3633.jpg,960,983,test,train,6
3635,3635.jpg,960,985,test,train,5
3636,3636.jpg,1600,986,val,train,2
3637,3637.jpg,960,866,train,train,4
3638,3638.jpg,960,646,train,train,4
3639,3639.jpg,1080,987,train,train,5
3640,3640.jpg,960,988,train,train,2
3642,3642.jpg,960,990,test,train,2
3643,3643.jpg,720,991,train,train,4
3646,3646.jpg,1600,719,train,val,1
3647,3647.jpg,960,717,train,train,3
3648,3648.jpg,960,992,train,train,1
3649,3649.jpg,960,993,train,test,5
3650,3650.jpg,960,994,val,train,1
3651,3651.jpg,960,736,test,train,2
3653,3653.jpg,1080,995,train,val,1
3657,3657.jpg,960,997,test,train,3
3658,3658.jpg,960,998,test,train,7
3659,3659.jpg,960,733,train,train,2
3660,3660.jpg,960,999,val,train,1
3661,3661.jpg,960,646,train,train,4
3662,3662.jpg,1080,1000,train,train,2
3663,3663.jpg,960,1001,test,train,4
3664,3664.jpg,960,646,train,val,8
3665,3665.jpg,960,993,train,val,10
3667,3667.jpg,1080,1003,train,train,14
3668,3668.jpg,960,1004,val,train,4
3669,3669.png,640,794,train,train,5
3670,3670.jpg,960,687,train,val,4
3671,3671.jpg,1600,1005,train,train,5
3672,3672.jpg,960,1006,train,train,10
3673,3673.jpg,960,1903,train,train,7
3674,3674.jpg,960,1342,train,train,5
3675,3675.jpg,960,1007,train,test,4
3677,3677.jpg,1080,1009,val,train,5
3678,3678.jpg,960,1010,test,val,5
3679,3679.jpg,960,632,val,test,2
3680,3680.jpg,960,1903,train,train,1
3681,3681.jpg,960,646,train,val,3
3682,3682.jpg,960,646,train,val,2
3683,3683.jpg,960,627,train,test,8
3684,3684.jpg,1600,931,train,train,7
3686,3686.jpg,960,1012,val,train,2
3687,3687.jpg,1600,829,train,train,6
3688,3688.jpg,960,855,train,train,4
3689,3689.png,640,614,train,train,13
3690,3690.jpg,960,826,train,test,6
3691,3691.jpg,960,1013,val,train,1
3692,3692.jpg,960,1014,train,train,15
3694,3694.jpg,960,937,val,val,15
3695,3695.png,640,1016,train,val,1
3697,3697.png,640,1803,train,train,2
3698,3698.jpg,640,1017,train,train,1
3699,3699.jpg,960,1903,train,train,4
3701,3701.jpg,960,1019,test,train,4
3702,3702.jpg,960,641,train,val,7
3703,3703.jpg,960,627,train,train,6
3704,3704.jpg,960,1020,test,val,2
3705,3705.jpg,960,924,train,test,13
3706,3706.png,640,1021,test,test,1
3707,3707.jpg,960,1250,train,test,3
3708,3708.jpg,960,1022,test,train,23
3709,3709.jpg,720,1023,train,train,4
3710,3710.png,640,1024,train,train,3
3711,3711.jpg,640,1025,test,test,7
3712,3712.jpg,960,663,train,train,4
3713,3713.png,640,733,train,train,1
3714,3714.jpg,960,806,train,train,4
3716,3716.jpg,960,624,train,train,2
3717,3717.jpg,960,1026,test,test,9
3718,3718.png,640,1027,train,train,1
3719,3719.jpg,1600,1028,test,train,5
3720,3720.png,640,1153,train,val,1
3721,3721.jpg,960,993,train,train,15
3722,3722.jpg,960,922,test,test,16
3723,3723.jpg,960,1029,test,train,6
3725,3725.jpg,960,627,train,train,6
3726,3726.jpg,960,627,train,train,7
3727,3727.jpg,1600,1030,train,train,1
3728,3728.jpg,960,1903,train,val,7
3729,3729.jpg,960,627,train,train,2
3731,3731.jpg,960,1032,val,test,25
3732,3732.jpg,960,1903,train,train,1
3734,3734.jpg,960,1006,train,train,15
3735,3735.jpg,960,693,train,val,3
3736,3736.png,640,1034,train,train,2
3738,3738.jpg,960,1035,val,train,15
3739,3739.png,640,1031,train,train,5
3741,3741.jpg,960,646,train,train,3
3742,3742.jpg,1080,1037,val,test,5
3743,3743.jpg,960,646,train,test,3
3744,3744.jpg,720,1038,train,train,2
3745,3745.jpg,640,1039,val,val,6
3746,3746.jpg,960,646,train,train,2
3747,3747.jpg,960,733,train,test,4
3748,3748.png,640,965,train,train,1
3749,3749.jpg,960,1040,val,train,17
3750,3750.png,640,765,train,train,1
3751,3751.jpg,1080,1041,train,train,1
3753,3753.png,640,1043,train,train,1
3756,3756.jpg,960,1045,test,train,4
3759,3759.jpg,960,1047,test,train,1
3761,3761.jpg,960,733,train,train,1
3762,3762.jpg,1600,1049,val,train,1
3763,3763.jpg,1600,1050,train,test,1
3764,3764.jpg,960,1051,val,test,1
3766,3766.jpg,960,1052,train,train,3
3770,3770.jpg,960,1054,train,train,1
3771,3771.jpg,640,1055,val,train,3
3772,3772.jpg,960,1056,test,test,1
3773,3773.jpg,1080,1057,train,train,3
3774,3774.jpg,960,910,train,test,5
3775,3775.jpg,960,1058,test,train,4
3776,3776.jpg,960,1059,val,test,8
3777,3777.jpg,960,778,train,train,1
3781,3781.jpg,960,1318,train,val,1
3782,3782.jpg,960,1061,val,train,3
3783,3783.jpg,960,733,train,train,1
3784,3784.png,640,794,train,train,2
3785,3785.jpg,960,646,train,train,1
3790,3790.jpg,1080,1064,train,train,1
3791,3791.jpg,960,1065,test,val,1
3793,3793.png,640,767,test,train,1
3794,3794.jpg,960,896,val,train,1
3796,3796.png,640,1903,train,train,1
3797,3797.jpg,960,1067,train,train,2
3799,3799.jpg,1080,1068,train,train,6
3800,3800.jpg,960,1069,test,train,1
3801,3801.jpg,960,1070,train,train,1
3802,3802.jpg,960,1014,train,train,4
3803,3803.png,640,614,train,train,1
3804,3804.jpg,960,804,train,train,4
3805,3805.jpg,960,1071,train,train,1
3807,3807.jpg,640,1073,test,train,1
3809,3809.jpg,960,917,val,train,1
3810,3810.png,640,628,train,train,1
3813,3813.jpg,1080,1074,test,train,5
3816,3816.jpg,960,714,train,val,3
3817,3817.jpg,1080,1076,train,test,1
3819,3819.jpg,1600,1078,train,train,1
3820,3820.jpg,1080,1079,train,test,1
3823,3823.jpg,1080,921,train,val,1
3826,3826.jpg,960,701,train,test,2
3828,3828.jpg,960,1903,train,train,2
3829,3829.png,640,1903,train,train,1
3832,3832.jpg,960,1303,val,train,6
3835,3835.jpg,960,687,train,train,1
3836,3836.jpg,960,1124,train,val,4
3837,3837.jpg,960,1084,test,test,10
3841,3841.jpg,960,733,train,val,4
3843,3843.jpg,720,1086,train,train,1
3844,3844.jpg,1600,1087,train,val,1
3846,3846.jpg,960,1089,train,train,4
3847,3847.jpg,960,1903,train,train,2
3848,3848.jpg,960,646,train,train,1
3850,3850.jpg,960,693,train,train,3
3851,3851.jpg,960,627,train,train,3
3852,3852.png,640,1091,train,train,3
3853,3853.jpg,960,1092,val,train,4
3855,3855.jpg,960,1093,train,train,2
3856,3856.jpg,960,1094,val,train,2
3860,3860.jpg,960,1095,train,train,2
3862,3862.jpg,960,1220,val,train,1
3865,3865.jpg,960,631,train,val,3
3867,3867.jpg,960,993,train,train,8
3869,3869.jpg,640,1097,train,train,2
3870,3870.jpg,960,693,train,train,4
3871,3871.jpg,960,1124,train,train,1
3872,3872.jpg,960,842,train,train,3
3873,3873.jpg,960,1903,train,train,1
3876,3876.jpg,1600,1099,train,test,2
3877,3877.jpg,1600,1100,train,val,1
3878,3878.png,640,1803,train,train,4
3879,3879.jpg,960,1903,train,train,3
3880,3880.png,640,1101,test,train,2
3884,3884.jpg,960,733,train,train,2
3885,3885.jpg,960,764,train,train,1
3886,3886.jpg,960,627,train,train,3
3890,3890.jpg,960,1104,test,train,5
3891,3891.jpg,960,1105,val,train,4
3892,3892.jpg,960,1106,train,train,2
3895,3895.jpg,960,1108,test,test,5
3897,3897.jpg,1600,1110,train,train,1
3898,3898.jpg,960,1111,val,train,3
3900,3900.jpg,960,1113,train,train,1
3902,3902.png,640,1115,test,train,4
3903,3903.png,640,1116,test,train,1
3904,3904.jpg,960,869,train,train,1
3905,3905.jpg,1080,1117,train,test,3
3911,3911.jpg,960,1012,val,train,1
3912,3912.png,640,1754,train,test,1
3913,3913.jpg,960,806,train,test,2
3914,3914.jpg,1600,1118,train,val,3
3917,3917.jpg,640,1120,train,train,1
3919,3919.jpg,960,627,train,test,1
3920,3920.jpg,960,871,train,train,1
3923,3923.png,640,1123,val,train,1
3924,3924.jpg,960,1124,train,train,6
3925,3925.jpg,960,646,train,train,2
3927,3927.jpg,1080,1126,train,train,2
3930,3930.jpg,960,862,train,test,5
3934,3934.jpg,640,1130,train,train,1
3935,3935.jpg,960,1006,train,val,2
3936,3936.jpg,1080,1131,val,train,3
3937,3937.jpg,960,652,train,val,1
3938,3938.jpg,1080,1132,train,train,1
3939,3939.jpg,720,1133,train,test,1
3940,3940.jpg,960,825,val,train,7
3942,3942.jpg,1080,921,train,test,2
3943,3943.jpg,960,871,train,train,1
3944,3944.jpg,1080,1134,train,test,1
3946,3946.jpg,960,748,val,train,2
3947,3947.jpg,960,1135,val,test,2
3948,3948.jpg,960,1136,val,train,4
3949,3949.jpg,960,1137,test,train,5
3950,3950.jpg,640,1138,val,train,9
3951,3951.jpg,960,1139,val,train,4
3953,3953.jpg,1600,1140,train,train,3
3954,3954.jpg,960,869,train,val,1
3955,3955.jpg,960,857,train,train,1
3956,3956.png,640,1141,train,val,1
3959,3959.jpg,960,869,train,test,3
3960,3960.jpg,1080,1142,val,val,2
3962,3962.png,640,1144,train,train,1
3963,3963.jpg,960,750,train,train,2
3964,3964.jpg,1080,1145,train,train,3
3965,3965.jpg,960,733,train,train,5
3966,3966.jpg,960,1146,val,train,3
3967,3967.jpg,960,646,train,val,1
3968,3968.png,640,651,train,test,3
3970,3970.jpg,960,663,train,train,2
3971,3971.jpg,1600,1147,train,test,2
3973,3973.jpg,960,1149,val,train,7
3974,3974.jpg,960,1150,val,val,5
3976,3976.jpg,640,1152,val,train,3
3978,3978.jpg,1080,1154,train,val,2
3979,3979.jpg,960,842,train,train,2
3983,3983.jpg,960,1903,train,train,1
3984,3984.jpg,960,841,test,train,5
3986,3986.png,640,1158,train,train,2
3987,3987.jpg,1600,1159,train,test,2
3989,3989.jpg,1080,1160,train,val,5
3991,3991.jpg,960,1014,train,train,3
3993,3993.jpg,960,1162,train,val,9
3994,3994.jpg,960,646,train,train,5
3995,3995.jpg,960,1163,val,val,2
3996,3996.jpg,960,646,train,train,4
3998,3998.jpg,640,1165,test,val,3
3999,3999.jpg,1080,1166,train,train,1
4000,4000.png,640,1167,train,train,1
4001,4001.png,640,843,train,train,2
4002,4002.jpg,960,758,test,train,1
4003,4003.jpg,1600,1168,train,train,1
4004,4004.png,640,1169,val,train,2
4006,4006.jpg,960,624,train,test,6
4007,4007.jpg,1600,1171,train,train,1
4008,4008.jpg,1080,1172,train,val,1
4009,4009.jpg,960,733,train,test,3
4010,4010.jpg,640,1173,val,train,1
4011,4011.jpg,960,1047,test,train,1
4012,4012.jpg,960,855,train,train,3
4013,4013.png,640,1174,test,train,1
4016,4016.jpg,640,1176,test,test,4
4017,4017.jpg,960,715,val,val,1
4018,4018.png,640,843,train,train,1
4019,4019.jpg,960,1177,val,train,4
4021,4021.jpg,720,1178,test,train,2
4022,4022.jpg,1080,1179,train,train,2
4024,4024.jpg,1600,1181,test,train,3
4025,4025.jpg,640,1182,test,train,5
4026,4026.jpg,720,1183,train,val,4
4028,4028.jpg,960,1185,val,train,1
4030,4030.jpg,1080,1187,train,train,1
4031,4031.jpg,960,1903,train,train,3
4032,4032.png,640,1188,train,train,1
4033,4033.jpg,960,629,train,train,5
4034,4034.jpg,960,644,train,train,3
4035,4035.jpg,960,724,train,train,6
4036,4036.png,640,740,train,train,2
4038,4038.png,640,397,train,train,1
4039,4039.jpg,960,646,train,test,1
4040,4040.jpg,960,1190,train,train,1
4041,4041.jpg,1080,1191,train,test,2
4043,4043.png,640,1091,train,train,2
4045,4045.jpg,960,750,train,val,2
4046,4046.jpg,960,1192,train,train,3
4047,4047.jpg,1080,850,train,train,1
4048,4048.png,640,1193,train,train,2
4049,4049.jpg,1080,1194,train,train,1
4050,4050.jpg,960,826,train,train,3
4051,4051.jpg,1600,1195,train,train,2
4052,4052.jpg,1080,1196,train,train,3
4054,4054.jpg,1600,1197,test,train,1
4055,4055.png,640,1198,test,train,4
4056,4056.jpg,960,733,train,test,1
4057,4057.jpg,720,1199,val,train,1
4058,4058.jpg,640,1200,train,train,2
4059,4059.jpg,960,1201,test,train,1
4060,4060.jpg,960,627,train,train,5
4061,4061.jpg,960,1202,val,train,2
4062,4062.jpg,960,778,train,val,2
4063,4063.jpg,960,1203,train,train,2
4064,4064.jpg,1080,1204,test,train,4
4065,4065.jpg,960,1203,train,train,3
4066,4066.jpg,960,1205,val,train,6
4067,4067.jpg,1080,1206,test,train,1
4068,4068.jpg,960,1207,val,train,15
4069,4069.png,640,1091,train,train,4
4070,4070.jpg,960,1208,train,train,4
4071,4071.jpg,960,1209,test,train,3
4072,4072.png,640,989,test,train,1
4073,4073.jpg,1080,1210,train,train,1
4074,4074.jpg,1080,1210,train,train,1
4076,4076.png,640,1027,train,train,1
4077,4077.jpg,960,871,train,train,3
4078,4078.jpg,960,826,train,train,4
4079,4079.jpg,640,1212,val,train,8
4080,4080.jpg,960,624,train,train,6
4081,4081.jpg,960,1903,train,val,2
4082,4082.jpg,960,1213,train,train,1
4083,4083.png,640,1214,train,train,1
4084,4084.jpg,1600,872,train,train,1
4087,4087.jpg,1080,1217,train,val,3
4088,4088.jpg,960,1218,val,train,1
4090,4090.jpg,960,835,val,train,1
4091,4091.jpg,960,1220,val,val,1
4092,4092.png,640,1122,test,test,8
4093,4093.jpg,960,660,train,test,7
4094,4094.jpg,960,862,train,train,4
4095,4095.jpg,960,1221,test,test,1
4096,4096.jpg,1080,1222,test,val,7
4098,4098.jpg,960,1224,test,train,5
4099,4099.jpg,1080,1225,val,train,4
4101,4101.jpg,960,817,test,train,2
4102,4102.jpg,960,1227,test,val,3
4103,4103.jpg,960,662,test,train,1
4104,4104.jpg,960,646,train,train,3
4105,4105.png,640,1228,train,test,2
4106,4106.jpg,1600,1229,test,train,2
4107,4107.jpg,960,1230,val,val,9
4108,4108.jpg,1600,1231,train,train,1
4109,4109.jpg,960,1232,val,train,3
4110,4110.jpg,1080,1233,train,test,1
4112,4112.jpg,960,665,val,train,2
4113,4113.jpg,640,1235,test,val,3
4115,4115.jpg,640,1237,val,train,3
4118,4118.png,640,1239,test,train,1
4119,4119.png,640,1240,test,train,1
4120,4120.jpg,640,1241,train,train,1
4121,4121.jpg,960,1242,train,test,1
4122,4122.jpg,960,1004,val,train,3
4123,4123.jpg,640,1243,val,train,2
4125,4125.jpg,960,1136,val,train,2
4126,4126.png,640,965,train,train,2
4127,4127.jpg,1080,1244,val,train,4
4129,4129.jpg,960,730,test,train,8
4130,4130.jpg,960,687,train,train,8
4131,4131.jpg,960,842,train,train,4
4132,4132.jpg,1080,1246,train,train,3
4133,4133.jpg,1080,1247,train,train,1
4135,4135.jpg,1600,833,train,val,2
4136,4136.jpg,960,687,train,train,2
4137,4137.jpg,960,1249,train,train,1
4138,4138.png,640,965,train,train,3
4139,4139.jpg,960,1250,train,test,3
4140,4140.jpg,960,687,train,train,6
4141,4141.jpg,1080,1251,train,test,2
4143,4143.jpg,960,687,train,val,2
4144,4144.jpg,960,1252,val,train,2
4145,4145.png,640,1121,train,train,4
4146,4146.jpg,1600,833,train,train,3
4147,4147.png,640,1253,train,train,1
4148,4148.jpg,960,1254,val,train,3
4149,4149.jpg,960,730,test,train,4
4150,4150.jpg,960,1255,test,test,2
4151,4151.png,960,1256,val,test,2
4152,4152.png,960,96,train,test,4
4153,4153.jpg,960,18,train,train,5
4154,4154.jpg,960,12,train,train,3
4155,4155.png,960,106,train,test,3
4156,4156.jpg,960,91,train,train,2
4157,4157.png,960,186,train,test,3
4161,4161.png,960,57,train,val,1
4163,4163.png,640,1257,train,train,1
4168,4168.png,960,1,train,train,1
4169,4169.jpg,960,183,train,test,2
4170,4170.png,960,25,train,val,1
4171,4171.png,640,61,train,train,1
4172,4172.jpg,960,10,train,train,2
4173,4173.png,640,397,train,test,1
4176,4176.jpg,960,147,train,val,2
4177,4177.jpg,960,272,train,val,1
4178,4178.jpg,960,465,test,val,1
4179,4179.png,640,397,train,test,3
4180,4180.png,960,220,test,train,3
4181,4181.jpg,960,52,test,train,1
4184,4184.jpg,960,388,val,train,1
4187,4187.png,640,9,train,test,1
4189,4189.jpg,960,177,train,train,3
4191,4191.png,960,305,train,train,1
4192,4192.jpg,960,142,train,train,3
4193,4193.png,960,42,train,train,3
4194,4194.jpg,960,41,train,train,1
4195,4195.jpg,960,60,train,train,2
4196,4196.png,960,42,train,train,3
4197,4197.jpg,960,126,train,train,2
4198,4198.png,960,145,val,train,2
4199,4199.jpg,960,537,test,test,2
4200,4200.jpg,960,1260,val,train,2
4202,4202.jpg,960,1261,val,train,4
4203,4203.png,640,397,train,train,1
4205,4205.jpg,960,41,train,train,1
4206,4206.jpg,960,0,train,test,2
4208,4208.jpg,960,24,train,train,1
4209,4209.png,640,733,train,train,1
4210,4210.png,960,106,train,train,6
4215,4215.jpg,960,167,test,val,2
4220,4220.png,960,480,val,train,4
4221,4221.jpg,960,374,test,val,2
4223,4223.jpg,960,1262,test,train,3
4224,4224.jpg,960,183,train,train,1
4225,4225.png,960,545,train,train,1
4227,4227.jpg,960,428,val,test,2
4229,4229.png,960,31,train,train,1
4233,4233.png,960,51,train,train,1
4235,4235.jpg,960,103,train,train,6
4236,4236.jpg,960,0,train,val,3
4237,4237.jpg,960,147,train,train,1
4241,4241.jpg,960,63,train,val,1
4242,4242.jpg,960,0,train,train,6
4243,4243.png,960,545,train,train,2
4244,4244.jpg,960,41,train,train,1
4245,4245.png,960,106,train,test,6
4247,4247.jpg,960,139,train,train,2
4253,4253.jpg,960,24,train,val,1
4254,4254.png,960,98,train,val,1
4255,4255.png,960,362,test,test,1
4256,4256.jpg,960,60,train,train,2
4257,4257.jpg,960,272,train,train,1
4258,4258.png,960,28,train,train,1
4260,4260.jpg,960,24,train,train,2
4262,4262.jpg,960,24,train,val,2
4265,4265.png,960,28,train,val,4
4267,4267.jpg,960,63,train,train,3
4268,4268.jpg,960,139,train,train,4
4269,4269.png,960,1266,val,train,1
4270,4270.png,960,49,train,train,1
4271,4271.jpg,960,269,test,val,1
4274,4274.jpg,960,24,train,train,1
4275,4275.png,960,164,test,test,3
4276,4276.png,960,229,test,train,2
4278,4278.png,640,73,train,test,4
4280,4280.jpg,960,24,train,test,2
4281,4281.jpg,960,272,train,train,1
4283,4283.jpg,960,24,train,val,1
4284,4284.png,960,31,train,train,1
4286,4286.jpg,960,147,train,train,2
4287,4287.png,960,1267,val,test,5
4288,4288.jpg,960,142,train,val,6
4290,4290.jpg,960,272,train,val,1
4291,4291.png,960,517,val,test,1
4294,4294.png,960,42,train,val,2
4295,4295.png,640,320,train,train,4
4296,4296.png,960,1268,train,train,1
4297,4297.png,960,106,train,train,7
4298,4298.png,960,11,train,train,2
4300,4300.png,960,107,val,val,2
4301,4301.jpg,960,89,train,train,2
4303,4303.png,640,320,train,test,1
4304,4304.jpg,960,116,test,test,1
4305,4305.jpg,960,133,train,val,1
4310,4310.jpg,960,24,train,train,2
4311,4311.png,960,545,train,train,2
4312,4312.png,960,248,test,train,2
4316,4316.jpg,960,318,test,train,3
4317,4317.jpg,960,224,train,test,5
4318,4318.jpg,960,41,train,train,5
4322,4322.jpg,960,27,train,test,3
4324,4324.jpg,960,147,train,train,2
4329,4329.png,960,22,test,test,4
4330,4330.jpg,960,142,train,test,4
4331,4331.jpg,960,400,test,val,2
4332,4332.png,960,267,train,train,1
4335,4335.png,960,130,test,val,1
4336,4336.png,640,1271,test,train,2
4340,4340.jpg,960,177,train,train,3
4341,4341.jpg,960,177,train,train,4
4344,4344.png,960,11,train,train,1
4346,4346.jpg,960,272,train,train,1
4348,4348.png,960,1272,val,train,1
4349,4349.jpg,960,0,train,train,5
4350,4350.jpg,960,24,train,train,1
4352,4352.jpg,960,1006,train,val,6
4353,4353.jpg,1080,1273,val,train,2
4360,4360.jpg,640,1276,test,train,3
4362,4362.jpg,960,1277,test,train,2
4363,4363.jpg,960,1278,train,train,1
4366,4366.png,640,1281,train,train,1
4367,4367.png,640,1282,train,train,1
4369,4369.jpg,960,842,train,train,5
4371,4371.jpg,960,1284,val,test,5
4373,4373.jpg,960,1286,val,train,8
4374,4374.jpg,960,647,val,train,1
4376,4376.jpg,1080,1287,val,train,2
4377,4377.jpg,960,1288,val,train,8
4379,4379.jpg,960,1289,val,val,1
4381,4381.jpg,960,1903,train,val,1
4383,4383.jpg,960,733,train,train,1
4384,4384.jpg,1080,1290,train,train,2
4389,4389.jpg,640,1294,train,train,1
4390,4390.jpg,960,1295,test,train,2
4391,4391.jpg,960,764,train,val,3
4394,4394.jpg,1600,829,train,val,1
4396,4396.jpg,960,1299,train,train,1
4397,4397.jpg,960,866,train,train,12
4398,4398.jpg,1600,918,train,train,2
4400,4400.png,640,789,train,train,1
4402,4402.jpg,1600,1302,train,test,2
4404,4404.jpg,960,1303,val,train,8
4405,4405.jpg,960,766,train,train,5
4406,4406.jpg,960,646,train,train,1
4407,4407.jpg,960,646,train,train,1
4410,4410.jpg,960,650,test,val,1
4413,4413.jpg,960,654,train,val,7
4416,4416.jpg,960,646,train,train,3
4418,4418.png,640,1180,train,train,1
4419,4419.jpg,960,733,train,val,1
4420,4420.jpg,1080,1307,val,train,2
4421,4421.jpg,960,806,train,train,4
4423,4423.jpg,1080,1308,train,train,4
4425,4425.jpg,960,1095,train,train,1
4428,4428.jpg,1080,1312,train,train,4
4429,4429.jpg,960,1313,train,train,5
4432,4432.jpg,640,1314,test,train,4
4433,4433.jpg,960,1010,test,val,4
4435,4435.jpg,960,1316,train,val,5
4438,4438.jpg,960,932,train,train,5
4439,4439.jpg,960,1318,train,train,2
4440,4440.jpg,960,733,train,test,2
4444,4444.jpg,1080,1320,train,train,3
4446,4446.jpg,1080,1321,test,train,4
4447,4447.jpg,960,1903,train,val,2
4448,4448.jpg,640,1322,val,train,3
4450,4450.jpg,960,1376,test,test,10
4452,4452.jpg,960,1323,test,train,3
4453,4453.jpg,960,1324,test,train,3
4456,4456.jpg,1600,1325,train,train,3
4458,4458.jpg,640,1327,test,train,1
4459,4459.jpg,1080,1328,test,train,2
4460,4460.jpg,960,1061,val,test,8
4461,4461.jpg,960,1203,train,train,4
4462,4462.jpg,1080,1329,val,train,1
4463,4463.jpg,960,1330,val,test,6
4464,4464.png,640,1331,val,train,1
4466,4466.png,640,965,train,train,3
4467,4467.png,640,965,train,train,2
4468,4468.jpg,1080,1333,train,train,1
4469,4469.jpg,960,646,train,train,1
4470,4470.png,640,1334,train,train,1
4471,4471.jpg,720,1335,train,train,2
4473,4473.jpg,1080,1337,train,train,3
4474,4474.jpg,1600,1338,val,train,2
4478,4478.jpg,960,1135,val,train,4
4480,4480.jpg,960,1341,train,train,5
4481,4481.jpg,960,1342,train,train,1
4482,4482.jpg,1600,1343,train,train,2
4483,4483.jpg,960,830,train,train,1
4485,4485.jpg,960,1344,test,val,1
4487,4487.jpg,960,1345,val,test,5
4488,4488.jpg,960,1346,test,train,5
4489,4489.jpg,960,1347,test,test,1
4490,4490.jpg,960,646,train,val,1
4491,4491.jpg,1600,1348,train,train,4
4492,4492.jpg,960,1349,val,val,3
4494,4494.jpg,960,842,train,train,5
4495,4495.jpg,960,871,train,train,1
4496,4496.jpg,960,1350,val,train,6
4497,4497.jpg,1080,1351,test,test,3
4499,4499.jpg,960,1353,train,train,14
4502,4502.jpg,1080,1354,train,val,2
4505,4505.jpg,960,1357,test,train,8
4506,4506.jpg,640,1358,train,val,1
4507,4507.jpg,1600,829,train,train,4
4508,4508.jpg,960,1357,test,train,2
4510,4510.jpg,960,1359,test,train,6
4511,4511.jpg,960,830,train,train,1
4513,4513.jpg,1600,711,train,train,2
4514,4514.jpg,960,924,train,train,7
4517,4517.jpg,960,1249,train,train,2
4518,4518.jpg,960,978,train,train,4
4520,4520.jpg,960,1014,train,train,6
4522,4522.jpg,960,744,train,train,1
4524,4524.jpg,960,1362,test,test,6
4527,4527.jpg,640,1363,val,train,1
4528,4528.jpg,960,1364,val,train,3
4529,4529.jpg,960,629,train,train,4
4534,4534.jpg,640,1365,train,train,2
4535,4535.jpg,960,1366,train,train,4
4537,4537.jpg,1080,1368,train,test,1
4539,4539.jpg,960,1071,train,train,3
4542,4542.jpg,960,1371,test,train,1
4545,4545.png,640,965,train,val,1
4546,4546.jpg,960,654,train,test,6
4550,4550.jpg,720,877,train,test,2
4551,4551.jpg,1080,1373,val,test,7
4552,4552.jpg,640,1374,train,train,1
4555,4555.jpg,960,1375,train,train,6
4559,4559.png,640,760,val,train,1
4562,4562.jpg,960,1376,test,val,7
4563,4563.png,640,1377,train,val,1
4565,4565.jpg,960,1378,test,val,3
4567,4567.jpg,960,1071,train,test,6
4569,4569.jpg,720,1380,train,val,4
4570,4570.png,640,1381,train,train,1
4571,4571.png,640,616,train,train,3
4572,4572.png,640,807,train,train,1
4574,4574.png,640,1382,train,test,1
4576,4576.jpg,960,733,train,train,2
4577,4577.jpg,1600,1384,train,train,1
4578,4578.jpg,960,629,train,train,3
4581,4581.jpg,960,1250,train,train,2
4582,4582.jpg,960,1385,val,train,3
4583,4583.jpg,960,1007,train,train,2
4585,4585.jpg,960,866,train,test,4
4586,4586.png,640,614,train,train,2
4590,4590.jpg,960,1389,train,test,3
4592,4592.jpg,960,629,train,train,4
4595,4595.jpg,960,1250,train,train,3
4596,4596.jpg,960,1391,train,train,1
4597,4597.png,640,679,train,train,2
4598,4598.jpg,960,830,train,train,3
4599,4599.jpg,960,985,test,train,6
4600,4600.jpg,960,806,train,val,1
4602,4602.jpg,960,961,test,train,5
4604,4604.jpg,1600,1005,train,val,1
4606,4606.jpg,960,1393,test,val,5
4607,4607.png,640,1281,train,train,2
4608,4608.jpg,1600,1394,test,train,2
4612,4612.jpg,960,778,train,train,1
4613,4613.jpg,960,622,train,test,4
4615,4615.jpg,640,1398,test,train,2
4616,4616.jpg,960,654,train,train,2
4617,4617.jpg,960,717,train,train,4
4624,4624.jpg,960,641,train,train,3
4625,4625.jpg,960,2021,val,train,5
4626,4626.jpg,960,674,train,train,3
4627,4627.jpg,960,629,train,test,4
4628,4628.jpg,1600,1401,test,train,2
4629,4629.jpg,1600,1402,test,train,1
4630,4630.jpg,960,1162,train,train,7
4631,4631.png,640,965,train,train,1
4639,4639.jpg,960,1318,train,train,5
4640,4640.jpg,960,1407,test,train,4
4641,4641.jpg,960,1366,train,train,3
4642,4642.png,640,616,train,train,4
4643,4643.jpg,960,925,train,train,2
4645,4645.jpg,960,654,train,train,2
4649,4649.png,640,965,train,val,2
4650,4650.jpg,960,910,train,test,4
4651,4651.jpg,960,1411,test,val,3
4652,4652.jpg,640,1412,test,train,2
4653,4653.png,640,1413,train,train,1
4654,4654.png,640,765,train,train,3
4655,4655.jpg,960,1330,val,train,5
4656,4656.jpg,960,1414,test,val,5
4657,4657.jpg,960,1250,train,train,3
4658,4658.jpg,1080,1415,test,test,1
4659,4659.jpg,960,871,train,train,3
4660,4660.jpg,960,673,test,val,2
4661,4661.jpg,960,869,train,train,1
4663,4663.jpg,960,733,train,val,2
4664,4664.jpg,960,862,train,train,4
4666,4666.jpg,960,842,train,train,4
4667,4667.jpg,1080,1416,train,test,6
4668,4668.jpg,960,925,train,train,3
4669,4669.jpg,960,1417,test,test,3
4670,4670.jpg,1600,1418,val,train,7
4671,4671.jpg,640,1419,test,train,2
4673,4673.jpg,960,629,train,val,3
4675,4675.jpg,960,693,train,val,1
4676,4676.jpg,960,778,train,test,1
4677,4677.png,640,638,train,train,3
4678,4678.jpg,960,1421,val,train,5
4680,4680.jpg,1600,1118,train,train,2
4681,4681.jpg,960,1903,train,train,2
4685,4685.jpg,960,646,train,train,1
4686,4686.jpg,1080,1425,train,train,2
4688,4688.jpg,960,646,train,train,2
4689,4689.jpg,960,1426,train,val,2
4691,4691.jpg,960,1427,val,train,3
4692,4692.jpg,960,917,val,train,1
4693,4693.jpg,960,786,test,train,2
4696,4696.jpg,960,1375,train,train,7
4697,4697.png,640,1043,train,test,2
4698,4698.jpg,1600,1429,test,train,3
4702,4702.jpg,960,1353,train,train,11
4705,4705.jpg,640,1435,train,test,3
4706,4706.jpg,1080,1436,train,val,2
4707,4707.jpg,1600,833,train,train,2
4708,4708.jpg,1600,833,train,train,3
4709,4709.jpg,960,1437,val,train,2
4710,4710.png,640,965,train,train,1
4711,4711.jpg,640,1438,train,test,3
4712,4712.jpg,960,646,train,val,4
4713,4713.png,640,691,train,train,2
4714,4714.jpg,960,660,train,train,2
4715,4715.jpg,960,764,train,test,4
4716,4716.jpg,640,1439,train,train,2
4717,4717.jpg,960,687,train,test,3
4726,4726.png,640,785,train,val,1
4727,4727.png,640,1443,train,train,3
4729,4729.jpg,960,1444,test,train,4
4732,4732.jpg,960,1447,val,train,3
4733,4733.png,640,1448,train,test,1
4734,4734.png,640,849,train,train,3
4735,4735.png,640,1449,train,train,2
4741,4741.jpg,960,733,train,train,2
4742,4742.jpg,960,682,train,val,2
4744,4744.jpg,1600,1453,train,train,2
4746,4746.jpg,960,806,train,test,3
4747,4747.jpg,1600,1338,val,val,3
4751,4751.jpg,960,646,train,val,1
4752,4752.jpg,1080,1457,train,val,5
4753,4753.jpg,960,993,train,val,2
4755,4755.jpg,960,830,train,test,1
4756,4756.jpg,960,627,train,train,1
4757,4757.jpg,1600,1458,train,train,1
4758,4758.jpg,960,1459,train,train,3
4759,4759.jpg,960,739,train,train,2
4761,4761.jpg,960,654,train,train,1
4762,4762.jpg,1080,1460,train,train,2
4763,4763.jpg,960,1461,test,train,3
4764,4764.jpg,960,1462,test,train,1
4766,4766.jpg,1080,1463,val,test,2
4767,4767.png,640,1464,val,val,1
4768,4768.png,640,1465,train,train,1
4769,4769.png,640,965,train,val,1
4770,4770.jpg,960,646,train,train,2
4772,4772.jpg,1080,1466,val,train,5
4773,4773.jpg,960,646,train,train,1
4774,4774.jpg,960,646,train,test,2
4778,4778.jpg,1600,1469,val,train,2
4779,4779.jpg,960,869,train,train,2
4782,4782.png,640,965,train,train,1
4783,4783.jpg,1080,1470,train,train,3
4784,4784.jpg,1080,1471,train,val,3
4785,4785.png,640,1228,train,train,1
4788,4788.png,640,965,train,val,1
4789,4789.jpg,960,1473,val,test,5
4791,4791.jpg,960,1071,train,train,1
4793,4793.jpg,1080,1475,train,train,2
4794,4794.jpg,960,686,train,test,1
4795,4795.jpg,960,758,test,train,1
4799,4799.jpg,960,1477,train,train,3
4802,4802.jpg,960,1479,val,train,1
4803,4803.jpg,960,1480,test,train,1
4804,4804.png,640,1127,test,train,1
4807,4807.jpg,960,1481,val,train,1
4808,4808.png,640,1482,train,train,2
4809,4809.jpg,960,750,train,train,3
4810,4810.png,640,703,train,train,1
4811,4811.jpg,960,774,train,val,2
4813,4813.png,640,965,train,train,1
4814,4814.jpg,720,1483,val,train,2
4815,4815.jpg,960,1484,val,train,5
4816,4816.jpg,960,1208,train,train,3
4818,4818.jpg,960,646,train,train,1
4819,4819.jpg,960,1486,val,train,1
4820,4820.jpg,960,1487,test,train,2
4821,4821.png,640,965,train,train,1
4822,4822.jpg,960,693,train,train,2
4823,4823.jpg,960,1162,train,train,2
4825,4825.jpg,960,1489,test,val,1
4827,4827.jpg,1080,1491,train,train,1
4828,4828.jpg,960,1492,val,train,4
4829,4829.png,640,1123,val,train,2
4830,4830.jpg,1600,1493,val,train,3
4831,4831.jpg,960,1494,train,test,1
4832,4832.jpg,960,978,train,train,2
4835,4835.png,640,1482,train,train,1
4837,4837.jpg,960,1497,train,test,2
4838,4838.jpg,1600,1498,test,test,2
4839,4839.jpg,960,1375,train,train,1
4840,4840.jpg,1600,1499,train,train,4
4842,4842.jpg,1080,1501,train,train,2
4843,4843.jpg,960,1502,test,test,1
4844,4844.jpg,960,1503,test,train,3
4846,4846.jpg,960,1504,val,train,2
4847,4847.jpg,960,646,train,test,1
4848,4848.jpg,960,1505,test,test,7
4849,4849.png,640,1027,train,train,1
4850,4850.jpg,1600,719,train,test,1
4851,4851.jpg,1600,1506,val,train,3
4853,4853.jpg,1080,1507,train,train,1
4857,4857.jpg,960,733,train,train,4
4859,4859.jpg,960,716,train,train,1
4860,4860.jpg,960,999,val,train,2
4862,4862.jpg,960,654,train,train,2
4863,4863.jpg,960,733,train,train,3
4867,4867.jpg,960,733,train,val,1
4868,4868.jpg,960,1510,test,train,2
4869,4869.jpg,960,1014,train,val,1
4870,4870.jpg,640,1511,train,train,2
4871,4871.jpg,960,1192,train,train,2
4872,4872.png,640,1144,train,train,1
4874,4874.jpg,960,1512,test,test,2
4875,4875.jpg,960,1513,train,train,1
4877,4877.png,640,1214,train,train,1
4879,4879.jpg,960,869,train,train,2
4880,4880.jpg,1080,1514,test,train,1
4882,4882.jpg,960,1515,val,train,2
4884,4884.jpg,1080,666,train,train,1
4885,4885.jpg,960,1516,val,train,2
4886,4886.jpg,1080,1517,train,train,1
4887,4887.jpg,1080,1518,train,train,1
4888,4888.jpg,640,1519,train,val,1
4890,4890.png,640,974,train,train,1
4891,4891.jpg,960,1006,train,train,1
4893,4893.jpg,960,687,train,train,4
4894,4894.jpg,1600,1521,train,train,1
4895,4895.jpg,960,660,train,train,1
4897,4897.jpg,960,733,train,train,2
4898,4898.jpg,960,733,train,train,2
4899,4899.jpg,960,1523,val,train,1
4901,4901.jpg,1080,1524,test,train,3
4903,4903.jpg,960,862,train,train,1
4904,4904.png,640,785,train,val,2
4906,4906.jpg,960,993,train,test,3
4907,4907.jpg,960,1203,train,train,2
4908,4908.jpg,960,733,train,train,1
4910,4910.png,640,1803,train,train,1
4912,4912.jpg,1080,1525,train,val,1
4913,4913.jpg,1600,1526,train,train,4
4917,4917.jpg,960,733,train,val,2
4919,4919.jpg,960,724,train,test,2
4920,4920.jpg,1080,1529,train,train,1
4921,4921.jpg,960,1341,train,train,3
4922,4922.jpg,960,730,test,test,4
4923,4923.png,640,1031,train,train,4
4924,4924.jpg,960,1530,train,train,1
4925,4925.jpg,1600,1531,test,train,2
4926,4926.png,640,684,train,train,1
4927,4927.jpg,640,1532,val,test,2
4929,4929.jpg,960,654,train,train,2
4930,4930.jpg,960,1534,test,train,1
4931,4931.jpg,960,1070,train,train,1
4932,4932.jpg,960,993,train,train,1
4933,4933.jpg,960,646,train,train,1
4935,4935.jpg,640,1536,val,val,1
4937,4937.jpg,960,685,val,train,1
4938,4938.png,640,1164,train,val,1
4939,4939.jpg,960,1537,test,train,6
4941,4941.jpg,960,871,train,test,1
4942,4942.jpg,960,660,train,train,3
4943,4943.jpg,1080,666,train,train,2
4944,4944.jpg,1600,1539,test,train,7
4945,4945.png,640,679,train,train,1
4946,4946.jpg,960,646,train,train,3
4947,4947.png,640,1540,test,train,2
4949,4949.jpg,960,871,train,train,2
4954,4954.png,640,1543,test,test,1
4955,4955.jpg,1600,1544,train,train,1
4957,4957.jpg,640,1545,val,train,1
4959,4959.jpg,960,786,test,train,1
4960,4960.jpg,960,1547,test,test,1
4961,4961.png,640,834,train,test,1
4962,4962.jpg,960,1548,test,train,2
4963,4963.jpg,960,1549,train,val,1
4965,4965.jpg,1080,1551,train,train,1
4966,4966.jpg,960,871,train,train,2
4967,4967.jpg,960,750,train,train,1
4969,4969.jpg,1080,1552,train,train,1
4971,4971.jpg,1600,1554,val,train,3
4973,4973.jpg,960,733,train,val,1
4974,4974.jpg,1080,1556,train,test,1
4978,4978.jpg,960,1316,train,train,3
4981,4981.jpg,960,654,train,train,3
4982,4982.jpg,960,1559,val,train,2
4983,4983.jpg,960,1350,val,test,2
4984,4984.jpg,1080,1560,test,val,1
4986,4986.jpg,960,1562,val,train,1
4987,4987.jpg,960,1562,val,train,1
4990,4990.jpg,960,1563,train,train,1
4991,4991.jpg,960,1563,train,train,1
4994,4994.jpg,1600,1565,val,train,1
4995,4995.jpg,1080,768,train,train,1
4996,4996.jpg,960,1566,test,test,1
4997,4997.jpg,960,646,train,train,3
4998,4998.jpg,960,646,train,train,2
4999,4999.jpg,960,654,train,train,1
5001,5001.jpg,960,1208,train,val,3
5003,5003.jpg,720,1568,test,test,1
5004,5004.jpg,960,1353,train,train,1
5005,5005.jpg,960,916,test,train,1
5007,5007.jpg,960,730,test,test,1
5008,5008.jpg,960,1070,train,train,2
5010,5010.jpg,1600,861,train,train,2
5012,5012.jpg,1080,1571,test,train,1
5013,5013.jpg,640,1572,val,val,1
5014,5014.jpg,960,1139,val,train,3
5015,5015.jpg,1080,1573,train,test,1
5017,5017.jpg,1080,1574,test,train,1
5020,5020.jpg,1080,1576,train,val,1
5021,5021.jpg,960,1162,train,train,3
5022,5022.jpg,960,924,train,train,1
5024,5024.jpg,1600,1578,train,train,1
5026,5026.jpg,960,1220,val,test,1
5027,5027.jpg,960,1580,train,train,1
5028,5028.png,640,1581,test,train,1
5031,5031.jpg,960,1316,train,train,2
5032,5032.jpg,960,910,train,train,2
5036,5036.jpg,960,813,val,train,1
5037,5037.jpg,960,1903,train,train,2
5038,5038.jpg,960,646,train,test,1
5039,5039.jpg,960,1006,train,val,1
5040,5040.jpg,1600,1585,test,train,1
5043,5043.jpg,960,871,train,train,2
5044,5044.jpg,960,1586,train,train,1
5045,5045.jpg,960,1342,train,train,1
5047,5047.jpg,960,687,train,train,3
5048,5048.jpg,960,733,train,test,1
5049,5049.jpg,960,1084,test,train,1
5050,5050.jpg,960,663,train,test,1
5052,5052.jpg,960,1549,train,train,1
5053,5053.jpg,1080,1588,train,test,1
5054,5054.jpg,960,842,train,val,2
5055,5055.jpg,960,1589,test,train,1
5056,5056.jpg,640,1590,val,train,1
5058,5058.jpg,960,646,train,train,6
5062,5062.jpg,960,1727,train,val,5
5064,5064.jpg,960,627,train,train,1
5066,5066.jpg,640,1592,test,train,5
5067,5067.jpg,960,1330,val,train,1
5068,5068.jpg,960,1593,test,train,1
5071,5071.jpg,960,627,train,train,2
5072,5072.jpg,640,1595,test,test,1
5073,5073.jpg,1080,1596,test,train,1
5076,5076.png,640,1121,train,val,1
5077,5077.jpg,1080,1145,train,train,2
5078,5078.jpg,960,1597,val,train,1
5079,5079.jpg,960,646,train,val,1
5084,5084.jpg,1600,1400,train,train,1
5085,5085.jpg,1080,1600,train,train,3
5087,5087.jpg,960,644,train,train,2
5092,5092.jpg,1600,1343,train,train,2
5093,5093.jpg,960,1605,train,train,1
5094,5094.png,640,1754,train,train,2
5095,5095.jpg,960,624,train,train,1
5096,5096.jpg,960,830,train,train,1
5098,5098.png,640,1606,val,train,1
5099,5099.jpg,960,646,train,train,2
5101,5101.jpg,960,646,train,train,1
5102,5102.jpg,960,1192,train,train,1
5105,5105.png,640,733,train,train,1
5106,5106.jpg,960,1608,val,train,2
5109,5109.jpg,960,1535,val,train,1
5111,5111.png,640,1034,train,test,1
5113,5113.jpg,640,1611,train,train,1
5116,5116.jpg,960,1613,val,train,1
5120,5120.jpg,960,1616,test,val,2
5122,5122.png,640,1034,train,train,1
5123,5123.png,640,1292,train,test,1
5124,5124.jpg,960,1617,val,train,2
5129,5129.png,640,1034,train,train,1
5130,5130.jpg,640,1620,val,train,1
5131,5131.jpg,960,646,train,train,3
5132,5132.png,640,965,train,train,3
5134,5134.jpg,960,902,test,train,1
5135,5135.jpg,960,1621,val,train,1
5137,5137.jpg,960,654,train,val,1
5141,5141.png,640,965,train,train,1
5142,5142.jpg,960,835,val,val,1
5145,5145.jpg,960,1623,val,train,1
5146,5146.jpg,960,1071,train,train,3
5147,5147.jpg,960,646,train,train,2
5148,5148.jpg,640,1624,val,train,2
5149,5149.jpg,640,1625,val,val,1
5152,5152.jpg,960,1627,val,test,2
5155,5155.jpg,960,411,val,train,1
5158,5158.jpg,960,63,train,train,5
5159,5159.png,640,73,train,val,1
5160,5160.png,640,1630,val,test,2
5161,5161.jpg,960,272,train,train,2
5162,5162.jpg,960,296,train,train,3
5163,5163.jpg,960,171,test,train,1
5164,5164.jpg,960,24,train,val,5
5165,5165.jpg,960,24,train,train,1
5166,5166.png,960,31,train,train,7
5167,5167.jpg,960,171,test,test,3
5168,5168.jpg,960,147,train,test,3
5169,5169.png,640,154,val,train,1
5171,5171.png,960,62,train,train,7
5172,5172.jpg,960,177,train,train,4
5173,5173.jpg,960,177,train,train,4
5175,5175.png,960,155,val,train,1
5176,5176.jpg,960,1633,val,train,3
5177,5177.jpg,960,272,train,train,2
5180,5180.jpg,960,224,train,val,11
5181,5181.jpg,960,0,train,train,7
5182,5182.jpg,960,126,train,train,2
5183,5183.png,960,31,train,train,1
5184,5184.jpg,960,5,train,train,5
5185,5185.png,640,1634,test,val,3
5187,5187.jpg,960,60,train,train,2
5188,5188.png,960,286,train,train,4
5190,5190.png,960,132,train,train,1
5191,5191.jpg,960,147,train,train,2
5192,5192.jpg,960,224,train,train,3
5193,5193.jpg,960,374,test,test,2
5194,5194.jpg,960,549,test,val,1
5197,5197.png,640,397,train,val,1
5199,5199.png,960,96,train,train,1
5201,5201.jpg,960,147,train,train,2
5202,5202.jpg,960,171,test,train,1
5203,5203.jpg,960,97,train,train,2
5204,5204.png,960,8,val,test,5
5205,5205.png,960,31,train,train,2
5207,5207.jpg,960,24,train,val,2
5208,5208.jpg,960,24,train,test,8
5210,5210.png,640,1637,test,train,2
5211,5211.jpg,960,475,train,train,2
5212,5212.png,640,1638,val,train,2
5214,5214.jpg,960,89,train,val,7
5218,5218.png,960,168,train,test,5
5219,5219.png,640,397,train,val,10
5221,5221.png,640,1640,test,train,1
5223,5223.jpg,960,375,test,train,3
5224,5224.jpg,960,24,train,test,1
5225,5225.jpg,960,589,test,val,3
5226,5226.jpg,960,162,train,val,7
5227,5227.png,640,73,train,train,1
5229,5229.jpg,960,41,train,train,1
5230,5230.jpg,960,391,train,val,3
5231,5231.jpg,960,60,train,train,6
5232,5232.jpg,960,41,train,train,1
5233,5233.jpg,960,41,train,train,2
5234,5234.jpg,960,0,train,train,1
5235,5235.png,960,168,train,val,6
5236,5236.png,960,28,train,train,6
5237,5237.jpg,960,24,train,test,6
5238,5238.jpg,960,63,train,test,8
5239,5239.png,960,42,train,test,3
5241,5241.png,960,31,train,train,5
5242,5242.png,960,175,test,val,7
5245,5245.jpg,960,12,train,train,5
5246,5246.png,960,45,train,val,5
5247,5247.jpg,960,165,train,train,9
5248,5248.jpg,960,89,train,train,3
5249,5249.png,960,114,train,train,2
5250,5250.jpg,960,99,val,val,6
5252,5252.jpg,960,0,train,train,6
5253,5253.jpg,960,0,train,train,8
5254,5254.jpg,960,24,train,test,3
5255,5255.png,640,355,train,train,1
5256,5256.png,960,81,train,train,1
5257,5257.jpg,960,66,test,test,2
5258,5258.jpg,960,24,train,train,1
5259,5259.jpg,960,41,train,test,1
5260,5260.png,960,25,train,val,19
5261,5261.jpg,960,147,train,train,1
5263,5263.jpg,960,0,train,train,5
5264,5264.png,640,9,train,train,4
5265,5265.png,960,445,train,test,1
5266,5266.jpg,960,41,train,train,2
5267,5267.png,960,106,train,train,9
5268,5268.png,960,28,train,train,2
5269,5269.png,960,90,test,test,6
5270,5270.png,960,352,test,val,5
5271,5271.jpg,960,538,test,train,1
5273,5273.png,960,314,val,test,7
5274,5274.jpg,960,41,train,train,5
5275,5275.jpg,960,177,train,train,2
5276,5276.png,960,107,val,test,3
5278,5278.jpg,960,97,train,train,2
5279,5279.jpg,960,176,val,test,3
5281,5281.jpg,960,147,train,train,1
5282,5282.jpg,960,41,train,val,4
5283,5283.png,640,520,val,val,6
5284,5284.png,960,49,train,train,4
5285,5285.png,640,61,train,train,4
5286,5286.jpg,960,24,train,train,1
5288,5288.png,960,28,train,test,3
5289,5289.png,640,355,train,train,1
5290,5290.png,960,135,train,train,1
5293,5293.png,960,1642,test,train,3
5294,5294.png,640,73,train,train,5
5295,5295.jpg,960,171,test,train,2
5296,5296.jpg,960,1643,test,train,3
5297,5297.jpg,960,24,train,train,3
5298,5298.png,640,1644,test,train,5
5300,5300.png,960,1645,test,train,1
5301,5301.jpg,960,294,train,train,2
5305,5305.jpg,960,0,train,train,3
5306,5306.jpg,960,89,train,test,4
5307,5307.jpg,960,147,train,train,2
5308,5308.jpg,960,60,train,train,4
5309,5309.jpg,960,12,train,val,2
5310,5310.png,960,186,train,train,8
5311,5311.png,640,1647,test,train,2
5312,5312.jpg,960,0,train,train,2
5313,5313.jpg,960,27,train,train,8
5314,5314.png,960,168,train,val,2
5316,5316.png,960,11,train,train,1
5317,5317.jpg,960,41,train,train,1
5318,5318.png,640,1648,val,train,2
5319,5319.jpg,960,580,test,train,7
5321,5321.jpg,960,12,train,train,4
5322,5322.jpg,960,0,train,train,5
5323,5323.png,960,96,train,train,4
5324,5324.jpg,960,0,train,train,7
5325,5325.jpg,960,60,train,train,4
5326,5326.jpg,960,41,train,val,4
5327,5327.jpg,960,41,train,train,5
5328,5328.jpg,960,41,train,train,8
5330,5330.png,640,1650,val,test,2
5331,5331.jpg,960,41,train,train,2
5332,5332.png,960,49,train,val,11
5333,5333.png,960,106,train,train,4
5335,5335.png,960,105,train,train,1
5337,5337.png,640,73,train,train,4
5338,5338.jpg,960,60,train,train,1
5340,5340.png,960,225,val,train,1
5341,5341.jpg,960,272,train,train,4
5344,5344.png,960,31,train,train,1
5345,5345.jpg,960,60,train,train,4
5346,5346.png,960,62,train,train,6
5347,5347.jpg,960,165,train,train,4
5348,5348.png,960,286,train,train,4
5349,5349.jpg,960,272,train,test,2
5350,5350.jpg,960,41,train,train,4
5351,5351.jpg,960,280,train,train,2
5352,5352.png,960,107,val,train,8
5353,5353.jpg,960,12,train,val,2
5354,5354.jpg,960,24,train,train,6
5355,5355.jpg,960,1364,val,val,1
5356,5356.png,640,616,train,train,3
5357,5357.jpg,960,747,test,train,3
5358,5358.jpg,640,1651,val,train,2
5359,5359.png,640,965,train,train,9
5360,5360.jpg,960,654,train,val,4
5361,5361.png,640,815,train,val,3
5362,5362.jpg,1600,1652,train,train,3
5363,5363.jpg,1600,1653,train,train,1
5364,5364.jpg,960,602,val,train,2
5365,5365.jpg,1080,1654,val,train,3
5366,5366.jpg,960,1313,train,train,7
5367,5367.jpg,1600,1655,val,val,4
5368,5368.jpg,960,714,train,train,5
5369,5369.jpg,960,764,train,train,5
5370,5370.png,640,807,train,train,2
5371,5371.png,640,965,train,test,4
5372,5372.jpg,640,1656,train,train,2
5373,5373.jpg,960,1318,train,val,4
5374,5374.jpg,960,856,test,val,1
5375,5375.jpg,960,978,train,train,7
5376,5376.png,640,794,train,train,5
5377,5377.jpg,960,932,train,train,8
5378,5378.jpg,960,631,train,train,1
5379,5379.jpg,1080,1657,train,train,3
5380,5380.jpg,960,1658,test,val,1
5381,5381.jpg,1080,1659,train,train,2
5382,5382.jpg,960,733,train,train,6
5383,5383.png,640,1660,val,test,3
5384,5384.jpg,960,733,train,test,5
5385,5385.jpg,640,1661,train,train,1
5386,5386.png,640,1662,test,train,2
5387,5387.png,640,1292,train,train,4
5388,5388.png,640,1663,train,val,1
5389,5389.png,640,1664,test,train,3
5390,5390.jpg,960,654,train,train,4
5391,5391.png,640,1238,test,val,4
5392,5392.jpg,960,1192,train,val,2
5393,5393.jpg,960,830,train,train,3
5394,5394.jpg,960,869,train,train,6
5395,5395.jpg,960,830,train,train,2
5396,5396.jpg,960,752,val,val,3
5397,5397.png,640,1665,train,val,1
5398,5398.jpg,640,1666,val,train,4
5399,5399.jpg,960,1903,train,train,5
5400,5400.jpg,960,617,test,train,2
5401,5401.png,640,751,train,train,3
5402,5402.jpg,1080,1667,val,train,1
5403,5403.jpg,960,646,train,train,6
5404,5404.png,640,1668,test,train,5
5405,5405.jpg,960,1727,train,val,12
5406,5406.png,640,1153,train,train,2
5407,5407.jpg,640,1669,val,train,4
5408,5408.jpg,960,1162,train,train,1
5409,5409.jpg,1600,1670,val,test,2
5410,5410.png,640,1671,train,train,2
5411,5411.jpg,960,958,train,train,2
5412,5412.jpg,640,1672,val,val,3
5413,5413.png,640,1803,train,train,3
5414,5414.jpg,960,830,train,train,1
5416,5416.png,640,1673,val,train,2
5417,5417.jpg,960,1903,train,train,2
5418,5418.jpg,720,1674,train,train,6
5419,5419.jpg,960,856,test,train,2
5420,5420.jpg,960,1675,train,test,8
5421,5421.png,640,1127,test,test,4
5422,5422.jpg,960,1676,test,train,1
5423,5423.png,640,1677,val,train,3
5424,5424.png,640,1678,test,train,4
5425,5425.jpg,960,714,train,train,3
5427,5427.jpg,960,1680,val,train,2
5428,5428.jpg,960,1681,test,train,5
5429,5429.png,640,1682,val,train,2
5430,5430.jpg,1600,1683,train,val,3
5431,5431.png,640,1684,train,val,1
5432,5432.jpg,960,1685,train,train,1
5433,5433.jpg,960,1250,train,test,3
5434,5434.jpg,960,646,train,val,5
5435,5435.jpg,960,716,train,train,5
5436,5436.jpg,960,1686,val,train,6
5437,5437.jpg,960,842,train,train,7
5439,5439.png,640,1688,test,train,3
5440,5440.png,640,785,train,test,1
5441,5441.png,640,1031,train,train,4
5442,5442.png,640,1689,val,train,1
5443,5443.jpg,960,1155,test,train,3
5444,5444.png,640,1690,val,train,4
5445,5445.jpg,640,1691,val,test,6
5446,5446.png,640,651,train,train,1
5447,5447.png,640,1692,test,train,1
5448,5448.jpg,960,733,train,train,9
5449,5449.png,640,789,train,train,5
5450,5450.png,640,1693,train,val,3
5451,5451.jpg,960,733,train,val,4
5452,5452.jpg,960,1694,val,val,1
5453,5453.jpg,960,1695,train,train,2
5454,5454.jpg,960,1376,test,train,1
5455,5455.jpg,1600,1696,test,test,6
5456,5456.png,640,1697,train,train,3
5457,5457.jpg,960,646,train,train,7
5458,5458.jpg,960,1698,train,train,8
5459,5459.jpg,960,693,train,train,6
5460,5460.jpg,960,830,train,val,3
5462,5462.jpg,960,733,train,train,3
5464,5464.jpg,960,1700,test,val,3
5465,5465.jpg,960,1516,val,test,1
5466,5466.jpg,960,830,train,val,1
5467,5467.jpg,720,1701,test,train,2
5468,5468.png,640,598,train,train,8
5469,5469.jpg,960,646,train,test,1
5470,5470.jpg,960,1220,val,val,2
5471,5471.jpg,640,1702,val,train,2
5472,5472.jpg,960,869,train,train,3
5473,5473.png,640,1668,test,train,1
5474,5474.png,640,1703,train,train,2
5475,5475.jpg,960,646,train,train,13
5476,5476.jpg,960,733,train,test,3
5477,5477.png,640,1420,val,train,4
5478,5478.jpg,640,1358,train,train,1
5479,5479.png,640,1011,train,val,1
5480,5480.jpg,960,869,train,train,3
5481,5481.jpg,960,600,train,train,2
5482,5482.png,640,1144,train,train,4
5483,5483.jpg,1600,1550,train,train,5
5484,5484.png,640,849,train,train,2
5485,5485.jpg,960,1704,train,train,1
5486,5486.jpg,960,1705,test,train,1
5487,5487.jpg,960,612,test,val,2
5488,5488.png,640,1706,test,train,1
5490,5490.png,640,1198,test,train,2
5491,5491.jpg,960,1353,train,test,7
5492,5492.jpg,960,1426,train,val,3
5493,5493.png,640,803,val,train,2
5494,5494.jpg,1080,1708,train,train,1
5495,5495.png,640,1002,val,val,8
5496,5496.jpg,960,1709,train,train,4
5497,5497.jpg,960,1710,test,train,4
5498,5498.jpg,1080,1457,train,train,5
5499,5499.jpg,720,1711,train,train,2
5500,5500.jpg,960,1712,val,test,6
5501,5501.jpg,960,871,train,train,6
5502,5502.jpg,960,733,train,train,4
5503,5503.jpg,960,646,train,train,1
5504,5504.jpg,960,694,train,train,1
5505,5505.jpg,1080,1713,train,train,3
5506,5506.jpg,640,1714,test,test,2
5507,5507.jpg,960,733,train,train,8
5508,5508.jpg,960,786,test,train,1
5509,5509.jpg,1080,1715,train,train,4
5510,5510.jpg,960,778,train,train,10
5511,5511.jpg,1080,1716,train,train,1
5512,5512.jpg,960,1203,train,train,4
5513,5513.png,640,1717,train,test,3
5514,5514.png,640,1309,train,test,2
5515,5515.jpg,640,1718,val,train,2
5516,5516.jpg,960,869,train,train,5
5517,5517.jpg,960,733,train,val,5
5518,5518.jpg,960,701,train,train,6
5519,5519.jpg,960,1727,train,train,12
5520,5520.jpg,960,830,train,train,2
5521,5521.png,640,1482,train,val,3
5522,5522.jpg,960,733,train,train,5
5523,5523.jpg,960,649,train,train,1
5524,5524.png,640,1719,test,train,4
5525,5525.jpg,640,1720,test,train,3
5526,5526.jpg,960,1069,test,train,2
5527,5527.png,640,731,train,train,3
5528,5528.jpg,960,733,train,train,10
5529,5529.jpg,960,717,train,train,6
5530,5530.png,640,1125,val,train,5
5531,5531.jpg,960,1698,train,train,6
5532,5532.jpg,960,646,train,train,4
5533,5533.jpg,960,902,test,train,3
5534,5534.jpg,960,902,test,train,3
5535,5535.png,640,965,train,train,1
5536,5536.jpg,960,893,test,train,2
5537,5537.jpg,960,646,train,train,7
5538,5538.jpg,960,826,train,train,6
5539,5539.jpg,960,627,train,val,8
5540,5540.jpg,1080,1721,train,val,2
5541,5541.jpg,960,1722,val,train,1
5542,5542.jpg,720,1723,train,test,7
5543,5543.jpg,960,646,train,train,5
5544,5544.jpg,960,932,train,train,7
5545,5545.jpg,960,627,train,train,2
5546,5546.png,640,1465,train,train,2
5547,5547.png,640,1724,train,train,1
5548,5548.jpg,1080,1725,test,train,7
5549,5549.jpg,960,1376,test,train,2
5550,5550.jpg,960,615,test,train,4
5551,5551.jpg,960,871,train,train,4
5552,5552.png,640,965,train,train,6
5553,5553.jpg,960,1903,train,val,2
5554,5554.png,640,1355,val,train,5
5555,5555.png,640,1158,train,train,2
5556,5556.jpg,960,687,train,train,31
5558,5558.jpg,960,1366,train,train,1
5559,5559.png,640,784,train,test,2
5561,5561.jpg,960,650,test,train,5
5562,5562.jpg,960,1726,test,train,2
5563,5563.jpg,960,786,test,train,1
5564,5564.jpg,960,1727,train,val,9
5566,5566.jpg,1080,1729,val,test,3
5567,5567.jpg,960,1730,test,test,6
5568,5568.jpg,960,1731,val,train,1
5569,5569.png,640,965,train,val,3
5570,5570.jpg,1080,1573,train,test,2
5571,5571.jpg,1080,1732,train,train,1
5574,5574.jpg,1080,1734,train,val,1
5575,5575.jpg,1600,1735,train,val,1
5576,5576.jpg,960,1736,test,test,1
5577,5577.jpg,960,733,train,train,2
5578,5578.jpg,1080,1737,train,train,3
5579,5579.jpg,960,1738,train,train,1
5581,5581.jpg,960,1903,train,train,3
5583,5583.jpg,1080,1739,train,val,2
5584,5584.png,640,1292,train,train,1
5585,5585.jpg,960,910,train,train,11
5586,5586.png,640,1031,train,train,5
5587,5587.png,640,849,train,train,1
5588,5588.jpg,720,1740,val,train,2
5589,5589.png,640,796,train,train,12
5590,5590.jpg,960,646,train,train,2
5591,5591.png,640,1741,val,train,1
5592,5592.png,640,1742,train,train,2
5593,5593.jpg,1600,1743,train,train,2
5594,5594.png,640,810,train,val,1
5596,5596.jpg,960,1375,train,test,9
5597,5597.jpg,960,871,train,train,2
5598,5598.jpg,960,871,train,val,2
5599,5599.jpg,960,1040,val,train,4
5600,5600.jpg,960,646,train,train,4
5602,5602.jpg,960,693,train,train,1
5603,5603.jpg,960,798,test,test,1
5604,5604.png,640,965,train,train,1
5608,5608.jpg,960,871,train,test,2
5609,5609.png,640,965,train,val,1
5610,5610.jpg,1600,1746,train,train,3
5611,5611.jpg,960,1747,val,test,8
5612,5612.jpg,960,1426,train,val,1
5613,5613.jpg,960,871,train,train,5
5614,5614.jpg,640,1748,test,train,1
5615,5615.jpg,960,902,test,val,1
5616,5616.jpg,1080,1749,train,train,1
5617,5617.jpg,960,733,train,test,6
5618,5618.jpg,960,910,train,train,7
5620,5620.png,640,757,val,train,1
5621,5621.jpg,1080,1750,train,train,4
5622,5622.jpg,640,1751,test,train,5
5625,5625.jpg,960,1752,test,train,2
5626,5626.png,640,965,train,train,2
5627,5627.jpg,960,1903,train,train,3
5628,5628.jpg,960,1698,train,train,10
5629,5629.jpg,960,624,train,train,9
5630,5630.jpg,960,646,train,train,2
5631,5631.jpg,960,693,train,train,2
5632,5632.jpg,960,634,train,train,2
5633,5633.jpg,1600,1384,train,train,4
5634,5634.jpg,640,1753,train,test,1
5635,5635.jpg,1080,1312,train,train,4
5636,5636.jpg,1080,772,train,train,3
5637,5637.png,640,1754,train,val,1
5638,5638.jpg,960,869,train,train,1
5639,5639.jpg,960,621,train,test,3
5640,5640.png,640,1158,train,train,1
5642,5642.png,640,794,train,val,1
5644,5644.jpg,960,1757,test,train,13
5645,5645.jpg,720,1758,train,train,1
5646,5646.png,640,1759,test,test,3
5647,5647.jpg,960,1095,train,train,1
5648,5648.jpg,1600,1760,train,train,1
5650,5650.jpg,1080,1762,train,train,3
5651,5651.jpg,960,646,train,train,1
5653,5653.jpg,960,1903,train,val,1
5654,5654.png,640,965,train,val,2
5655,5655.jpg,640,1763,val,train,8
5656,5656.jpg,960,733,train,train,6
5658,5658.png,640,810,train,train,3
5659,5659.jpg,960,646,train,train,5
5661,5661.jpg,960,1205,val,val,3
5662,5662.jpg,960,733,train,train,3
5663,5663.jpg,1080,1765,train,train,2
5664,5664.jpg,960,693,train,val,2
5665,5665.jpg,960,958,train,train,1
5666,5666.png,640,1766,test,train,7
5667,5667.jpg,1080,1767,train,train,2
5668,5668.jpg,1080,1768,train,train,2
5669,5669.jpg,1080,850,train,train,3
5670,5670.jpg,960,1769,train,train,7
5671,5671.jpg,960,646,train,train,2
5672,5672.png,640,760,val,train,5
5673,5673.jpg,960,871,train,train,7
5674,5674.jpg,1600,1770,test,train,7
5675,5675.jpg,960,869,train,train,1
5676,5676.jpg,960,840,val,train,2
5677,5677.jpg,960,869,train,val,4
5678,5678.png,640,965,train,train,1
5680,5680.jpg,960,646,train,test,7
5681,5681.jpg,960,1771,val,test,2
5682,5682.jpg,960,1685,train,train,1
5683,5683.jpg,960,624,train,train,1
5684,5684.png,640,1772,train,val,3
5685,5685.jpg,960,817,test,train,1
5686,5686.jpg,960,717,train,test,4
5687,5687.png,640,1449,train,test,2
5688,5688.jpg,960,1773,val,train,1
5689,5689.jpg,960,646,train,test,11
5690,5690.jpg,960,1587,test,train,1
5691,5691.png,640,1027,train,train,2
5692,5692.jpg,1080,1774,train,train,8
5693,5693.jpg,1080,1775,train,train,8
5694,5694.jpg,640,1776,val,train,1
5695,5695.jpg,1080,1777,train,train,6
5696,5696.jpg,960,830,train,train,4
5697,5697.jpg,960,1778,val,train,1
5698,5698.jpg,960,733,train,train,12
5699,5699.jpg,960,871,train,train,4
5700,5700.jpg,960,1698,train,train,15
5701,5701.jpg,960,1070,train,train,3
5702,5702.png,640,1148,train,test,1
5703,5703.jpg,960,1203,train,val,3
5704,5704.jpg,1600,1779,test,val,2
5705,5705.jpg,960,1727,train,val,8
5706,5706.jpg,960,1903,train,train,3
5707,5707.jpg,960,958,train,train,2
5708,5708.jpg,960,869,train,train,2
5709,5709.png,640,1309,train,test,1
5710,5710.png,640,849,train,train,1
5711,5711.jpg,1080,1780,val,train,4
5713,5713.jpg,960,1781,train,val,1
5714,5714.png,640,974,train,train,2
5715,5715.jpg,960,1547,test,val,1
5716,5716.jpg,960,687,train,train,23
5717,5717.jpg,960,627,train,train,4
5718,5718.png,640,849,train,train,1
5719,5719.jpg,720,1782,train,val,4
5720,5720.png,640,1188,train,train,1
5721,5721.jpg,960,1783,test,train,1
5722,5722.jpg,960,1727,train,train,17
5723,5723.jpg,960,646,train,train,5
5724,5724.jpg,960,830,train,train,3
5725,5725.jpg,640,1784,val,val,6
5726,5726.jpg,960,813,val,train,2
5727,5727.png,640,964,train,train,3
5728,5728.jpg,960,1785,val,train,4
5729,5729.jpg,960,1786,val,train,1
5730,5730.jpg,960,646,train,test,3
5731,5731.png,640,672,train,train,2
5732,5732.png,640,965,train,train,1
5733,5733.jpg,1080,1787,val,train,9
5734,5734.jpg,960,958,train,train,1
5735,5735.jpg,960,1788,val,train,3
5737,5737.jpg,960,764,train,train,3
5738,5738.jpg,960,1790,val,test,4
5739,5739.jpg,1080,1791,test,test,1
5740,5740.png,640,651,train,train,1
5741,5741.jpg,720,1792,train,val,1
5743,5743.png,640,965,train,train,1
5744,5744.png,640,1903,train,train,4
5745,5745.png,640,965,train,train,1
5746,5746.jpg,960,1794,val,train,6
5748,5748.jpg,960,1796,test,train,7
5749,5749.jpg,960,1797,test,train,1
5750,5750.jpg,1080,1798,train,train,1
5751,5751.jpg,640,897,train,train,1
5752,5752.png,640,704,train,train,1
5754,5754.jpg,960,1800,test,train,2
5755,5755.jpg,960,1007,train,train,3
5756,5756.png,640,1396,train,train,2
5757,5757.jpg,960,1801,val,train,3
5758,5758.jpg,1080,1802,train,train,1
5760,5760.jpg,960,750,train,train,3
5762,5762.jpg,960,869,train,train,1
5763,5763.png,640,1803,train,train,1
5764,5764.jpg,1600,1804,val,train,2
5766,5766.jpg,960,985,test,train,1
5767,5767.jpg,720,1806,train,train,5
5768,5768.png,640,965,train,train,1
5770,5770.jpg,960,997,test,train,2
5772,5772.jpg,960,854,test,train,1
5773,5773.png,640,965,train,train,1
5774,5774.jpg,1080,921,train,train,2
5775,5775.jpg,960,627,train,test,1
5776,5776.jpg,1600,1808,val,val,1
5778,5778.jpg,960,2249,test,train,1
5780,5780.jpg,960,687,train,train,1
5781,5781.png,640,691,train,train,1
5782,5782.jpg,960,1810,train,test,1
5783,5783.jpg,1080,1811,test,test,1
5784,5784.jpg,1080,1552,train,train,2
5785,5785.jpg,960,733,train,train,3
5786,5786.jpg,960,1812,val,train,3
5787,5787.jpg,1080,1813,train,train,1
5788,5788.jpg,960,1192,train,train,4
5789,5789.jpg,960,1903,train,test,3
5790,5790.jpg,960,1814,test,test,4
5791,5791.jpg,640,1815,test,val,2
5792,5792.jpg,960,786,test,train,3
5793,5793.jpg,960,646,train,train,1
5794,5794.jpg,960,1203,train,train,4
5796,5796.jpg,1080,1817,train,train,4
5797,5797.jpg,960,733,train,val,2
5798,5798.jpg,960,978,train,test,7
5799,5799.jpg,960,654,train,train,1
5800,5800.jpg,960,988,train,train,6
5801,5801.jpg,960,869,train,train,1
5802,5802.jpg,960,1192,train,val,4
5803,5803.jpg,960,1070,train,test,5
5804,5804.jpg,960,1818,test,train,2
5806,5806.jpg,960,1203,train,test,4
5807,5807.jpg,960,801,val,train,1
5809,5809.jpg,960,733,train,val,4
5812,5812.jpg,960,716,train,train,2
5814,5814.jpg,960,733,train,train,3
5815,5815.jpg,960,1303,val,val,3
5818,5818.jpg,720,1825,train,train,1
5819,5819.jpg,960,1149,val,train,1
5820,5820.png,640,1826,test,train,2
5821,5821.jpg,1080,1416,train,train,1
5822,5822.jpg,960,646,train,train,2
5823,5823.png,640,810,train,train,1
5825,5825.jpg,960,871,train,train,2
5826,5826.jpg,960,1827,train,train,1
5828,5828.jpg,960,842,train,train,3
5829,5829.jpg,960,1444,test,train,2
5830,5830.jpg,960,871,train,test,1
5831,5831.jpg,960,1444,test,train,2
5833,5833.jpg,960,1828,val,train,2
5834,5834.jpg,960,733,train,test,2
5835,5835.png,640,1829,test,val,1
5836,5836.jpg,960,646,train,train,4
5839,5839.jpg,960,862,train,train,1
5840,5840.jpg,960,830,train,train,1
5841,5841.jpg,1600,1005,train,train,1
5842,5842.jpg,1080,1830,train,test,1
5843,5843.jpg,1600,1831,test,train,2
5844,5844.jpg,1080,1832,test,test,1
5845,5845.jpg,960,701,train,train,7
5846,5846.jpg,720,1833,train,train,1
5847,5847.png,640,965,train,train,1
5849,5849.jpg,960,617,test,train,6
5850,5850.jpg,960,1834,val,val,4
5851,5851.png,640,1835,test,train,1
5852,5852.jpg,640,1836,val,train,1
5853,5853.jpg,960,1203,train,train,5
5854,5854.png,640,760,val,train,1
5855,5855.jpg,1600,1837,train,train,3
5856,5856.jpg,1600,1838,val,train,1
5857,5857.jpg,960,733,train,test,2
5858,5858.jpg,960,1903,train,train,1
5859,5859.jpg,1080,1839,test,val,2
5861,5861.jpg,960,733,train,train,3
5862,5862.jpg,960,924,train,train,1
5863,5863.png,640,729,train,val,1
5864,5864.jpg,640,897,train,val,2
5865,5865.jpg,1080,1841,train,train,1
5867,5867.jpg,960,1842,train,train,2
5868,5868.png,640,1843,train,val,1
5869,5869.png,640,1482,train,train,2
5870,5870.png,640,810,train,train,1
5871,5871.jpg,1080,1844,test,val,4
5872,5872.jpg,1080,1845,train,val,2
5874,5874.jpg,960,998,test,val,4
5875,5875.jpg,1600,956,train,train,1
5876,5876.jpg,1080,1846,test,val,2
5877,5877.jpg,960,806,train,train,2
5879,5879.jpg,960,733,train,test,8
5880,5880.jpg,960,1162,train,val,11
5882,5882.jpg,1600,1848,test,train,2
5883,5883.jpg,1080,1849,train,train,1
5884,5884.png,640,1228,train,train,1
5886,5886.jpg,960,654,train,train,1
5887,5887.jpg,1600,1850,train,train,1
5888,5888.jpg,1080,1851,train,train,3
5889,5889.jpg,1600,1852,val,train,2
5890,5890.jpg,960,1853,val,test,1
5891,5891.jpg,960,629,train,test,2
5892,5892.jpg,1080,1854,train,train,2
5893,5893.jpg,960,646,train,train,3
5895,5895.png,640,1855,train,train,1
5896,5896.jpg,960,976,test,train,1
5897,5897.jpg,960,733,train,val,2
5899,5899.jpg,960,693,train,train,1
5900,5900.jpg,1080,1856,train,val,1
5901,5901.jpg,960,646,train,train,4
5902,5902.jpg,640,1857,test,train,5
5904,5904.jpg,1080,850,train,train,1
5905,5905.jpg,960,1162,train,train,12
5906,5906.png,640,843,train,train,1
5907,5907.jpg,960,627,train,train,3
5910,5910.png,640,1282,train,train,1
5912,5912.png,640,731,train,test,1
5913,5913.png,640,803,val,train,1
5914,5914.jpg,720,1860,val,train,5
5915,5915.png,640,707,train,val,1
5916,5916.jpg,960,646,train,val,1
5918,5918.jpg,960,1861,train,train,1
5919,5919.jpg,1080,1862,test,val,3
5920,5920.jpg,960,1863,val,train,2
5922,5922.png,640,616,train,train,9
5925,5925.png,640,1240,test,train,2
5928,5928.png,640,796,train,test,1
5929,5929.jpg,960,830,train,train,2
5930,5930.jpg,960,733,train,train,2
5931,5931.jpg,960,869,train,train,1
5932,5932.jpg,960,646,train,val,1
5933,5933.jpg,720,1866,test,val,1
5934,5934.jpg,960,958,train,train,2
5935,5935.jpg,960,1867,test,val,5
5936,5936.png,640,843,train,train,1
5937,5937.jpg,960,830,train,train,1
5938,5938.jpg,960,1426,train,train,4
5939,5939.jpg,1080,1868,train,test,2
5940,5940.jpg,960,1303,val,train,5
5942,5942.jpg,960,1375,train,val,1
5943,5943.jpg,960,1135,val,train,2
5944,5944.jpg,960,830,train,train,6
5946,5946.jpg,960,869,train,train,1
5947,5947.jpg,960,958,train,train,1
5948,5948.jpg,720,1869,train,train,4
5949,5949.jpg,960,1230,val,train,2
5950,5950.jpg,1080,1870,train,test,1
5951,5951.jpg,960,871,train,train,2
5952,5952.jpg,1080,1871,train,train,3
5953,5953.jpg,960,754,test,train,1
5956,5956.png,640,797,train,train,2
5957,5957.jpg,960,631,train,train,4
5958,5958.jpg,960,1872,test,train,6
5959,5959.jpg,640,1873,test,test,1
5960,5960.jpg,1080,1219,train,train,4
5961,5961.jpg,960,825,val,train,18
5963,5963.jpg,960,871,train,train,2
5964,5964.jpg,640,1874,val,train,6
5965,5965.jpg,960,830,train,train,7
5966,5966.jpg,960,1014,train,test,15
5967,5967.jpg,1600,833,train,train,9
5968,5968.jpg,720,1875,train,val,4
5969,5969.png,640,651,train,train,4
5970,5970.png,640,849,train,val,3
5971,5971.jpg,960,857,train,train,2
5972,5972.jpg,1600,1876,train,train,2
5973,5973.jpg,960,993,train,val,14
5974,5974.jpg,960,1987,test,train,4
5975,5975.png,640,1282,train,train,1
5976,5976.jpg,720,1877,val,val,3
5978,5978.jpg,960,1878,test,train,12
5980,5980.jpg,960,1879,test,train,2
5982,5982.jpg,960,1880,train,train,2
5983,5983.jpg,1600,1881,train,train,1
5984,5984.jpg,1080,1882,train,train,2
5985,5985.png,640,763,train,train,4
5986,5986.jpg,720,1883,train,train,2
5987,5987.jpg,960,902,test,val,1
5988,5988.jpg,960,646,train,val,5
5989,5989.jpg,960,631,train,train,8
5990,5990.jpg,960,806,train,train,2
5991,5991.png,640,1803,train,val,2
5992,5992.jpg,960,627,train,train,1
5993,5993.jpg,960,1059,val,train,15
5994,5994.jpg,960,649,train,test,3
5995,5995.jpg,960,869,train,train,2
5996,5996.jpg,960,1035,val,train,6
5997,5997.jpg,960,1884,val,train,1
5998,5998.jpg,960,871,train,train,2
5999,5999.png,640,1885,train,train,1
6000,6000.jpg,1080,1886,val,train,7
6001,6001.jpg,960,1092,val,val,9
6002,6002.jpg,960,928,val,train,8
6003,6003.jpg,960,1887,val,val,12
6004,6004.jpg,960,748,val,train,2
6006,6006.jpg,960,869,train,train,6
6007,6007.png,640,834,train,test,3
6010,6010.jpg,1080,905,train,val,8
6011,6011.jpg,960,686,train,train,1
6012,6012.png,640,1889,val,train,3
6013,6013.jpg,960,1890,val,train,3
6014,6014.jpg,960,663,train,train,4
6015,6015.jpg,960,1444,test,train,6
6016,6016.jpg,960,1891,test,train,7
6017,6017.jpg,960,714,train,train,5
6018,6018.jpg,960,1892,train,train,5
6019,6019.jpg,960,1893,val,train,1
6020,6020.png,640,819,test,train,3
6021,6021.jpg,960,917,val,train,2
6022,6022.jpg,960,1007,train,train,5
6023,6023.png,640,965,train,train,4
6024,6024.jpg,960,617,test,train,19
6025,6025.png,640,1011,train,train,1
6026,6026.jpg,960,1095,train,test,3
6027,6027.png,640,710,test,val,1
6028,6028.jpg,960,1330,val,train,9
6029,6029.jpg,960,1250,train,val,2
6031,6031.jpg,1600,1895,val,val,6
6033,6033.jpg,960,1389,train,train,11
6034,6034.jpg,960,627,train,train,2
6035,6035.jpg,1080,921,train,train,2
6036,6036.jpg,960,1289,val,test,2
6037,6037.jpg,960,1896,test,val,2
6038,6038.png,640,693,train,train,6
6039,6039.jpg,960,744,train,test,6
6040,6040.jpg,640,1897,val,train,6
6041,6041.jpg,960,858,val,val,1
6042,6042.jpg,1600,1898,train,train,1
6043,6043.jpg,720,1899,train,train,4
6044,6044.jpg,960,713,test,train,1
6045,6045.jpg,960,830,train,train,2
6046,6046.png,640,1900,train,train,6
6047,6047.jpg,720,1901,train,train,4
6049,6049.jpg,960,1124,train,test,5
6050,6050.jpg,960,646,train,train,4
6051,6051.jpg,960,1658,test,train,3
6052,6052.jpg,960,739,train,train,2
6054,6054.png,640,1612,test,test,2
6055,6055.png,640,1153,train,train,2
6056,6056.jpg,960,714,train,val,3
6057,6057.png,640,1903,train,train,15
6058,6058.jpg,1600,1904,train,train,6
6060,6060.png,640,765,train,train,2
6061,6061.png,640,1292,train,train,2
6063,6063.jpg,960,1906,test,test,9
6065,6065.jpg,1600,1908,val,test,9
6067,6067.jpg,960,1909,test,test,4
6068,6068.jpg,1600,1910,train,train,2
6069,6069.png,640,1911,train,train,1
6070,6070.png,640,1116,test,test,7
6071,6071.png,640,1240,test,test,2
6072,6072.jpg,960,1912,train,train,8
6073,6073.png,640,614,train,val,2
6074,6074.jpg,1600,1913,train,train,5
6075,6075.png,640,765,train,train,5
6076,6076.jpg,960,627,train,test,5
6077,6077.jpg,960,624,train,train,10
6079,6079.jpg,960,646,train,train,6
6080,6080.jpg,1080,1914,val,train,6
6081,6081.jpg,960,888,test,test,1
6082,6082.jpg,1080,1915,test,train,4
6083,6083.jpg,1080,1916,val,test,2
6084,6084.jpg,1080,1917,test,val,5
6085,6085.jpg,960,862,train,train,13
6086,6086.jpg,960,869,train,train,6
6087,6087.jpg,640,1918,test,val,5
6088,6088.jpg,960,1919,val,test,5
6089,6089.png,640,1703,train,val,3
6090,6090.jpg,640,1920,test,train,3
6091,6091.jpg,960,654,train,train,7
6092,6092.jpg,960,1698,train,train,9
6093,6093.jpg,960,1124,train,train,15
6096,6096.jpg,640,1922,val,train,9
6097,6097.jpg,960,1313,train,train,8
6098,6098.jpg,1080,1923,test,train,4
6099,6099.png,640,638,train,train,7
6100,6100.jpg,720,1924,val,train,2
6101,6101.jpg,960,1925,val,test,6
6102,6102.jpg,960,830,train,val,1
6103,6103.jpg,960,646,train,train,3
6104,6104.jpg,960,733,train,test,6
6105,6105.jpg,960,1926,train,train,6
6106,6106.png,640,965,train,train,4
6107,6107.jpg,960,693,train,train,3
6108,6108.jpg,960,629,train,train,7
6109,6109.jpg,960,733,train,train,3
6111,6111.jpg,960,646,train,val,11
6112,6112.jpg,960,1376,test,train,7
6113,6113.png,640,965,train,train,4
6114,6114.jpg,960,1452,val,train,4
6115,6115.png,640,965,train,test,2
6117,6117.png,640,810,train,train,1
6118,6118.png,640,616,train,train,4
6119,6119.png,640,1928,val,train,2
6120,6120.jpg,960,1249,train,train,7
6121,6121.jpg,960,1462,test,train,3
6122,6122.jpg,960,733,train,train,3
6123,6123.jpg,960,1135,val,train,3
6124,6124.jpg,960,1903,train,val,2
6126,6126.jpg,960,871,train,train,6
6127,6127.jpg,960,1330,val,test,8
6130,6130.jpg,960,646,train,train,4
6131,6131.jpg,960,830,train,train,1
6132,6132.png,640,1929,val,train,5
6133,6133.jpg,960,1930,test,val,5
6134,6134.jpg,960,1447,val,train,8
6135,6135.jpg,960,806,train,train,4
6136,6136.png,640,1326,val,val,2
6137,6137.png,640,965,train,train,3
6139,6139.jpg,1600,1932,train,train,2
6140,6140.jpg,1080,1933,train,train,6
6141,6141.jpg,640,1934,test,train,6
6142,6142.png,640,769,test,val,3
6143,6143.jpg,1080,1935,val,train,6
6144,6144.png,640,763,train,train,3
6145,6145.png,640,965,train,train,9
6146,6146.jpg,720,1936,test,train,3
6147,6147.jpg,960,1937,test,train,9
6149,6149.jpg,1080,1938,train,train,5
6150,6150.jpg,960,1939,train,train,21
6151,6151.jpg,960,631,train,val,8
6152,6152.jpg,960,744,train,train,6
6153,6153.jpg,960,1376,test,train,7
6154,6154.jpg,1080,1940,train,val,2
6155,6155.jpg,960,869,train,train,1
6158,6158.jpg,960,750,train,train,1
6159,6159.jpg,960,904,val,train,3
6160,6160.jpg,960,646,train,train,4
6162,6162.jpg,960,1095,train,train,1
6163,6163.jpg,960,1727,train,train,9
6164,6164.jpg,960,1007,train,train,3
6165,6165.jpg,960,1437,val,train,2
6166,6166.jpg,1080,1942,train,train,1
6167,6167.jpg,960,798,test,train,3
6168,6168.jpg,960,978,train,train,6
6169,6169.png,640,733,train,val,1
6170,6170.jpg,640,1943,train,train,1
6171,6171.jpg,960,1364,val,train,3
6172,6172.png,640,733,train,train,1
6173,6173.jpg,1080,1944,val,train,1
6174,6174.jpg,960,1035,val,train,1
6175,6175.jpg,960,646,train,train,5
6176,6176.jpg,960,1250,train,train,4
6177,6177.jpg,1080,921,train,test,1
6178,6178.jpg,960,1945,train,val,2
6179,6179.jpg,960,778,train,train,3
6180,6180.jpg,960,646,train,train,1
6181,6181.jpg,960,1903,train,train,2
6183,6183.jpg,960,1230,val,train,1
6184,6184.jpg,960,733,train,train,4
6185,6185.jpg,1600,1946,val,train,1
6187,6187.jpg,960,714,train,test,1
6188,6188.png,640,1948,train,val,1
6189,6189.jpg,960,1949,val,train,3
6190,6190.jpg,960,830,train,train,4
6191,6191.jpg,960,842,train,val,3
6193,6193.jpg,960,1951,test,val,1
6194,6194.jpg,960,1952,val,train,2
6195,6195.jpg,960,624,train,train,1
6196,6196.jpg,960,1013,val,val,1
6197,6197.jpg,960,1523,val,train,1
6198,6198.png,640,740,train,train,1
6199,6199.jpg,960,804,train,train,3
6200,6200.jpg,640,1953,val,train,2
6201,6201.jpg,960,1954,train,train,1
6203,6203.jpg,960,652,train,train,1
6204,6204.jpg,960,1605,train,train,4
6205,6205.jpg,720,1955,train,val,1
6206,6206.jpg,960,922,test,test,1
6207,6207.jpg,960,1956,val,train,4
6209,6209.png,640,834,train,train,1
6210,6210.jpg,960,904,val,train,6
6211,6211.jpg,960,902,test,train,1
6212,6212.png,640,996,val,train,1
6213,6213.jpg,960,830,train,test,1
6214,6214.jpg,960,733,train,val,3
6215,6215.jpg,960,1548,test,train,1
6216,6216.jpg,960,1957,test,train,1
6217,6217.jpg,960,1937,test,train,1
6218,6218.jpg,960,646,train,val,2
6219,6219.jpg,1600,1958,train,test,1
6220,6220.jpg,960,733,train,val,3
6221,6221.jpg,960,830,train,test,2
6222,6222.jpg,1080,1959,test,train,1
6223,6223.jpg,960,646,train,train,3
6224,6224.jpg,960,733,train,train,2
6225,6225.png,640,1754,train,test,1
6226,6226.jpg,960,1203,train,train,2
6227,6227.jpg,1080,1960,train,train,1
6228,6228.jpg,960,654,train,val,2
6229,6229.jpg,960,1961,train,val,3
6230,6230.jpg,960,627,train,train,1
6231,6231.jpg,1080,1962,train,test,2
6232,6232.jpg,960,733,train,train,4
6233,6233.png,640,1826,test,val,10
6235,6235.jpg,1080,1963,val,val,1
6237,6237.jpg,1600,1964,train,train,1
6238,6238.jpg,1080,1965,train,test,2
6240,6240.jpg,960,733,train,train,1
6241,6241.png,640,1122,test,train,1
6242,6242.jpg,960,1250,train,val,1
6244,6244.jpg,960,1006,train,train,5
6246,6246.jpg,960,886,test,train,6
6248,6248.jpg,960,1192,train,test,3
6249,6249.jpg,1080,1967,val,train,1
6250,6250.jpg,960,942,val,train,4
6251,6251.jpg,960,830,train,train,1
6252,6252.jpg,960,733,train,train,3
6253,6253.jpg,640,1968,train,train,1
6254,6254.jpg,960,871,train,train,3
6255,6255.png,640,740,train,train,2
6256,6256.jpg,960,750,train,train,1
6257,6257.jpg,960,714,train,test,3
6258,6258.jpg,720,1969,train,val,1
6259,6259.png,640,1772,train,train,1
6260,6260.jpg,960,1970,train,test,3
6261,6261.png,640,751,train,test,1
6262,6262.jpg,640,1971,val,val,3
6263,6263.png,640,1972,train,train,1
6264,6264.jpg,960,1973,val,train,1
6265,6265.jpg,960,871,train,train,2
6266,6266.jpg,960,1903,train,test,2
6269,6269.jpg,1080,772,train,train,2
6270,6270.jpg,1080,1975,train,train,2
6272,6272.jpg,1080,1416,train,train,4
6273,6273.png,640,1803,train,val,2
6274,6274.jpg,960,646,train,train,1
6275,6275.jpg,960,646,train,val,3
6276,6276.png,640,1900,train,train,1
6277,6277.jpg,720,1976,test,val,1
6278,6278.png,640,1803,train,train,2
6279,6279.jpg,960,894,val,train,1
6280,6280.png,640,763,train,train,2
6281,6281.jpg,1080,1977,train,train,1
6282,6282.jpg,960,1341,train,train,6
6283,6283.jpg,960,646,train,test,3
6284,6284.jpg,960,733,train,train,5
6285,6285.jpg,960,1007,train,train,2
6287,6287.jpg,960,886,test,test,5
6288,6288.jpg,960,1979,val,train,2
6289,6289.jpg,960,988,train,train,2
6290,6290.jpg,960,733,train,train,4
6291,6291.jpg,960,1980,val,val,4
6292,6292.jpg,960,871,train,train,3
6293,6293.jpg,640,1981,train,val,1
6295,6295.jpg,960,1903,train,train,1
6296,6296.jpg,960,1773,val,train,1
6297,6297.png,640,1982,train,test,1
6298,6298.jpg,960,830,train,test,1
6299,6299.jpg,960,1054,train,train,1
6300,6300.jpg,960,836,val,test,1
6301,6301.png,640,965,train,train,1
6302,6302.jpg,1600,1395,train,test,2
6303,6303.png,640,1482,train,test,1
6304,6304.jpg,960,1983,test,train,3
6306,6306.jpg,960,662,test,train,10
6308,6308.png,640,679,train,test,5
6309,6309.jpg,960,1366,train,val,2
6311,6311.png,640,1148,train,val,2
6312,6312.png,640,769,test,train,1
6313,6313.jpg,960,1985,test,train,3
6314,6314.jpg,960,1986,val,train,4
6315,6315.jpg,960,869,train,train,1
6316,6316.jpg,960,1987,test,train,12
6317,6317.jpg,960,646,train,train,4
6318,6318.jpg,960,910,train,train,13
6319,6319.jpg,960,629,train,val,4
6320,6320.jpg,1080,921,train,train,1
6322,6322.jpg,1080,1988,train,train,1
6323,6323.jpg,640,963,val,train,1
6324,6324.jpg,960,1989,val,train,4
6325,6325.jpg,960,2021,val,train,2
6326,6326.png,640,843,train,test,1
6327,6327.jpg,960,871,train,train,2
6328,6328.jpg,960,1192,train,train,3
6330,6330.jpg,960,1052,train,train,1
6331,6331.jpg,960,1990,test,train,1
6332,6332.jpg,960,752,val,train,1
6333,6333.jpg,640,1991,train,train,2
6334,6334.png,640,1082,val,train,2
6335,6335.jpg,960,1992,val,test,5
6337,6337.jpg,960,714,train,train,1
6339,6339.jpg,960,778,train,train,4
6340,6340.png,640,1995,test,train,1
6341,6341.png,640,1996,val,train,1
6342,6342.jpg,1600,1997,val,test,1
6345,6345.jpg,640,2000,val,train,2
6346,6346.jpg,1600,2001,train,test,2
6347,6347.jpg,960,2002,val,train,1
6349,6349.png,640,2003,train,test,1
6350,6350.jpg,960,1224,test,test,5
6352,6352.jpg,960,627,train,train,1
6354,6354.jpg,960,730,test,train,6
6355,6355.png,640,965,train,train,1
6356,6356.jpg,960,976,test,train,1
6357,6357.jpg,960,627,train,train,2
6358,6358.jpg,1080,1750,train,train,3
6359,6359.jpg,960,2004,val,train,3
6360,6360.jpg,960,2005,test,train,1
6361,6361.jpg,720,2006,val,train,1
6362,6362.jpg,960,687,train,train,1
6364,6364.jpg,960,1353,train,train,8
6365,6365.jpg,960,1316,train,train,1
6367,6367.png,640,1121,train,train,1
6369,6369.jpg,960,2010,test,train,4
6370,6370.jpg,1600,2011,train,train,2
6371,6371.jpg,960,1316,train,train,3
6372,6372.jpg,960,1192,train,train,3
6373,6373.jpg,1080,1053,train,train,1
6374,6374.jpg,960,871,train,train,3
6375,6375.jpg,960,627,train,train,2
6377,6377.png,640,1396,train,train,1
6380,6380.jpg,960,1192,train,test,1
6382,6382.jpg,960,1205,val,train,4
6383,6383.jpg,640,2013,train,test,2
6384,6384.jpg,960,2014,test,val,2
6385,6385.jpg,960,705,val,train,5
6386,6386.jpg,960,1937,test,train,1
6387,6387.jpg,960,646,train,test,1
6388,6388.jpg,1600,2015,train,train,1
6389,6389.jpg,1600,1140,train,val,3
6390,6390.jpg,1080,1573,train,train,1
6391,6391.jpg,960,869,train,train,3
6393,6393.jpg,960,2016,val,train,2
6394,6394.jpg,640,2017,test,train,7
6395,6395.jpg,1080,2018,test,train,2
6396,6396.png,640,761,train,test,3
6397,6397.jpg,1080,1715,train,train,2
6398,6398.jpg,960,693,train,train,3
6399,6399.jpg,960,733,train,test,6
6400,6400.jpg,960,627,train,train,3
6401,6401.jpg,960,1155,test,train,1
6403,6403.jpg,960,2020,val,val,6
6404,6404.png,640,965,train,train,3
6405,6405.jpg,960,1903,train,train,3
6406,6406.jpg,960,902,test,train,1
6407,6407.jpg,960,733,train,val,4
6408,6408.jpg,960,2021,val,test,2
6409,6409.png,640,1292,train,val,1
6410,6410.jpg,1600,2022,train,test,2
6412,6412.png,640,679,train,val,1
6413,6413.png,640,1742,train,train,1
6414,6414.jpg,960,2024,train,train,2
6415,6415.jpg,1080,2025,train,train,3
6417,6417.jpg,960,733,train,train,1
6418,6418.jpg,1600,2026,test,val,2
6419,6419.jpg,960,617,test,train,1
6420,6420.jpg,960,1203,train,test,2
6421,6421.jpg,640,2027,train,test,1
6422,6422.jpg,1600,603,train,train,1
6424,6424.png,640,965,train,train,4
6425,6425.jpg,960,629,train,train,2
6426,6426.png,640,2028,test,train,1
6427,6427.jpg,960,733,train,train,3
6428,6428.jpg,960,1124,train,train,1
6429,6429.jpg,960,2029,train,train,1
6430,6430.png,640,849,train,train,1
6431,6431.jpg,960,2030,train,train,1
6433,6433.jpg,960,895,train,val,2
6434,6434.png,640,1027,train,train,1
6435,6435.jpg,960,1303,val,train,6
6436,6436.jpg,960,1990,test,test,2
6437,6437.jpg,1600,2032,test,val,3
6438,6438.jpg,960,641,train,train,6
6439,6439.jpg,960,733,train,train,3
6441,6441.png,640,1214,train,train,1
6442,6442.jpg,1080,2034,test,train,2
6443,6443.jpg,960,2035,val,train,2
6444,6444.png,640,639,val,train,2
6445,6445.jpg,960,687,train,train,3
6446,6446.png,640,2036,train,train,1
6447,6447.jpg,960,2037,test,train,10
6453,6453.jpg,960,1823,test,train,1
6455,6455.png,640,1809,train,train,1
6456,6456.jpg,960,686,train,test,2
6457,6457.jpg,1600,2042,train,train,2
6458,6458.jpg,640,2043,train,train,1
6459,6459.jpg,960,750,train,train,2
6460,6460.jpg,960,649,train,test,1
6461,6461.png,640,965,train,test,1
6462,6462.jpg,960,717,train,train,6
6463,6463.jpg,960,2044,val,train,1
6464,6464.png,640,784,train,train,1
6465,6465.jpg,960,1884,val,test,1
6466,6466.jpg,1600,829,train,train,2
6467,6467.jpg,1600,609,train,train,1
6468,6468.jpg,960,631,train,train,2
6469,6469.jpg,1080,1750,train,test,6
6470,6470.jpg,720,2045,train,test,1
6471,6471.jpg,1600,2046,val,train,2
6472,6472.jpg,960,1769,train,train,1
6473,6473.jpg,960,948,val,train,1
6474,6474.jpg,960,880,test,train,6
6475,6475.png,640,965,train,val,2
6476,6476.jpg,1080,1715,train,val,1
6477,6477.png,640,1121,train,train,2
6478,6478.jpg,960,899,val,train,1
6479,6479.jpg,960,739,train,val,2
6480,6480.jpg,960,646,train,train,2
6482,6482.jpg,1080,2048,test,val,1
6483,6483.jpg,960,629,train,train,5
6484,6484.jpg,960,1250,train,test,2
6485,6485.jpg,1080,1460,train,train,3
6486,6486.png,640,1803,train,train,1
6487,6487.jpg,1600,2049,val,val,2
6488,6488.jpg,1080,1219,train,train,1
6489,6489.jpg,960,687,train,train,3
6490,6490.jpg,960,1135,val,val,2
6491,6491.jpg,1080,2050,val,test,3
6492,6492.jpg,1080,2051,test,train,6
6493,6493.png,640,1121,train,val,3
6494,6494.jpg,960,2052,train,train,1
6495,6495.png,640,965,train,test,2
6497,6497.jpg,1080,2053,train,val,1
6498,6498.png,640,1482,train,train,1
6499,6499.jpg,960,1316,train,train,4
6500,6500.jpg,1600,2054,train,train,2
6501,6501.jpg,1080,768,train,train,1
6502,6502.jpg,640,2055,test,train,4
6504,6504.jpg,1080,2056,train,test,6
6505,6505.jpg,960,663,train,val,1
6507,6507.jpg,960,1364,val,train,1
6508,6508.png,640,1121,train,test,2
6509,6509.jpg,1080,2058,test,train,1
6510,6510.jpg,960,1135,val,train,1
6511,6511.jpg,960,1487,test,train,2
6512,6512.png,640,2059,train,val,1
6513,6513.jpg,960,930,val,test,1
6514,6514.png,640,729,train,train,1
6515,6515.jpg,960,2060,val,train,1
6516,6516.jpg,960,2061,train,train,1
6517,6517.jpg,960,1318,train,train,3
6518,6518.jpg,960,871,train,train,7
6519,6519.jpg,960,871,train,train,7
6520,6520.jpg,1080,2062,train,train,1
6523,6523.jpg,1600,2065,val,test,4
6525,6525.jpg,960,881,val,train,2
6526,6526.png,640,1476,train,val,1
6527,6527.jpg,960,687,train,val,2
6528,6528.jpg,960,733,train,train,10
6529,6529.jpg,960,1788,val,train,1
6530,6530.jpg,960,2067,train,val,1
6531,6531.png,640,785,train,train,4
6532,6532.jpg,960,624,train,train,2
6533,6533.jpg,960,629,train,train,4
6534,6534.jpg,640,1836,val,train,5
6535,6535.jpg,1600,2068,test,train,1
6537,6537.png,640,2070,train,train,1
6538,6538.jpg,960,733,train,train,1
6540,6540.jpg,1600,2071,train,val,1
6541,6541.jpg,720,2072,train,train,1
6542,6542.jpg,960,924,train,test,1
6544,6544.jpg,960,733,train,train,2
6545,6545.jpg,1600,833,train,val,1
6546,6546.png,640,1141,train,train,1
6547,6547.jpg,1080,2073,train,test,1
6548,6548.jpg,960,750,train,train,2
6549,6549.jpg,640,2074,test,train,7
6550,6550.jpg,960,830,train,test,2
6552,6552.png,640,1482,train,train,2
6553,6553.jpg,960,629,train,train,1
6554,6554.jpg,960,1796,test,train,7
6555,6555.jpg,960,1061,val,val,7
6556,6556.jpg,960,869,train,val,1
6557,6557.png,640,1820,train,train,2
6558,6558.png,640,2075,val,train,3
6559,6559.jpg,960,1979,val,train,2
6560,6560.png,640,1381,train,train,1
6561,6561.jpg,960,2076,val,train,1
6562,6562.jpg,960,646,train,train,3
6563,6563.jpg,960,627,train,val,3
6564,6564.jpg,960,2077,test,train,3
6565,6565.jpg,960,978,train,train,2
6566,6566.jpg,960,1903,train,train,2
6567,6567.jpg,960,733,train,train,5
6568,6568.jpg,960,932,train,val,5
6569,6569.jpg,960,830,train,train,2
6570,6570.jpg,1080,2078,test,train,3
6571,6571.jpg,960,615,test,train,3
6572,6572.jpg,960,649,train,val,2
6573,6573.jpg,960,687,train,test,2
6574,6574.jpg,1080,2079,train,train,1
6575,6575.jpg,960,1730,test,train,2
6576,6576.png,640,2080,train,train,6
6577,6577.png,640,785,train,train,3
6578,6578.jpg,960,1727,train,train,5
6579,6579.jpg,1080,2081,train,train,1
6580,6580.jpg,960,1303,val,train,3
6581,6581.jpg,960,717,train,train,1
6582,6582.jpg,960,842,train,train,2
6583,6583.jpg,960,733,train,train,4
6584,6584.jpg,960,2082,test,train,1
6585,6585.jpg,960,1084,test,train,4
6586,6586.jpg,960,631,train,test,2
6587,6587.jpg,960,1075,test,train,2
6588,6588.png,640,965,train,val,1
6589,6589.png,640,789,train,train,1
6590,6590.png,640,2083,test,test,3
6591,6591.png,640,965,train,val,2
6592,6592.jpg,960,646,train,test,3
6593,6593.jpg,960,732,train,train,3
6594,6594.png,640,1188,train,train,2
6595,6595.png,640,965,train,val,3
6596,6596.jpg,1600,2084,test,train,4
6597,6597.jpg,960,654,train,train,4
6598,6598.jpg,960,1516,val,test,1
6599,6599.jpg,1080,2079,train,train,1
6600,6600.jpg,960,663,train,train,2
6601,6601.jpg,960,990,test,val,2
6602,6602.jpg,960,646,train,train,2
6603,6603.jpg,960,2085,train,train,2
6604,6604.jpg,960,1566,test,test,6
6605,6605.png,640,965,train,val,2
6606,6606.jpg,1080,2086,train,val,1
6607,6607.jpg,960,869,train,train,2
6608,6608.png,640,965,train,train,3
6609,6609.jpg,960,1054,train,train,1
6610,6610.jpg,1080,824,train,train,1
6611,6611.png,640,2080,train,train,4
6612,6612.jpg,640,2087,val,train,3
6613,6613.jpg,960,733,train,train,2
6614,6614.jpg,1600,2088,test,train,2
6615,6615.png,640,2089,train,train,1
6616,6616.png,640,1332,test,train,2
6617,6617.jpg,960,624,train,train,1
6618,6618.jpg,960,2090,test,train,3
6619,6619.jpg,960,2091,train,train,1
6620,6620.jpg,1080,2092,train,train,2
6621,6621.jpg,960,871,train,train,6
6622,6622.jpg,960,622,train,val,2
6623,6623.jpg,960,871,train,train,3
6624,6624.jpg,960,646,train,train,4
6625,6625.jpg,960,1124,train,train,4
6626,6626.jpg,960,2093,val,train,2
6627,6627.jpg,1600,2094,val,test,5
6628,6628.jpg,960,733,train,val,2
6629,6629.jpg,960,2095,val,train,1
6630,6630.png,640,1697,train,val,5
6631,6631.jpg,960,988,train,train,2
6632,6632.jpg,960,733,train,train,6
6633,6633.jpg,1080,2096,test,train,4
6634,6634.jpg,640,2097,train,val,1
6635,6635.jpg,960,2098,test,train,1
6636,6636.png,640,2099,train,test,1
6637,6637.png,640,965,train,val,1
6638,6638.jpg,640,2100,test,train,3
6639,6639.jpg,1080,2101,train,test,3
6640,6640.jpg,1600,2102,train,val,2
6641,6641.png,640,2103,val,train,1
6642,6642.png,640,2104,train,val,1
6643,6643.jpg,960,1095,train,train,1
6644,6644.jpg,1080,2105,val,train,2
6645,6645.jpg,1600,1550,train,test,2
6646,6646.jpg,960,646,train,train,2
6647,6647.jpg,1080,2106,train,train,2
6648,6648.jpg,960,733,train,val,1
6649,6649.png,640,2107,test,train,3
6650,6650.jpg,1080,2108,train,train,3
6651,6651.jpg,960,871,train,train,7
6652,6652.jpg,960,733,train,val,4
6653,6653.jpg,960,805,test,train,1
6654,6654.jpg,960,1393,test,train,4
6655,6655.jpg,960,724,train,train,10
6656,6656.jpg,960,649,train,test,3
6657,6657.png,640,688,train,val,3
6658,6658.jpg,960,924,train,train,2
6659,6659.jpg,1080,2109,train,train,2
6660,6660.png,640,1921,val,train,1
6661,6661.jpg,1080,1556,train,test,3
6662,6662.png,640,765,train,test,1
6663,6663.jpg,1080,1556,train,train,1
6664,6664.png,640,849,train,val,1
6665,6665.jpg,960,842,train,train,4
6666,6666.png,640,2110,train,train,1
6667,6667.jpg,1080,2111,train,train,1
6668,6668.jpg,960,646,train,train,5
6669,6669.jpg,960,1080,val,train,2
6670,6670.png,640,2112,test,train,1
6671,6671.png,640,684,train,val,2
6672,6672.jpg,960,733,train,train,2
6673,6673.jpg,960,2113,test,train,6
6674,6674.png,640,965,train,val,1
6675,6675.jpg,960,871,train,test,1
6676,6676.jpg,720,2114,train,test,2
6677,6677.jpg,960,663,train,test,2
6678,6678.png,640,2115,val,train,5
6679,6679.jpg,1080,2116,train,train,1
6680,6680.png,640,2117,train,train,1
6681,6681.png,640,1820,train,train,1
6682,6682.png,640,1742,train,train,1
6683,6683.png,640,807,train,train,1
6684,6684.jpg,960,1903,train,train,1
6685,6685.png,640,691,train,train,4
6686,6686.jpg,1600,2118,test,val,3
6687,6687.png,640,807,train,train,1
6688,6688.png,640,1795,test,train,1
6689,6689.jpg,960,869,train,train,4
6690,6690.jpg,960,2119,test,train,1
6691,6691.png,640,2120,train,train,1
6692,6692.jpg,960,733,train,val,5
6693,6693.png,640,837,train,train,1
6694,6694.jpg,640,2121,test,test,2
6695,6695.jpg,1600,811,train,test,3
6696,6696.jpg,640,2122,test,val,2
6697,6697.jpg,960,917,val,train,2
6698,6698.jpg,960,646,train,train,5
6699,6699.jpg,720,2123,train,train,2
6700,6700.jpg,960,1234,test,train,2
6701,6701.jpg,960,922,test,train,7
6702,6702.jpg,960,786,test,train,2
6703,6703.jpg,960,627,train,train,4
6704,6704.jpg,960,1250,train,train,4
6705,6705.jpg,1600,2124,train,train,2
6706,6706.jpg,960,629,train,train,5
6707,6707.jpg,960,1730,test,train,3
6708,6708.jpg,960,805,test,test,5
6709,6709.png,640,1803,train,train,1
6710,6710.jpg,960,714,train,test,3
6711,6711.jpg,960,871,train,test,4
6712,6712.jpg,960,646,train,train,2
6713,6713.jpg,1600,829,train,train,2
6714,6714.jpg,960,916,test,train,2
6715,6715.jpg,1600,1876,train,train,1
6716,6716.jpg,960,1951,test,train,2
6717,6717.jpg,1600,609,train,train,3
6718,6718.jpg,960,1095,train,train,1
6719,6719.jpg,960,1903,train,train,1
6720,6720.jpg,960,988,train,train,8
6721,6721.jpg,640,2125,val,train,3
6722,6722.jpg,960,629,train,train,5
6723,6723.jpg,960,2126,val,train,3
6724,6724.png,640,1678,test,train,2
6725,6725.png,640,807,train,train,2
6726,6726.jpg,1080,775,train,train,6
6727,6727.jpg,960,1681,test,train,1
6728,6728.jpg,640,2127,train,train,1
6729,6729.jpg,960,733,train,val,6
6730,6730.jpg,960,714,train,train,1
6731,6731.png,640,2128,train,test,1
6732,6732.jpg,960,733,train,test,3
6733,6733.jpg,960,2021,val,test,4
6734,6734.jpg,960,1887,val,train,5
6735,6735.jpg,960,764,train,val,2
6736,6736.png,640,2129,train,train,1
6737,6737.png,640,843,train,val,2
6738,6738.jpg,640,2130,test,val,3
6739,6739.jpg,960,2037,test,train,7
6740,6740.jpg,1080,2131,val,train,2
6741,6741.jpg,960,646,train,val,3
6742,6742.jpg,960,2132,val,train,5
6743,6743.jpg,960,646,train,val,1
6744,6744.png,640,1448,train,train,4
6745,6745.jpg,640,2133,val,train,3
6746,6746.jpg,960,1162,train,val,7
6747,6747.png,640,1002,val,train,2
6748,6748.jpg,1600,2134,train,val,2
6749,6749.jpg,960,1939,train,train,3
6750,6750.png,640,1228,train,test,4
6751,6751.jpg,960,888,test,test,2
6752,6752.jpg,1080,2135,train,train,1
6753,6753.jpg,960,746,val,val,1
6754,6754.jpg,960,646,train,train,4
6755,6755.png,960,186,train,train,2
6756,6756.jpg,960,165,train,train,3
6757,6757.png,960,2136,test,train,1
6758,6758.jpg,960,41,train,train,1
6759,6759.png,960,270,test,train,3
6760,6760.png,960,100,train,test,3
6761,6761.png,960,57,train,train,6
6762,6762.png,960,110,test,train,1
6763,6763.jpg,960,97,train,train,4
6764,6764.jpg,960,5,train,test,5
6765,6765.png,640,2137,test,test,3
6766,6766.png,960,96,train,train,2
6767,6767.png,640,2138,val,train,6
6768,6768.png,960,105,train,test,2
6769,6769.jpg,960,60,train,train,3
6770,6770.jpg,960,0,train,train,8
6771,6771.png,960,145,val,train,2
6772,6772.png,960,43,val,train,3
6773,6773.jpg,960,24,train,train,2
6774,6774.jpg,960,116,test,test,4
6775,6775.png,960,62,train,train,2
6776,6776.png,960,323,val,train,6
6777,6777.png,960,28,train,train,3
6778,6778.jpg,960,24,train,test,11
6779,6779.png,960,404,val,train,2
6780,6780.jpg,960,126,train,train,5
6781,6781.jpg,960,3,test,val,3
6782,6782.png,960,247,train,train,1
6783,6783.jpg,960,24,train,test,3
6784,6784.jpg,960,129,train,train,2
6785,6785.png,960,8,val,train,1
6786,6786.jpg,960,41,train,train,2
6787,6787.jpg,960,97,train,val,5
6788,6788.jpg,960,2139,train,train,3
6789,6789.jpg,960,272,train,train,4
6790,6790.png,960,78,val,train,1
6791,6791.jpg,960,24,train,train,2
6792,6792.jpg,960,147,train,train,4
6793,6793.png,640,320,train,train,1
6794,6794.jpg,960,126,train,train,3
6795,6795.jpg,960,24,train,val,2
6796,6796.png,640,2140,test,train,11
6797,6797.png,640,73,train,val,2
6798,6798.jpg,960,35,val,train,2
6799,6799.png,960,57,train,train,2
6800,6800.png,960,480,val,train,3
6801,6801.png,960,42,train,test,2
6802,6802.png,960,51,train,train,1
6803,6803.png,960,392,val,test,2
6804,6804.png,960,2141,val,train,1
6805,6805.jpg,960,12,train,train,5
6806,6806.jpg,960,538,test,train,1
6807,6807.jpg,960,27,train,test,6
6808,6808.jpg,960,272,train,test,1
6809,6809.png,960,480,val,train,3
6810,6810.jpg,960,5,train,train,2
6811,6811.png,960,2142,train,train,1
6812,6812.png,960,87,test,train,1
6813,6813.png,960,2143,val,val,1
6814,6814.png,640,397,train,train,4
6815,6815.png,640,101,val,val,7
6816,6816.jpg,960,2144,test,test,1
6817,6817.png,960,106,train,train,2
6818,6818.jpg,960,10,train,train,2
6820,6820.jpg,960,41,train,test,2
6821,6821.jpg,960,147,train,train,3
6822,6822.png,640,733,train,val,2
6823,6823.jpg,960,41,train,test,4
6824,6824.jpg,960,74,val,val,1
6825,6825.png,960,251,train,train,2
6826,6826.jpg,960,46,train,train,1
6827,6827.png,640,235,train,train,1
6828,6828.png,960,347,val,train,2
6829,6829.jpg,960,41,train,val,3
6830,6830.png,960,114,train,train,1
6832,6832.jpg,960,74,val,train,1
6833,6833.jpg,960,563,val,train,4
6834,6834.png,960,57,train,test,2
6835,6835.png,960,106,train,train,5
6838,6838.jpg,960,46,train,train,2
6839,6839.jpg,960,24,train,val,4
6840,6840.png,960,25,train,test,4
6841,6841.jpg,960,353,val,train,1
6842,6842.png,960,106,train,train,4
6843,6843.jpg,960,272,train,train,4
6844,6844.jpg,960,0,train,val,4
6846,6846.png,960,145,val,train,1
6847,6847.png,960,305,train,train,1
6849,6849.jpg,960,183,train,train,7
6850,6850.jpg,960,465,test,train,3
6851,6851.jpg,960,41,train,train,2
6852,6852.jpg,960,2147,train,train,1
6853,6853.jpg,960,56,val,val,5
6854,6854.jpg,960,24,train,train,2
6855,6855.jpg,960,129,train,val,1
6856,6856.png,640,320,train,val,1
6858,6858.jpg,960,147,train,test,1
6859,6859.jpg,960,24,train,val,3
6860,6860.png,640,305,train,val,1
6861,6861.png,960,135,train,test,1
6862,6862.png,960,62,train,train,2
6865,6865.png,960,135,train,train,1
6866,6866.jpg,960,24,train,train,10
6867,6867.png,960,106,train,train,1
6868,6868.png,960,206,train,train,2
6869,6869.jpg,960,177,train,test,2
6870,6870.png,960,145,val,train,3
6871,6871.jpg,960,576,val,train,1
6872,6872.jpg,960,41,train,train,2
6873,6873.jpg,960,12,train,val,2
6874,6874.jpg,960,97,train,train,3
6875,6875.jpg,960,60,train,test,1
6876,6876.png,960,2149,train,train,2
6877,6877.jpg,960,46,train,train,2
6878,6878.jpg,960,269,test,train,14
6879,6879.jpg,960,60,train,train,1
6880,6880.png,960,62,train,test,4
6881,6881.png,960,159,train,train,1
6882,6882.jpg,960,239,val,train,4
6883,6883.png,960,286,train,train,6
6884,6884.jpg,960,41,train,train,4
6885,6885.png,960,96,train,train,4
6886,6886.png,960,2150,val,test,3
6887,6887.jpg,960,318,test,train,2
6888,6888.png,640,2151,train,train,3
6889,6889.jpg,960,24,train,train,2
6890,6890.jpg,960,41,train,val,2
6891,6891.png,960,145,val,train,1
6892,6892.jpg,960,221,train,val,4
6893,6893.png,960,222,test,test,2
6894,6894.jpg,960,97,train,train,5
6895,6895.jpg,960,16,train,train,1
6896,6896.jpg,960,24,train,val,1
6897,6897.png,960,459,val,train,6
6898,6898.png,960,11,train,train,2
6899,6899.png,960,168,train,train,2
6900,6900.jpg,960,69,train,test,4
6901,6901.jpg,960,5,train,train,1
6902,6902.jpg,960,5,train,train,5
6903,6903.png,640,320,train,test,1
6904,6904.jpg,960,24,train,train,2
6905,6905.png,960,250,val,train,1
6906,6906.jpg,960,0,train,val,11
6907,6907.jpg,960,129,train,train,3
6908,6908.jpg,960,60,train,val,3
6909,6909.jpg,960,144,train,test,2
6910,6910.png,640,2152,val,test,1
6911,6911.png,960,311,val,val,8
6912,6912.jpg,960,183,train,train,1
6913,6913.png,640,2153,train,train,1
6914,6914.jpg,960,387,train,val,1
6915,6915.png,640,2154,test,train,2
6916,6916.png,960,2155,test,train,1
6917,6917.png,960,87,test,train,2
6918,6918.jpg,960,24,train,train,2
6919,6919.png,960,305,train,train,2
6920,6920.png,960,28,train,test,2
6921,6921.jpg,960,27,train,train,5
6922,6922.png,960,106,train,train,8
6923,6923.jpg,960,111,train,train,1
6924,6924.png,960,105,train,test,2
6925,6925.png,960,114,train,test,1
6926,6926.jpg,960,12,train,train,5
6927,6927.png,960,45,train,train,2
6928,6928.png,960,232,test,train,1
6929,6929.png,640,397,train,test,1
6930,6930.jpg,960,1260,val,train,1
6931,6931.png,960,51,train,train,2
6932,6932.png,960,234,val,train,5
6933,6933.png,640,397,train,train,2
6934,6934.jpg,960,60,train,train,3
6935,6935.jpg,960,144,train,train,3
6936,6936.png,960,106,train,train,5
6937,6937.jpg,960,27,train,train,3
6938,6938.png,960,1258,train,val,1
6939,6939.jpg,960,24,train,val,2
6940,6940.jpg,960,24,train,val,1
6941,6941.png,960,2156,val,train,3
6942,6942.png,960,2157,train,train,1
6943,6943.jpg,960,24,train,train,2
6944,6944.jpg,960,3,test,train,3
6945,6945.jpg,960,272,train,train,3
6946,6946.jpg,960,272,train,val,3
6947,6947.jpg,960,46,train,train,1
6948,6948.jpg,960,147,train,train,4
6949,6949.jpg,960,74,val,train,3
6950,6950.png,960,206,train,train,2
6951,6951.png,960,134,train,train,3
6952,6952.jpg,960,465,test,val,5
6953,6953.jpg,960,41,train,val,3
6954,6954.jpg,960,2158,train,train,1
6956,6956.jpg,960,1234,test,test,1
6957,6957.jpg,960,693,train,test,1
6958,6958.jpg,960,830,train,train,3
6959,6959.jpg,960,733,train,train,3
6960,6960.jpg,960,925,train,train,1
6962,6962.jpg,960,733,train,train,3
6963,6963.jpg,960,1903,train,train,1
6964,6964.png,640,2159,val,test,1
6967,6967.jpg,960,2160,test,train,2
6968,6968.png,640,707,train,train,1
6969,6969.jpg,960,2161,test,train,3
6970,6970.jpg,960,660,train,val,6
6971,6971.jpg,960,1054,train,train,1
6972,6972.jpg,960,1192,train,val,2
6973,6973.jpg,960,733,train,train,3
6974,6974.jpg,960,1442,val,train,1
6975,6975.png,640,849,train,train,1
6977,6977.png,640,2163,test,val,1
6979,6979.jpg,960,733,train,train,1
6980,6980.jpg,960,1136,val,train,4
6981,6981.jpg,960,1349,val,val,1
6982,6982.jpg,720,2164,val,train,3
6983,6983.png,640,1703,train,test,1
6984,6984.jpg,960,1250,train,train,1
6986,6986.jpg,960,1313,train,train,3
6988,6988.jpg,960,750,train,test,1
6989,6989.jpg,960,622,train,train,4
6990,6990.jpg,960,654,train,val,6
6992,6992.jpg,1080,2167,test,train,2
6993,6993.png,640,2168,train,train,2
6994,6994.jpg,1600,2169,train,val,4
6995,6995.jpg,1600,2170,train,test,2
6996,6996.jpg,960,654,train,train,5
6999,6999.png,640,704,train,train,1
7000,7000.jpg,960,2173,val,val,2
7001,7001.jpg,960,1250,train,val,1
7002,7002.jpg,960,693,train,test,3
7003,7003.jpg,960,732,train,train,8
7004,7004.jpg,960,733,train,test,1
7005,7005.jpg,960,1903,train,train,3
7008,7008.jpg,1600,2176,train,train,2
7009,7009.jpg,960,1903,train,train,1
7010,7010.jpg,960,976,test,train,2
7011,7011.jpg,960,693,train,train,4
7012,7012.jpg,1600,2177,train,test,3
7013,7013.jpg,1080,2111,train,train,1
7015,7015.png,640,965,train,train,3
7016,7016.jpg,960,1071,train,test,5
7019,7019.jpg,960,1227,test,train,6
7020,7020.jpg,640,645,test,train,1
7022,7022.jpg,960,1089,train,train,5
7023,7023.jpg,960,814,train,train,4
7024,7024.jpg,720,2180,train,test,1
7025,7025.jpg,1080,921,train,train,1
7026,7026.jpg,720,2181,train,train,1
7028,7028.jpg,960,2183,train,val,1
7030,7030.jpg,1600,2185,train,train,2
7033,7033.jpg,960,2186,test,test,1
7035,7035.jpg,1600,2187,val,train,1
7037,7037.jpg,1080,2188,train,train,1
7038,7038.jpg,960,724,train,train,6
7039,7039.png,640,965,train,test,1
7040,7040.jpg,960,1502,test,val,2
7041,7041.png,640,2189,val,train,2
7042,7042.png,640,1527,train,train,1
7043,7043.png,640,2190,val,train,3
7044,7044.png,640,729,train,train,1
7046,7046.png,640,1684,train,test,1
7047,7047.jpg,960,2192,val,train,9
7049,7049.jpg,960,646,train,val,1
7050,7050.jpg,960,1150,val,test,5
7051,7051.jpg,960,1318,train,train,2
7052,7052.png,640,2194,train,train,1
7053,7053.png,640,1803,train,train,1
7055,7055.jpg,1080,2196,train,val,11
7059,7059.png,640,807,train,test,1
7060,7060.jpg,960,646,train,train,3
7062,7062.jpg,960,2199,val,test,3
7063,7063.jpg,1600,2200,train,train,1
7066,7066.png,640,707,train,val,2
7067,7067.jpg,960,650,test,train,3
7068,7068.jpg,960,660,train,train,2
7070,7070.jpg,960,705,val,train,4
7072,7072.png,640,638,train,train,3
7073,7073.jpg,1080,2203,train,train,1
7074,7074.jpg,1080,2204,val,val,7
7075,7075.jpg,960,869,train,val,5
7076,7076.jpg,960,1075,test,train,4
7077,7077.jpg,960,1903,train,val,2
7081,7081.jpg,640,2205,test,train,3
7083,7083.jpg,640,2206,train,train,4
7084,7084.png,640,2207,train,train,1
7085,7085.png,640,1540,test,test,2
7087,7087.jpg,1080,2209,train,train,1
7088,7088.jpg,960,646,train,train,1
7089,7089.jpg,960,1727,train,train,5
7090,7090.jpg,960,910,train,train,4
7091,7091.jpg,960,634,train,train,3
7093,7093.png,640,2211,val,train,2
7094,7094.jpg,960,2212,val,train,2
7095,7095.jpg,960,958,train,test,13
7096,7096.jpg,960,1676,test,train,2
7097,7097.jpg,640,2213,val,train,2
7098,7098.jpg,960,687,train,train,21
7099,7099.jpg,960,1316,train,train,5
7100,7100.jpg,960,654,train,train,3
7101,7101.jpg,960,869,train,val,1
7102,7102.jpg,960,2214,val,test,1
7104,7104.jpg,960,2215,train,train,1
7105,7105.jpg,1600,1395,train,train,3
7107,7107.jpg,960,687,train,test,2
7109,7109.jpg,960,2044,val,train,7
7110,7110.jpg,1080,1337,train,train,2
7111,7111.jpg,1080,1425,train,train,2
7112,7112.jpg,960,1867,test,train,4
7113,7113.png,640,810,train,train,2
7114,7114.png,640,849,train,train,3
7116,7116.jpg,960,2218,val,train,2
7117,7117.jpg,960,871,train,train,3
7118,7118.jpg,960,1162,train,train,5
7119,7119.jpg,960,2113,test,train,3
7120,7120.png,640,1900,train,val,2
7121,7121.jpg,960,871,train,val,2
7122,7122.jpg,960,869,train,train,1
7123,7123.png,640,2219,train,test,2
7124,7124.jpg,960,925,train,train,3
7126,7126.jpg,960,646,train,train,2
7130,7130.jpg,960,646,train,test,4
7132,7132.jpg,960,674,train,test,3
7134,7134.jpg,960,764,train,train,3
7135,7135.png,640,965,train,train,4
7136,7136.jpg,960,2223,val,train,4
7137,7137.jpg,960,1250,train,train,1
7138,7138.jpg,960,798,test,train,3
7140,7140.jpg,960,1951,test,train,2
7141,7141.jpg,960,1234,test,train,2
7142,7142.jpg,1080,1518,train,train,3
7143,7143.png,640,2225,val,train,2
7144,7144.jpg,960,1505,test,train,4
7145,7145.jpg,960,747,test,val,1
7146,7146.jpg,960,842,train,test,7
7147,7147.png,640,1865,val,test,1
7148,7148.jpg,960,2226,train,test,1
7151,7151.jpg,960,1535,val,train,2
7153,7153.jpg,960,1084,test,test,6
7154,7154.jpg,960,687,train,train,2
7156,7156.jpg,1080,2229,val,test,1
7157,7157.jpg,960,1992,val,train,4
7158,7158.png,640,796,train,val,1
7159,7159.jpg,960,867,train,train,2
7160,7160.jpg,960,2230,val,train,3
7161,7161.jpg,640,2231,test,train,2
7162,7162.jpg,1080,2232,train,test,1
7163,7163.jpg,960,871,train,train,2
7164,7164.jpg,960,858,val,train,1
7165,7165.jpg,1600,2233,test,train,4
7166,7166.png,640,965,train,train,3
7167,7167.jpg,1600,2234,test,train,1
7168,7168.jpg,960,855,train,train,1
7170,7170.jpg,960,2235,val,val,2
7172,7172.jpg,960,646,train,train,1
7173,7173.jpg,960,1903,train,train,3
7174,7174.jpg,720,2236,test,test,2
7175,7175.jpg,640,2237,test,val,2
7176,7176.png,640,731,train,train,1
7177,7177.jpg,720,2238,train,train,3
7178,7178.jpg,960,2239,test,train,3
7179,7179.jpg,960,1350,val,test,2
7180,7180.jpg,960,1161,train,val,1
7181,7181.jpg,960,640,test,train,1
7182,7182.jpg,960,1530,train,train,2
7183,7183.jpg,960,733,train,train,3
7184,7184.jpg,1080,2240,val,test,1
7185,7185.png,640,1678,test,test,1
7186,7186.jpg,960,701,train,train,3
7187,7187.jpg,960,985,test,test,2
7188,7188.jpg,960,2241,val,train,2
7189,7189.jpg,960,2161,test,train,2
7190,7190.jpg,1080,1053,train,test,1
7191,7191.jpg,960,733,train,test,1
7193,7193.jpg,960,823,val,train,1
7194,7194.jpg,960,2242,test,train,1
7195,7195.jpg,1080,1573,train,test,3
7196,7196.jpg,640,2243,test,train,1
7197,7197.jpg,1080,2244,train,train,2
7198,7198.jpg,960,1502,test,train,2
7199,7199.jpg,960,2245,train,train,1
7200,7200.jpg,1080,1775,train,val,2
7201,7201.jpg,960,714,train,train,1
7202,7202.jpg,960,646,train,train,4
7203,7203.jpg,960,1250,train,train,2
7204,7204.jpg,640,2246,test,train,2
7205,7205.jpg,960,733,train,train,1
7206,7206.jpg,960,733,train,train,3
7207,7207.jpg,1600,2247,test,train,2
7209,7209.jpg,1080,1775,train,train,4
7210,7210.jpg,960,646,train,train,4
7211,7211.jpg,960,1537,test,train,3
7212,7212.jpg,960,1722,val,train,1
7213,7213.jpg,1600,1005,train,train,3
7214,7214.jpg,720,2248,test,train,1
7215,7215.jpg,960,646,train,train,1
7216,7216.jpg,960,2249,test,train,2
7217,7217.jpg,640,2250,test,val,1
7218,7218.jpg,960,993,train,train,1
7219,7219.png,640,965,train,val,2
7222,7222.png,640,1603,test,test,2
7223,7223.jpg,960,826,train,train,1
7224,7224.jpg,960,2005,test,train,3
7225,7225.jpg,960,686,train,val,3
7226,7226.jpg,960,988,train,train,3
7227,7227.png,640,1031,train,test,2
7228,7228.jpg,960,750,train,train,1
7230,7230.jpg,640,1412,test,train,1
7231,7231.png,640,1352,val,train,1
7232,7232.jpg,960,842,train,test,1
7233,7233.jpg,1080,2252,train,val,3
7234,7234.jpg,960,634,train,train,2
7235,7235.jpg,960,627,train,val,1
7236,7236.jpg,960,1084,test,train,6
7237,7237.jpg,960,733,train,train,1
7239,7239.jpg,960,866,train,train,5
7240,7240.jpg,1600,2253,train,train,1
7241,7241.png,640,679,train,train,1
7242,7242.png,640,1803,train,test,2
7243,7243.jpg,960,687,train,train,2
7244,7244.jpg,960,1587,test,test,1
7245,7245.png,640,965,train,train,2
7247,7247.jpg,960,1537,test,train,5
7248,7248.jpg,960,646,train,train,3
7250,7250.jpg,960,629,train,train,5
7251,7251.jpg,960,1580,train,train,1
7252,7252.jpg,960,1939,train,train,3
7253,7253.jpg,960,902,test,train,2
7254,7254.jpg,960,1007,train,train,2
7255,7255.jpg,960,2254,val,train,3
7256,7256.jpg,960,640,test,train,2
7257,7257.png,640,1228,train,test,1
7258,7258.jpg,1080,2255,train,train,2
7259,7259.jpg,1080,1533,test,train,1
7261,7261.jpg,960,733,train,train,2
7263,7263.jpg,960,910,train,val,4
7264,7264.jpg,960,871,train,train,2
7265,7265.jpg,640,2257,train,train,1
7266,7266.png,640,1482,train,train,1
7267,7267.jpg,1600,2258,train,train,1
7268,7268.png,640,965,train,train,1
7270,7270.png,640,1174,test,train,1
7271,7271.jpg,1600,2259,train,train,2
7272,7272.jpg,960,2260,val,train,7
7273,7273.jpg,960,2261,train,train,1
7274,7274.png,640,974,train,train,1
7275,7275.jpg,1080,2262,train,test,3
7276,7276.jpg,960,1366,train,test,1
7277,7277.png,640,810,train,train,1
7278,7278.jpg,1600,1400,train,val,2
7279,7279.jpg,960,1503,test,train,2
7280,7280.png,640,965,train,train,3
7281,7281.jpg,960,687,train,train,1
7282,7282.png,640,1754,train,test,3
7284,7284.jpg,960,1070,train,test,2
7285,7285.jpg,1600,2263,train,train,5
7287,7287.jpg,960,733,train,train,4
7288,7288.jpg,1080,2265,train,train,1
7289,7289.jpg,960,798,test,train,2
7290,7290.jpg,960,646,train,train,2
7291,7291.jpg,960,733,train,val,3
7292,7292.png,640,1697,train,val,1
7293,7293.jpg,1600,2266,test,train,1
7294,7294.jpg,1080,2267,train,val,1
7295,7295.jpg,960,646,train,val,2
7296,7296.png,640,965,train,train,1
7297,7297.png,640,2268,train,train,1
7298,7298.jpg,960,685,val,train,4
7300,7300.jpg,960,2269,train,train,1
7301,7301.jpg,1080,2270,train,test,2
7302,7302.jpg,960,641,train,train,2
7303,7303.png,640,1820,train,train,1
7304,7304.jpg,960,733,train,train,2
7305,7305.jpg,960,822,train,train,1
7306,7306.jpg,960,830,train,train,1
7307,7307.png,640,651,train,train,1
7309,7309.jpg,960,733,train,val,5
7310,7310.png,640,2271,train,train,1
7311,7311.jpg,960,646,train,train,4
7312,7312.jpg,960,2272,val,train,1
7313,7313.jpg,960,714,train,train,4
7314,7314.jpg,960,2273,val,test,1
7315,7315.jpg,960,2274,val,test,1
7316,7316.png,640,639,val,train,1
7317,7317.jpg,960,733,train,train,1
7318,7318.jpg,960,646,train,train,2
7319,7319.jpg,960,2275,test,val,1
7320,7320.jpg,720,2276,train,train,2
7321,7321.png,640,2277,train,train,1
7322,7322.jpg,640,2278,test,train,1
7324,7324.png,640,2225,val,val,1
7325,7325.jpg,640,2279,val,test,2
7326,7326.jpg,960,733,train,val,2
7327,7327.jpg,640,2280,train,test,1
7328,7328.jpg,960,910,train,val,5
7329,7329.jpg,640,2281,test,test,1
7330,7330.jpg,960,627,train,test,1
7332,7332.jpg,720,2282,train,test,2
7334,7334.png,640,849,train,train,2
7335,7335.jpg,960,654,train,val,5
7336,7336.jpg,960,1587,test,train,3
7337,7337.jpg,640,2284,test,test,2
7338,7338.jpg,960,869,train,val,1
7339,7339.jpg,960,2285,train,train,1
7340,7340.jpg,960,634,train,train,3
7342,7342.jpg,1600,2286,val,train,1
7343,7343.jpg,960,906,val,train,1
7344,7344.jpg,960,2249,test,train,2
7345,7345.jpg,960,733,train,train,2
7347,7347.jpg,640,2287,train,train,1
7348,7348.jpg,960,733,train,val,2
7349,7349.jpg,960,646,train,train,3
7350,7350.jpg,960,1162,train,train,1
7351,7351.jpg,960,1208,train,train,1
7352,7352.jpg,960,733,train,train,2
7354,7354.jpg,960,627,train,train,1
7355,7355.jpg,960,1371,test,train,1
7356,7356.jpg,960,2010,test,train,7
7358,7358.jpg,960,724,train,train,1
7360,7360.jpg,960,1203,train,train,4
7361,7361.jpg,960,617,test,train,1
7362,7362.jpg,960,2288,val,test,2
7363,7363.jpg,960,733,train,train,2
7364,7364.jpg,960,2095,val,test,1
7365,7365.jpg,960,732,train,train,5
7367,7367.jpg,960,646,train,train,1
7368,7368.jpg,960,862,train,val,4
7369,7369.jpg,960,932,train,test,7
7370,7370.jpg,960,1712,val,test,3
7371,7371.png,640,703,train,train,2
7372,7372.jpg,1080,2290,train,train,1
7373,7373.jpg,960,2291,test,train,2
7374,7374.jpg,1600,711,train,train,1
7375,7375.png,640,1141,train,train,1
7376,7376.png,640,1121,train,train,1
7377,7377.jpg,1080,2210,train,val,1
7378,7378.jpg,960,733,train,train,4
7380,7380.jpg,960,733,train,test,1
7381,7381.png,640,1422,val,test,2
7382,7382.jpg,960,646,train,train,3
7383,7383.jpg,960,2020,val,train,3
7384,7384.png,640,1121,train,test,1
7385,7385.png,640,2293,val,train,2
7387,7387.jpg,1600,2295,train,train,1
7388,7388.jpg,960,1341,train,train,2
7389,7389.jpg,640,2296,train,train,1
7390,7390.jpg,960,2297,val,test,3
7391,7391.jpg,960,1580,train,train,1
7392,7392.jpg,1600,2298,train,train,2
7393,7393.jpg,960,646,train,train,2
7394,7394.jpg,960,2299,train,val,1
7395,7395.jpg,960,842,train,train,2
7396,7396.jpg,960,733,train,test,1
7397,7397.jpg,960,1376,test,train,2
7398,7398.png,640,688,train,train,2
7399,7399.jpg,1600,2300,train,train,2
7401,7401.jpg,1600,2301,test,train,3
7402,7402.jpg,960,2302,val,train,2
7403,7403.png,640,703,train,test,1
7404,7404.jpg,960,733,train,test,3
7405,7405.jpg,960,687,train,train,1
7406,7406.jpg,1080,2303,train,train,2
7407,7407.jpg,1600,2304,train,train,1
7410,7410.jpg,1600,1578,train,train,4
7411,7411.jpg,960,988,train,test,1
7412,7412.jpg,1600,931,train,train,2
7413,7413.png,640,693,train,train,1
7414,7414.png,640,693,train,train,1
7416,7416.jpg,960,624,train,train,7
7417,7417.jpg,1600,1468,train,train,1
7418,7418.jpg,960,1587,test,val,2
7419,7419.jpg,640,809,val,train,4
7420,7420.jpg,960,1250,train,train,1
7422,7422.jpg,960,2305,test,train,2
7423,7423.png,640,1144,train,train,1
7424,7424.jpg,960,746,val,train,1
7425,7425.png,640,704,train,train,1
7426,7426.jpg,960,687,train,train,4
7427,7427.jpg,960,1162,train,train,5
7428,7428.jpg,640,2306,test,test,1
7429,7429.jpg,1600,711,train,train,1
7430,7430.png,640,1903,train,train,1
7431,7431.jpg,960,2307,train,train,1
7433,7433.jpg,960,2308,test,test,2
7434,7434.jpg,960,1203,train,train,1
7435,7435.jpg,960,871,train,train,1
7436,7436.jpg,960,993,train,train,1
7437,7437.jpg,960,733,train,train,4
7439,7439.jpg,960,744,train,train,2
7440,7440.jpg,960,1510,test,train,1
7441,7441.jpg,960,830,train,train,2
7442,7442.jpg,960,1227,test,train,1
7443,7443.jpg,1080,2309,train,val,1
7444,7444.jpg,960,733,train,val,1
7445,7445.png,640,965,train,train,2
7446,7446.jpg,960,714,train,train,1
7447,7447.png,640,996,val,val,1
7449,7449.png,640,2310,test,train,1
7450,7450.png,640,2190,val,val,1
7451,7451.png,640,965,train,test,1
7452,7452.jpg,1080,2311,train,train,1
7453,7453.jpg,960,2312,train,train,1
7454,7454.jpg,1600,833,train,train,1
7455,7455.jpg,960,1903,train,train,1
7458,7458.jpg,1600,2313,test,train,1
7459,7459.jpg,960,752,val,train,1
7460,7460.png,640,1440,test,train,1
7461,7461.png,640,2194,train,test,3
7462,7462.jpg,1600,1652,train,train,3
7463,7463.jpg,960,1903,train,train,2
7464,7464.jpg,1080,2314,train,test,1
7465,7465.jpg,960,1903,train,train,1
7466,7466.jpg,960,1054,train,train,1
7467,7467.jpg,960,1427,val,train,3
7468,7468.jpg,960,1227,test,val,5
7469,7469.jpg,960,627,train,train,2
7470,7470.jpg,960,2315,val,train,2
7471,7471.jpg,960,858,val,train,1
7472,7472.jpg,1080,2316,train,test,2
7473,7473.jpg,960,1357,test,train,6
7474,7474.jpg,1600,711,train,test,3
7475,7475.jpg,960,1537,test,train,2
7476,7476.jpg,640,2317,train,train,2
7477,7477.jpg,960,1162,train,train,3
7478,7478.jpg,960,830,train,val,1
7479,7479.jpg,960,646,train,train,1
7480,7480.jpg,960,733,train,train,4
7481,7481.png,640,1482,train,train,1
7482,7482.jpg,960,1903,train,train,1
7483,7483.jpg,960,714,train,train,2
7484,7484.jpg,960,1071,train,test,4
7486,7486.jpg,960,2318,val,train,1
7487,7487.jpg,1600,1005,train,train,1
7489,7489.png,640,2320,train,train,1
7490,7490.jpg,960,646,train,train,1
7491,7491.jpg,960,2321,val,val,4
7492,7492.jpg,960,1393,test,train,1
7493,7493.jpg,960,1452,val,train,1
7494,7494.jpg,960,646,train,train,1
7495,7495.png,640,785,train,train,1
7496,7496.jpg,960,871,train,test,1
7497,7497.jpg,960,1303,val,train,1
7499,7499.png,640,731,train,train,1
7500,7500.jpg,1600,2322,val,train,5
7501,7501.jpg,960,2299,train,train,1
7503,7503.png,640,794,train,train,1
7504,7504.png,640,1332,test,train,1
7508,7508.jpg,960,2324,train,val,1
7509,7509.jpg,960,1054,train,train,1
7510,7510.jpg,960,1192,train,train,1
7511,7511.jpg,960,646,train,train,2
7512,7512.png,640,974,train,train,1
7515,7515.jpg,960,654,train,val,2
7516,7516.jpg,640,2325,val,train,2
7517,7517.png,640,1144,train,train,1
7518,7518.jpg,960,2326,val,test,1
7519,7519.jpg,960,1587,test,train,1
7520,7520.png,640,1903,train,test,1
7522,7522.png,640,2328,val,train,1
7523,7523.jpg,960,2044,val,train,1
7524,7524.png,640,810,train,val,1
7525,7525.jpg,1600,2329,train,train,2
7526,7526.jpg,960,1170,test,train,1
7527,7527.jpg,1080,2330,val,train,5
7528,7528.jpg,720,2331,train,test,1
7529,7529.jpg,1600,833,train,train,1
7530,7530.png,640,679,train,train,7
7531,7531.png,640,965,train,val,1
7532,7532.png,640,1043,train,train,3
7533,7533.jpg,960,750,train,train,1
7534,7534.jpg,960,733,train,test,1
7535,7535.jpg,1600,2332,train,train,1
7536,7536.png,640,1822,test,train,2
7537,7537.jpg,1080,2333,test,test,2
7538,7538.jpg,960,871,train,train,2
7539,7539.png,640,2320,train,test,1
7540,7540.png,640,2334,val,train,1
7541,7541.jpg,960,733,train,train,1
7542,7542.jpg,960,1071,train,test,4
7543,7543.jpg,960,654,train,train,4
7545,7545.jpg,960,627,train,train,1
7546,7546.jpg,960,717,train,train,6
7548,7548.jpg,960,1788,val,test,1
7549,7549.jpg,1080,2335,train,train,2
7550,7550.png,640,965,train,train,1
7551,7551.jpg,960,665,val,train,1
7552,7552.jpg,960,733,train,val,2
7553,7553.jpg,960,646,train,val,1
7554,7554.jpg,960,1095,train,val,2
7555,7555.jpg,960,733,train,train,6
7557,7557.png,640,965,train,test,2
7558,7558.jpg,1080,2336,train,train,3
7559,7559.jpg,960,842,train,train,8
7560,7560.jpg,960,869,train,test,2
7561,7561.jpg,960,998,test,val,2
7562,7562.png,640,810,train,train,2
7563,7563.jpg,1600,1005,train,train,4
7564,7564.jpg,960,627,train,train,2
7566,7566.jpg,960,1313,train,test,3
7567,7567.jpg,960,1330,val,train,2
7569,7569.jpg,720,2337,train,train,3
7570,7570.png,640,1148,train,train,2
7571,7571.jpg,1600,1118,train,train,2
7572,7572.png,640,1615,train,train,1
7573,7573.png,640,849,train,train,1
7574,7574.png,640,1292,train,train,4
7578,7578.jpg,1080,2338,val,train,1
7579,7579.jpg,960,798,test,train,2
7580,7580.jpg,960,716,train,train,13
7581,7581.jpg,960,1162,train,test,6
7583,7583.jpg,960,646,train,train,1
7586,7586.jpg,1080,2341,train,train,4
7587,7587.jpg,1080,2342,val,test,4
7589,7589.png,640,731,train,val,1
7590,7590.jpg,960,622,train,train,1
7592,7592.jpg,1600,931,train,test,1
7593,7593.jpg,640,2344,train,val,2
7594,7594.jpg,960,814,train,test,1
7595,7595.jpg,1080,2345,train,train,2
7596,7596.jpg,960,646,train,val,2
7599,7599.jpg,1080,2348,train,train,2
7600,7600.jpg,960,621,train,test,2
7602,7602.jpg,960,1559,val,train,4
7603,7603.jpg,640,2350,train,test,2
7605,7605.png,640,678,val,test,1
7606,7606.jpg,960,646,train,train,2
7607,7607.jpg,1080,2303,train,train,1
7608,7608.jpg,1600,1550,train,train,3
7609,7609.jpg,960,720,val,train,1
7610,7610.jpg,1080,1657,train,train,3
7611,7611.jpg,1080,2352,test,train,1
7612,7612.jpg,960,2119,test,test,1
7613,7613.jpg,960,871,train,train,2
7614,7614.jpg,640,2353,val,train,1
7615,7615.jpg,1080,1802,train,train,1
7617,7617.jpg,960,2354,train,train,3
7618,7618.jpg,1080,1246,train,train,3
7620,7620.png,640,965,train,train,2
7621,7621.jpg,960,1330,val,val,2
7622,7622.jpg,960,902,test,train,2
7624,7624.png,640,784,train,train,1
7625,7625.png,640,2356,train,train,1
7627,7627.jpg,960,1227,test,test,1
7629,7629.png,640,638,train,train,1
7630,7630.jpg,960,1473,val,train,4
7631,7631.jpg,960,663,train,train,1
7632,7632.jpg,960,910,train,test,4
7634,7634.jpg,960,1089,train,val,10
7635,7635.jpg,960,646,train,test,2
7636,7636.jpg,960,733,train,train,3
7637,7637.jpg,960,750,train,val,1
7638,7638.jpg,960,1992,val,train,1
7639,7639.jpg,960,1192,train,train,12
7640,7640.jpg,1080,2357,train,train,2
7641,7641.jpg,960,714,train,train,2
7642,7642.jpg,960,1330,val,val,3
7643,7643.jpg,960,932,train,val,6
7644,7644.jpg,1600,2358,train,train,2
7645,7645.jpg,960,961,test,test,4
7646,7646.jpg,960,2359,train,test,2
7649,7649.png,640,2361,val,train,1
7650,7650.jpg,1080,2362,train,val,3
7651,7651.jpg,960,646,train,test,5
7653,7653.jpg,1080,2364,val,train,1
7654,7654.jpg,960,646,train,train,1
7657,7657.png,640,965,train,train,3
7658,7658.jpg,1080,1354,train,train,3
7659,7659.jpg,1600,2366,train,test,1
7660,7660.jpg,960,1095,train,train,1
7662,7662.jpg,1080,1775,train,train,3
7663,7663.jpg,640,2367,test,train,1
7664,7664.jpg,960,1987,test,train,2
7665,7665.jpg,960,646,train,train,2
7666,7666.jpg,960,958,train,train,5
7667,7667.png,640,1527,train,test,1
7668,7668.jpg,960,2249,test,train,1
7670,7670.jpg,640,2369,val,train,4
7671,7671.jpg,960,733,train,train,1
7672,7672.jpg,960,910,train,train,5
7673,7673.png,640,807,train,train,1
7674,7674.jpg,640,2370,train,train,1
7675,7675.jpg,960,733,train,train,2
7676,7676.png,640,672,train,test,1
7677,7677.jpg,1080,768,train,train,2
7678,7678.jpg,960,879,test,train,1
7679,7679.jpg,1600,2253,train,test,3
7680,7680.jpg,960,825,val,train,6
7683,7683.jpg,1080,2372,train,train,1
7686,7686.jpg,960,2374,train,train,1
7687,7687.jpg,960,1510,test,val,1
7690,7690.jpg,960,866,train,train,5
7691,7691.jpg,960,646,train,val,3
7692,7692.jpg,960,750,train,train,2
7693,7693.jpg,960,806,train,train,1
7696,7696.jpg,960,1426,train,train,8
7697,7697.jpg,960,2021,val,train,1
7699,7699.jpg,1600,2378,train,train,3
7700,7700.jpg,1080,2379,test,val,4
7702,7702.jpg,960,960,test,train,6
7703,7703.jpg,960,1727,train,train,5
7705,7705.jpg,960,910,train,val,6
7706,7706.jpg,960,752,val,train,1
7707,7707.jpg,960,830,train,train,1
7708,7708.jpg,960,1150,val,test,6
7711,7711.jpg,1600,1395,train,train,1
7713,7713.jpg,960,1903,train,val,1
7714,7714.jpg,960,988,train,train,2
7715,7715.jpg,960,2383,test,train,1
7717,7717.jpg,960,2385,test,train,2
7718,7718.jpg,960,814,train,train,1
7720,7720.jpg,1080,2386,train,train,1
7721,7721.jpg,720,2387,train,val,4
7722,7722.jpg,960,663,train,train,1
7723,7723.jpg,960,2388,train,train,6
7724,7724.jpg,1600,2389,train,train,1
7726,7726.jpg,1600,2390,train,val,2
7727,7727.jpg,960,2391,test,test,1
7728,7728.jpg,960,1799,test,train,1
7729,7729.jpg,1600,2392,val,val,3
7730,7730.jpg,960,631,train,train,1
7731,7731.png,640,849,train,train,1
7734,7734.jpg,960,1026,test,train,2
7735,7735.jpg,960,733,train,train,1
7736,7736.jpg,1080,1416,train,val,2
7737,7737.jpg,960,673,test,train,2
7738,7738.png,640,1238,test,train,2
7739,7739.jpg,960,1698,train,train,3
7740,7740.jpg,960,2091,train,train,1
7742,7742.jpg,960,1089,train,val,5
7743,7743.jpg,1080,2393,train,train,5
7744,7744.jpg,1600,2304,train,val,4
7745,7745.jpg,1600,1395,train,val,1
7746,7746.jpg,960,988,train,train,8
7748,7748.jpg,960,871,train,test,2
7750,7750.png,640,849,train,train,2
7751,7751.jpg,960,1347,test,val,2
7753,7753.jpg,960,646,train,train,3
7755,7755.jpg,1600,962,val,train,1
7756,7756.jpg,1080,2397,test,train,2
7757,7757.jpg,1600,2398,train,train,1
7758,7758.jpg,1600,1395,train,test,1
7759,7759.jpg,1600,861,train,train,3
7761,7761.png,640,1527,train,train,1
7764,7764.jpg,960,733,train,train,1
7765,7765.jpg,960,627,train,train,5
7766,7766.jpg,640,2400,train,train,1
7769,7769.jpg,960,869,train,train,1
7770,7770.jpg,960,646,train,train,1
7774,7774.jpg,960,649,train,val,5
7775,7775.jpg,1600,2404,train,train,1
7777,7777.jpg,960,646,train,train,1
7778,7778.jpg,960,778,train,train,4
7780,7780.jpg,960,917,val,test,1
7783,7783.jpg,960,660,train,train,3
7784,7784.jpg,960,893,test,train,2
7786,7786.jpg,960,1553,val,train,2
7787,7787.jpg,960,1426,train,train,8
7788,7788.jpg,960,644,train,train,2
7789,7789.jpg,960,978,train,val,6
7790,7790.jpg,1080,2407,train,train,1
7791,7791.jpg,960,869,train,train,1
7793,7793.jpg,960,1722,val,train,1
7794,7794.jpg,640,2409,train,train,1
7795,7795.jpg,960,1342,train,val,2
7796,7796.jpg,960,733,train,train,2
7797,7797.jpg,960,1903,train,train,3
7798,7798.jpg,1080,2410,train,train,2
7799,7799.jpg,1600,2411,train,val,1
7800,7800.jpg,960,1903,train,val,1
7804,7804.jpg,960,1070,train,val,3
7805,7805.jpg,960,1939,train,train,3
7806,7806.jpg,960,871,train,train,3
7807,7807.jpg,960,733,train,train,4
7808,7808.jpg,960,733,train,test,5
7809,7809.png,640,815,train,train,1
7811,7811.jpg,640,2413,train,train,1
7813,7813.jpg,960,714,train,train,1
7814,7814.jpg,960,1353,train,train,13
7815,7815.jpg,960,1486,val,train,1
7817,7817.jpg,960,705,val,train,6
7819,7819.jpg,640,2415,val,train,2
7820,7820.jpg,1600,2416,train,train,2
7821,7821.jpg,960,687,train,train,3
7822,7822.jpg,960,869,train,train,3
7823,7823.jpg,720,2417,train,train,1
7824,7824.png,640,965,train,train,7
7825,7825.jpg,960,1375,train,test,8
7826,7826.jpg,960,869,train,test,1
7827,7827.jpg,960,2418,test,train,2
7828,7828.jpg,960,733,train,train,4
7829,7829.jpg,640,2419,test,val,9
7831,7831.jpg,960,806,train,val,2
7832,7832.jpg,960,922,test,train,12
7833,7833.jpg,960,733,train,train,5
7835,7835.jpg,960,646,train,train,1
7836,7836.png,640,1027,train,train,1
7837,7837.jpg,960,1136,val,val,14
7838,7838.jpg,960,646,train,train,2
7839,7839.png,640,707,train,train,3
7841,7841.jpg,960,629,train,test,2
7842,7842.jpg,1600,2422,train,train,1
7843,7843.jpg,720,2423,train,train,1
7844,7844.jpg,960,1376,test,test,4
7845,7845.jpg,1080,1774,train,train,1
7847,7847.jpg,960,842,train,train,9
7848,7848.jpg,1080,2425,test,test,2
7849,7849.jpg,1600,2426,train,train,1
7850,7850.jpg,960,2427,test,train,1
7853,7853.png,640,2110,train,train,1
7854,7854.jpg,1600,1395,train,train,1
7858,7858.jpg,960,1318,train,train,4
7859,7859.jpg,640,2429,test,val,4
7860,7860.jpg,960,733,train,test,3
7861,7861.png,640,1742,train,train,6
7862,7862.jpg,960,629,train,val,3
7863,7863.jpg,960,2430,train,test,1
7865,7865.jpg,960,654,train,train,5
7866,7866.jpg,960,2431,val,test,3
7867,7867.jpg,960,733,train,train,1
7868,7868.jpg,960,1349,val,train,2
7869,7869.png,640,843,train,train,1
7870,7870.jpg,960,1318,train,train,1
7871,7871.jpg,1080,1251,train,train,4
7872,7872.jpg,960,1376,test,train,5
7874,7874.jpg,960,2249,test,train,1
7875,7875.jpg,1600,2433,test,train,1
7878,7878.jpg,960,1353,train,val,6
7880,7880.jpg,640,2435,test,train,3
7882,7882.jpg,960,842,train,train,6
7883,7883.jpg,960,627,train,train,4
7884,7884.jpg,960,1945,train,train,1
7885,7885.jpg,960,930,val,test,1
7886,7886.jpg,960,786,test,train,1
7889,7889.jpg,640,2436,test,train,3
7890,7890.png,640,796,train,val,4
7892,7892.jpg,960,2437,train,test,1
7893,7893.jpg,960,902,test,test,3
7894,7894.jpg,960,2438,val,train,5
7895,7895.jpg,960,733,train,train,3
7896,7896.jpg,1080,1337,train,train,2
7897,7897.jpg,960,624,train,val,10
7898,7898.jpg,1080,2439,test,val,2
7899,7899.jpg,960,2440,val,train,1
7901,7901.jpg,960,1497,train,val,2
7902,7902.jpg,1600,1395,train,train,1
7904,7904.jpg,960,2005,test,train,2
7905,7905.jpg,1600,833,train,train,1
7906,7906.jpg,960,654,train,train,4
7908,7908.png,640,794,train,train,2
7909,7909.png,640,1024,train,train,1
7911,7911.jpg,960,1432,train,train,2
7912,7912.jpg,960,871,train,test,2
7913,7913.png,640,1396,train,val,1
7914,7914.jpg,960,813,val,train,2
7916,7916.jpg,960,871,train,train,1
7920,7920.jpg,1080,1942,train,train,3
7923,7923.jpg,960,871,train,train,1
7926,7926.jpg,1080,2444,val,train,8
7927,7927.jpg,960,871,train,train,2
7929,7929.jpg,1080,2445,train,train,1
7931,7931.jpg,1080,2446,train,train,2
7933,7933.png,640,1900,train,train,1
7937,7937.jpg,960,1124,train,test,1
7938,7938.jpg,1600,2447,train,val,4
7939,7939.jpg,640,2448,val,train,5
7941,7941.jpg,960,1318,train,train,3
7943,7943.jpg,640,2449,test,val,7
7944,7944.png,640,965,train,train,5
7945,7945.jpg,640,2450,val,train,2
7946,7946.jpg,960,733,train,train,2
7947,7947.jpg,960,871,train,train,2
7949,7949.jpg,960,2452,val,val,4
7950,7950.jpg,960,2453,test,train,3
7951,7951.jpg,960,2454,train,train,1
7952,7952.jpg,960,1861,train,train,1
7953,7953.jpg,1600,2455,train,val,1
7954,7954.jpg,960,764,train,train,2
7955,7955.jpg,960,646,train,val,9
7956,7956.png,640,965,train,val,1
7958,7958.jpg,1600,2456,test,test,3
7959,7959.jpg,1600,2457,val,train,3
7960,7960.jpg,640,2458,val,train,2
7961,7961.jpg,960,2459,test,train,1
7962,7962.png,640,1158,train,train,2
7964,7964.png,640,843,train,test,3
7965,7965.jpg,960,1208,train,train,3
7966,7966.jpg,960,1349,val,test,6
7967,7967.jpg,960,2427,test,test,1
7969,7969.jpg,1080,1117,train,val,7
7970,7970.jpg,960,646,train,test,4
7971,7971.jpg,1080,2461,train,train,2
7974,7974.jpg,960,646,train,val,3
7975,7975.jpg,960,1757,test,train,7
7976,7976.jpg,960,1369,test,train,1
7977,7977.jpg,1600,2462,test,train,2
7978,7978.png,640,2463,val,val,1
7979,7979.jpg,960,2437,train,test,1
7981,7981.jpg,960,1316,train,val,5
7982,7982.png,640,1482,train,train,2
7983,7983.jpg,1080,2465,test,train,2
7984,7984.png,640,1024,train,train,3
7986,7986.jpg,960,2466,test,train,2
7987,7987.jpg,960,646,train,val,5
7988,7988.jpg,960,1184,train,test,1
7989,7989.png,640,1941,test,train,2
7990,7990.jpg,960,1903,train,test,1
7991,7991.png,640,2467,train,train,1
7992,7992.jpg,960,733,train,val,2
7993,7993.jpg,960,842,train,train,6
7994,7994.jpg,640,2468,val,val,5
7995,7995.png,640,965,train,train,1
7996,7996.png,640,815,train,train,1
8000,8000.jpg,1080,2469,test,train,2
8001,8001.jpg,960,1597,val,val,1
8002,8002.jpg,960,2427,test,train,1
8003,8003.jpg,960,1092,val,val,1
8004,8004.jpg,960,1092,val,val,1
8006,8006.jpg,960,1203,train,train,4
8007,8007.jpg,960,871,train,train,3
8008,8008.jpg,960,1162,train,train,8
8009,8009.jpg,720,2470,val,train,2
8010,8010.jpg,1080,2471,train,train,2
8011,8011.jpg,1080,2472,val,train,3
8012,8012.jpg,960,631,train,train,4
8013,8013.jpg,960,1484,val,val,14
8014,8014.jpg,960,627,train,train,3
8015,8015.png,640,965,train,train,5
8016,8016.jpg,960,806,train,val,1
8017,8017.jpg,960,2473,test,train,9
8018,8018.jpg,960,801,val,train,1
8019,8019.jpg,960,733,train,test,1
8020,8020.png,640,965,train,val,2
8021,8021.png,640,843,train,train,11
8022,8022.jpg,1600,2474,train,test,1
8023,8023.jpg,1600,2304,train,train,2
8024,8024.png,640,2162,test,val,3
8025,8025.jpg,960,2475,val,train,4
8026,8026.jpg,960,1250,train,train,4
8027,8027.jpg,960,1026,test,train,6
8028,8028.jpg,960,646,train,train,2
8030,8030.png,640,1754,train,train,2
8031,8031.jpg,1600,2477,val,train,2
8032,8032.jpg,960,1548,test,train,4
8033,8033.jpg,1600,1521,train,val,1
8034,8034.jpg,960,869,train,train,3
8036,8036.jpg,960,1250,train,train,3
8037,8037.jpg,960,695,train,train,4
8038,8038.jpg,1080,2478,val,train,1
8039,8039.jpg,960,2479,test,train,4
8041,8041.jpg,1080,2480,val,test,1
8042,8042.png,640,729,train,train,2
8043,8043.png,640,807,train,train,1
8044,8044.jpg,960,1426,train,train,1
8045,8045.jpg,960,2383,test,train,3
8046,8046.jpg,960,958,train,train,1
8047,8047.jpg,1080,2481,val,test,4
8048,8048.jpg,960,1731,val,train,3
8049,8049.jpg,960,830,train,train,5
8050,8050.jpg,960,1128,val,train,1
8051,8051.png,640,707,train,train,1
8052,8052.jpg,960,660,train,val,6
8053,8053.jpg,960,1234,test,train,2
8054,8054.jpg,640,2482,val,test,1
8055,8055.jpg,960,871,train,train,1
8057,8057.jpg,960,1676,test,val,2
8059,8059.png,640,728,val,train,3
8060,8060.png,640,598,train,val,3
8061,8061.png,640,691,train,train,2
8062,8062.jpg,960,663,train,val,3
8063,8063.jpg,1600,2484,train,train,1
8064,8064.jpg,720,2485,test,test,4
8065,8065.jpg,960,2440,val,test,1
8066,8066.jpg,960,942,val,train,12
8067,8067.jpg,960,733,train,test,6
8068,8068.jpg,960,842,train,test,3
8069,8069.png,640,757,val,test,3
8070,8070.jpg,960,830,train,val,3
8071,8071.png,640,1660,val,val,4
8072,8072.jpg,1080,2486,val,test,1
8073,8073.jpg,1080,1775,train,val,2
8074,8074.jpg,1080,2487,test,test,1
8075,8075.jpg,960,1051,val,train,2
8076,8076.png,640,2488,test,test,1
8077,8077.jpg,960,1070,train,train,11
8078,8078.jpg,1080,2489,test,train,2
8079,8079.jpg,960,646,train,train,7
8081,8081.jpg,1080,2490,train,train,1
8082,8082.png,640,2491,test,train,1
8083,8083.jpg,960,1903,train,train,1
8084,8084.jpg,1080,2492,train,train,6
8085,8085.jpg,1600,2493,train,train,2
8086,8086.jpg,1080,2494,train,test,2
8087,8087.jpg,960,854,test,test,10
8088,8088.png,640,1610,val,train,3
8089,8089.png,640,679,train,train,3
8090,8090.png,640,1148,train,train,4
8091,8091.jpg,1080,1849,train,train,9
8092,8092.png,640,1733,test,train,2
8093,8093.jpg,960,999,val,train,2
8094,8094.jpg,960,830,train,val,1
8095,8095.jpg,960,654,train,train,8
8096,8096.jpg,960,1250,train,train,3
8097,8097.jpg,960,2495,val,train,1
8098,8098.jpg,960,830,train,test,1
8099,8099.jpg,960,1535,val,train,4
8101,8101.jpg,960,646,train,test,3
8102,8102.jpg,960,924,train,train,4
8103,8103.jpg,1600,1652,train,train,4
8105,8105.jpg,960,2497,train,test,1
8106,8106.jpg,960,2498,val,train,3
8107,8107.jpg,960,2499,test,train,4
8108,8108.png,640,2500,train,train,2
8109,8109.jpg,960,2501,train,train,4
8110,8110.jpg,960,627,train,val,3
8111,8111.png,640,2194,train,train,7
8114,8114.jpg,960,2192,val,test,6
8115,8115.png,640,1816,val,test,1
8116,8116.jpg,960,733,train,train,8
8118,8118.jpg,960,830,train,test,1
8119,8119.jpg,1600,2504,train,test,2
8120,8120.png,640,2505,train,val,1
8121,8121.jpg,720,2506,test,train,3
8122,8122.jpg,960,862,train,train,7
8124,8124.jpg,960,1788,val,val,3
8126,8126.jpg,1600,2507,train,train,6
8127,8127.jpg,1600,1030,train,test,3
8128,8128.jpg,960,1114,val,train,1
8129,8129.png,640,1396,train,test,1
8130,8130.jpg,960,830,train,train,2
8131,8131.jpg,1600,2508,train,train,1
8132,8132.jpg,1080,2509,train,train,2
8133,8133.jpg,1080,2510,train,test,1
8134,8134.jpg,960,717,train,train,4
8135,8135.jpg,720,2511,val,train,2
8136,8136.jpg,960,649,train,val,9
8137,8137.jpg,640,2512,train,train,2
8138,8138.jpg,1080,2513,val,train,4
8139,8139.jpg,960,1054,train,train,1
8140,8140.png,640,653,train,train,1
8141,8141.jpg,640,2514,test,val,2
8143,8143.jpg,960,978,train,train,7
8145,8145.jpg,960,830,train,train,2
8146,8146.jpg,1080,1942,train,test,2
8147,8147.png,640,2347,val,train,1
8148,8148.png,640,2516,test,train,1
8149,8149.jpg,960,663,train,train,2
8151,8151.jpg,960,910,train,test,7
8154,8154.png,640,693,train,test,2
8155,8155.jpg,960,1727,train,train,8
8159,8159.png,640,2517,train,train,4
8160,8160.jpg,960,1192,train,test,1
8161,8161.png,640,940,val,test,1
8162,8162.jpg,960,2020,val,train,6
8166,8166.png,640,1482,train,test,1
8170,8170.jpg,960,1730,test,train,4
8173,8173.jpg,960,644,train,train,2
8174,8174.jpg,960,646,train,val,2
8175,8175.jpg,960,826,train,train,2
8176,8176.jpg,960,646,train,test,3
8178,8178.jpg,960,910,train,train,7
8179,8179.jpg,960,2520,val,test,6
8180,8180.jpg,720,2521,val,test,2
8181,8181.png,640,2522,test,train,1
8183,8183.jpg,1080,2523,val,train,8
8184,8184.jpg,960,1727,train,test,7
8185,8185.jpg,960,910,train,train,6
8187,8187.jpg,960,646,train,val,2
8188,8188.jpg,960,1006,train,train,1
8189,8189.jpg,1600,2524,val,val,1
8190,8190.jpg,960,1220,val,train,1
8195,8195.jpg,960,733,train,test,3
8197,8197.png,640,794,train,train,3
8198,8198.jpg,960,646,train,test,2
8199,8199.png,640,965,train,train,1
8200,8200.jpg,960,830,train,train,1
8201,8201.jpg,960,1903,train,val,1
8205,8205.jpg,1080,2526,val,train,1
8206,8206.jpg,960,2527,val,val,1
8207,8207.jpg,960,2528,val,train,1
8208,8208.jpg,960,2529,test,test,2
8209,8209.jpg,960,1250,train,train,2
8211,8211.jpg,960,1593,test,train,3
8212,8212.jpg,1080,2531,test,train,1
8213,8213.jpg,1080,1320,train,train,2
8214,8214.jpg,1600,833,train,val,1
8215,8215.jpg,960,2024,train,train,1
8216,8216.jpg,960,2532,test,test,1
8217,8217.jpg,960,1316,train,test,3
8219,8219.jpg,960,1250,train,train,5
8220,8220.jpg,960,2533,train,test,1
8221,8221.jpg,960,2534,val,train,6
8222,8222.jpg,960,1983,test,val,1
8224,8224.jpg,1080,2535,test,train,2
8226,8226.png,640,1754,train,train,1
8227,8227.jpg,960,778,train,test,3
8228,8228.jpg,1080,2314,train,train,1
8229,8229.png,640,763,train,train,2
8230,8230.jpg,960,1731,val,train,1
8231,8231.jpg,640,2537,test,train,4
8232,8232.jpg,640,2538,train,val,2
8233,8233.jpg,1080,2539,train,train,3
8234,8234.jpg,960,733,train,train,1
8236,8236.jpg,640,2541,val,train,2
8237,8237.jpg,960,993,train,test,1
8238,8238.jpg,1080,2542,val,train,2
8240,8240.jpg,960,646,train,train,2
8241,8241.jpg,960,629,train,train,1
8242,8242.jpg,960,654,train,val,1
8243,8243.jpg,960,733,train,train,4
8244,8244.jpg,960,2544,test,train,6
8245,8245.jpg,960,2545,val,test,1
8246,8246.jpg,960,1597,val,train,2
8247,8247.jpg,960,2249,test,val,2
8248,8248.jpg,640,2546,test,train,1
8249,8249.jpg,960,733,train,val,2
8250,8250.jpg,960,871,train,train,1
8252,8252.jpg,960,912,val,train,1
8253,8253.jpg,1600,1850,train,val,1
8255,8255.jpg,960,2549,test,train,2
8256,8256.jpg,960,871,train,train,1
8257,8257.jpg,720,2550,val,train,1
8258,8258.jpg,960,1773,val,train,1
8259,8259.png,640,1706,test,train,1
8260,8260.jpg,960,654,train,val,3
8261,8261.jpg,960,733,train,train,4
8262,8262.jpg,960,2551,val,train,2
8263,8263.png,640,2080,train,train,1
8267,8267.jpg,960,654,train,train,3
8268,8268.jpg,960,1987,test,train,10
8270,8270.jpg,960,1318,train,test,5
8271,8271.jpg,1600,2554,test,val,2
8272,8272.jpg,1080,775,train,train,2
8273,8273.png,640,648,train,train,1
8274,8274.jpg,1600,2555,val,val,2
8275,8275.jpg,960,733,train,train,2
8276,8276.jpg,960,646,train,train,1
8277,8277.jpg,960,842,train,train,5
8279,8279.jpg,960,2318,val,train,1
8280,8280.jpg,960,993,train,train,1
8282,8282.jpg,960,1162,train,test,9
8283,8283.jpg,960,1799,test,train,1
8284,8284.jpg,960,1393,test,train,1
8286,8286.jpg,1600,2556,test,train,2
8287,8287.jpg,960,624,train,train,2
8289,8289.jpg,960,624,train,train,3
8290,8290.png,640,679,train,train,3
8294,8294.png,640,767,test,train,1
8295,8295.jpg,960,2558,test,test,3
8296,8296.jpg,960,646,train,train,1
8297,8297.jpg,640,2559,test,train,2
8299,8299.png,640,1697,train,train,2
8300,8300.jpg,960,925,train,test,3
8302,8302.jpg,960,733,train,train,3
8305,8305.jpg,960,869,train,train,4
8306,8306.jpg,960,880,test,train,9
8307,8307.jpg,960,629,train,val,5
8308,8308.jpg,1600,2562,train,val,1
8309,8309.jpg,640,2563,val,train,1
8311,8311.jpg,1080,2564,train,train,1
8312,8312.jpg,960,654,train,val,3
8313,8313.jpg,960,646,train,train,2
8314,8314.jpg,960,1983,test,train,2
8317,8317.jpg,960,687,train,train,3
8319,8319.jpg,960,2565,train,train,1
8320,8320.png,640,815,train,train,2
8321,8321.jpg,960,766,train,train,3
8322,8322.jpg,960,2566,test,train,2
8323,8323.jpg,960,1505,test,train,2
8324,8324.jpg,960,1006,train,train,6
8326,8326.jpg,960,1350,val,train,3
8327,8327.jpg,960,830,train,train,2
8328,8328.jpg,640,2567,val,train,1
8329,8329.jpg,640,2568,test,train,2
8330,8330.jpg,960,871,train,train,3
8331,8331.jpg,960,1203,train,train,6
8332,8332.jpg,960,693,train,train,5
8335,8335.jpg,1600,2569,val,train,1
8337,8337.png,640,679,train,train,1
8338,8338.jpg,1080,2196,train,test,12
8341,8341.jpg,960,646,train,test,3
8342,8342.jpg,960,733,train,train,2
8344,8344.jpg,960,2573,test,train,8
8345,8345.png,640,965,train,train,8
8346,8346.jpg,960,646,train,train,2
8347,8347.jpg,960,988,train,val,10
8348,8348.jpg,960,646,train,val,1
8350,8350.png,640,965,train,train,1
8351,8351.jpg,960,693,train,train,2
8352,8352.jpg,640,2574,val,train,3
8353,8353.jpg,640,2575,val,train,6
8354,8354.jpg,1600,1913,train,train,2
8355,8355.png,640,2576,train,test,1
8356,8356.jpg,960,937,val,train,2
8357,8357.jpg,1080,2577,test,train,2
8358,8358.png,640,965,train,test,1
8362,8362.jpg,960,869,train,train,1
8363,8363.jpg,960,2578,val,train,1
8364,8364.jpg,960,2579,val,train,1
8365,8365.png,640,2580,train,test,1
8366,8366.jpg,960,830,train,train,1
8367,8367.png,640,849,train,train,4
8368,8368.jpg,960,2119,test,train,1
8370,8370.jpg,1080,1552,train,train,1
8372,8372.jpg,1080,2581,test,train,1
8373,8373.jpg,960,866,train,train,2
8374,8374.jpg,960,1999,test,train,1
8375,8375.png,640,1382,train,train,1
8376,8376.jpg,1600,2582,train,val,6
8377,8377.jpg,1600,2022,train,val,1
8378,8378.jpg,960,871,train,val,2
8380,8380.jpg,960,893,test,train,1
8384,8384.jpg,960,2452,val,train,1
8385,8385.jpg,1080,2492,train,train,1
8386,8386.jpg,960,999,val,val,2
8387,8387.jpg,960,1128,val,test,1
8389,8389.jpg,1080,2585,val,test,1
8391,8391.jpg,1600,2586,test,train,5
8394,8394.jpg,960,674,train,train,5
8396,8396.jpg,1080,2587,train,train,1
8397,8397.png,640,1754,train,train,1
8398,8398.jpg,960,2588,val,test,4
8399,8399.jpg,960,2589,val,train,5
8400,8400.jpg,640,2590,train,val,1
8401,8401.jpg,960,2591,test,test,2
8402,8402.jpg,960,1903,train,train,3
8403,8403.jpg,1080,2592,train,train,1
8404,8404.jpg,960,1341,train,train,4
8406,8406.jpg,1080,2593,val,val,1
8407,8407.jpg,960,961,test,train,5
8410,8410.jpg,960,1295,test,train,3
8411,8411.jpg,960,733,train,train,5
8412,8412.jpg,1080,2336,train,val,3
8413,8413.jpg,960,1903,train,train,1
8414,8414.jpg,960,766,train,train,3
8415,8415.jpg,960,801,val,train,1
8416,8416.jpg,960,869,train,train,1
8419,8419.jpg,960,649,train,test,6
8421,8421.png,640,2596,test,val,1
8422,8422.jpg,960,1623,val,train,3
8423,8423.jpg,1080,1337,train,train,1
8424,8424.jpg,960,1375,train,train,15
8425,8425.jpg,960,1903,train,train,2
8427,8427.png,640,789,train,train,1
8428,8428.jpg,960,1903,train,train,2
8429,8429.png,640,1122,test,train,4
8432,8432.png,640,940,val,val,1
8434,8434.jpg,960,733,train,train,3
8435,8435.jpg,960,1135,val,train,2
8436,8436.jpg,960,1542,val,train,1
8437,8437.jpg,1080,2598,val,train,1
8438,8438.jpg,960,862,train,train,4
8440,8440.jpg,960,871,train,train,1
8441,8441.jpg,960,705,val,train,4
8443,8443.jpg,960,1597,val,val,1
8444,8444.png,640,1699,train,val,1
8448,8448.jpg,1600,2604,train,train,2
8451,8451.jpg,960,2606,train,train,1
8453,8453.jpg,720,2608,train,val,1
8454,8454.png,640,651,train,train,1
8455,8455.jpg,960,1589,test,test,6
8458,8458.jpg,960,1040,val,train,5
8459,8459.jpg,960,2610,train,val,2
8460,8460.jpg,960,2020,val,train,10
8461,8461.jpg,960,1818,test,train,2
8462,8462.jpg,960,806,train,train,5
8463,8463.jpg,960,1727,train,train,10
8464,8464.jpg,1080,2611,train,train,2
8465,8465.jpg,960,871,train,test,1
8466,8466.jpg,960,2612,test,test,2
8467,8467.jpg,960,646,train,train,1
8468,8468.jpg,1080,2613,val,train,6
8469,8469.jpg,960,646,train,val,2
8471,8471.jpg,960,662,test,train,6
8473,8473.jpg,960,830,train,train,1
8474,8474.png,640,2580,train,test,2
8475,8475.jpg,960,750,train,val,1
8476,8476.jpg,1600,2616,test,val,2
8477,8477.png,640,965,train,train,1
8478,8478.jpg,960,2617,train,val,1
8479,8479.jpg,960,600,train,train,3
8480,8480.jpg,960,2618,test,train,2
8481,8481.jpg,960,2619,val,train,9
8482,8482.jpg,1600,2620,train,val,2
8483,8483.jpg,640,2621,val,val,1
8485,8485.jpg,1600,2622,train,train,1
8488,8488.jpg,960,1105,val,train,3
8489,8489.jpg,960,602,val,train,2
8491,8491.jpg,960,629,train,train,3
8492,8492.jpg,1600,2623,train,val,4
8493,8493.jpg,1080,2624,train,train,4
8494,8494.jpg,1600,2389,train,train,2
8498,8498.png,640,693,train,train,6
8499,8499.png,640,785,train,train,1
8500,8500.jpg,960,1203,train,train,3
8501,8501.jpg,1600,2625,test,train,2
8502,8502.jpg,1600,2626,test,val,3
8503,8503.jpg,960,2627,train,train,1
8504,8504.jpg,1080,2628,train,test,1
8506,8506.jpg,960,646,train,train,2
8507,8507.jpg,960,830,train,val,1
8508,8508.jpg,960,830,train,train,1
8510,8510.jpg,960,1785,val,val,3
8512,8512.jpg,960,766,train,train,4
8513,8513.png,640,1406,test,train,6
8515,8515.png,640,1803,train,train,1
8518,8518.png,640,751,train,test,1
8521,8521.jpg,960,1447,val,train,2
8524,8524.jpg,960,869,train,val,1
8526,8526.jpg,1080,2631,train,val,1
8528,8528.jpg,1080,2632,train,val,1
8530,8530.jpg,960,2634,train,train,1
8532,8532.png,640,965,train,val,1
8533,8533.jpg,1080,970,train,val,4
8534,8534.jpg,960,2057,test,val,1
8535,8535.jpg,960,1375,train,train,6
8536,8536.jpg,1600,2635,train,test,2
8538,8538.jpg,960,631,train,train,4
8539,8539.jpg,960,2636,test,train,1
8540,8540.jpg,960,1220,val,train,1
8542,8542.jpg,960,2637,test,train,5
8544,8544.jpg,960,778,train,train,2
8545,8545.jpg,960,654,train,train,3
8546,8546.jpg,960,629,train,val,3
8547,8547.jpg,720,2638,train,train,1
8549,8549.jpg,960,2520,val,train,2
8551,8551.jpg,1600,2640,train,test,2
8552,8552.jpg,960,1712,val,test,7
8554,8554.jpg,960,2383,test,train,1
8555,8555.jpg,960,806,train,val,6
8556,8556.jpg,960,1553,val,train,1
8558,8558.jpg,640,2642,train,train,2
8559,8559.jpg,960,733,train,train,1
8560,8560.jpg,960,869,train,train,1
8561,8561.jpg,1080,2311,train,train,2
8562,8562.jpg,1080,2643,val,train,3
8563,8563.jpg,960,2644,test,train,2
8565,8565.jpg,960,646,train,test,1
8566,8566.jpg,960,646,train,test,5
8567,8567.png,640,2207,train,train,1
8568,8568.jpg,960,1252,val,train,2
8569,8569.png,640,2028,test,train,1
8570,8570.jpg,960,739,train,test,2
8573,8573.png,640,1027,train,test,2
8575,8575.jpg,960,600,train,train,3
8576,8576.jpg,720,2647,train,val,1
8578,8578.jpg,960,714,train,train,3
8579,8579.jpg,960,911,val,train,3
8580,8580.jpg,960,2648,test,train,3
8581,8581.jpg,960,631,train,train,2
8582,8582.jpg,1600,829,train,train,1
8583,8583.png,640,679,train,test,1
8585,8585.jpg,960,871,train,train,3
8586,8586.jpg,960,1698,train,train,6
8587,8587.jpg,720,2650,train,train,2
8589,8589.jpg,960,646,train,train,2
8591,8591.png,640,1482,train,train,1
8592,8592.jpg,960,1903,train,val,2
8594,8594.jpg,960,997,test,train,4
8595,8595.jpg,960,646,train,train,3
8596,8596.jpg,960,2652,train,val,3
8597,8597.png,640,2653,train,val,1
8598,8598.jpg,720,2654,train,train,2
8599,8599.jpg,640,2655,test,train,3
8600,8600.png,640,1663,train,train,2
8601,8601.jpg,960,624,train,train,6
8603,8603.png,640,2656,val,train,1
8605,8605.jpg,960,1124,train,train,1
8606,8606.jpg,960,842,train,train,3
8607,8607.jpg,1600,2011,train,train,2
8608,8608.png,640,2361,val,val,1
8610,8610.jpg,960,1192,train,train,3
8612,8612.png,640,965,train,test,3
8613,8613.jpg,960,2659,test,val,4
8615,8615.jpg,1080,2053,train,train,1
8616,8616.jpg,640,2660,val,val,1
8618,8618.jpg,960,1162,train,test,4
8619,8619.jpg,960,1071,train,train,1
8621,8621.jpg,960,910,train,train,3
8622,8622.jpg,960,1987,test,train,2
8623,8623.jpg,960,2662,test,val,2
8625,8625.jpg,960,823,val,train,2
8626,8626.jpg,960,1587,test,test,4
8627,8627.png,640,785,train,test,2
8628,8628.jpg,960,654,train,train,1
8629,8629.png,640,1298,val,train,1
8630,8630.png,640,1281,train,train,2
8631,8631.jpg,960,627,train,test,1
8632,8632.jpg,1600,2507,train,train,3
8633,8633.jpg,960,714,train,val,2
8634,8634.png,640,1803,train,train,1
8635,8635.jpg,960,869,train,val,1
8637,8637.jpg,960,1315,train,val,1
8638,8638.jpg,960,693,train,test,3
8639,8639.jpg,1080,921,train,val,1
8640,8640.jpg,960,646,train,train,4
8641,8641.jpg,960,733,train,train,2
8643,8643.jpg,1080,2664,train,train,2
8644,8644.jpg,960,1124,train,train,10
8645,8645.jpg,960,869,train,test,1
8646,8646.jpg,1080,2665,val,train,1
8648,8648.jpg,1600,2666,train,train,1
8649,8649.jpg,1080,2667,train,train,2
8650,8650.jpg,960,733,train,train,1
8651,8651.jpg,960,1362,test,val,2
8654,8654.png,640,628,train,train,1
8655,8655.jpg,1600,2640,train,train,6
8656,8656.png,640,1911,train,train,2
8657,8657.jpg,960,778,train,train,1
8658,8658.jpg,1080,2669,test,train,2
8659,8659.png,640,1742,train,test,2
8660,8660.jpg,960,744,train,train,1
8661,8661.png,640,807,train,train,2
8662,8662.jpg,1600,2670,train,val,2
8663,8663.jpg,960,733,train,train,2
8664,8664.png,640,965,train,test,1
8665,8665.jpg,960,1006,train,val,1
8666,8666.png,640,1121,train,train,7
8670,8670.jpg,960,646,train,train,6
8671,8671.png,640,616,train,test,1
8672,8672.jpg,960,1497,train,train,3
8673,8673.jpg,960,1318,train,train,3
8674,8674.jpg,1080,1416,train,train,6
8675,8675.jpg,960,1128,val,train,1
8676,8676.jpg,960,871,train,test,5
8677,8677.png,640,1482,train,train,2
8678,8678.png,640,2672,val,val,2
8679,8679.jpg,1080,921,train,val,2
8681,8681.jpg,640,2673,test,train,4
8682,8682.jpg,960,1818,test,train,3
8683,8683.jpg,960,624,train,val,1
8684,8684.jpg,960,2674,val,train,3
8685,8685.png,640,2675,val,train,3
8686,8686.jpg,960,1580,train,test,1
8687,8687.jpg,960,968,val,test,1
8688,8688.jpg,1080,2676,train,train,2
8689,8689.jpg,960,627,train,train,2
8690,8690.jpg,960,733,train,test,3
8691,8691.png,640,1292,train,train,3
8692,8692.jpg,1080,2677,test,train,3
8693,8693.jpg,960,924,train,train,2
8694,8694.jpg,960,733,train,val,1
8696,8696.jpg,1080,2203,train,train,7
8697,8697.jpg,960,646,train,train,4
8698,8698.jpg,960,1128,val,val,1
8699,8699.jpg,960,2678,train,test,1
8700,8700.jpg,960,1162,train,train,8
8702,8702.jpg,960,717,train,val,4
8703,8703.jpg,960,1447,val,train,4
8704,8704.png,640,843,train,train,1
8706,8706.jpg,1600,2670,train,train,1
8707,8707.jpg,960,705,val,val,2
8708,8708.jpg,960,2091,train,train,1
8709,8709.png,640,965,train,train,1
8710,8710.jpg,960,733,train,train,3
8711,8711.jpg,960,640,test,test,1
8712,8712.jpg,960,866,train,val,1
8714,8714.jpg,960,1903,train,train,4
8715,8715.jpg,960,871,train,test,3
8716,8716.jpg,1600,2681,test,train,3
8717,8717.png,640,740,train,train,2
8718,8718.jpg,960,1903,train,train,4
8719,8719.jpg,1080,921,train,train,2
8720,8720.jpg,720,2682,train,val,2
8721,8721.jpg,960,1342,train,train,4
8722,8722.jpg,960,823,val,train,5
8723,8723.jpg,960,978,train,test,3
8725,8725.jpg,960,2684,test,train,3
8726,8726.jpg,960,2520,val,train,2
8727,8727.jpg,960,1727,train,train,7
8728,8728.jpg,960,733,train,val,5
8729,8729.jpg,960,646,train,train,2
8730,8730.png,640,2685,train,train,2
8731,8731.jpg,1080,2686,train,train,1
8732,8732.jpg,960,814,train,train,2
8733,8733.jpg,1080,2252,train,train,2
8734,8734.jpg,1080,2535,test,train,1
8735,8735.jpg,960,1788,val,test,1
8736,8736.jpg,960,871,train,train,5
8740,8740.png,640,965,train,train,6
8742,8742.jpg,960,1502,test,train,3
8743,8743.jpg,640,2688,test,val,4
8744,8744.jpg,960,2689,val,train,5
8745,8745.jpg,960,1694,val,train,3
8746,8746.jpg,1600,2690,train,train,1
8747,8747.jpg,960,1155,test,train,1
8748,8748.jpg,960,2691,val,train,1
8749,8749.jpg,640,2692,test,train,1
8750,8750.jpg,1600,2693,train,test,1
8751,8751.jpg,960,1318,train,test,4
8753,8753.png,640,965,train,train,1
8754,8754.png,640,756,test,val,1
8755,8755.jpg,1600,1395,train,train,1
8756,8756.jpg,960,687,train,train,2
8758,8758.png,640,974,train,train,2
8759,8759.jpg,960,649,train,train,5
8761,8761.png,640,1903,train,train,2
8762,8762.png,640,1803,train,train,3
8763,8763.png,640,1011,train,train,1
8764,8764.jpg,1080,2697,test,train,2
8765,8765.jpg,960,1884,val,train,1
8766,8766.jpg,960,733,train,train,1
8768,8768.png,640,807,train,test,1
8769,8769.jpg,960,1095,train,val,1
8770,8770.jpg,960,871,train,train,2
8771,8771.jpg,960,1505,test,train,5
8772,8772.png,640,1754,train,train,2
8773,8773.jpg,960,597,test,train,2
8774,8774.jpg,960,624,train,train,1
8775,8775.jpg,1080,2314,train,train,2
8776,8776.jpg,960,2699,train,train,1
8777,8777.png,640,2159,val,test,1
8778,8778.jpg,960,1250,train,train,9
8779,8779.jpg,960,660,train,train,5
8780,8780.jpg,1080,2700,val,train,1
8782,8782.png,640,2701,test,val,1
8783,8783.jpg,960,1185,val,test,1
8784,8784.jpg,960,2702,test,train,2
8785,8785.png,640,2128,train,train,1
8787,8787.jpg,960,631,train,train,4
8788,8788.jpg,960,615,test,train,1
8790,8790.png,640,2704,train,test,1
8791,8791.jpg,960,627,train,test,2
8792,8792.jpg,960,2705,train,train,1
8793,8793.jpg,960,641,train,train,2
8794,8794.png,640,2174,val,test,1
8797,8797.jpg,1080,2706,train,train,2
8798,8798.jpg,960,730,test,train,5
8799,8799.jpg,960,1903,train,test,1
8800,8800.jpg,960,971,val,train,1
8801,8801.jpg,960,2707,val,train,2
8802,8802.jpg,960,871,train,train,1
8803,8803.jpg,960,733,train,test,3
8804,8804.jpg,960,733,train,train,3
8806,8806.jpg,960,2708,val,train,2
8807,8807.jpg,640,2709,test,train,1
8808,8808.jpg,960,927,val,train,3
8809,8809.jpg,960,624,train,train,5
8810,8810.jpg,960,1903,train,val,2
8811,8811.jpg,960,646,train,train,5
8812,8812.jpg,960,830,train,val,1
8816,8816.jpg,1600,2712,train,train,2
8817,8817.png,640,1673,val,val,1
8818,8818.jpg,960,1553,val,train,1
8819,8819.png,640,763,train,train,2
8820,8820.jpg,1080,1942,train,train,2
8821,8821.jpg,960,733,train,test,1
8822,8822.jpg,960,1071,train,val,6
8823,8823.jpg,1600,1808,val,train,3
8824,8824.jpg,960,2391,test,train,3
8826,8826.png,640,965,train,test,2
8827,8827.jpg,960,2713,train,train,3
8828,8828.png,640,1803,train,train,3
8830,8830.jpg,960,2714,test,train,1
8831,8831.jpg,960,1698,train,train,8
8832,8832.jpg,960,733,train,train,4
8833,8833.jpg,960,2715,train,test,2
8834,8834.jpg,960,2090,test,train,4
8835,8835.jpg,720,2716,train,val,1
8836,8836.jpg,960,2717,train,test,1
8837,8837.png,640,1024,train,test,1
8839,8839.jpg,1080,2718,test,test,3
8840,8840.jpg,720,2719,train,val,2
8841,8841.jpg,960,627,train,val,2
8842,8842.jpg,960,1903,train,train,2
8843,8843.jpg,960,597,test,train,1
8844,8844.jpg,960,840,val,train,2
8845,8845.png,640,965,train,train,1
8846,8846.png,640,1903,train,val,4
8847,8847.jpg,960,649,train,train,4
8849,8849.jpg,960,733,train,train,2
8850,8850.png,640,1903,train,train,4
8853,8853.jpg,1080,2722,train,train,2
8854,8854.jpg,960,925,train,val,2
8855,8855.jpg,960,869,train,train,4
8856,8856.jpg,1080,2723,train,train,2
8857,8857.png,640,2724,train,val,1
8858,8858.jpg,960,733,train,train,5
8859,8859.png,640,2194,train,val,1
8860,8860.jpg,960,1020,test,train,1
8862,8862.jpg,960,988,train,train,5
8863,8863.jpg,960,733,train,train,7
8864,8864.jpg,960,1727,train,train,5
8865,8865.jpg,960,2725,test,train,3
8866,8866.jpg,960,646,train,train,2
8867,8867.jpg,640,2726,train,train,1
8868,8868.jpg,960,1757,test,train,3
8869,8869.jpg,960,646,train,train,1
8870,8870.png,640,2727,train,val,2
8871,8871.jpg,960,910,train,train,8
8872,8872.jpg,1080,2728,val,train,4
8874,8874.jpg,960,917,val,train,1
8875,8875.jpg,960,687,train,test,1
8876,8876.png,640,1180,train,train,1
8877,8877.jpg,960,2729,val,train,2
8878,8878.jpg,1080,2730,val,val,1
8879,8879.jpg,960,1487,test,train,2
8880,8880.jpg,960,2619,val,test,7
8881,8881.jpg,960,714,train,test,3
8882,8882.png,640,1121,train,train,6
8883,8883.jpg,1080,771,train,train,1
8884,8884.png,640,1031,train,train,4
8885,8885.jpg,1600,611,train,val,1
8886,8886.jpg,1080,2731,test,train,4
8887,8887.jpg,960,627,train,train,4
8888,8888.png,640,2190,val,train,2
8889,8889.jpg,960,1318,train,train,4
8890,8890.jpg,720,2732,train,train,2
8891,8891.jpg,1600,2733,test,train,6
8892,8892.jpg,960,733,train,train,5
8893,8893.jpg,960,733,train,train,2
8894,8894.jpg,960,1505,test,test,6
8895,8895.png,640,785,train,train,2
8896,8896.jpg,960,2734,test,train,3
8897,8897.jpg,960,1426,train,train,2
8899,8899.png,640,2736,train,train,2
8900,8900.jpg,960,1727,train,train,9
8901,8901.jpg,960,733,train,train,4
8902,8902.jpg,1600,2640,train,train,4
8903,8903.jpg,640,2737,test,train,1
8904,8904.jpg,960,869,train,train,3
8905,8905.jpg,1080,2738,test,train,3
8906,8906.png,640,2739,train,test,1
8907,8907.jpg,960,1861,train,train,1
8908,8908.png,640,1396,train,train,1
8909,8909.jpg,960,871,train,test,1
8910,8910.jpg,960,2740,train,train,1
8911,8911.jpg,960,791,test,val,4
8912,8912.jpg,640,2741,test,train,4
8913,8913.jpg,960,649,train,val,6
8914,8914.jpg,960,714,train,train,2
8915,8915.jpg,960,733,train,train,4
8916,8916.jpg,960,871,train,train,5
8917,8917.jpg,960,2742,val,train,3
8918,8918.png,640,628,train,train,5
8919,8919.jpg,1080,2743,train,train,2
8920,8920.jpg,960,1192,train,train,4
8921,8921.jpg,960,2744,test,train,2
8922,8922.jpg,1600,2745,val,test,3
8923,8923.jpg,1080,2746,train,train,1
8924,8924.jpg,960,2326,val,train,2
8925,8925.jpg,1080,772,train,test,4
8926,8926.jpg,1600,2747,test,test,3
8927,8927.jpg,960,1884,val,train,2
8928,8928.png,640,789,train,train,1
8929,8929.png,640,616,train,train,4
8930,8930.jpg,960,662,test,train,9
8931,8931.jpg,960,1890,val,train,2
8932,8932.jpg,960,2024,train,test,1
8933,8933.png,640,2128,train,test,6
8934,8934.jpg,960,2748,val,test,1
8935,8935.jpg,960,733,train,train,3
8936,8936.jpg,960,958,train,train,1
8937,8937.jpg,1080,2749,val,val,1
8938,8938.png,640,965,train,val,4
8939,8939.jpg,960,1903,train,val,4
8940,8940.jpg,960,631,train,train,2
8941,8941.jpg,960,2750,test,train,3
8942,8942.jpg,960,646,train,train,4
8943,8943.jpg,960,2751,test,train,2
8944,8944.jpg,960,627,train,train,4
8945,8945.jpg,640,2752,val,train,5
8946,8946.png,640,1406,test,val,3
8947,8947.jpg,960,646,train,train,5
8948,8948.jpg,960,1722,val,train,2
8949,8949.jpg,960,869,train,train,2
8950,8950.jpg,960,879,test,train,5
8951,8951.jpg,960,871,train,train,2
8952,8952.jpg,960,871,train,train,3
8953,8953.png,640,2753,test,test,1
8955,8955.jpg,1600,1005,train,train,3
8956,8956.png,640,965,train,train,1
8958,8958.jpg,1600,2508,train,train,2
8959,8959.jpg,960,1035,val,train,1
8960,8960.jpg,640,2754,train,train,2
8961,8961.png,640,1450,train,train,2
8962,8962.jpg,960,1220,val,train,1
8963,8963.jpg,960,2755,val,train,2
8964,8964.jpg,960,674,train,train,6
8965,8965.jpg,1600,2756,test,train,2
8966,8966.jpg,960,646,train,train,4
8967,8967.jpg,960,1006,train,train,2
8968,8968.png,640,2757,test,train,5
8969,8969.png,640,2758,test,test,1
8970,8970.jpg,960,733,train,train,2
8971,8971.png,640,1144,train,train,3
8973,8973.jpg,960,1903,train,train,1
8974,8974.jpg,960,744,train,test,2
8975,8975.jpg,640,2760,test,test,1
8976,8976.png,640,1527,train,train,2
8977,8977.jpg,960,830,train,train,1
8978,8978.jpg,1600,1395,train,train,2
8979,8979.png,640,815,train,val,1
8980,8980.jpg,640,2761,test,test,5
8981,8981.jpg,1600,1118,train,train,3
8982,8982.jpg,960,1903,train,val,1
8983,8983.jpg,1080,2262,train,train,6
8984,8984.jpg,1080,2762,train,train,4
8985,8985.png,640,2763,val,test,2
8986,8986.png,640,1761,test,test,1
8987,8987.jpg,960,910,train,train,4
8989,8989.jpg,960,627,train,val,5
8990,8990.jpg,960,871,train,val,5
8991,8991.jpg,640,2765,test,train,2
8993,8993.jpg,1600,2766,train,test,3
8994,8994.png,640,1824,test,train,1
8995,8995.jpg,960,830,train,train,1
8996,8996.jpg,960,646,train,train,5
8997,8997.jpg,960,778,train,train,3
8998,8998.jpg,960,1051,val,train,3
8999,8999.png,640,761,train,train,2
9000,9000.jpg,960,733,train,train,4
9001,9001.jpg,1080,1098,test,val,4
9002,9002.jpg,960,1783,test,train,1
9003,9003.jpg,960,2057,test,test,5
9004,9004.jpg,640,2767,train,val,2
9005,9005.jpg,960,627,train,val,7
9006,9006.png,640,1214,train,train,1
9007,9007.jpg,960,646,train,test,1
9008,9008.jpg,1080,882,train,train,2
9009,9009.png,640,2768,train,train,1
9010,9010.png,640,2769,train,train,1
9011,9011.jpg,960,2770,train,train,1
9012,9012.jpg,640,2771,train,train,1
9013,9013.png,640,2772,val,val,2
9014,9014.jpg,960,1318,train,train,3
9015,9015.jpg,960,2773,train,train,1
9016,9016.jpg,960,1316,train,train,3
9017,9017.png,640,1449,train,train,1
9018,9018.png,640,2685,train,train,4
9020,9020.jpg,960,1071,train,train,3
9021,9021.png,640,707,train,train,2
9022,9022.jpg,960,1432,train,val,1
9023,9023.jpg,960,662,test,train,7
9024,9024.jpg,960,1203,train,train,5
9025,9025.jpg,960,733,train,train,4
9026,9026.jpg,1080,2775,train,train,2
9027,9027.jpg,960,724,train,train,11
9028,9028.png,640,765,train,test,2
9029,9029.jpg,960,830,train,test,1
9030,9030.jpg,960,733,train,val,2
9031,9031.jpg,960,2776,test,train,3
9032,9032.jpg,1600,2777,train,train,5
9033,9033.png,640,693,train,test,6
9034,9034.jpg,1600,2778,test,train,4
9035,9035.png,640,1482,train,val,2
9036,9036.jpg,1080,2779,train,val,5
9037,9037.png,640,1754,train,train,5
9038,9038.jpg,960,1580,train,train,3
9039,9039.jpg,960,646,train,val,2
9040,9040.png,640,834,train,test,4
9041,9041.png,640,1671,train,train,1
9042,9042.jpg,1600,833,train,val,3
9043,9043.jpg,960,646,train,train,3
9044,9044.jpg,960,646,train,train,3
9045,9045.jpg,640,2780,val,test,2
9046,9046.jpg,960,1417,test,train,2
9047,9047.jpg,640,2781,val,train,2
9048,9048.jpg,960,1364,val,val,2
